<PAMDataset>
  <PAMRasterBand band="1">
    <Histograms>
      <HistItem>
        <HistMin>271.14</HistMin>
        <HistMax>659.86</HistMax>
        <BucketCount>225</BucketCount>
        <IncludeOutOfRange>0</IncludeOutOfRange>
        <Approximate>0</Approximate>
        <HistCounts>1|0|0|0|0|0|0|0|0|0|0|0|0|0|0|0|0|1|0|0|0|0|0|0|0|0|0|0|0|0|0|0|0|0|0|0|0|0|0|0|0|0|0|0|0|0|0|1|0|0|0|0|0|0|1|0|1|0|1|0|1|0|1|2|1|0|0|2|0|3|0|0|2|0|3|4|0|1|0|0|1|1|0|2|0|0|2|0|0|1|0|0|0|0|0|0|1|0|0|0|0|2|1|1|1|0|0|1|2|1|0|0|0|4|0|1|2|2|2|4|2|4|7|6|5|0|8|3|2|3|2|5|4|5|3|4|5|3|10|3|2|5|8|2|6|5|3|2|8|2|5|2|5|2|2|2|2|0|1|2|0|1|1|0|2|0|1|2|1|0|0|1|0|0|0|1|0|0|1|1|0|0|0|2|0|0|0|0|0|0|0|0|0|0|0|0|0|0|0|0|0|0|0|0|0|0|0|0|0|0|0|0|0|0|1|0|0|0|0|0|0|1|0|0|1</HistCounts>
      </HistItem>
    </Histograms>
    <Metadata>
      <MDI key="STATISTICS_MINIMUM">272</MDI>
      <MDI key="STATISTICS_MAXIMUM">659</MDI>
      <MDI key="STATISTICS_MEAN">492.26222222222</MDI>
      <MDI key="STATISTICS_STDDEV">54.305290468236</MDI>
      <MDI key="STATISTICS_VALID_PERCENT">100</MDI>
    </Metadata>
  </PAMRasterBand>
  <PAMRasterBand band="2">
    <Histograms>
      <HistItem>
        <HistMin>275.2888888888889</HistMin>
        <HistMax>596.7111111111111</HistMax>
        <BucketCount>225</BucketCount>
        <IncludeOutOfRange>0</IncludeOutOfRange>
        <Approximate>0</Approximate>
        <HistCounts>1|0|0|0|0|0|0|0|0|0|0|0|0|0|1|0|0|0|0|0|0|0|0|0|1|0|0|0|0|0|0|2|0|0|3|0|1|0|1|1|1|3|2|0|2|2|0|0|3|0|0|1|0|0|0|0|0|0|0|2|1|0|2|1|0|1|1|0|0|0|0|2|0|0|1|1|1|1|2|0|0|0|0|2|0|0|0|0|1|0|0|0|0|0|2|0|0|4|2|2|2|4|0|2|4|3|5|2|6|3|3|5|4|3|3|0|3|1|4|2|2|1|2|4|4|2|0|2|0|1|4|2|4|0|2|1|1|1|0|1|0|1|2|0|3|3|0|1|3|1|0|1|0|1|2|0|0|1|0|0|4|0|2|1|0|3|0|2|3|4|5|2|2|0|4|4|2|3|1|2|1|0|0|1|2|0|0|1|2|0|1|0|0|2|0|2|0|0|0|0|1|0|0|0|0|0|0|0|0|0|0|0|0|0|0|0|1|0|0|0|0|0|0|0|1</HistCounts>
      </HistItem>
    </Histograms>
    <Metadata>
      <MDI key="STATISTICS_MINIMUM">276</MDI>
      <MDI key="STATISTICS_MAXIMUM">596</MDI>
      <MDI key="STATISTICS_MEAN">448.99555555556</MDI>
      <MDI key="STATISTICS_STDDEV">63.618969762016</MDI>
      <MDI key="STATISTICS_VALID_PERCENT">100</MDI>
    </Metadata>
  </PAMRasterBand>
  <PAMRasterBand band="3">
    <Histograms>
      <HistItem>
        <HistMin>410.8644444444444</HistMin>
        <HistMax>924.1355555555556</HistMax>
        <BucketCount>225</BucketCount>
        <IncludeOutOfRange>0</IncludeOutOfRange>
        <Approximate>0</Approximate>
        <HistCounts>1|1|1|2|0|0|1|3|0|0|0|0|1|2|0|1|0|0|1|1|0|1|0|1|1|1|2|0|0|0|0|1|0|2|0|2|3|2|0|0|0|0|1|0|0|1|2|0|1|0|1|0|1|1|1|0|1|0|0|1|0|1|1|0|1|0|0|0|3|0|0|1|0|1|5|1|1|0|1|2|0|3|4|0|1|3|2|2|1|1|1|0|2|1|0|2|1|3|0|2|1|5|1|1|1|1|1|1|1|2|4|2|1|1|3|3|1|1|0|1|0|3|2|2|2|2|1|2|3|3|1|1|1|0|0|1|1|0|1|0|0|0|1|0|0|1|0|1|1|1|1|1|0|0|3|0|1|0|0|2|0|2|0|1|1|2|0|1|1|1|2|0|1|1|0|2|2|1|1|0|0|2|0|0|0|3|1|2|1|1|5|1|0|2|1|3|4|0|1|1|1|0|3|3|0|0|0|2|1|1|0|0|0|0|0|1|0|1|2|0|0|0|0|1|2</HistCounts>
      </HistItem>
    </Histograms>
    <Metadata>
      <MDI key="STATISTICS_MINIMUM">412</MDI>
      <MDI key="STATISTICS_MAXIMUM">923</MDI>
      <MDI key="STATISTICS_MEAN">677.10222222222</MDI>
      <MDI key="STATISTICS_STDDEV">135.45348769373</MDI>
      <MDI key="STATISTICS_VALID_PERCENT">100</MDI>
    </Metadata>
  </PAMRasterBand>
</PAMDataset>
