<PAMDataset>
  <PAMRasterBand band="1">
    <Histograms>
      <HistItem>
        <HistMin>272.5533333333333</HistMin>
        <HistMax>926.4466666666667</HistMax>
        <BucketCount>225</BucketCount>
        <IncludeOutOfRange>0</IncludeOutOfRange>
        <Approximate>0</Approximate>
        <HistCounts>1|0|1|0|1|1|1|0|0|2|0|1|4|4|7|3|3|4|5|5|4|4|3|7|4|2|4|1|1|6|4|3|4|0|4|3|3|2|1|0|0|2|3|0|4|1|0|5|2|2|2|2|1|0|2|1|1|2|1|0|1|1|2|4|2|2|0|2|0|0|5|2|2|2|2|3|2|2|1|5|1|2|3|6|2|1|3|2|1|0|0|1|0|3|0|0|2|0|1|0|0|0|3|0|0|1|1|1|0|4|0|1|1|1|0|0|0|0|0|0|0|0|0|0|0|0|0|0|0|0|0|1|0|0|0|1|0|0|0|0|0|0|0|0|0|0|0|0|1|0|0|0|0|0|0|0|0|0|0|0|1|0|0|0|1|0|0|0|0|0|0|0|0|0|0|0|0|1|1|0|0|0|0|1|0|0|0|0|0|0|0|0|0|0|0|0|0|0|0|1|0|0|0|0|0|0|0|0|0|0|0|0|0|0|0|0|0|0|0|0|0|0|0|0|1</HistCounts>
      </HistItem>
    </Histograms>
    <Metadata>
      <MDI key="STATISTICS_MINIMUM">274</MDI>
      <MDI key="STATISTICS_MAXIMUM">925</MDI>
      <MDI key="STATISTICS_MEAN">430.32888888889</MDI>
      <MDI key="STATISTICS_STDDEV">112.27137088763</MDI>
      <MDI key="STATISTICS_VALID_PERCENT">100</MDI>
    </Metadata>
  </PAMRasterBand>
  <PAMRasterBand band="2">
    <Histograms>
      <HistItem>
        <HistMin>192.8688888888889</HistMin>
        <HistMax>704.1311111111111</HistMax>
        <BucketCount>225</BucketCount>
        <IncludeOutOfRange>0</IncludeOutOfRange>
        <Approximate>0</Approximate>
        <HistCounts>1|0|0|0|1|0|0|0|1|1|0|0|0|1|0|0|1|1|2|2|3|2|9|6|7|3|6|4|7|8|2|1|3|4|3|3|1|4|0|1|3|4|2|2|4|2|2|2|2|1|2|0|0|1|3|3|0|1|4|3|1|2|2|1|1|0|3|1|1|0|2|0|0|2|2|3|3|1|0|1|1|0|1|0|0|1|1|1|1|0|0|0|2|0|0|3|1|0|0|1|1|1|1|2|0|1|0|0|1|2|3|1|1|0|2|1|3|1|0|0|2|2|0|0|1|2|1|1|1|1|1|1|1|1|1|2|1|0|0|0|1|0|0|2|0|0|0|0|0|0|0|0|0|0|0|0|0|2|1|0|0|0|0|0|0|1|0|0|0|0|1|0|1|0|0|0|2|1|0|0|0|0|0|0|0|0|0|0|1|0|0|0|0|0|0|0|0|0|0|0|0|0|0|1|0|0|0|0|0|0|0|0|0|0|1|0|0|0|0|1|0|0|0|0|1</HistCounts>
      </HistItem>
    </Histograms>
    <Metadata>
      <MDI key="STATISTICS_MINIMUM">194</MDI>
      <MDI key="STATISTICS_MAXIMUM">703</MDI>
      <MDI key="STATISTICS_MEAN">345.01777777778</MDI>
      <MDI key="STATISTICS_STDDEV">107.00678958498</MDI>
      <MDI key="STATISTICS_VALID_PERCENT">100</MDI>
    </Metadata>
  </PAMRasterBand>
  <PAMRasterBand band="3">
    <Histograms>
      <HistItem>
        <HistMin>194.4088888888889</HistMin>
        <HistMax>913.5911111111111</HistMax>
        <BucketCount>225</BucketCount>
        <IncludeOutOfRange>0</IncludeOutOfRange>
        <Approximate>0</Approximate>
        <HistCounts>1|1|0|1|0|0|3|0|0|2|2|0|2|2|0|3|2|5|1|2|3|3|1|4|7|4|4|5|5|4|2|2|2|5|3|2|1|2|4|6|3|2|0|2|2|4|7|1|4|2|0|1|0|3|1|0|1|0|1|4|4|4|2|2|1|0|1|0|0|1|1|2|2|0|1|0|2|1|0|0|0|2|0|0|1|0|0|1|2|1|1|0|1|0|1|2|1|0|0|1|0|1|2|0|0|1|0|1|1|0|0|1|2|1|1|0|1|1|2|2|0|0|1|1|2|1|1|0|1|0|2|0|1|3|0|0|1|0|1|0|0|0|1|2|1|0|2|1|0|1|0|0|1|0|1|0|0|1|1|0|1|0|1|0|0|0|0|0|1|1|0|0|0|0|0|0|0|1|0|0|0|0|0|0|0|0|1|0|0|0|0|0|0|0|0|0|0|0|0|1|0|0|0|0|0|0|0|0|0|0|0|0|0|0|0|0|0|0|0|0|0|0|0|1|1</HistCounts>
      </HistItem>
    </Histograms>
    <Metadata>
      <MDI key="STATISTICS_MINIMUM">196</MDI>
      <MDI key="STATISTICS_MAXIMUM">912</MDI>
      <MDI key="STATISTICS_MEAN">399.13777777778</MDI>
      <MDI key="STATISTICS_STDDEV">151.6742815508</MDI>
      <MDI key="STATISTICS_VALID_PERCENT">100</MDI>
    </Metadata>
  </PAMRasterBand>
</PAMDataset>
