<PAMDataset>
  <PAMRasterBand band="1">
    <Histograms>
      <HistItem>
        <HistMin>270.3422222222222</HistMin>
        <HistMax>567.6577777777778</HistMax>
        <BucketCount>225</BucketCount>
        <IncludeOutOfRange>0</IncludeOutOfRange>
        <Approximate>0</Approximate>
        <HistCounts>1|1|1|0|2|3|2|2|2|0|3|2|4|3|3|5|3|3|3|2|6|4|1|4|3|3|4|5|7|0|5|6|1|7|4|4|3|2|3|8|2|3|4|3|4|0|1|1|4|2|0|1|0|1|0|0|0|1|1|0|0|2|1|0|4|0|0|4|0|0|0|1|0|0|0|0|0|0|0|1|1|1|0|0|0|1|0|0|1|1|0|0|2|0|0|0|0|0|0|2|0|2|0|1|0|0|1|0|0|0|0|2|1|2|1|0|1|0|0|0|0|1|0|0|0|0|2|0|1|2|0|0|0|0|0|0|0|3|1|3|0|0|0|0|1|0|0|0|0|0|0|0|0|0|0|0|0|2|0|0|1|0|0|0|0|1|1|1|0|0|0|0|1|0|0|0|0|0|0|0|0|0|1|0|1|1|0|0|4|0|0|0|0|1|1|0|1|0|0|0|0|0|0|0|0|0|1|2|0|0|1|0|0|0|0|0|0|1|0|1|0|0|1|0|1</HistCounts>
      </HistItem>
    </Histograms>
    <Metadata>
      <MDI key="STATISTICS_MINIMUM">271</MDI>
      <MDI key="STATISTICS_MAXIMUM">567</MDI>
      <MDI key="STATISTICS_MEAN">351.16888888889</MDI>
      <MDI key="STATISTICS_STDDEV">75.413219655213</MDI>
      <MDI key="STATISTICS_VALID_PERCENT">100</MDI>
    </Metadata>
  </PAMRasterBand>
  <PAMRasterBand band="2">
    <Histograms>
      <HistItem>
        <HistMin>199.3</HistMin>
        <HistMax>515.7</HistMax>
        <BucketCount>225</BucketCount>
        <IncludeOutOfRange>0</IncludeOutOfRange>
        <Approximate>0</Approximate>
        <HistCounts>1|0|0|0|3|0|2|0|0|5|0|10|1|1|4|4|4|5|8|2|3|6|3|6|4|2|6|2|6|1|5|5|5|10|9|2|5|3|10|4|1|2|5|1|1|1|1|0|0|1|2|0|1|1|0|1|0|0|1|0|2|0|1|1|0|0|1|1|0|0|1|1|0|0|0|1|3|0|1|0|0|0|1|3|0|1|0|0|2|0|0|0|0|1|0|1|0|2|1|0|2|0|1|1|0|0|0|0|1|0|2|0|0|0|1|0|0|0|1|1|0|0|2|0|0|0|0|0|1|0|0|0|0|0|1|0|0|0|2|0|0|0|1|0|0|0|1|0|1|0|0|0|0|0|1|0|0|0|0|2|0|0|0|0|0|0|0|0|1|1|0|0|0|0|0|0|2|0|0|1|0|0|0|0|1|0|0|0|0|0|0|0|0|0|1|0|0|0|1|1|0|0|0|0|0|0|0|1|0|0|0|0|0|0|0|0|0|0|1|0|0|0|0|0|1</HistCounts>
      </HistItem>
    </Histograms>
    <Metadata>
      <MDI key="STATISTICS_MINIMUM">200</MDI>
      <MDI key="STATISTICS_MAXIMUM">515</MDI>
      <MDI key="STATISTICS_MEAN">271.95111111111</MDI>
      <MDI key="STATISTICS_STDDEV">67.181494218513</MDI>
      <MDI key="STATISTICS_VALID_PERCENT">100</MDI>
    </Metadata>
  </PAMRasterBand>
  <PAMRasterBand band="3">
    <Histograms>
      <HistItem>
        <HistMin>222.8888888888889</HistMin>
        <HistMax>725.1111111111111</HistMax>
        <BucketCount>225</BucketCount>
        <IncludeOutOfRange>0</IncludeOutOfRange>
        <Approximate>0</Approximate>
        <HistCounts>2|0|0|2|2|1|2|5|4|7|1|6|3|3|6|2|3|12|2|3|4|1|8|1|4|4|9|7|5|1|4|7|5|3|6|2|1|1|3|6|0|1|1|2|3|0|2|1|2|0|0|0|2|1|1|0|0|0|1|1|2|1|0|0|0|1|0|2|0|1|1|0|0|2|0|0|1|0|1|1|1|0|2|1|2|0|0|0|0|0|2|0|1|1|0|2|1|0|1|2|0|0|0|1|0|0|0|0|1|1|1|1|1|0|0|0|1|0|0|0|0|1|1|0|0|0|0|0|0|1|0|0|1|0|0|1|0|0|1|0|1|0|0|0|0|1|0|1|0|0|1|0|0|0|0|0|1|1|0|0|0|0|0|0|0|0|0|1|0|0|2|0|0|1|0|0|0|0|0|0|0|0|0|0|1|0|0|0|0|0|0|0|0|1|0|1|1|0|0|0|0|0|0|0|0|0|0|0|1|0|0|0|0|0|0|0|0|0|0|1|0|0|0|0|1</HistCounts>
      </HistItem>
    </Histograms>
    <Metadata>
      <MDI key="STATISTICS_MINIMUM">224</MDI>
      <MDI key="STATISTICS_MAXIMUM">724</MDI>
      <MDI key="STATISTICS_MEAN">332.08888888889</MDI>
      <MDI key="STATISTICS_STDDEV">106.63750064218</MDI>
      <MDI key="STATISTICS_VALID_PERCENT">100</MDI>
    </Metadata>
  </PAMRasterBand>
</PAMDataset>
