<PAMDataset>
  <PAMRasterBand band="1">
    <Histograms>
      <HistItem>
        <HistMin>234.2488888888889</HistMin>
        <HistMax>573.7511111111111</HistMax>
        <BucketCount>225</BucketCount>
        <IncludeOutOfRange>0</IncludeOutOfRange>
        <Approximate>0</Approximate>
        <HistCounts>1|0|0|0|0|0|0|0|1|0|0|2|0|1|1|4|1|1|0|0|3|3|0|1|1|4|1|1|1|0|2|0|0|1|2|1|2|1|0|0|2|0|2|0|2|2|3|1|2|0|4|1|0|2|3|1|4|2|7|1|8|3|3|3|15|3|8|0|10|5|3|2|8|0|5|4|1|1|3|2|3|1|3|1|6|3|2|2|0|3|1|1|1|4|1|2|1|1|0|4|1|4|2|0|0|0|1|1|0|2|1|1|0|0|0|2|0|0|0|0|0|1|1|0|0|0|0|1|0|0|1|0|1|0|0|1|0|0|0|0|0|0|0|0|0|0|0|0|0|0|0|0|0|0|0|0|0|0|0|0|0|0|0|0|0|0|0|0|0|0|0|0|0|0|0|0|0|0|0|0|1|0|0|0|0|0|0|0|0|0|0|0|0|0|0|0|0|0|0|0|0|0|0|0|0|0|0|0|0|0|0|0|0|0|0|0|0|0|0|0|0|0|0|0|1</HistCounts>
      </HistItem>
    </Histograms>
    <Metadata>
      <MDI key="STATISTICS_MINIMUM">235</MDI>
      <MDI key="STATISTICS_MAXIMUM">573</MDI>
      <MDI key="STATISTICS_MEAN">335.47555555556</MDI>
      <MDI key="STATISTICS_STDDEV">43.943403780345</MDI>
      <MDI key="STATISTICS_VALID_PERCENT">100</MDI>
    </Metadata>
  </PAMRasterBand>
  <PAMRasterBand band="2">
    <Histograms>
      <HistItem>
        <HistMin>184.4888888888889</HistMin>
        <HistMax>415.5111111111111</HistMax>
        <BucketCount>225</BucketCount>
        <IncludeOutOfRange>0</IncludeOutOfRange>
        <Approximate>0</Approximate>
        <HistCounts>2|1|0|0|0|1|1|0|0|1|1|0|1|0|2|2|3|0|1|4|0|1|1|1|0|0|2|2|1|1|0|1|2|0|1|0|0|0|2|2|1|2|1|1|1|2|0|3|1|1|2|2|0|2|1|0|6|1|1|3|0|3|1|1|5|2|1|0|0|2|0|2|5|1|3|2|3|1|0|0|3|0|3|2|2|0|1|1|2|1|0|0|0|4|3|2|0|5|5|2|3|4|1|3|2|2|3|0|5|1|2|4|5|2|3|2|0|0|4|0|0|2|4|1|1|3|3|2|0|3|3|1|1|0|1|2|1|0|1|0|0|2|1|0|1|0|0|2|1|0|0|0|1|0|0|0|2|0|0|0|0|0|0|0|1|0|0|0|1|0|0|0|0|0|0|0|1|0|0|0|0|0|0|0|0|0|0|0|0|0|0|0|0|0|0|0|0|0|0|0|0|0|0|0|0|0|0|0|0|0|0|0|0|0|0|0|0|0|0|0|0|0|0|0|1</HistCounts>
      </HistItem>
    </Histograms>
    <Metadata>
      <MDI key="STATISTICS_MINIMUM">185</MDI>
      <MDI key="STATISTICS_MAXIMUM">415</MDI>
      <MDI key="STATISTICS_MEAN">270.40444444444</MDI>
      <MDI key="STATISTICS_STDDEV">41.530507959307</MDI>
      <MDI key="STATISTICS_VALID_PERCENT">100</MDI>
    </Metadata>
  </PAMRasterBand>
  <PAMRasterBand band="3">
    <Histograms>
      <HistItem>
        <HistMin>224.3266666666667</HistMin>
        <HistMax>528.6733333333333</HistMax>
        <BucketCount>225</BucketCount>
        <IncludeOutOfRange>0</IncludeOutOfRange>
        <Approximate>0</Approximate>
        <HistCounts>1|0|0|0|0|1|0|2|0|1|1|1|0|1|0|0|2|0|2|1|1|1|0|0|1|2|1|2|0|1|2|1|0|3|1|1|1|1|0|0|0|1|0|1|3|0|0|0|0|0|1|1|4|0|0|3|4|3|5|1|2|2|0|4|1|0|2|1|1|1|3|0|1|0|0|3|2|0|5|1|1|2|1|0|3|3|1|2|1|0|1|3|1|0|3|2|0|1|2|0|0|1|2|5|2|1|4|2|1|1|0|2|1|1|2|2|2|5|2|1|2|5|2|2|0|2|5|2|2|7|1|2|2|2|1|1|1|0|4|1|2|0|1|1|2|0|2|1|2|1|1|2|1|0|0|1|0|1|1|0|0|1|1|0|0|0|0|0|0|1|0|0|1|0|1|1|0|0|0|0|1|0|0|0|0|0|0|0|0|0|0|2|0|0|0|0|0|0|0|0|0|0|0|0|0|0|0|0|0|0|0|0|0|0|0|0|0|0|0|0|0|0|0|0|1</HistCounts>
      </HistItem>
    </Histograms>
    <Metadata>
      <MDI key="STATISTICS_MINIMUM">225</MDI>
      <MDI key="STATISTICS_MAXIMUM">528</MDI>
      <MDI key="STATISTICS_MEAN">350.52</MDI>
      <MDI key="STATISTICS_STDDEV">59.158474925876</MDI>
      <MDI key="STATISTICS_VALID_PERCENT">100</MDI>
    </Metadata>
  </PAMRasterBand>
</PAMDataset>
