<PAMDataset>
  <PAMRasterBand band="1">
    <Histograms>
      <HistItem>
        <HistMin>231.4688888888889</HistMin>
        <HistMax>471.5311111111111</HistMax>
        <BucketCount>225</BucketCount>
        <IncludeOutOfRange>0</IncludeOutOfRange>
        <Approximate>0</Approximate>
        <HistCounts>1|0|0|0|0|1|0|0|0|0|0|0|1|0|0|0|0|0|0|0|0|0|0|3|1|2|4|2|1|0|0|1|1|0|0|1|1|1|0|0|1|0|0|3|0|1|3|1|3|3|3|2|3|1|2|1|1|2|1|2|1|1|0|1|1|2|2|0|1|1|1|1|0|4|1|2|1|1|2|1|1|0|2|0|2|3|1|3|2|1|1|6|3|3|8|4|7|7|5|2|2|4|4|2|2|1|2|0|1|2|0|0|4|0|0|3|3|1|0|1|0|3|1|2|3|1|1|1|0|0|2|0|1|0|0|0|0|0|0|0|0|1|3|0|0|1|2|0|0|0|1|1|1|0|2|0|0|0|0|2|1|0|0|0|0|1|0|0|0|0|0|1|0|2|0|0|2|0|0|0|0|0|0|1|0|0|1|2|1|0|0|0|0|1|0|0|0|0|1|0|1|0|0|0|1|0|1|0|1|1|1|0|0|0|1|0|0|0|0|0|1|0|1|0|2</HistCounts>
      </HistItem>
    </Histograms>
    <Metadata>
      <MDI key="STATISTICS_MINIMUM">232</MDI>
      <MDI key="STATISTICS_MAXIMUM">471</MDI>
      <MDI key="STATISTICS_MEAN">335.22666666667</MDI>
      <MDI key="STATISTICS_STDDEV">50.55476414521</MDI>
      <MDI key="STATISTICS_VALID_PERCENT">100</MDI>
    </Metadata>
  </PAMRasterBand>
  <PAMRasterBand band="2">
    <Histograms>
      <HistItem>
        <HistMin>194.5024630541872</HistMin>
        <HistMax>397.4975369458128</HistMax>
        <BucketCount>203</BucketCount>
        <IncludeOutOfRange>0</IncludeOutOfRange>
        <Approximate>0</Approximate>
        <HistCounts>1|0|0|1|0|0|0|0|0|0|0|1|0|0|1|1|0|1|1|0|0|1|1|0|1|3|2|0|0|3|5|1|1|0|1|1|4|0|2|3|1|2|5|3|5|10|7|12|4|8|8|7|8|10|6|5|3|1|1|3|1|5|0|0|1|0|0|0|3|0|0|1|0|0|1|0|0|0|1|0|1|0|0|0|0|2|0|2|0|0|0|0|1|0|0|0|0|1|0|1|0|1|1|1|0|1|1|1|0|1|0|2|2|2|2|0|1|1|1|2|1|0|1|0|1|1|0|1|0|0|1|1|2|1|0|1|0|0|2|0|0|0|0|0|0|0|1|1|0|1|0|1|2|0|0|0|0|0|1|0|0|2|1|0|2|0|1|0|1|1|1|0|0|1|0|0|1|0|0|1|0|0|0|0|0|0|0|0|0|0|0|2|1|1|0|0|0|0|0|0|0|0|3</HistCounts>
      </HistItem>
    </Histograms>
    <Metadata>
      <MDI key="STATISTICS_MINIMUM">195</MDI>
      <MDI key="STATISTICS_MAXIMUM">397</MDI>
      <MDI key="STATISTICS_MEAN">267.26222222222</MDI>
      <MDI key="STATISTICS_STDDEV">45.941485918449</MDI>
      <MDI key="STATISTICS_VALID_PERCENT">100</MDI>
    </Metadata>
  </PAMRasterBand>
  <PAMRasterBand band="3">
    <Histograms>
      <HistItem>
        <HistMin>208.3644444444444</HistMin>
        <HistMax>495.6355555555556</HistMax>
        <BucketCount>225</BucketCount>
        <IncludeOutOfRange>0</IncludeOutOfRange>
        <Approximate>0</Approximate>
        <HistCounts>1|2|5|3|4|6|6|5|2|5|2|1|4|9|1|6|7|5|2|7|9|6|4|5|1|4|1|7|3|2|0|3|1|1|4|1|5|0|0|0|0|0|1|0|0|1|0|1|0|0|0|0|1|0|1|0|0|0|0|0|2|1|1|1|0|1|1|1|0|1|2|0|1|0|1|1|0|0|0|0|0|0|0|0|0|0|0|0|0|0|0|0|0|0|0|0|0|1|0|1|0|0|2|0|1|0|0|0|0|2|0|0|0|0|0|1|1|2|0|0|1|1|0|1|0|1|0|0|2|2|0|1|4|1|1|0|1|3|0|0|0|0|1|2|0|0|2|0|0|0|0|1|0|0|3|1|1|0|0|1|1|1|0|1|0|0|2|0|1|0|0|1|0|1|0|1|1|0|0|0|0|0|1|0|1|0|0|0|2|0|1|0|0|0|1|0|0|0|1|0|0|0|0|0|0|0|0|0|0|0|0|1|0|1|1|1|0|0|0|0|0|0|1|0|2</HistCounts>
      </HistItem>
    </Histograms>
    <Metadata>
      <MDI key="STATISTICS_MINIMUM">209</MDI>
      <MDI key="STATISTICS_MAXIMUM">495</MDI>
      <MDI key="STATISTICS_MEAN">285.74222222222</MDI>
      <MDI key="STATISTICS_STDDEV">80.799973841824</MDI>
      <MDI key="STATISTICS_VALID_PERCENT">100</MDI>
    </Metadata>
  </PAMRasterBand>
</PAMDataset>
