<PAMDataset>
  <PAMRasterBand band="1">
    <Histograms>
      <HistItem>
        <HistMin>236.0288888888889</HistMin>
        <HistMax>674.9711111111111</HistMax>
        <BucketCount>225</BucketCount>
        <IncludeOutOfRange>0</IncludeOutOfRange>
        <Approximate>0</Approximate>
        <HistCounts>1|1|0|1|0|0|1|0|0|5|1|0|3|1|3|2|0|1|1|0|0|0|1|4|2|2|3|2|3|0|0|3|3|1|5|5|6|3|2|3|4|5|4|3|3|3|0|2|1|0|1|1|2|0|0|1|0|1|0|1|1|0|0|0|0|0|1|1|0|1|0|1|1|1|0|2|3|0|1|2|1|3|1|1|1|0|1|1|0|0|0|1|1|2|0|1|0|3|2|1|3|5|1|9|4|3|4|1|8|2|2|5|1|0|1|2|0|1|2|2|0|1|0|0|1|3|1|3|2|2|0|1|2|0|0|0|1|1|0|1|0|0|2|0|0|1|2|0|0|0|0|1|0|0|1|0|0|1|0|0|0|0|0|0|1|0|0|0|0|0|0|0|0|0|0|0|0|0|1|0|0|0|0|0|0|0|0|0|0|0|0|0|0|0|0|0|0|0|0|0|0|0|0|2|0|0|0|0|0|0|0|0|0|0|0|0|0|0|0|0|0|0|0|1|1</HistCounts>
      </HistItem>
    </Histograms>
    <Metadata>
      <MDI key="STATISTICS_MINIMUM">237</MDI>
      <MDI key="STATISTICS_MAXIMUM">674</MDI>
      <MDI key="STATISTICS_MEAN">383.48888888889</MDI>
      <MDI key="STATISTICS_STDDEV">88.913746524301</MDI>
      <MDI key="STATISTICS_VALID_PERCENT">100</MDI>
    </Metadata>
  </PAMRasterBand>
  <PAMRasterBand band="2">
    <Histograms>
      <HistItem>
        <HistMin>203.5777777777778</HistMin>
        <HistMax>846.4222222222222</HistMax>
        <BucketCount>225</BucketCount>
        <IncludeOutOfRange>0</IncludeOutOfRange>
        <Approximate>0</Approximate>
        <HistCounts>3|2|1|3|1|3|3|6|5|5|2|3|9|13|5|4|3|5|1|2|2|2|3|5|1|1|1|1|1|2|0|1|1|0|2|0|1|1|1|2|1|2|3|0|1|1|1|1|0|2|3|0|4|4|8|5|7|1|0|5|1|2|1|3|4|2|3|0|2|3|0|2|2|1|1|0|2|4|3|1|1|3|1|1|0|0|0|0|0|1|0|1|0|0|2|1|0|0|1|0|0|1|0|1|1|1|1|0|0|0|0|1|0|0|1|0|0|0|0|0|1|0|0|0|0|0|0|1|1|0|0|0|0|0|0|0|1|0|0|0|0|0|1|0|0|0|0|0|0|0|0|1|0|0|0|0|0|0|0|1|0|1|0|0|0|0|0|0|0|0|0|0|0|0|0|0|0|0|0|0|0|1|0|0|0|0|0|0|0|0|0|0|0|0|0|0|1|0|0|0|0|0|0|1|0|0|0|0|0|0|0|0|0|0|0|0|0|0|1|0|0|0|0|0|1</HistCounts>
      </HistItem>
    </Histograms>
    <Metadata>
      <MDI key="STATISTICS_MINIMUM">205</MDI>
      <MDI key="STATISTICS_MAXIMUM">845</MDI>
      <MDI key="STATISTICS_MEAN">340.25333333333</MDI>
      <MDI key="STATISTICS_STDDEV">117.85868298753</MDI>
      <MDI key="STATISTICS_VALID_PERCENT">100</MDI>
    </Metadata>
  </PAMRasterBand>
  <PAMRasterBand band="3">
    <Histograms>
      <HistItem>
        <HistMin>253.7466666666667</HistMin>
        <HistMax>1272.253333333333</HistMax>
        <BucketCount>225</BucketCount>
        <IncludeOutOfRange>0</IncludeOutOfRange>
        <Approximate>0</Approximate>
        <HistCounts>1|2|2|1|3|3|5|4|7|3|13|5|5|5|7|5|1|3|2|2|3|3|3|1|3|2|0|2|3|1|2|2|5|1|4|3|3|5|3|3|8|2|1|3|2|4|1|1|3|1|2|3|1|2|2|0|0|4|4|0|1|2|1|3|3|3|3|1|1|0|1|0|1|0|0|0|0|0|0|0|0|2|1|1|0|0|0|0|0|1|0|0|0|1|1|0|2|0|0|0|0|0|0|1|1|0|0|0|1|0|1|2|0|0|1|0|0|0|0|1|0|0|0|1|1|0|0|0|0|0|0|0|0|0|1|0|0|0|0|0|0|0|0|0|1|0|0|0|0|0|2|0|0|0|0|0|0|0|0|0|0|0|1|0|0|0|0|0|1|0|0|0|0|0|0|0|0|0|0|0|0|0|0|0|0|1|0|0|0|0|0|0|1|0|0|0|0|0|0|0|0|1|0|0|0|0|0|0|0|0|0|0|0|0|0|1|0|0|0|0|0|0|0|0|1</HistCounts>
      </HistItem>
    </Histograms>
    <Metadata>
      <MDI key="STATISTICS_MINIMUM">256</MDI>
      <MDI key="STATISTICS_MAXIMUM">1270</MDI>
      <MDI key="STATISTICS_MEAN">449.73777777778</MDI>
      <MDI key="STATISTICS_STDDEV">185.68723439505</MDI>
      <MDI key="STATISTICS_VALID_PERCENT">100</MDI>
    </Metadata>
  </PAMRasterBand>
</PAMDataset>
