<PAMDataset>
  <PAMRasterBand band="1">
    <Histograms>
      <HistItem>
        <HistMin>333.1666666666667</HistMin>
        <HistMax>709.8333333333334</HistMax>
        <BucketCount>225</BucketCount>
        <IncludeOutOfRange>0</IncludeOutOfRange>
        <Approximate>0</Approximate>
        <HistCounts>1|0|0|0|2|0|1|0|1|0|1|0|1|1|0|1|1|0|0|0|0|0|1|0|0|0|0|0|0|1|0|0|1|1|0|0|0|0|1|2|0|1|0|0|1|1|0|0|1|1|0|0|0|0|0|0|1|1|0|1|1|0|0|1|0|1|0|0|0|1|0|0|0|1|1|3|1|0|0|0|0|2|0|0|0|0|2|0|1|0|0|1|0|2|0|1|1|1|0|0|2|0|1|1|0|1|2|0|3|2|0|3|2|0|2|2|3|3|5|4|3|4|7|2|9|5|7|15|7|6|7|5|1|4|6|2|4|4|5|3|1|1|2|4|0|2|1|3|1|1|0|2|2|0|1|1|0|1|1|0|0|3|1|1|1|1|0|0|0|0|1|1|0|0|0|0|0|0|1|0|0|0|0|0|0|0|1|1|0|0|0|0|0|0|0|0|0|0|0|0|0|0|0|0|0|0|0|0|0|0|0|0|0|0|0|0|0|0|0|0|0|0|0|0|1</HistCounts>
      </HistItem>
    </Histograms>
    <Metadata>
      <MDI key="STATISTICS_MINIMUM">334</MDI>
      <MDI key="STATISTICS_MAXIMUM">709</MDI>
      <MDI key="STATISTICS_MEAN">526.66222222222</MDI>
      <MDI key="STATISTICS_STDDEV">63.192767831239</MDI>
      <MDI key="STATISTICS_VALID_PERCENT">100</MDI>
    </Metadata>
  </PAMRasterBand>
  <PAMRasterBand band="2">
    <Histograms>
      <HistItem>
        <HistMin>295.3355555555556</HistMin>
        <HistMax>595.6644444444445</HistMax>
        <BucketCount>225</BucketCount>
        <IncludeOutOfRange>0</IncludeOutOfRange>
        <Approximate>0</Approximate>
        <HistCounts>1|1|0|0|0|0|0|0|1|0|0|1|0|0|0|1|0|1|0|1|0|0|1|0|1|0|0|0|1|0|1|1|0|0|1|0|1|0|0|0|0|0|0|0|0|1|0|0|0|0|0|0|0|0|0|2|0|0|0|0|0|0|2|0|0|0|1|0|0|0|1|0|0|2|0|0|2|0|0|0|1|0|0|0|1|0|0|1|0|1|2|1|0|0|0|0|1|0|0|0|1|0|0|0|0|0|1|1|0|1|1|0|0|0|1|0|0|0|2|0|0|1|1|1|1|0|1|0|1|0|1|0|0|0|0|0|0|0|1|3|2|0|0|1|0|1|1|0|0|0|0|3|1|0|1|5|1|3|1|2|0|0|3|2|1|1|3|0|4|5|0|5|2|1|3|9|3|4|5|4|4|8|3|5|7|3|2|7|2|4|4|4|3|5|1|0|2|4|1|5|3|2|4|0|0|0|1|1|2|0|2|2|2|1|0|0|1|0|0|0|0|0|0|0|1</HistCounts>
      </HistItem>
    </Histograms>
    <Metadata>
      <MDI key="STATISTICS_MINIMUM">296</MDI>
      <MDI key="STATISTICS_MAXIMUM">595</MDI>
      <MDI key="STATISTICS_MEAN">505.32444444444</MDI>
      <MDI key="STATISTICS_STDDEV">67.061143429147</MDI>
      <MDI key="STATISTICS_VALID_PERCENT">100</MDI>
    </Metadata>
  </PAMRasterBand>
  <PAMRasterBand band="3">
    <Histograms>
      <HistItem>
        <HistMin>380.0866666666666</HistMin>
        <HistMax>792.9133333333333</HistMax>
        <BucketCount>225</BucketCount>
        <IncludeOutOfRange>0</IncludeOutOfRange>
        <Approximate>0</Approximate>
        <HistCounts>2|0|0|2|0|0|0|0|1|1|0|1|1|1|0|0|0|0|0|0|0|0|0|1|1|0|2|0|0|0|0|0|0|0|0|2|0|0|0|0|0|0|0|0|0|1|0|0|0|0|0|0|0|2|0|0|2|0|0|0|0|0|2|0|0|0|1|0|0|1|0|0|1|0|2|1|0|0|0|0|0|3|1|1|0|0|0|0|0|0|1|0|0|0|0|0|0|0|0|1|3|0|0|0|0|1|0|0|0|0|1|0|0|0|0|0|0|0|0|1|1|1|2|0|2|0|0|1|0|0|0|1|1|0|1|0|2|2|1|1|1|0|1|0|0|0|0|0|1|0|0|0|0|0|2|0|0|1|2|1|3|1|3|2|1|1|2|4|4|3|0|2|3|2|5|3|4|3|5|3|3|3|2|4|5|6|5|4|2|5|4|6|2|1|0|7|3|2|0|4|1|1|0|3|4|9|1|2|3|1|1|3|1|2|0|0|2|1|0|1|0|0|0|0|1</HistCounts>
      </HistItem>
    </Histograms>
    <Metadata>
      <MDI key="STATISTICS_MINIMUM">381</MDI>
      <MDI key="STATISTICS_MAXIMUM">792</MDI>
      <MDI key="STATISTICS_MEAN">670.29777777778</MDI>
      <MDI key="STATISTICS_STDDEV">99.813360247768</MDI>
      <MDI key="STATISTICS_VALID_PERCENT">100</MDI>
    </Metadata>
  </PAMRasterBand>
</PAMDataset>
