<PAMDataset>
  <PAMRasterBand band="1">
    <Histograms>
      <HistItem>
        <HistMin>232.6088888888889</HistMin>
        <HistMax>861.3911111111111</HistMax>
        <BucketCount>225</BucketCount>
        <IncludeOutOfRange>0</IncludeOutOfRange>
        <Approximate>0</Approximate>
        <HistCounts>2|1|0|1|5|0|3|0|4|7|4|3|4|3|3|4|4|3|4|4|3|1|3|4|2|0|2|0|2|3|4|0|2|3|1|5|0|1|1|4|4|0|2|2|3|3|2|2|5|0|4|3|3|2|2|1|1|1|2|0|1|0|0|2|0|0|2|1|0|0|0|1|0|1|1|0|0|0|2|2|0|2|0|1|0|0|0|0|0|0|0|0|0|1|0|2|0|1|0|0|0|0|1|1|0|0|0|0|0|0|0|1|0|1|0|0|1|0|0|0|0|0|1|0|0|1|0|1|1|1|0|0|0|0|0|0|0|0|0|0|0|1|0|0|0|1|1|0|1|0|0|0|0|0|1|0|0|1|0|1|1|0|0|0|1|0|0|0|0|0|0|0|1|0|0|0|2|0|0|0|0|0|0|2|0|2|0|1|1|1|1|0|0|0|1|0|2|0|1|1|1|3|2|4|0|2|2|1|3|2|3|1|1|1|0|0|0|0|0|0|0|0|0|1|1</HistCounts>
      </HistItem>
    </Histograms>
    <Metadata>
      <MDI key="STATISTICS_MINIMUM">234</MDI>
      <MDI key="STATISTICS_MAXIMUM">860</MDI>
      <MDI key="STATISTICS_MEAN">442.56888888889</MDI>
      <MDI key="STATISTICS_STDDEV">197.97673468502</MDI>
      <MDI key="STATISTICS_VALID_PERCENT">100</MDI>
    </Metadata>
  </PAMRasterBand>
  <PAMRasterBand band="2">
    <Histograms>
      <HistItem>
        <HistMin>155.4244444444444</HistMin>
        <HistMax>867.5755555555555</HistMax>
        <BucketCount>225</BucketCount>
        <IncludeOutOfRange>0</IncludeOutOfRange>
        <Approximate>0</Approximate>
        <HistCounts>1|2|0|1|1|2|2|1|1|2|2|2|1|2|5|4|3|2|8|6|5|9|5|9|3|2|2|5|3|3|5|2|3|2|3|2|1|4|3|2|5|5|3|5|3|4|1|3|1|3|1|0|0|1|1|1|1|0|0|0|0|0|1|1|0|0|0|1|1|0|1|0|0|0|0|1|1|0|0|0|0|0|0|0|0|1|1|0|0|2|0|0|0|1|0|0|0|0|0|0|0|0|0|0|0|0|1|1|1|0|0|1|0|0|1|0|1|0|0|0|0|0|0|0|0|0|2|0|0|0|0|0|0|0|0|1|0|0|0|0|0|1|0|2|0|1|2|0|0|0|1|0|0|0|0|0|1|0|0|0|0|0|1|1|1|0|0|0|0|0|1|0|1|0|1|2|0|0|0|1|1|1|1|0|0|0|1|0|0|1|0|0|2|1|1|0|1|0|1|1|0|0|1|0|3|0|0|2|0|0|5|0|0|3|0|0|0|0|0|1|0|0|0|0|1</HistCounts>
      </HistItem>
    </Histograms>
    <Metadata>
      <MDI key="STATISTICS_MINIMUM">157</MDI>
      <MDI key="STATISTICS_MAXIMUM">866</MDI>
      <MDI key="STATISTICS_MEAN">363.06666666667</MDI>
      <MDI key="STATISTICS_STDDEV">206.71618761534</MDI>
      <MDI key="STATISTICS_VALID_PERCENT">100</MDI>
    </Metadata>
  </PAMRasterBand>
  <PAMRasterBand band="3">
    <Histograms>
      <HistItem>
        <HistMin>192.4533333333333</HistMin>
        <HistMax>1343.546666666667</HistMax>
        <BucketCount>225</BucketCount>
        <IncludeOutOfRange>0</IncludeOutOfRange>
        <Approximate>0</Approximate>
        <HistCounts>1|1|4|8|8|7|3|3|5|6|8|5|3|7|3|4|3|5|5|3|4|1|4|3|2|3|5|2|4|3|4|1|2|3|4|3|2|2|3|1|0|4|1|1|1|1|0|0|1|1|2|0|0|0|0|1|2|0|0|0|0|0|0|0|0|0|2|0|0|1|0|0|0|0|0|1|1|2|0|1|0|0|0|0|0|0|0|0|0|0|0|1|0|0|0|0|1|2|0|0|0|0|0|1|0|0|0|0|0|0|0|0|0|1|0|1|2|0|0|0|0|0|0|0|0|1|0|0|0|0|1|1|0|1|0|0|1|0|0|0|0|0|1|0|0|0|0|2|0|1|0|0|0|1|1|0|0|1|0|0|0|1|1|0|1|0|0|1|0|0|1|1|0|0|0|0|1|0|0|1|1|1|0|0|2|0|0|1|0|1|0|1|1|0|0|0|1|1|0|1|1|0|1|0|1|0|3|0|0|1|0|0|1|1|2|1|0|1|0|0|0|0|0|0|1</HistCounts>
      </HistItem>
    </Histograms>
    <Metadata>
      <MDI key="STATISTICS_MINIMUM">195</MDI>
      <MDI key="STATISTICS_MAXIMUM">1341</MDI>
      <MDI key="STATISTICS_MEAN">485.94666666667</MDI>
      <MDI key="STATISTICS_STDDEV">339.59061209377</MDI>
      <MDI key="STATISTICS_VALID_PERCENT">100</MDI>
    </Metadata>
  </PAMRasterBand>
</PAMDataset>
