<PAMDataset>
  <PAMRasterBand band="1">
    <Histograms>
      <HistItem>
        <HistMin>242.4266666666667</HistMin>
        <HistMax>501.5733333333333</HistMax>
        <BucketCount>225</BucketCount>
        <IncludeOutOfRange>0</IncludeOutOfRange>
        <Approximate>0</Approximate>
        <HistCounts>1|0|0|1|1|1|1|0|0|0|1|1|0|1|1|1|2|0|0|1|1|4|0|5|1|1|3|1|1|0|2|1|0|1|0|0|3|0|1|2|1|1|1|1|0|0|0|0|0|0|1|0|0|0|0|0|1|1|0|1|0|0|1|1|0|0|0|0|0|1|2|0|0|0|0|0|0|1|0|1|0|0|3|0|1|0|0|0|0|2|0|3|0|0|2|2|3|4|1|1|0|0|1|3|3|3|2|0|2|4|1|0|2|0|1|8|1|1|6|4|1|3|5|0|1|3|0|6|8|3|3|5|4|1|3|7|1|0|1|0|5|1|3|0|1|2|3|1|2|1|1|3|4|0|0|0|0|1|1|1|1|1|2|0|1|1|2|1|1|0|0|0|0|0|1|1|0|1|0|0|0|1|0|0|0|0|0|0|1|0|1|0|0|0|1|0|0|0|0|0|0|1|0|0|0|0|0|0|0|0|0|0|0|0|0|1|0|0|0|0|0|1|0|0|1</HistCounts>
      </HistItem>
    </Histograms>
    <Metadata>
      <MDI key="STATISTICS_MINIMUM">243</MDI>
      <MDI key="STATISTICS_MAXIMUM">501</MDI>
      <MDI key="STATISTICS_MEAN">364.68888888889</MDI>
      <MDI key="STATISTICS_STDDEV">56.135163161871</MDI>
      <MDI key="STATISTICS_VALID_PERCENT">100</MDI>
    </Metadata>
  </PAMRasterBand>
  <PAMRasterBand band="2">
    <Histograms>
      <HistItem>
        <HistMin>181.5025773195876</HistMin>
        <HistMax>375.4974226804124</HistMax>
        <BucketCount>194</BucketCount>
        <IncludeOutOfRange>0</IncludeOutOfRange>
        <Approximate>0</Approximate>
        <HistCounts>1|0|0|0|0|0|0|0|0|1|0|1|0|0|1|1|0|0|2|0|0|0|1|1|1|0|0|2|2|3|3|0|1|3|2|0|0|1|1|2|1|0|0|1|1|4|1|1|1|1|0|0|0|0|1|0|0|0|1|0|0|1|1|1|0|3|0|0|0|0|0|0|0|0|3|0|1|2|1|0|0|0|0|1|0|0|0|0|1|1|1|2|3|0|1|1|0|0|0|0|0|0|1|0|0|1|0|2|2|2|2|0|1|0|2|1|0|1|1|2|1|1|1|2|0|1|2|3|1|2|0|5|4|2|1|4|3|5|7|3|3|5|1|1|3|2|1|3|5|2|0|2|6|6|4|4|4|2|3|3|5|2|4|2|0|1|2|2|2|1|1|0|3|1|1|1|1|0|0|1|0|1|0|0|0|0|0|0|0|0|0|0|0|1</HistCounts>
      </HistItem>
    </Histograms>
    <Metadata>
      <MDI key="STATISTICS_MINIMUM">182</MDI>
      <MDI key="STATISTICS_MAXIMUM">375</MDI>
      <MDI key="STATISTICS_MEAN">297.76888888889</MDI>
      <MDI key="STATISTICS_STDDEV">47.872700744195</MDI>
      <MDI key="STATISTICS_VALID_PERCENT">100</MDI>
    </Metadata>
  </PAMRasterBand>
  <PAMRasterBand band="3">
    <Histograms>
      <HistItem>
        <HistMin>178.4555555555555</HistMin>
        <HistMax>424.5444444444444</HistMax>
        <BucketCount>225</BucketCount>
        <IncludeOutOfRange>0</IncludeOutOfRange>
        <Approximate>0</Approximate>
        <HistCounts>1|0|1|0|0|3|0|0|0|1|1|0|0|1|0|1|1|2|0|0|0|2|1|2|2|0|2|1|2|1|0|0|3|0|0|2|2|2|2|0|1|1|0|0|0|0|1|0|0|0|0|0|0|0|0|3|0|1|0|0|0|0|0|1|0|0|1|0|0|1|0|1|1|0|0|1|0|0|1|0|2|2|0|1|0|0|1|0|0|0|0|1|0|0|0|0|0|0|0|0|0|1|0|0|0|2|1|0|1|1|0|0|1|0|0|0|2|1|1|1|1|1|0|0|0|2|0|1|0|0|0|1|0|1|0|2|1|0|2|2|3|2|1|2|2|0|1|0|0|2|0|2|2|3|1|4|1|3|5|3|3|0|2|2|3|9|2|5|3|0|4|5|2|3|2|3|8|2|4|3|4|1|2|5|1|1|0|3|1|0|2|3|3|2|2|0|1|2|0|0|0|0|1|0|2|0|2|0|0|0|1|0|0|0|0|0|0|0|0|0|0|0|0|0|1</HistCounts>
      </HistItem>
    </Histograms>
    <Metadata>
      <MDI key="STATISTICS_MINIMUM">179</MDI>
      <MDI key="STATISTICS_MAXIMUM">424</MDI>
      <MDI key="STATISTICS_MEAN">323.48888888889</MDI>
      <MDI key="STATISTICS_STDDEV">64.637870640884</MDI>
      <MDI key="STATISTICS_VALID_PERCENT">100</MDI>
    </Metadata>
  </PAMRasterBand>
</PAMDataset>
