<PAMDataset>
  <PAMRasterBand band="1">
    <Histograms>
      <HistItem>
        <HistMin>257.5047619047619</HistMin>
        <HistMax>362.4952380952381</HistMax>
        <BucketCount>105</BucketCount>
        <IncludeOutOfRange>0</IncludeOutOfRange>
        <Approximate>0</Approximate>
        <HistCounts>1|0|1|0|0|0|0|0|0|0|0|0|0|2|2|0|0|0|0|0|1|0|0|1|0|0|0|2|1|0|1|0|0|0|0|1|2|1|1|0|0|0|1|2|1|3|6|3|1|7|4|4|5|3|2|2|4|6|3|4|5|8|6|4|4|7|5|2|2|3|2|6|7|4|5|7|6|5|4|6|4|4|1|11|3|2|5|2|1|3|2|1|3|1|2|1|0|1|0|0|0|0|0|1|1</HistCounts>
      </HistItem>
    </Histograms>
    <Metadata>
      <MDI key="STATISTICS_MINIMUM">258</MDI>
      <MDI key="STATISTICS_MAXIMUM">362</MDI>
      <MDI key="STATISTICS_MEAN">322.82666666667</MDI>
      <MDI key="STATISTICS_STDDEV">18.276182436287</MDI>
      <MDI key="STATISTICS_VALID_PERCENT">100</MDI>
    </Metadata>
  </PAMRasterBand>
  <PAMRasterBand band="2">
    <Histograms>
      <HistItem>
        <HistMin>201.5053191489362</HistMin>
        <HistMax>295.4946808510638</HistMax>
        <BucketCount>94</BucketCount>
        <IncludeOutOfRange>0</IncludeOutOfRange>
        <Approximate>0</Approximate>
        <HistCounts>1|0|1|0|0|0|0|0|1|0|0|1|1|1|0|0|0|0|1|0|1|0|0|0|0|1|1|1|0|2|0|1|0|0|1|1|1|1|0|3|2|2|3|2|6|3|1|7|4|7|6|7|1|8|4|6|3|4|5|5|6|4|4|4|9|4|4|4|2|7|5|8|3|5|7|1|3|5|2|4|5|2|3|1|1|4|1|1|2|2|0|1|3|1</HistCounts>
      </HistItem>
    </Histograms>
    <Metadata>
      <MDI key="STATISTICS_MINIMUM">202</MDI>
      <MDI key="STATISTICS_MAXIMUM">295</MDI>
      <MDI key="STATISTICS_MEAN">261.65777777778</MDI>
      <MDI key="STATISTICS_STDDEV">17.344951092323</MDI>
      <MDI key="STATISTICS_VALID_PERCENT">100</MDI>
    </Metadata>
  </PAMRasterBand>
  <PAMRasterBand band="3">
    <Histograms>
      <HistItem>
        <HistMin>228.5044642857143</HistMin>
        <HistMax>340.4955357142857</HistMax>
        <BucketCount>112</BucketCount>
        <IncludeOutOfRange>0</IncludeOutOfRange>
        <Approximate>0</Approximate>
        <HistCounts>1|0|0|0|0|0|1|0|0|0|0|1|0|0|0|0|0|2|0|0|1|0|1|0|0|0|0|0|0|0|0|2|0|0|0|0|0|0|0|0|5|1|2|0|0|0|1|0|1|0|2|4|3|2|6|3|5|6|7|2|3|7|2|4|7|2|3|4|5|1|0|3|3|3|5|3|1|4|6|1|1|2|4|3|2|7|7|3|6|3|1|7|7|4|7|4|5|5|0|6|0|3|2|0|0|5|2|1|0|1|0|1</HistCounts>
      </HistItem>
    </Histograms>
    <Metadata>
      <MDI key="STATISTICS_MINIMUM">229</MDI>
      <MDI key="STATISTICS_MAXIMUM">340</MDI>
      <MDI key="STATISTICS_MEAN">302.49333333333</MDI>
      <MDI key="STATISTICS_STDDEV">20.84826025249</MDI>
      <MDI key="STATISTICS_VALID_PERCENT">100</MDI>
    </Metadata>
  </PAMRasterBand>
</PAMDataset>
