<PAMDataset>
  <PAMRasterBand band="1">
    <Histograms>
      <HistItem>
        <HistMin>527.504</HistMin>
        <HistMax>652.496</HistMax>
        <BucketCount>125</BucketCount>
        <IncludeOutOfRange>0</IncludeOutOfRange>
        <Approximate>0</Approximate>
        <HistCounts>1|0|1|1|0|2|1|2|0|1|1|0|0|1|1|2|0|1|4|2|1|2|1|4|1|3|1|3|2|1|1|0|1|2|2|2|2|1|3|1|3|1|5|4|1|4|7|1|1|1|3|6|3|3|2|3|3|2|2|4|4|5|5|4|4|2|3|1|1|2|4|2|3|3|3|1|3|5|1|0|2|2|0|3|2|3|3|2|0|2|0|1|2|2|2|1|1|3|3|3|0|2|1|1|0|1|1|1|2|4|0|0|0|1|1|0|1|1|0|0|0|0|0|0|1</HistCounts>
      </HistItem>
    </Histograms>
    <Metadata>
      <MDI key="STATISTICS_MINIMUM">528</MDI>
      <MDI key="STATISTICS_MAXIMUM">652</MDI>
      <MDI key="STATISTICS_MEAN">586.84444444444</MDI>
      <MDI key="STATISTICS_STDDEV">27.959459186914</MDI>
      <MDI key="STATISTICS_VALID_PERCENT">100</MDI>
    </Metadata>
  </PAMRasterBand>
  <PAMRasterBand band="2">
    <Histograms>
      <HistItem>
        <HistMin>529.5034246575342</HistMin>
        <HistMax>675.4965753424658</HistMax>
        <BucketCount>146</BucketCount>
        <IncludeOutOfRange>0</IncludeOutOfRange>
        <Approximate>0</Approximate>
        <HistCounts>1|0|0|0|1|2|3|0|0|2|0|0|0|2|1|2|2|1|2|0|0|3|0|2|0|4|2|2|4|1|0|0|3|1|0|4|2|1|3|2|3|3|3|5|3|3|3|2|2|6|2|2|2|5|1|1|2|4|1|0|4|1|3|4|4|1|4|2|0|1|0|2|3|1|1|1|1|0|2|3|0|1|2|2|1|0|3|3|3|2|0|2|4|3|0|3|4|0|1|1|8|3|1|2|1|0|5|2|0|2|3|0|1|3|2|2|0|0|1|0|2|1|0|0|0|0|1|0|1|1|1|0|0|0|1|0|0|0|0|0|1|0|0|0|0|1</HistCounts>
      </HistItem>
    </Histograms>
    <Metadata>
      <MDI key="STATISTICS_MINIMUM">530</MDI>
      <MDI key="STATISTICS_MAXIMUM">675</MDI>
      <MDI key="STATISTICS_MEAN">595.04888888889</MDI>
      <MDI key="STATISTICS_STDDEV">32.986358272758</MDI>
      <MDI key="STATISTICS_VALID_PERCENT">100</MDI>
    </Metadata>
  </PAMRasterBand>
  <PAMRasterBand band="3">
    <Histograms>
      <HistItem>
        <HistMin>781.4333333333333</HistMin>
        <HistMax>1037.566666666667</HistMax>
        <BucketCount>225</BucketCount>
        <IncludeOutOfRange>0</IncludeOutOfRange>
        <Approximate>0</Approximate>
        <HistCounts>1|0|0|2|0|0|0|2|0|2|1|1|3|0|1|1|2|1|0|3|0|0|0|1|1|4|3|1|0|3|1|2|1|4|2|1|1|1|1|0|4|0|3|1|2|2|4|3|1|1|1|0|1|0|4|0|4|2|3|1|0|6|0|1|2|0|2|1|2|2|1|3|1|2|1|1|1|1|4|0|1|2|0|1|0|2|1|1|1|0|2|2|0|2|1|0|2|1|0|0|1|2|0|0|1|3|0|0|0|1|3|0|2|2|2|0|0|0|1|1|2|1|0|1|1|1|5|2|0|1|1|0|1|1|1|2|2|0|1|3|1|5|2|1|0|2|1|4|4|2|0|1|0|2|1|1|0|0|0|1|1|1|0|2|1|1|1|0|0|0|0|1|0|0|1|0|0|2|0|0|0|0|0|0|3|1|0|1|0|0|0|0|0|0|0|0|0|1|0|0|0|0|0|0|0|0|0|0|0|0|0|0|0|0|0|0|0|0|0|0|0|0|0|0|1</HistCounts>
      </HistItem>
    </Histograms>
    <Metadata>
      <MDI key="STATISTICS_MINIMUM">782</MDI>
      <MDI key="STATISTICS_MAXIMUM">1037</MDI>
      <MDI key="STATISTICS_MEAN">880.31555555556</MDI>
      <MDI key="STATISTICS_STDDEV">57.688149969587</MDI>
      <MDI key="STATISTICS_VALID_PERCENT">100</MDI>
    </Metadata>
  </PAMRasterBand>
</PAMDataset>
