<PAMDataset>
  <PAMRasterBand band="1">
    <Histograms>
      <HistItem>
        <HistMin>251.98</HistMin>
        <HistMax>713.02</HistMax>
        <BucketCount>225</BucketCount>
        <IncludeOutOfRange>0</IncludeOutOfRange>
        <Approximate>0</Approximate>
        <HistCounts>1|1|1|2|0|1|3|1|2|0|1|2|2|1|1|1|1|1|2|2|4|0|0|0|1|2|3|1|1|2|2|1|0|1|1|0|2|0|2|0|4|2|1|1|0|0|0|1|1|0|0|0|0|0|2|1|1|0|1|0|0|5|2|2|2|1|1|3|5|7|4|7|6|1|4|7|3|3|4|3|4|5|4|5|1|1|2|0|2|3|2|1|0|0|0|1|2|3|1|0|0|0|2|0|0|1|0|0|0|1|2|1|1|0|1|0|0|2|1|1|0|2|0|1|0|2|2|0|0|0|0|0|0|0|1|0|0|0|0|0|1|1|0|1|0|0|0|0|0|0|0|0|0|1|0|1|0|0|1|1|1|0|0|0|0|2|0|0|0|1|0|2|0|1|0|1|0|0|1|1|1|0|0|1|1|0|0|1|0|0|0|0|1|0|0|0|0|0|0|0|0|1|0|1|1|0|0|0|0|1|3|0|1|0|1|0|0|0|1|0|0|0|0|0|1</HistCounts>
      </HistItem>
    </Histograms>
    <Metadata>
      <MDI key="STATISTICS_MINIMUM">253</MDI>
      <MDI key="STATISTICS_MAXIMUM">712</MDI>
      <MDI key="STATISTICS_MEAN">418.75555555556</MDI>
      <MDI key="STATISTICS_STDDEV">106.44843416323</MDI>
      <MDI key="STATISTICS_VALID_PERCENT">100</MDI>
    </Metadata>
  </PAMRasterBand>
  <PAMRasterBand band="2">
    <Histograms>
      <HistItem>
        <HistMin>208.0488888888889</HistMin>
        <HistMax>637.9511111111111</HistMax>
        <BucketCount>225</BucketCount>
        <IncludeOutOfRange>0</IncludeOutOfRange>
        <Approximate>0</Approximate>
        <HistCounts>1|0|0|1|1|0|0|1|4|2|2|1|0|1|1|2|0|1|1|3|2|1|1|2|1|0|0|0|2|3|0|3|0|1|0|0|0|1|2|2|2|1|0|1|3|0|0|0|1|1|2|0|0|1|0|1|0|2|0|0|0|1|0|1|0|1|4|1|0|3|3|4|2|5|5|3|1|5|1|5|6|5|5|4|4|2|1|8|4|4|0|3|2|1|1|1|2|2|4|3|0|1|2|0|2|0|2|1|0|1|1|0|0|1|0|0|2|0|1|0|0|2|0|0|0|1|0|0|0|0|0|1|0|1|0|0|2|0|0|0|0|1|0|0|0|0|1|1|0|0|3|0|0|1|3|2|0|0|1|0|1|0|1|1|0|1|0|1|0|0|0|0|0|0|0|0|0|0|1|0|0|1|0|0|0|0|1|3|0|0|0|1|1|1|0|1|0|1|0|1|0|0|0|1|0|0|0|0|1|0|0|0|2|0|1|2|1|0|0|0|0|0|0|0|1</HistCounts>
      </HistItem>
    </Histograms>
    <Metadata>
      <MDI key="STATISTICS_MINIMUM">209</MDI>
      <MDI key="STATISTICS_MAXIMUM">637</MDI>
      <MDI key="STATISTICS_MEAN">375.97333333333</MDI>
      <MDI key="STATISTICS_STDDEV">99.245147432451</MDI>
      <MDI key="STATISTICS_VALID_PERCENT">100</MDI>
    </Metadata>
  </PAMRasterBand>
  <PAMRasterBand band="3">
    <Histograms>
      <HistItem>
        <HistMin>219.5066666666667</HistMin>
        <HistMax>894.4933333333333</HistMax>
        <BucketCount>225</BucketCount>
        <IncludeOutOfRange>0</IncludeOutOfRange>
        <Approximate>0</Approximate>
        <HistCounts>1|0|1|0|0|0|1|0|0|0|1|1|4|1|0|3|2|0|0|0|3|1|1|1|2|1|1|2|1|0|2|1|0|1|1|1|1|2|0|1|0|1|1|0|2|0|1|0|0|0|2|0|2|2|3|1|1|0|1|3|0|0|1|2|1|0|0|3|2|2|0|0|1|1|1|1|0|1|5|4|1|7|4|10|3|5|5|5|5|3|5|1|3|3|2|1|0|3|0|2|0|4|2|2|1|3|1|2|0|1|1|2|1|0|0|0|0|0|2|2|3|0|2|0|0|0|0|0|0|1|0|1|0|0|0|0|0|0|0|3|1|1|0|0|0|0|1|0|1|0|1|0|0|0|2|1|2|0|2|0|1|1|2|0|1|0|0|0|0|1|0|1|0|0|1|0|0|0|0|1|0|1|0|1|1|0|1|0|0|1|0|1|2|1|1|0|0|1|0|1|0|0|0|0|2|0|0|0|0|0|0|1|0|2|1|0|0|0|0|0|0|0|0|0|1</HistCounts>
      </HistItem>
    </Histograms>
    <Metadata>
      <MDI key="STATISTICS_MINIMUM">221</MDI>
      <MDI key="STATISTICS_MAXIMUM">893</MDI>
      <MDI key="STATISTICS_MEAN">494.67111111111</MDI>
      <MDI key="STATISTICS_STDDEV">150.94787418506</MDI>
      <MDI key="STATISTICS_VALID_PERCENT">100</MDI>
    </Metadata>
  </PAMRasterBand>
</PAMDataset>
