<PAMDataset>
  <PAMRasterBand band="1">
    <Histograms>
      <HistItem>
        <HistMin>260.18</HistMin>
        <HistMax>630.8200000000001</HistMax>
        <BucketCount>225</BucketCount>
        <IncludeOutOfRange>0</IncludeOutOfRange>
        <Approximate>0</Approximate>
        <HistCounts>1|0|0|0|0|0|0|0|0|0|0|0|0|0|0|0|0|0|0|0|0|0|0|0|1|1|0|0|0|0|0|0|0|0|0|0|0|1|0|1|0|0|0|0|0|0|1|0|0|0|0|0|0|0|0|1|0|0|1|0|0|0|0|1|0|0|1|0|0|0|0|0|0|0|0|0|1|0|0|1|0|1|0|0|0|0|0|0|1|0|1|1|0|2|1|1|0|3|0|0|2|5|0|1|1|1|4|0|0|1|2|1|1|3|3|2|3|2|3|4|5|8|7|7|2|1|5|4|2|11|2|3|4|2|4|5|3|5|1|1|3|5|1|4|2|1|3|2|1|6|0|3|0|1|2|3|2|3|3|0|4|1|0|1|1|3|0|0|2|3|0|1|3|1|1|2|0|0|0|0|0|1|0|0|0|2|0|0|0|0|0|0|1|1|0|0|0|1|0|0|1|0|0|0|2|0|0|0|0|0|0|0|0|0|1|0|0|0|0|1|0|0|1|0|1</HistCounts>
      </HistItem>
    </Histograms>
    <Metadata>
      <MDI key="STATISTICS_MINIMUM">261</MDI>
      <MDI key="STATISTICS_MAXIMUM">630</MDI>
      <MDI key="STATISTICS_MEAN">477.32444444444</MDI>
      <MDI key="STATISTICS_STDDEV">53.898559682077</MDI>
      <MDI key="STATISTICS_VALID_PERCENT">100</MDI>
    </Metadata>
  </PAMRasterBand>
  <PAMRasterBand band="2">
    <Histograms>
      <HistItem>
        <HistMin>220.2466666666667</HistMin>
        <HistMax>560.7533333333333</HistMax>
        <BucketCount>225</BucketCount>
        <IncludeOutOfRange>0</IncludeOutOfRange>
        <Approximate>0</Approximate>
        <HistCounts>1|0|0|0|0|0|0|0|0|0|0|0|0|0|0|0|0|0|1|0|0|0|0|0|0|0|0|1|1|0|0|0|0|0|0|0|1|0|0|0|0|0|0|0|0|0|0|0|2|0|1|0|0|0|0|0|0|1|0|0|0|0|1|0|0|0|0|0|0|0|0|0|0|0|0|0|0|2|0|0|0|1|0|0|0|1|0|1|0|0|0|0|0|1|0|0|1|0|0|0|1|0|0|0|1|1|0|0|0|0|0|1|1|1|4|1|0|0|0|1|1|2|0|1|2|3|2|0|1|0|8|3|2|5|2|4|3|7|5|4|1|9|3|7|8|5|3|4|0|1|4|2|2|2|1|4|0|3|1|2|2|3|1|0|1|2|1|1|1|0|2|0|2|1|2|0|2|0|2|2|0|2|1|1|3|1|2|2|0|2|2|2|1|0|3|1|2|0|4|2|2|0|0|0|3|1|2|1|0|3|0|2|1|1|0|1|0|1|0|0|1|1|1|1|1</HistCounts>
      </HistItem>
    </Histograms>
    <Metadata>
      <MDI key="STATISTICS_MINIMUM">221</MDI>
      <MDI key="STATISTICS_MAXIMUM">560</MDI>
      <MDI key="STATISTICS_MEAN">447.59111111111</MDI>
      <MDI key="STATISTICS_STDDEV">59.510461534916</MDI>
      <MDI key="STATISTICS_VALID_PERCENT">100</MDI>
    </Metadata>
  </PAMRasterBand>
  <PAMRasterBand band="3">
    <Histograms>
      <HistItem>
        <HistMin>299.6511111111111</HistMin>
        <HistMax>909.3488888888888</HistMax>
        <BucketCount>225</BucketCount>
        <IncludeOutOfRange>0</IncludeOutOfRange>
        <Approximate>0</Approximate>
        <HistCounts>1|0|0|0|0|0|0|0|0|0|1|0|0|1|0|0|0|0|0|0|0|0|0|0|0|1|0|2|0|0|0|0|1|0|0|1|0|0|0|1|0|0|0|0|0|0|0|0|0|0|0|0|0|0|1|1|0|0|1|0|0|0|1|1|1|0|0|0|0|0|0|0|1|0|0|2|0|0|0|0|0|0|0|1|0|0|0|0|0|0|2|0|1|1|0|2|0|1|0|0|0|0|0|2|1|2|1|0|2|1|0|0|2|3|3|3|4|1|3|5|6|9|8|7|5|6|2|2|1|0|3|4|2|1|2|3|1|2|2|1|1|3|3|0|2|3|5|2|0|3|0|1|0|2|0|1|0|0|1|3|1|1|1|0|0|1|1|0|2|1|1|1|2|2|0|0|1|0|3|4|1|2|1|1|2|1|3|1|1|1|4|2|3|1|1|2|3|1|1|1|1|2|0|0|0|0|0|2|0|1|2|1|1|0|0|0|0|0|0|0|0|1|0|1|2</HistCounts>
      </HistItem>
    </Histograms>
    <Metadata>
      <MDI key="STATISTICS_MINIMUM">301</MDI>
      <MDI key="STATISTICS_MAXIMUM">908</MDI>
      <MDI key="STATISTICS_MEAN">675.93333333333</MDI>
      <MDI key="STATISTICS_STDDEV">116.30580381047</MDI>
      <MDI key="STATISTICS_VALID_PERCENT">100</MDI>
    </Metadata>
  </PAMRasterBand>
</PAMDataset>
