<PAMDataset>
  <PAMRasterBand band="1">
    <Histograms>
      <HistItem>
        <HistMin>441.5027932960894</HistMin>
        <HistMax>620.4972067039106</HistMax>
        <BucketCount>179</BucketCount>
        <IncludeOutOfRange>0</IncludeOutOfRange>
        <Approximate>0</Approximate>
        <HistCounts>1|0|0|0|0|0|0|0|0|0|0|0|0|0|1|0|0|0|0|0|0|0|0|0|0|0|0|1|1|0|0|1|1|1|0|0|0|0|1|0|0|1|0|1|0|0|1|2|0|0|0|0|0|2|0|0|1|0|1|1|0|0|1|1|0|1|0|1|0|0|0|0|0|1|0|2|0|0|0|1|1|0|0|0|2|1|0|0|0|1|0|0|1|3|0|0|0|0|0|0|0|1|0|1|0|1|0|1|0|1|2|1|3|2|3|2|10|6|11|8|10|15|19|10|7|8|11|4|7|10|3|7|4|1|2|3|0|0|0|2|0|1|2|1|1|2|0|0|0|0|0|2|0|0|1|0|0|0|0|1|0|1|0|0|0|0|0|0|0|0|0|0|0|0|0|1|0|0|1</HistCounts>
      </HistItem>
    </Histograms>
    <Metadata>
      <MDI key="STATISTICS_MINIMUM">442</MDI>
      <MDI key="STATISTICS_MAXIMUM">620</MDI>
      <MDI key="STATISTICS_MEAN">556.31555555556</MDI>
      <MDI key="STATISTICS_STDDEV">27.384715571165</MDI>
      <MDI key="STATISTICS_VALID_PERCENT">100</MDI>
    </Metadata>
  </PAMRasterBand>
  <PAMRasterBand band="2">
    <Histograms>
      <HistItem>
        <HistMin>438.5029239766082</HistMin>
        <HistMax>609.4970760233919</HistMax>
        <BucketCount>171</BucketCount>
        <IncludeOutOfRange>0</IncludeOutOfRange>
        <Approximate>0</Approximate>
        <HistCounts>1|0|0|0|0|0|0|0|0|0|0|0|0|0|0|0|0|0|1|0|0|0|0|0|0|0|0|0|0|1|1|0|2|1|0|0|0|0|0|0|0|1|1|0|1|0|0|0|1|1|0|0|1|1|0|0|1|0|1|0|1|0|1|1|1|0|0|0|0|2|0|0|0|0|0|0|1|0|2|0|0|0|0|1|0|0|0|1|0|2|1|1|0|1|0|1|0|1|1|0|0|0|0|1|0|0|0|0|1|0|2|0|1|0|0|3|2|1|2|4|2|2|7|5|4|7|8|7|10|9|9|7|13|10|6|11|4|7|5|6|3|3|2|1|3|3|4|4|0|1|0|0|1|1|0|3|0|0|0|1|0|0|0|0|1|1|1|0|0|0|1</HistCounts>
      </HistItem>
    </Histograms>
    <Metadata>
      <MDI key="STATISTICS_MINIMUM">439</MDI>
      <MDI key="STATISTICS_MAXIMUM">609</MDI>
      <MDI key="STATISTICS_MEAN">560.14666666667</MDI>
      <MDI key="STATISTICS_STDDEV">29.115109479444</MDI>
      <MDI key="STATISTICS_VALID_PERCENT">100</MDI>
    </Metadata>
  </PAMRasterBand>
  <PAMRasterBand band="3">
    <Histograms>
      <HistItem>
        <HistMin>626.4177777777778</HistMin>
        <HistMax>889.5822222222222</HistMax>
        <BucketCount>225</BucketCount>
        <IncludeOutOfRange>0</IncludeOutOfRange>
        <Approximate>0</Approximate>
        <HistCounts>1|0|0|0|0|0|0|0|0|0|0|0|1|0|0|0|0|0|0|0|0|1|0|0|2|0|1|1|0|0|0|0|0|0|0|0|0|0|2|0|0|1|0|0|0|0|1|0|0|1|0|0|0|0|0|1|2|1|0|2|0|0|0|0|0|0|1|0|0|0|0|1|0|0|0|0|0|1|0|0|0|0|1|0|0|1|1|0|2|1|0|0|0|0|0|0|0|0|0|0|0|0|0|2|0|1|0|0|0|2|0|1|0|1|1|0|0|0|0|0|0|1|1|0|0|0|1|1|0|0|0|2|0|0|0|0|0|1|0|2|2|0|0|1|0|0|0|0|1|0|0|0|0|2|0|0|0|0|1|0|3|0|3|1|2|0|1|0|1|2|0|2|3|1|2|3|0|2|3|2|6|2|1|1|7|5|5|10|4|11|5|5|16|11|4|10|4|9|6|6|1|1|0|3|0|0|3|1|0|0|0|0|0|0|1|3|0|0|0|0|0|0|0|1|1</HistCounts>
      </HistItem>
    </Histograms>
    <Metadata>
      <MDI key="STATISTICS_MINIMUM">627</MDI>
      <MDI key="STATISTICS_MAXIMUM">889</MDI>
      <MDI key="STATISTICS_MEAN">821.07555555556</MDI>
      <MDI key="STATISTICS_STDDEV">56.125878980716</MDI>
      <MDI key="STATISTICS_VALID_PERCENT">100</MDI>
    </Metadata>
  </PAMRasterBand>
</PAMDataset>
