<PAMDataset>
  <PAMRasterBand band="1">
    <Histograms>
      <HistItem>
        <HistMin>209.5030120481928</HistMin>
        <HistMax>375.4969879518072</HistMax>
        <BucketCount>166</BucketCount>
        <IncludeOutOfRange>0</IncludeOutOfRange>
        <Approximate>0</Approximate>
        <HistCounts>1|0|0|0|0|1|0|0|0|0|1|0|0|0|0|0|2|0|0|0|0|1|1|0|1|1|1|1|3|0|0|0|0|2|0|1|1|2|1|3|3|0|0|1|3|2|2|1|1|1|1|3|0|1|1|0|0|0|4|1|1|2|2|0|1|1|1|0|0|0|2|0|1|0|2|1|1|0|3|2|2|0|4|2|0|3|0|3|3|2|1|0|3|2|3|2|2|3|3|3|3|2|3|1|3|2|1|3|4|3|1|3|3|2|2|3|5|3|1|3|2|2|7|5|5|2|0|0|2|6|2|1|2|2|1|3|4|1|0|3|1|1|0|0|1|2|1|1|1|1|1|1|0|0|1|0|0|0|0|1|0|0|0|0|0|1</HistCounts>
      </HistItem>
    </Histograms>
    <Metadata>
      <MDI key="STATISTICS_MINIMUM">210</MDI>
      <MDI key="STATISTICS_MAXIMUM">375</MDI>
      <MDI key="STATISTICS_MEAN">303.66222222222</MDI>
      <MDI key="STATISTICS_STDDEV">36.187433600869</MDI>
      <MDI key="STATISTICS_VALID_PERCENT">100</MDI>
    </Metadata>
  </PAMRasterBand>
  <PAMRasterBand band="2">
    <Histograms>
      <HistItem>
        <HistMin>166.5035714285714</HistMin>
        <HistMax>306.4964285714286</HistMax>
        <BucketCount>140</BucketCount>
        <IncludeOutOfRange>0</IncludeOutOfRange>
        <Approximate>0</Approximate>
        <HistCounts>1|0|0|1|0|0|1|0|0|1|1|0|1|0|0|2|0|0|0|1|1|1|0|2|1|2|0|2|1|3|0|2|4|0|5|1|0|0|3|0|1|2|1|3|2|1|3|4|1|0|1|1|1|1|1|1|2|0|3|1|2|2|1|3|2|4|7|2|0|1|4|2|4|3|1|1|2|2|4|2|2|3|3|0|1|2|3|4|5|1|4|4|2|3|5|5|4|3|3|1|1|3|5|2|2|1|4|2|0|4|6|4|0|2|0|2|1|0|2|1|1|2|0|0|0|0|1|1|0|2|0|0|1|0|0|0|0|0|0|1</HistCounts>
      </HistItem>
    </Histograms>
    <Metadata>
      <MDI key="STATISTICS_MINIMUM">167</MDI>
      <MDI key="STATISTICS_MAXIMUM">306</MDI>
      <MDI key="STATISTICS_MEAN">241.25333333333</MDI>
      <MDI key="STATISTICS_STDDEV">30.373421129519</MDI>
      <MDI key="STATISTICS_VALID_PERCENT">100</MDI>
    </Metadata>
  </PAMRasterBand>
  <PAMRasterBand band="3">
    <Histograms>
      <HistItem>
        <HistMin>196.5027027027027</HistMin>
        <HistMax>381.4972972972973</HistMax>
        <BucketCount>185</BucketCount>
        <IncludeOutOfRange>0</IncludeOutOfRange>
        <Approximate>0</Approximate>
        <HistCounts>3|0|4|0|0|0|1|1|0|0|0|1|2|1|0|2|1|0|1|0|0|0|0|2|1|2|2|1|2|0|3|1|1|2|1|3|4|1|1|3|0|1|4|0|1|1|2|5|1|2|1|3|1|2|1|1|0|5|3|2|2|2|4|1|1|2|0|1|0|1|3|2|4|0|0|1|0|0|1|4|1|1|1|2|1|1|0|0|1|1|0|0|1|0|1|1|1|2|2|0|0|1|0|1|2|6|1|5|0|1|1|0|0|0|0|0|0|2|2|1|0|0|3|1|4|0|1|1|4|0|3|3|1|2|2|2|2|2|1|2|3|0|0|1|1|3|0|1|1|2|1|0|0|0|1|1|0|1|3|2|2|0|3|0|0|2|1|1|1|0|3|0|1|1|0|0|2|0|0|0|0|0|0|0|1</HistCounts>
      </HistItem>
    </Histograms>
    <Metadata>
      <MDI key="STATISTICS_MINIMUM">197</MDI>
      <MDI key="STATISTICS_MAXIMUM">381</MDI>
      <MDI key="STATISTICS_MEAN">283.69777777778</MDI>
      <MDI key="STATISTICS_STDDEV">48.962545725796</MDI>
      <MDI key="STATISTICS_VALID_PERCENT">100</MDI>
    </Metadata>
  </PAMRasterBand>
</PAMDataset>
