<PAMDataset>
  <PAMRasterBand band="1">
    <Histograms>
      <HistItem>
        <HistMin>200.4466666666667</HistMin>
        <HistMax>450.5533333333333</HistMax>
        <BucketCount>225</BucketCount>
        <IncludeOutOfRange>0</IncludeOutOfRange>
        <Approximate>0</Approximate>
        <HistCounts>1|0|0|0|0|1|0|1|0|0|0|0|0|1|0|0|1|0|0|1|1|0|1|2|0|0|0|0|1|0|2|2|2|1|0|3|0|2|2|1|3|1|0|2|1|1|2|1|2|2|1|2|3|2|2|1|1|1|7|0|3|1|3|1|0|2|1|5|1|3|0|1|4|2|1|1|4|6|5|5|3|1|0|1|2|5|4|2|5|2|2|0|3|1|2|4|4|2|0|3|2|1|4|6|6|5|2|1|2|2|2|0|2|0|0|1|3|2|0|1|3|5|0|1|0|0|1|1|0|0|0|0|0|1|1|0|0|0|0|0|0|0|0|0|1|0|0|1|2|0|0|0|0|0|1|0|0|0|0|0|0|0|0|1|0|1|0|2|0|0|0|0|0|0|0|1|1|0|0|0|0|0|0|0|0|0|0|1|0|0|0|0|1|0|0|0|0|0|0|0|0|0|0|0|0|0|0|0|0|0|0|0|0|0|0|0|0|0|0|0|0|0|0|0|1</HistCounts>
      </HistItem>
    </Histograms>
    <Metadata>
      <MDI key="STATISTICS_MINIMUM">201</MDI>
      <MDI key="STATISTICS_MAXIMUM">450</MDI>
      <MDI key="STATISTICS_MEAN">292.6</MDI>
      <MDI key="STATISTICS_STDDEV">39.991776932542</MDI>
      <MDI key="STATISTICS_VALID_PERCENT">100</MDI>
    </Metadata>
  </PAMRasterBand>
  <PAMRasterBand band="2">
    <Histograms>
      <HistItem>
        <HistMin>145.5026315789474</HistMin>
        <HistMax>335.4973684210526</HistMax>
        <BucketCount>190</BucketCount>
        <IncludeOutOfRange>0</IncludeOutOfRange>
        <Approximate>0</Approximate>
        <HistCounts>1|0|0|0|0|0|2|0|0|0|1|0|0|0|0|0|0|0|2|0|2|1|2|0|1|0|1|2|2|2|2|3|4|4|0|2|2|2|3|2|0|1|0|1|3|4|2|3|2|0|1|0|4|5|1|4|5|1|2|0|2|0|2|5|5|0|5|0|1|1|1|3|0|4|3|4|2|4|4|5|8|3|4|6|1|5|2|2|6|1|4|4|1|6|4|2|1|4|0|4|0|0|0|2|2|0|1|2|0|0|0|1|0|0|1|0|0|2|1|0|0|0|1|0|1|0|0|0|1|0|1|0|3|0|0|1|0|0|0|0|0|2|0|0|0|0|0|0|0|0|0|0|0|0|0|0|0|0|0|0|1|0|0|0|0|0|0|0|0|0|0|0|0|0|0|0|0|0|0|0|0|0|0|0|0|0|0|0|0|1</HistCounts>
      </HistItem>
    </Histograms>
    <Metadata>
      <MDI key="STATISTICS_MINIMUM">146</MDI>
      <MDI key="STATISTICS_MAXIMUM">335</MDI>
      <MDI key="STATISTICS_MEAN">216.06666666667</MDI>
      <MDI key="STATISTICS_STDDEV">29.943502355826</MDI>
      <MDI key="STATISTICS_VALID_PERCENT">100</MDI>
    </Metadata>
  </PAMRasterBand>
  <PAMRasterBand band="3">
    <Histograms>
      <HistItem>
        <HistMin>161.502358490566</HistMin>
        <HistMax>373.4976415094339</HistMax>
        <BucketCount>212</BucketCount>
        <IncludeOutOfRange>0</IncludeOutOfRange>
        <Approximate>0</Approximate>
        <HistCounts>1|0|2|1|1|1|0|1|0|0|1|1|1|3|0|1|2|4|4|5|2|0|1|2|1|2|0|2|1|2|2|1|0|0|2|1|2|5|1|0|3|0|0|0|2|2|1|1|2|3|3|1|1|2|1|1|0|2|0|1|0|2|2|2|1|0|5|2|2|0|1|5|1|1|2|4|1|2|1|2|1|0|3|3|1|2|2|0|4|2|1|1|2|1|7|1|3|3|2|1|0|0|2|4|1|1|3|1|1|5|3|2|3|1|1|3|3|0|1|0|4|0|2|2|0|1|0|1|3|1|2|0|3|2|0|0|0|0|1|1|0|0|0|2|0|0|1|1|1|0|0|0|0|0|0|0|0|0|1|0|0|0|0|0|0|0|0|1|0|0|0|0|0|0|0|0|1|0|0|0|0|0|0|0|0|0|0|0|0|0|0|0|0|0|0|0|0|0|0|0|0|0|0|0|0|0|0|0|0|0|0|1</HistCounts>
      </HistItem>
    </Histograms>
    <Metadata>
      <MDI key="STATISTICS_MINIMUM">162</MDI>
      <MDI key="STATISTICS_MAXIMUM">373</MDI>
      <MDI key="STATISTICS_MEAN">236.67111111111</MDI>
      <MDI key="STATISTICS_STDDEV">40.775355423056</MDI>
      <MDI key="STATISTICS_VALID_PERCENT">100</MDI>
    </Metadata>
  </PAMRasterBand>
</PAMDataset>
