<PAMDataset>
  <PAMRasterBand band="1">
    <Histograms>
      <HistItem>
        <HistMin>269.1755555555555</HistMin>
        <HistMax>641.8244444444445</HistMax>
        <BucketCount>225</BucketCount>
        <IncludeOutOfRange>0</IncludeOutOfRange>
        <Approximate>0</Approximate>
        <HistCounts>1|0|0|0|0|0|0|2|2|0|0|1|0|4|1|0|0|2|4|2|2|2|1|0|1|5|1|3|1|0|3|1|3|1|4|2|1|2|1|2|2|1|2|4|0|4|1|1|4|3|5|4|0|1|1|2|7|3|0|5|2|1|4|1|1|2|2|3|3|2|0|1|1|2|4|2|0|2|1|0|0|1|0|1|0|1|3|1|0|3|1|2|0|1|1|2|1|0|1|0|0|0|0|1|2|0|2|0|1|1|0|0|0|0|1|0|0|3|0|3|1|0|1|0|0|0|1|0|0|1|1|0|0|0|0|1|1|1|2|0|0|0|0|1|1|1|1|0|0|0|3|0|2|0|0|0|0|0|1|0|0|0|0|0|0|2|0|3|1|0|1|3|0|1|2|1|0|1|1|0|0|0|2|1|1|1|0|0|1|0|0|0|0|1|1|0|1|0|0|0|1|0|1|0|0|1|0|0|0|0|0|1|0|1|0|1|0|0|0|1|0|0|0|0|1</HistCounts>
      </HistItem>
    </Histograms>
    <Metadata>
      <MDI key="STATISTICS_MINIMUM">270</MDI>
      <MDI key="STATISTICS_MAXIMUM">641</MDI>
      <MDI key="STATISTICS_MEAN">405.02222222222</MDI>
      <MDI key="STATISTICS_STDDEV">91.915296487555</MDI>
      <MDI key="STATISTICS_VALID_PERCENT">100</MDI>
    </Metadata>
  </PAMRasterBand>
  <PAMRasterBand band="2">
    <Histograms>
      <HistItem>
        <HistMin>212.7577777777778</HistMin>
        <HistMax>774.2422222222223</HistMax>
        <BucketCount>225</BucketCount>
        <IncludeOutOfRange>0</IncludeOutOfRange>
        <Approximate>0</Approximate>
        <HistCounts>1|0|1|0|1|1|1|3|3|1|3|2|4|1|4|3|4|5|5|1|5|4|9|2|3|4|7|1|10|3|2|3|9|4|1|2|3|2|2|1|4|1|1|0|6|0|0|1|2|1|1|0|0|0|1|2|2|1|1|1|0|1|0|0|1|1|0|0|1|1|0|0|1|0|0|0|0|0|1|0|3|2|2|1|1|0|1|3|2|3|1|0|1|0|2|1|0|0|0|0|0|0|1|0|1|0|0|0|0|1|0|1|1|4|1|2|0|0|1|2|2|1|0|3|0|0|1|2|0|0|0|0|0|1|0|0|0|0|0|2|1|0|0|2|2|1|1|0|2|0|0|1|1|1|0|0|0|0|1|1|0|0|1|0|1|0|0|0|1|0|0|0|0|0|0|0|0|0|0|0|0|1|0|1|0|0|0|0|0|0|0|0|0|2|0|0|0|0|0|0|0|0|0|0|0|0|0|0|0|0|0|0|0|0|0|0|0|0|0|0|0|0|0|0|1</HistCounts>
      </HistItem>
    </Histograms>
    <Metadata>
      <MDI key="STATISTICS_MINIMUM">214</MDI>
      <MDI key="STATISTICS_MAXIMUM">773</MDI>
      <MDI key="STATISTICS_MEAN">359.40888888889</MDI>
      <MDI key="STATISTICS_STDDEV">121.48010138331</MDI>
      <MDI key="STATISTICS_VALID_PERCENT">100</MDI>
    </Metadata>
  </PAMRasterBand>
  <PAMRasterBand band="3">
    <Histograms>
      <HistItem>
        <HistMin>197.8777777777778</HistMin>
        <HistMax>1157.122222222222</HistMax>
        <BucketCount>225</BucketCount>
        <IncludeOutOfRange>0</IncludeOutOfRange>
        <Approximate>0</Approximate>
        <HistCounts>1|0|0|1|1|1|3|3|2|2|5|5|4|1|3|1|3|2|4|5|4|0|2|5|3|3|2|3|5|4|7|2|3|2|5|4|4|1|3|4|1|3|2|2|0|2|2|2|0|3|3|0|1|3|0|0|1|1|0|1|1|1|0|1|2|2|2|0|0|0|1|1|0|0|0|0|1|2|1|1|5|1|1|2|2|1|2|0|2|0|1|1|1|0|1|0|0|0|2|2|0|1|1|1|4|0|0|1|0|0|4|0|0|2|1|0|1|1|0|0|1|2|3|0|0|0|0|1|0|2|0|0|0|0|1|1|0|0|1|0|0|2|0|0|0|0|0|0|0|0|3|0|1|0|0|0|0|0|1|0|0|0|0|1|1|0|0|1|0|0|0|0|0|0|1|0|0|0|0|0|0|0|0|0|0|0|1|1|0|0|0|0|0|0|0|0|0|0|1|1|0|0|0|0|0|0|0|0|0|0|0|0|0|0|0|0|0|0|0|0|0|0|0|0|1</HistCounts>
      </HistItem>
    </Histograms>
    <Metadata>
      <MDI key="STATISTICS_MINIMUM">200</MDI>
      <MDI key="STATISTICS_MAXIMUM">1155</MDI>
      <MDI key="STATISTICS_MEAN">447.60888888889</MDI>
      <MDI key="STATISTICS_STDDEV">198.79867630034</MDI>
      <MDI key="STATISTICS_VALID_PERCENT">100</MDI>
    </Metadata>
  </PAMRasterBand>
</PAMDataset>
