<PAMDataset>
  <PAMRasterBand band="1">
    <Histograms>
      <HistItem>
        <HistMin>278.2488888888889</HistMin>
        <HistMax>617.7511111111111</HistMax>
        <BucketCount>225</BucketCount>
        <IncludeOutOfRange>0</IncludeOutOfRange>
        <Approximate>0</Approximate>
        <HistCounts>1|0|0|0|0|0|0|0|1|0|0|0|0|0|0|1|0|1|0|0|0|0|1|3|2|1|0|2|1|1|0|0|1|1|2|1|0|1|2|0|1|0|0|2|3|0|2|1|0|1|3|0|0|1|0|0|3|0|1|0|0|1|0|1|1|0|0|2|0|0|1|1|0|0|2|0|3|0|0|1|4|0|1|2|1|1|0|1|0|1|2|2|0|1|0|0|1|1|1|0|1|1|2|3|0|2|0|0|0|2|4|4|2|2|2|7|2|3|3|3|2|2|0|7|3|4|3|5|2|2|0|2|0|6|0|4|2|1|1|1|3|0|5|0|0|1|3|0|3|1|3|1|1|0|0|2|1|0|1|0|4|0|0|1|1|2|0|1|1|2|1|0|2|0|1|0|0|0|0|1|1|0|1|1|3|0|1|0|1|0|1|1|1|1|1|0|1|1|0|0|0|1|0|0|0|0|0|0|1|1|0|0|0|0|0|0|0|1|0|0|0|0|0|0|1</HistCounts>
      </HistItem>
    </Histograms>
    <Metadata>
      <MDI key="STATISTICS_MINIMUM">279</MDI>
      <MDI key="STATISTICS_MAXIMUM">617</MDI>
      <MDI key="STATISTICS_MEAN">448.51555555556</MDI>
      <MDI key="STATISTICS_STDDEV">72.221270968094</MDI>
      <MDI key="STATISTICS_VALID_PERCENT">100</MDI>
    </Metadata>
  </PAMRasterBand>
  <PAMRasterBand band="2">
    <Histograms>
      <HistItem>
        <HistMin>220.3088888888889</HistMin>
        <HistMax>532.6911111111111</HistMax>
        <BucketCount>225</BucketCount>
        <IncludeOutOfRange>0</IncludeOutOfRange>
        <Approximate>0</Approximate>
        <HistCounts>1|0|0|0|0|0|0|0|3|0|0|0|0|0|3|1|0|1|0|2|2|1|1|1|1|1|2|4|0|0|3|0|1|1|0|0|0|0|0|1|2|0|0|0|0|2|0|1|1|0|0|1|0|0|0|0|0|0|0|0|0|1|1|1|0|0|1|1|2|1|0|0|1|1|2|0|1|0|2|1|1|2|0|0|3|2|5|1|1|0|0|1|0|2|1|0|0|1|1|3|3|2|3|0|1|2|1|2|1|1|0|1|4|2|1|0|1|2|0|2|2|4|1|4|1|1|1|3|0|0|2|0|0|3|1|1|1|1|4|2|2|5|2|3|1|3|1|2|4|3|3|2|1|1|2|2|0|0|0|1|0|3|1|3|0|0|1|0|0|2|1|2|2|1|0|0|2|1|0|0|0|0|1|0|1|1|0|1|0|0|1|0|0|0|0|0|1|1|2|0|3|0|2|0|1|1|1|2|0|0|4|3|1|0|1|0|0|0|0|0|0|0|1|0|1</HistCounts>
      </HistItem>
    </Histograms>
    <Metadata>
      <MDI key="STATISTICS_MINIMUM">221</MDI>
      <MDI key="STATISTICS_MAXIMUM">532</MDI>
      <MDI key="STATISTICS_MEAN">383.78666666667</MDI>
      <MDI key="STATISTICS_STDDEV">76.751598173733</MDI>
      <MDI key="STATISTICS_VALID_PERCENT">100</MDI>
    </Metadata>
  </PAMRasterBand>
  <PAMRasterBand band="3">
    <Histograms>
      <HistItem>
        <HistMin>235.0244444444444</HistMin>
        <HistMax>675.9755555555555</HistMax>
        <BucketCount>225</BucketCount>
        <IncludeOutOfRange>0</IncludeOutOfRange>
        <Approximate>0</Approximate>
        <HistCounts>1|0|2|0|1|3|2|0|3|1|0|2|0|1|2|1|2|1|0|0|1|1|0|1|0|0|1|0|1|0|2|1|0|0|0|0|3|0|0|0|0|0|0|3|0|1|0|1|1|0|0|0|0|0|0|1|1|0|0|1|1|0|0|1|0|1|2|0|0|0|1|0|1|0|1|0|1|3|2|3|0|1|3|0|2|0|0|0|1|0|1|0|0|1|1|0|1|1|1|2|0|0|1|0|0|2|2|1|2|0|1|4|0|1|0|0|0|3|1|1|4|2|4|4|0|4|1|2|1|1|4|1|3|2|2|0|1|1|1|0|1|1|2|0|4|3|0|1|4|1|3|3|3|3|2|4|2|2|2|4|5|2|1|0|2|2|1|2|1|1|0|0|1|1|0|0|1|1|0|0|0|0|0|0|2|0|0|0|0|1|1|0|1|0|0|0|0|0|0|1|0|1|1|2|2|0|2|1|2|0|1|0|1|0|0|1|1|0|0|0|2|1|2|0|2</HistCounts>
      </HistItem>
    </Histograms>
    <Metadata>
      <MDI key="STATISTICS_MINIMUM">236</MDI>
      <MDI key="STATISTICS_MAXIMUM">675</MDI>
      <MDI key="STATISTICS_MEAN">467.07111111111</MDI>
      <MDI key="STATISTICS_STDDEV">114.76284459164</MDI>
      <MDI key="STATISTICS_VALID_PERCENT">100</MDI>
    </Metadata>
  </PAMRasterBand>
</PAMDataset>
