<PAMDataset>
  <PAMRasterBand band="1">
    <Histograms>
      <HistItem>
        <HistMin>281.2577777777778</HistMin>
        <HistMax>616.7422222222223</HistMax>
        <BucketCount>225</BucketCount>
        <IncludeOutOfRange>0</IncludeOutOfRange>
        <Approximate>0</Approximate>
        <HistCounts>1|0|0|0|0|0|0|1|0|0|0|0|0|1|1|0|0|1|0|0|0|2|0|3|0|4|0|0|0|1|1|2|0|0|2|3|3|0|3|3|6|1|5|7|8|1|10|4|12|8|12|2|6|6|13|7|12|4|11|3|10|5|2|1|4|0|4|0|3|0|2|0|2|0|1|0|1|1|0|0|1|0|0|0|1|0|0|0|0|0|0|2|2|0|0|0|0|0|0|0|0|1|0|1|0|0|0|0|0|0|0|0|0|0|0|0|0|1|0|0|0|0|0|0|1|1|0|0|0|0|1|0|0|0|0|0|0|0|0|1|0|1|1|0|0|0|0|0|0|0|0|0|0|0|0|0|0|0|0|0|0|0|0|0|0|0|0|0|0|0|0|0|0|0|0|0|0|0|0|0|0|0|0|0|0|0|0|0|0|0|0|0|0|1|1|0|0|0|0|0|0|0|0|0|0|0|0|0|0|0|0|0|0|0|0|0|0|0|0|1|0|0|0|0|1</HistCounts>
      </HistItem>
    </Histograms>
    <Metadata>
      <MDI key="STATISTICS_MINIMUM">282</MDI>
      <MDI key="STATISTICS_MAXIMUM">616</MDI>
      <MDI key="STATISTICS_MEAN">365.70666666667</MDI>
      <MDI key="STATISTICS_STDDEV">42.667116664294</MDI>
      <MDI key="STATISTICS_VALID_PERCENT">100</MDI>
    </Metadata>
  </PAMRasterBand>
  <PAMRasterBand band="2">
    <Histograms>
      <HistItem>
        <HistMin>248.3422222222222</HistMin>
        <HistMax>545.6577777777778</HistMax>
        <BucketCount>225</BucketCount>
        <IncludeOutOfRange>0</IncludeOutOfRange>
        <Approximate>0</Approximate>
        <HistCounts>1|0|0|0|0|2|0|0|0|1|0|2|0|2|1|0|0|1|0|2|3|0|1|3|5|0|2|1|2|0|0|0|2|5|0|3|1|4|4|7|4|0|5|3|7|7|5|9|6|1|7|10|6|1|15|1|6|4|10|6|3|3|4|4|7|2|2|4|2|1|1|1|0|0|2|0|1|1|0|0|0|0|1|0|0|1|0|0|0|0|0|0|0|1|1|2|0|1|0|0|0|0|0|0|1|0|0|0|0|0|1|0|0|0|0|0|0|0|0|0|0|0|0|0|0|0|0|0|0|0|0|0|1|1|0|1|0|1|1|0|0|0|1|0|0|0|0|0|0|0|0|0|0|0|0|0|0|0|0|0|0|0|0|0|0|0|0|0|0|0|0|0|0|0|0|0|0|0|0|0|0|0|0|0|0|0|0|1|0|0|1|0|0|0|0|0|0|0|0|0|0|0|0|0|0|0|0|0|0|0|0|0|0|0|0|0|0|0|0|0|0|0|0|1|1</HistCounts>
      </HistItem>
    </Histograms>
    <Metadata>
      <MDI key="STATISTICS_MINIMUM">249</MDI>
      <MDI key="STATISTICS_MAXIMUM">545</MDI>
      <MDI key="STATISTICS_MEAN">320.45333333333</MDI>
      <MDI key="STATISTICS_STDDEV">40.044073496864</MDI>
      <MDI key="STATISTICS_VALID_PERCENT">100</MDI>
    </Metadata>
  </PAMRasterBand>
  <PAMRasterBand band="3">
    <Histograms>
      <HistItem>
        <HistMin>349.9977777777778</HistMin>
        <HistMax>803.0022222222223</HistMax>
        <BucketCount>225</BucketCount>
        <IncludeOutOfRange>0</IncludeOutOfRange>
        <Approximate>0</Approximate>
        <HistCounts>1|0|0|0|0|1|0|0|1|0|0|0|0|1|2|0|1|0|2|2|0|3|0|3|1|1|2|3|2|2|2|3|1|6|4|2|5|2|2|5|2|1|11|6|9|7|6|10|5|6|7|3|3|4|5|8|2|3|7|3|4|3|3|5|2|1|5|3|2|1|0|0|1|1|3|2|0|1|0|0|0|0|1|1|0|1|0|0|0|0|0|0|0|0|0|0|1|1|0|0|2|0|0|0|1|1|0|0|0|0|0|0|0|0|0|0|0|1|0|0|0|0|0|0|0|0|0|0|0|0|0|0|0|0|2|0|0|2|0|0|1|0|0|0|0|0|1|0|0|0|0|0|0|0|0|0|0|0|0|0|0|0|0|0|0|0|0|0|0|0|0|0|0|0|0|0|0|0|0|0|0|0|0|0|0|0|0|0|0|1|0|0|0|0|1|0|0|0|0|0|0|0|0|0|0|0|0|0|0|0|0|0|0|0|0|0|0|0|0|0|0|0|0|1|1</HistCounts>
      </HistItem>
    </Histograms>
    <Metadata>
      <MDI key="STATISTICS_MINIMUM">351</MDI>
      <MDI key="STATISTICS_MAXIMUM">802</MDI>
      <MDI key="STATISTICS_MEAN">458.66666666667</MDI>
      <MDI key="STATISTICS_STDDEV">62.102066524929</MDI>
      <MDI key="STATISTICS_VALID_PERCENT">100</MDI>
    </Metadata>
  </PAMRasterBand>
</PAMDataset>
