<PAMDataset>
  <PAMRasterBand band="1">
    <Histograms>
      <HistItem>
        <HistMin>391.5025</HistMin>
        <HistMax>591.4974999999999</HistMax>
        <BucketCount>200</BucketCount>
        <IncludeOutOfRange>0</IncludeOutOfRange>
        <Approximate>0</Approximate>
        <HistCounts>1|0|1|0|0|0|0|0|0|0|0|1|0|1|1|0|0|0|1|1|2|0|1|0|1|1|0|1|0|1|0|2|2|2|1|2|1|1|0|0|0|1|1|0|3|0|2|2|1|0|0|3|1|4|0|3|4|3|1|3|1|2|8|1|2|4|7|3|3|2|4|4|2|7|1|4|3|2|4|2|6|1|4|2|0|4|6|1|4|2|1|2|2|1|2|1|3|1|1|2|4|1|3|1|3|5|1|1|2|1|5|3|2|2|1|0|1|1|2|0|0|0|0|0|0|0|0|1|0|1|1|0|0|1|0|0|1|0|0|0|0|0|0|2|1|0|0|0|1|0|0|0|0|1|0|0|0|0|0|0|0|1|0|0|0|0|0|1|0|0|0|0|0|0|1|0|0|0|1|0|0|0|0|0|0|0|0|1|0|0|0|0|0|0|0|0|0|0|1|1</HistCounts>
      </HistItem>
    </Histograms>
    <Metadata>
      <MDI key="STATISTICS_MINIMUM">392</MDI>
      <MDI key="STATISTICS_MAXIMUM">591</MDI>
      <MDI key="STATISTICS_MEAN">470.86666666667</MDI>
      <MDI key="STATISTICS_STDDEV">33.817549684545</MDI>
      <MDI key="STATISTICS_VALID_PERCENT">100</MDI>
    </Metadata>
  </PAMRasterBand>
  <PAMRasterBand band="2">
    <Histograms>
      <HistItem>
        <HistMin>325.5025510204082</HistMin>
        <HistMax>521.4974489795918</HistMax>
        <BucketCount>196</BucketCount>
        <IncludeOutOfRange>0</IncludeOutOfRange>
        <Approximate>0</Approximate>
        <HistCounts>1|0|1|0|0|0|0|0|0|0|0|0|0|0|0|0|0|1|1|1|1|0|0|0|0|0|2|0|1|0|1|0|0|0|1|1|1|1|0|1|0|0|0|0|0|0|0|1|1|0|0|1|0|1|0|0|1|0|0|2|0|2|0|0|1|0|1|0|1|0|1|0|2|0|6|2|1|1|2|3|1|4|4|5|5|6|1|3|6|5|5|6|5|6|5|4|3|4|2|2|2|0|1|5|2|5|2|2|3|1|9|0|1|0|2|1|1|1|1|2|4|2|2|1|2|0|1|2|1|3|0|5|1|1|2|2|2|0|2|0|0|2|1|1|1|1|3|0|0|2|0|0|0|0|0|2|3|1|0|0|0|0|0|0|2|0|0|0|0|0|1|1|0|0|1|0|0|1|0|0|0|0|0|0|0|0|0|0|0|0|0|0|0|0|0|1</HistCounts>
      </HistItem>
    </Histograms>
    <Metadata>
      <MDI key="STATISTICS_MINIMUM">326</MDI>
      <MDI key="STATISTICS_MAXIMUM">521</MDI>
      <MDI key="STATISTICS_MEAN">424.52444444444</MDI>
      <MDI key="STATISTICS_STDDEV">32.832918139883</MDI>
      <MDI key="STATISTICS_VALID_PERCENT">100</MDI>
    </Metadata>
  </PAMRasterBand>
  <PAMRasterBand band="3">
    <Histograms>
      <HistItem>
        <HistMin>456.3288888888889</HistMin>
        <HistMax>759.6711111111111</HistMax>
        <BucketCount>225</BucketCount>
        <IncludeOutOfRange>0</IncludeOutOfRange>
        <Approximate>0</Approximate>
        <HistCounts>1|1|0|0|0|0|0|0|0|0|0|0|1|0|0|0|1|0|0|0|0|0|0|0|1|0|0|0|0|0|0|1|0|0|0|0|0|0|0|2|0|0|1|0|0|1|0|0|0|0|0|0|0|0|0|0|0|0|0|0|0|0|0|0|0|2|0|1|0|0|0|0|0|1|0|1|0|0|0|1|0|0|0|0|1|2|0|0|1|0|3|2|3|2|1|1|1|0|0|2|1|0|3|0|0|3|2|2|1|2|0|3|3|1|4|2|3|2|2|2|2|1|4|3|2|2|0|2|4|1|1|6|0|0|2|3|1|2|1|3|1|2|7|4|5|5|2|1|8|1|1|4|1|1|6|3|4|1|3|0|1|4|4|1|0|0|0|0|5|1|1|1|2|1|1|0|1|2|0|2|0|1|1|0|0|1|0|0|1|0|2|2|2|1|0|0|2|2|0|1|3|1|0|0|0|1|0|0|0|0|1|2|0|0|0|0|0|1|0|0|0|0|1|0|1</HistCounts>
      </HistItem>
    </Histograms>
    <Metadata>
      <MDI key="STATISTICS_MINIMUM">457</MDI>
      <MDI key="STATISTICS_MAXIMUM">759</MDI>
      <MDI key="STATISTICS_MEAN">639.10222222222</MDI>
      <MDI key="STATISTICS_STDDEV">54.316383813885</MDI>
      <MDI key="STATISTICS_VALID_PERCENT">100</MDI>
    </Metadata>
  </PAMRasterBand>
</PAMDataset>
