<PAMDataset>
  <PAMRasterBand band="1">
    <Histograms>
      <HistItem>
        <HistMin>236.5023809523809</HistMin>
        <HistMax>446.497619047619</HistMax>
        <BucketCount>210</BucketCount>
        <IncludeOutOfRange>0</IncludeOutOfRange>
        <Approximate>0</Approximate>
        <HistCounts>1|0|0|0|0|1|0|0|0|0|0|0|0|0|0|0|0|0|0|2|0|0|0|0|0|0|0|0|0|0|0|0|0|0|0|0|0|0|0|0|0|0|0|0|0|0|0|1|0|0|0|0|0|0|0|0|0|0|1|0|0|1|0|0|0|0|1|0|0|0|0|0|0|1|0|0|0|0|0|0|0|0|0|0|0|0|1|0|1|2|1|1|0|0|0|0|0|0|1|1|1|1|1|1|1|3|1|2|0|2|0|1|3|1|1|1|3|1|1|2|0|3|0|1|1|1|3|1|1|3|1|2|0|0|1|3|3|3|1|0|2|2|2|2|1|0|0|3|0|0|0|2|1|0|2|2|1|0|1|2|2|4|1|4|1|5|1|1|2|4|3|4|5|2|6|4|4|4|5|2|3|5|5|1|4|7|0|7|1|5|2|2|6|1|3|2|0|2|1|1|0|0|3|1|1|0|1|0|1|1</HistCounts>
      </HistItem>
    </Histograms>
    <Metadata>
      <MDI key="STATISTICS_MINIMUM">237</MDI>
      <MDI key="STATISTICS_MAXIMUM">446</MDI>
      <MDI key="STATISTICS_MEAN">390.54666666667</MDI>
      <MDI key="STATISTICS_STDDEV">38.640322059849</MDI>
      <MDI key="STATISTICS_VALID_PERCENT">100</MDI>
    </Metadata>
  </PAMRasterBand>
  <PAMRasterBand band="2">
    <Histograms>
      <HistItem>
        <HistMin>188.5022935779816</HistMin>
        <HistMax>406.4977064220183</HistMax>
        <BucketCount>218</BucketCount>
        <IncludeOutOfRange>0</IncludeOutOfRange>
        <Approximate>0</Approximate>
        <HistCounts>1|0|0|0|0|0|0|0|0|1|0|0|0|1|0|0|0|0|0|0|0|0|0|0|0|0|0|0|0|1|0|0|0|0|0|0|0|0|0|0|0|0|0|0|0|0|0|0|0|1|0|0|0|1|0|0|0|0|0|0|1|0|0|0|1|0|0|0|0|0|0|0|0|1|0|1|0|0|1|2|1|1|0|1|0|0|0|1|0|2|4|1|2|0|0|1|0|0|1|1|0|0|0|0|1|2|1|1|0|2|3|1|0|1|0|2|1|4|0|0|1|2|1|1|2|1|1|1|1|0|2|1|1|0|2|0|2|2|1|0|3|1|2|0|1|3|1|3|1|2|2|1|1|1|0|3|0|1|3|4|1|0|5|3|2|1|3|1|2|6|2|3|1|1|3|3|2|2|2|3|1|4|1|3|0|4|2|2|1|3|3|2|4|4|1|5|1|3|2|2|4|2|1|2|3|1|1|4|1|0|0|3|2|1|1|1|0|1</HistCounts>
      </HistItem>
    </Histograms>
    <Metadata>
      <MDI key="STATISTICS_MINIMUM">189</MDI>
      <MDI key="STATISTICS_MAXIMUM">406</MDI>
      <MDI key="STATISTICS_MEAN">343.24444444444</MDI>
      <MDI key="STATISTICS_STDDEV">43.254366795892</MDI>
      <MDI key="STATISTICS_VALID_PERCENT">100</MDI>
    </Metadata>
  </PAMRasterBand>
  <PAMRasterBand band="3">
    <Histograms>
      <HistItem>
        <HistMin>223.2533333333333</HistMin>
        <HistMax>560.7466666666667</HistMax>
        <BucketCount>225</BucketCount>
        <IncludeOutOfRange>0</IncludeOutOfRange>
        <Approximate>0</Approximate>
        <HistCounts>1|0|0|0|0|0|0|0|0|0|0|0|0|1|0|1|0|0|0|0|0|0|0|0|0|0|0|0|0|0|0|0|0|0|0|1|0|0|0|0|0|0|0|1|0|0|0|0|0|0|0|0|1|0|0|0|0|0|0|0|0|0|0|0|0|1|1|0|1|0|0|0|0|1|0|0|0|0|0|0|0|0|1|0|0|1|1|0|1|0|0|0|0|1|0|0|0|4|0|1|1|0|0|3|0|1|2|0|2|1|0|0|2|0|0|0|1|1|0|0|0|2|1|1|6|2|0|1|1|1|1|1|0|0|1|1|3|2|0|2|0|1|1|2|1|0|0|2|1|1|0|0|0|1|2|3|1|4|0|3|0|2|0|4|1|2|0|2|1|3|1|5|2|0|1|3|1|3|3|3|2|3|1|1|0|2|3|4|1|3|3|3|2|2|2|1|2|3|1|0|1|4|2|7|1|5|3|1|3|8|2|6|1|5|3|2|3|1|3|4|0|0|0|0|1</HistCounts>
      </HistItem>
    </Histograms>
    <Metadata>
      <MDI key="STATISTICS_MINIMUM">224</MDI>
      <MDI key="STATISTICS_MAXIMUM">560</MDI>
      <MDI key="STATISTICS_MEAN">472.26222222222</MDI>
      <MDI key="STATISTICS_STDDEV">67.361430734637</MDI>
      <MDI key="STATISTICS_VALID_PERCENT">100</MDI>
    </Metadata>
  </PAMRasterBand>
</PAMDataset>
