<PAMDataset>
  <PAMRasterBand band="1">
    <Histograms>
      <HistItem>
        <HistMin>446.2555555555555</HistMin>
        <HistMax>782.7444444444444</HistMax>
        <BucketCount>225</BucketCount>
        <IncludeOutOfRange>0</IncludeOutOfRange>
        <Approximate>0</Approximate>
        <HistCounts>1|1|0|1|0|0|0|2|1|2|1|0|0|1|1|1|2|5|2|4|2|3|2|2|1|4|3|4|2|5|1|2|2|2|2|3|3|4|4|10|2|5|4|6|3|6|2|1|4|3|0|0|2|3|0|5|3|1|2|1|3|2|2|1|1|1|2|0|1|0|0|0|0|0|0|0|0|1|0|0|1|0|1|1|0|0|0|0|0|0|0|0|0|0|0|0|0|0|1|1|0|0|0|0|1|0|0|0|2|0|0|0|0|1|0|0|2|0|0|0|0|1|0|0|0|0|1|0|1|0|0|0|0|0|0|0|0|0|1|0|0|0|2|0|0|0|1|0|1|1|0|0|0|0|2|0|1|1|2|2|3|1|1|0|3|1|1|0|1|0|1|1|1|1|2|0|1|3|0|1|1|0|2|3|0|2|1|2|1|2|2|0|0|0|0|1|0|0|0|0|1|1|0|1|0|0|0|0|0|0|0|0|0|0|0|0|0|0|0|0|1|0|0|0|1</HistCounts>
      </HistItem>
    </Histograms>
    <Metadata>
      <MDI key="STATISTICS_MINIMUM">447</MDI>
      <MDI key="STATISTICS_MAXIMUM">782</MDI>
      <MDI key="STATISTICS_MEAN">561.25333333333</MDI>
      <MDI key="STATISTICS_STDDEV">92.124759851941</MDI>
      <MDI key="STATISTICS_VALID_PERCENT">100</MDI>
    </Metadata>
  </PAMRasterBand>
  <PAMRasterBand band="2">
    <Histograms>
      <HistItem>
        <HistMin>420.9933333333333</HistMin>
        <HistMax>876.0066666666667</HistMax>
        <BucketCount>225</BucketCount>
        <IncludeOutOfRange>0</IncludeOutOfRange>
        <Approximate>0</Approximate>
        <HistCounts>1|0|0|0|0|0|0|0|0|0|0|0|0|1|1|1|1|2|6|4|5|2|3|8|5|10|9|7|8|4|2|5|4|3|1|5|4|3|2|3|4|0|4|2|2|4|4|3|1|1|4|0|1|1|2|0|1|0|1|1|0|0|0|0|1|1|0|1|0|1|0|0|0|0|0|0|0|0|0|1|0|0|1|0|0|0|0|0|0|0|0|1|0|0|1|0|0|1|0|0|0|0|0|1|0|0|1|1|0|0|0|0|0|1|0|0|2|0|0|1|0|0|1|0|0|0|0|0|0|1|0|0|1|0|1|0|0|0|0|0|0|0|0|1|0|0|0|1|0|0|0|0|1|1|1|1|1|2|2|2|1|3|2|2|1|2|0|0|0|1|0|0|2|1|3|1|1|1|2|3|2|1|1|0|1|2|1|2|1|0|0|0|0|1|1|1|1|0|0|1|0|0|1|0|0|0|0|0|1|0|0|0|0|0|0|0|0|0|0|0|0|0|1|0|1</HistCounts>
      </HistItem>
    </Histograms>
    <Metadata>
      <MDI key="STATISTICS_MINIMUM">422</MDI>
      <MDI key="STATISTICS_MAXIMUM">875</MDI>
      <MDI key="STATISTICS_MEAN">573.62222222222</MDI>
      <MDI key="STATISTICS_STDDEV">129.01798132886</MDI>
      <MDI key="STATISTICS_VALID_PERCENT">100</MDI>
    </Metadata>
  </PAMRasterBand>
  <PAMRasterBand band="3">
    <Histograms>
      <HistItem>
        <HistMin>546.2622222222222</HistMin>
        <HistMax>1331.737777777778</HistMax>
        <BucketCount>225</BucketCount>
        <IncludeOutOfRange>0</IncludeOutOfRange>
        <Approximate>0</Approximate>
        <HistCounts>1|0|0|0|0|1|0|0|1|0|2|1|4|8|4|9|4|5|5|5|4|6|4|5|4|4|4|7|3|1|5|4|4|1|4|0|3|2|4|4|4|0|3|2|0|2|3|1|0|0|0|0|2|0|0|0|0|0|0|1|0|1|0|0|0|0|1|0|2|0|0|0|2|0|1|0|1|0|0|0|1|1|0|0|0|0|0|0|0|0|0|0|1|0|0|0|0|0|0|1|0|0|0|1|0|1|0|1|0|0|0|0|0|0|0|0|1|0|0|0|1|2|0|0|0|1|0|1|1|1|0|0|0|0|0|0|1|0|0|0|0|1|1|0|0|0|0|0|0|0|0|0|1|0|1|1|0|1|1|0|0|2|0|2|0|3|2|3|0|2|3|1|1|0|2|1|2|2|1|0|1|1|1|1|0|1|2|3|0|1|1|0|3|1|2|2|2|0|0|1|0|0|0|0|0|0|0|0|0|1|0|0|0|0|0|0|0|0|0|0|0|0|0|1|1</HistCounts>
      </HistItem>
    </Histograms>
    <Metadata>
      <MDI key="STATISTICS_MINIMUM">548</MDI>
      <MDI key="STATISTICS_MAXIMUM">1330</MDI>
      <MDI key="STATISTICS_MEAN">805.52</MDI>
      <MDI key="STATISTICS_STDDEV">236.73942693744</MDI>
      <MDI key="STATISTICS_VALID_PERCENT">100</MDI>
    </Metadata>
  </PAMRasterBand>
</PAMDataset>
