<PAMDataset>
  <PAMRasterBand band="1">
    <Histograms>
      <HistItem>
        <HistMin>248.504347826087</HistMin>
        <HistMax>363.495652173913</HistMax>
        <BucketCount>115</BucketCount>
        <IncludeOutOfRange>0</IncludeOutOfRange>
        <Approximate>0</Approximate>
        <HistCounts>1|0|2|0|3|5|1|0|4|2|2|1|2|6|3|1|2|2|2|3|1|2|2|1|2|0|3|4|3|4|3|7|3|6|0|3|2|6|4|6|4|5|4|1|7|5|3|6|0|2|3|3|5|5|5|1|3|2|1|1|1|0|2|0|6|4|6|3|2|2|6|1|1|2|2|1|1|3|0|2|1|1|0|1|0|0|1|0|2|0|0|0|1|0|1|0|0|1|0|0|0|0|0|0|0|0|0|0|0|0|0|0|0|0|1</HistCounts>
      </HistItem>
    </Histograms>
    <Metadata>
      <MDI key="STATISTICS_MINIMUM">249</MDI>
      <MDI key="STATISTICS_MAXIMUM">363</MDI>
      <MDI key="STATISTICS_MEAN">291.54666666667</MDI>
      <MDI key="STATISTICS_STDDEV">22.419808701731</MDI>
      <MDI key="STATISTICS_VALID_PERCENT">100</MDI>
    </Metadata>
  </PAMRasterBand>
  <PAMRasterBand band="2">
    <Histograms>
      <HistItem>
        <HistMin>182.5054347826087</HistMin>
        <HistMax>274.4945652173913</HistMax>
        <BucketCount>92</BucketCount>
        <IncludeOutOfRange>0</IncludeOutOfRange>
        <Approximate>0</Approximate>
        <HistCounts>2|1|0|0|1|1|2|1|2|2|0|3|2|3|1|3|5|1|2|5|6|3|3|4|7|1|3|3|10|6|3|3|7|7|8|7|6|2|5|2|3|5|8|5|3|5|2|5|4|3|5|3|2|3|0|3|4|4|1|4|4|0|0|3|2|0|1|1|2|0|1|2|0|0|0|0|1|0|0|1|0|0|0|0|0|0|0|0|0|1|0|1</HistCounts>
      </HistItem>
    </Histograms>
    <Metadata>
      <MDI key="STATISTICS_MINIMUM">183</MDI>
      <MDI key="STATISTICS_MAXIMUM">274</MDI>
      <MDI key="STATISTICS_MEAN">219.24444444444</MDI>
      <MDI key="STATISTICS_STDDEV">16.993796980147</MDI>
      <MDI key="STATISTICS_VALID_PERCENT">100</MDI>
    </Metadata>
  </PAMRasterBand>
  <PAMRasterBand band="3">
    <Histograms>
      <HistItem>
        <HistMin>193.5040983606557</HistMin>
        <HistMax>315.4959016393443</HistMax>
        <BucketCount>122</BucketCount>
        <IncludeOutOfRange>0</IncludeOutOfRange>
        <Approximate>0</Approximate>
        <HistCounts>1|0|1|0|1|0|0|0|0|1|0|2|1|2|1|0|0|0|1|1|4|0|3|1|5|3|4|2|2|5|0|2|1|4|4|1|6|6|1|1|3|8|1|5|3|1|4|2|8|5|8|1|2|1|6|3|6|3|3|1|4|4|5|4|4|1|4|1|2|0|3|3|5|5|4|2|1|4|3|5|1|0|1|0|3|2|0|2|0|1|1|1|0|1|1|1|0|0|0|0|0|0|1|2|0|0|0|0|0|0|0|0|0|0|0|0|0|0|0|0|0|2</HistCounts>
      </HistItem>
    </Histograms>
    <Metadata>
      <MDI key="STATISTICS_MINIMUM">194</MDI>
      <MDI key="STATISTICS_MAXIMUM">315</MDI>
      <MDI key="STATISTICS_MEAN">245.94666666667</MDI>
      <MDI key="STATISTICS_STDDEV">22.221247089716</MDI>
      <MDI key="STATISTICS_VALID_PERCENT">100</MDI>
    </Metadata>
  </PAMRasterBand>
</PAMDataset>
