<PAMDataset>
  <PAMRasterBand band="1">
    <Histograms>
      <HistItem>
        <HistMin>183.3444444444444</HistMin>
        <HistMax>479.6555555555556</HistMax>
        <BucketCount>225</BucketCount>
        <IncludeOutOfRange>0</IncludeOutOfRange>
        <Approximate>0</Approximate>
        <HistCounts>1|0|0|0|0|0|0|0|1|0|0|0|0|0|0|0|0|1|1|0|0|0|0|0|0|0|0|1|0|1|1|0|1|1|0|2|1|3|0|0|0|3|0|0|0|0|0|1|0|2|0|0|3|1|1|0|0|1|0|1|5|0|0|1|0|2|2|1|6|3|2|2|1|2|1|1|2|1|3|0|1|0|3|2|2|4|0|3|1|1|7|3|1|0|2|4|3|2|0|3|1|1|2|4|3|0|2|3|3|1|5|2|5|0|2|4|5|3|3|2|2|4|0|1|5|3|0|2|3|0|1|2|2|1|3|0|1|2|0|1|3|1|1|1|0|1|0|2|1|2|0|0|1|0|2|0|1|0|0|1|0|0|0|0|0|0|0|0|0|0|1|1|0|1|1|1|0|0|1|0|1|1|0|0|0|0|2|0|0|1|0|1|0|0|0|1|1|1|0|0|1|0|0|1|0|0|0|0|0|0|0|1|0|0|0|0|0|0|0|0|0|0|0|0|1</HistCounts>
      </HistItem>
    </Histograms>
    <Metadata>
      <MDI key="STATISTICS_MINIMUM">184</MDI>
      <MDI key="STATISTICS_MAXIMUM">479</MDI>
      <MDI key="STATISTICS_MEAN">319.80888888889</MDI>
      <MDI key="STATISTICS_STDDEV">53.879981119448</MDI>
      <MDI key="STATISTICS_VALID_PERCENT">100</MDI>
    </Metadata>
  </PAMRasterBand>
  <PAMRasterBand band="2">
    <Histograms>
      <HistItem>
        <HistMin>157.4266666666667</HistMin>
        <HistMax>416.5733333333333</HistMax>
        <BucketCount>225</BucketCount>
        <IncludeOutOfRange>0</IncludeOutOfRange>
        <Approximate>0</Approximate>
        <HistCounts>1|0|0|0|0|0|0|1|0|0|0|0|0|0|0|0|2|0|0|0|0|0|0|1|0|0|2|0|0|2|2|1|1|0|1|0|1|3|0|1|1|1|1|1|0|0|3|0|2|3|0|2|0|2|1|1|2|3|1|1|2|5|3|4|1|2|2|1|2|6|2|1|3|3|3|3|3|3|3|2|2|3|6|0|2|3|1|3|4|3|1|3|2|1|5|1|0|4|4|4|2|0|2|0|0|2|3|2|2|1|4|2|2|0|1|1|0|2|0|2|1|1|2|1|1|1|0|0|0|0|0|0|0|2|0|0|1|0|1|0|0|2|2|0|1|0|0|0|1|2|0|0|0|1|0|3|0|1|0|1|0|0|0|0|0|0|1|0|1|1|0|0|0|1|1|1|0|1|1|0|0|1|0|0|0|0|0|0|0|0|0|0|0|1|1|0|1|0|1|0|1|0|0|0|2|0|0|0|2|0|0|0|0|1|0|0|0|0|1|0|0|1|0|0|1</HistCounts>
      </HistItem>
    </Histograms>
    <Metadata>
      <MDI key="STATISTICS_MINIMUM">158</MDI>
      <MDI key="STATISTICS_MAXIMUM">416</MDI>
      <MDI key="STATISTICS_MEAN">265.37777777778</MDI>
      <MDI key="STATISTICS_STDDEV">51.887351868742</MDI>
      <MDI key="STATISTICS_VALID_PERCENT">100</MDI>
    </Metadata>
  </PAMRasterBand>
  <PAMRasterBand band="3">
    <Histograms>
      <HistItem>
        <HistMin>193.1977777777778</HistMin>
        <HistMax>555.8022222222222</HistMax>
        <BucketCount>225</BucketCount>
        <IncludeOutOfRange>0</IncludeOutOfRange>
        <Approximate>0</Approximate>
        <HistCounts>1|0|0|0|0|0|0|1|0|3|0|1|0|1|0|1|0|0|0|0|2|1|0|0|1|0|1|0|0|0|0|0|1|1|2|3|2|1|2|3|1|1|2|2|0|4|2|2|1|3|1|1|4|3|3|5|4|2|1|2|2|7|1|2|1|0|1|1|2|4|1|3|0|3|6|2|1|1|5|2|3|3|0|0|1|2|5|1|0|3|2|3|3|1|4|1|1|3|1|2|0|2|3|2|0|2|1|1|0|1|2|1|2|1|1|1|1|2|1|1|0|0|1|0|1|1|0|1|1|0|0|1|0|0|1|0|0|2|1|1|1|0|0|0|0|0|2|0|1|0|1|0|0|0|0|1|0|2|0|1|1|2|0|0|0|1|1|0|2|0|0|1|0|0|0|0|0|0|0|0|1|0|0|0|0|0|0|1|1|1|0|0|0|1|1|0|0|0|0|0|0|0|0|0|1|2|0|1|0|2|0|0|1|0|1|0|0|0|0|0|0|0|0|1|1</HistCounts>
      </HistItem>
    </Histograms>
    <Metadata>
      <MDI key="STATISTICS_MINIMUM">194</MDI>
      <MDI key="STATISTICS_MAXIMUM">555</MDI>
      <MDI key="STATISTICS_MEAN">334.98222222222</MDI>
      <MDI key="STATISTICS_STDDEV">77.593583036196</MDI>
      <MDI key="STATISTICS_VALID_PERCENT">100</MDI>
    </Metadata>
  </PAMRasterBand>
</PAMDataset>
