<PAMDataset>
  <PAMRasterBand band="1">
    <Histograms>
      <HistItem>
        <HistMin>264.1666666666667</HistMin>
        <HistMax>640.8333333333334</HistMax>
        <BucketCount>225</BucketCount>
        <IncludeOutOfRange>0</IncludeOutOfRange>
        <Approximate>0</Approximate>
        <HistCounts>1|0|0|0|0|0|0|0|0|2|0|2|0|0|1|0|1|1|1|1|3|1|1|0|2|1|1|0|0|1|3|2|2|1|1|2|4|0|2|2|3|0|0|0|0|2|1|2|1|0|0|1|3|2|1|0|1|1|1|1|0|2|1|2|0|2|1|3|2|0|1|1|1|1|0|0|1|0|2|0|0|2|3|0|0|0|1|2|1|3|2|3|1|1|1|3|1|0|1|0|0|0|0|0|0|0|3|1|4|0|0|0|0|0|1|0|2|0|0|1|1|0|0|0|1|1|0|1|0|0|2|0|0|0|1|0|0|2|0|2|2|0|0|1|0|1|3|0|0|2|0|1|3|1|2|4|1|1|2|0|1|2|1|1|3|2|1|1|1|1|4|2|1|1|2|0|3|2|0|2|5|1|1|1|1|3|3|1|1|0|1|1|1|0|2|1|0|1|1|0|1|1|2|0|1|1|1|1|4|1|0|0|0|1|0|0|2|0|1|0|0|0|0|0|1</HistCounts>
      </HistItem>
    </Histograms>
    <Metadata>
      <MDI key="STATISTICS_MINIMUM">265</MDI>
      <MDI key="STATISTICS_MAXIMUM">640</MDI>
      <MDI key="STATISTICS_MEAN">455.95111111111</MDI>
      <MDI key="STATISTICS_STDDEV">104.54375930622</MDI>
      <MDI key="STATISTICS_VALID_PERCENT">100</MDI>
    </Metadata>
  </PAMRasterBand>
  <PAMRasterBand band="2">
    <Histograms>
      <HistItem>
        <HistMin>246.1511111111111</HistMin>
        <HistMax>629.8488888888888</HistMax>
        <BucketCount>225</BucketCount>
        <IncludeOutOfRange>0</IncludeOutOfRange>
        <Approximate>0</Approximate>
        <HistCounts>1|0|1|0|1|1|2|1|4|0|0|1|4|3|1|3|2|2|2|4|1|4|1|4|3|3|3|5|2|3|2|2|3|1|0|2|6|1|1|3|0|0|2|3|1|1|0|0|0|0|0|0|1|0|0|1|0|0|1|0|1|0|0|0|0|0|2|1|1|1|1|0|1|1|0|0|0|0|1|1|1|0|1|0|0|0|1|0|0|1|0|0|0|0|0|1|0|0|0|1|0|0|0|1|0|0|0|2|1|0|0|1|0|0|1|0|0|1|0|1|1|0|0|0|0|0|0|0|0|0|0|1|1|1|1|0|0|1|1|0|0|1|0|0|0|0|1|1|1|1|1|0|1|2|1|0|0|0|2|2|0|2|1|0|2|1|0|2|0|0|0|1|3|0|1|2|1|2|3|1|3|2|2|1|3|4|4|0|0|3|1|2|1|1|2|1|1|1|4|1|1|2|1|1|1|2|0|1|1|0|0|3|1|2|0|3|1|1|2|1|1|0|0|1|1</HistCounts>
      </HistItem>
    </Histograms>
    <Metadata>
      <MDI key="STATISTICS_MINIMUM">247</MDI>
      <MDI key="STATISTICS_MAXIMUM">629</MDI>
      <MDI key="STATISTICS_MEAN">428.85333333333</MDI>
      <MDI key="STATISTICS_STDDEV">130.96204980409</MDI>
      <MDI key="STATISTICS_VALID_PERCENT">100</MDI>
    </Metadata>
  </PAMRasterBand>
  <PAMRasterBand band="3">
    <Histograms>
      <HistItem>
        <HistMin>292.4422222222222</HistMin>
        <HistMax>996.5577777777778</HistMax>
        <BucketCount>225</BucketCount>
        <IncludeOutOfRange>0</IncludeOutOfRange>
        <Approximate>0</Approximate>
        <HistCounts>1|0|1|3|3|4|2|1|1|1|3|5|6|5|7|3|7|3|1|3|2|3|0|2|1|4|1|1|1|1|0|0|1|1|1|0|0|1|2|2|0|1|2|1|1|1|1|1|0|1|0|0|0|0|0|0|0|1|0|1|0|0|2|0|1|0|0|0|0|0|0|1|2|0|1|0|0|1|0|0|0|0|0|0|0|1|0|1|1|2|0|0|1|2|0|0|0|1|0|1|1|0|0|0|0|1|1|0|0|0|0|0|0|0|0|0|0|1|0|1|2|1|0|0|0|1|1|0|0|0|0|2|0|0|0|1|0|0|0|0|0|2|1|1|0|0|1|1|0|0|0|1|0|0|2|1|1|1|0|2|1|0|3|1|1|2|0|0|1|0|1|2|0|2|1|3|2|2|2|2|4|1|2|0|0|1|3|2|0|5|0|1|0|1|2|1|3|5|2|0|1|2|0|1|2|4|0|1|0|3|0|0|2|0|1|0|0|0|0|1|2|0|3|1|2</HistCounts>
      </HistItem>
    </Histograms>
    <Metadata>
      <MDI key="STATISTICS_MINIMUM">294</MDI>
      <MDI key="STATISTICS_MAXIMUM">995</MDI>
      <MDI key="STATISTICS_MEAN">616.80888888889</MDI>
      <MDI key="STATISTICS_STDDEV">247.19953957367</MDI>
      <MDI key="STATISTICS_VALID_PERCENT">100</MDI>
    </Metadata>
  </PAMRasterBand>
</PAMDataset>
