<PAMDataset>
  <PAMRasterBand band="1">
    <Histograms>
      <HistItem>
        <HistMin>458.5026041666667</HistMin>
        <HistMax>650.4973958333334</HistMax>
        <BucketCount>192</BucketCount>
        <IncludeOutOfRange>0</IncludeOutOfRange>
        <Approximate>0</Approximate>
        <HistCounts>1|0|0|0|0|0|1|1|1|1|1|0|1|1|1|1|1|2|4|2|3|2|3|5|3|5|1|3|5|2|4|8|2|3|2|6|4|1|2|2|3|4|5|0|6|3|7|2|1|2|4|4|2|1|1|1|2|4|4|4|2|2|0|2|2|2|2|3|1|0|1|1|2|1|1|1|0|0|1|0|0|1|0|1|0|0|2|2|0|0|0|1|0|0|1|1|1|0|1|0|0|1|0|0|1|0|0|0|0|1|0|1|0|0|0|1|0|0|0|0|0|0|0|1|0|0|1|1|0|1|0|1|0|0|2|1|0|0|1|0|0|2|1|0|1|1|0|0|0|0|0|0|1|1|0|1|1|0|0|2|0|1|0|1|1|2|2|0|0|0|0|0|1|0|2|0|0|0|0|2|0|3|1|1|0|0|0|2|0|0|0|1</HistCounts>
      </HistItem>
    </Histograms>
    <Metadata>
      <MDI key="STATISTICS_MINIMUM">459</MDI>
      <MDI key="STATISTICS_MAXIMUM">650</MDI>
      <MDI key="STATISTICS_MEAN">523.78666666667</MDI>
      <MDI key="STATISTICS_STDDEV">48.748869388599</MDI>
      <MDI key="STATISTICS_VALID_PERCENT">100</MDI>
    </Metadata>
  </PAMRasterBand>
  <PAMRasterBand band="2">
    <Histograms>
      <HistItem>
        <HistMin>409.3577777777778</HistMin>
        <HistMax>699.6422222222222</HistMax>
        <BucketCount>225</BucketCount>
        <IncludeOutOfRange>0</IncludeOutOfRange>
        <Approximate>0</Approximate>
        <HistCounts>1|0|0|1|0|0|0|1|1|0|0|0|1|1|1|3|0|1|1|7|6|2|6|3|1|2|5|3|0|2|0|1|1|5|4|0|5|1|2|3|5|3|3|5|6|4|0|7|8|3|8|4|6|5|2|1|1|5|1|1|1|0|0|2|5|0|1|0|0|0|0|0|2|1|1|0|0|1|0|1|2|1|1|0|0|0|1|1|1|1|0|1|0|0|0|1|0|2|1|0|1|0|1|0|0|2|0|0|0|0|1|0|1|0|1|1|0|0|0|1|1|1|3|0|0|1|1|0|1|1|1|1|0|1|1|0|1|0|0|0|2|2|1|2|1|1|0|0|0|0|2|2|0|1|1|0|0|1|2|1|2|0|1|0|0|0|0|0|0|0|0|0|0|0|0|0|0|0|0|0|0|0|0|0|0|0|0|0|1|0|0|0|0|0|0|1|0|0|0|0|0|0|0|0|0|0|0|0|0|0|0|0|0|0|0|0|0|0|0|0|0|0|0|0|1</HistCounts>
      </HistItem>
    </Histograms>
    <Metadata>
      <MDI key="STATISTICS_MINIMUM">410</MDI>
      <MDI key="STATISTICS_MAXIMUM">699</MDI>
      <MDI key="STATISTICS_MEAN">492.34222222222</MDI>
      <MDI key="STATISTICS_STDDEV">57.229543609297</MDI>
      <MDI key="STATISTICS_VALID_PERCENT">100</MDI>
    </Metadata>
  </PAMRasterBand>
  <PAMRasterBand band="3">
    <Histograms>
      <HistItem>
        <HistMin>531.0533333333333</HistMin>
        <HistMax>958.9466666666667</HistMax>
        <BucketCount>225</BucketCount>
        <IncludeOutOfRange>0</IncludeOutOfRange>
        <Approximate>0</Approximate>
        <HistCounts>1|0|0|1|0|0|2|0|1|1|0|3|2|1|5|2|5|3|2|2|3|6|2|5|2|3|3|3|0|6|6|2|1|4|7|7|6|8|3|8|2|2|5|3|0|4|1|2|2|3|2|2|1|2|3|1|0|1|1|0|3|0|1|1|0|0|0|1|2|0|1|1|0|1|0|0|1|0|0|0|0|1|0|0|0|0|1|0|0|0|0|1|1|1|0|1|0|1|1|0|1|0|0|0|1|0|0|0|0|0|1|0|0|0|0|2|0|3|1|2|0|1|0|0|0|2|0|1|3|3|2|0|0|0|1|0|1|1|2|1|0|0|1|0|1|0|3|1|1|0|1|1|2|2|1|0|1|1|0|1|0|0|2|0|0|0|1|0|0|0|0|0|0|0|0|0|0|0|0|0|0|0|0|0|0|0|0|0|0|0|0|0|0|0|0|2|0|0|0|0|0|0|0|0|0|0|0|0|0|0|0|0|0|0|0|0|0|0|0|0|0|0|0|0|1</HistCounts>
      </HistItem>
    </Histograms>
    <Metadata>
      <MDI key="STATISTICS_MINIMUM">532</MDI>
      <MDI key="STATISTICS_MAXIMUM">958</MDI>
      <MDI key="STATISTICS_MEAN">646.87555555556</MDI>
      <MDI key="STATISTICS_STDDEV">91.099421038667</MDI>
      <MDI key="STATISTICS_VALID_PERCENT">100</MDI>
    </Metadata>
  </PAMRasterBand>
</PAMDataset>
