<PAMDataset>
  <PAMRasterBand band="1">
    <Histograms>
      <HistItem>
        <HistMin>258.9466666666667</HistMin>
        <HistMax>735.0533333333333</HistMax>
        <BucketCount>225</BucketCount>
        <IncludeOutOfRange>0</IncludeOutOfRange>
        <Approximate>0</Approximate>
        <HistCounts>1|0|0|0|0|1|1|1|1|4|2|0|0|0|0|1|0|3|1|1|0|1|1|0|1|0|1|0|2|1|0|0|0|0|1|0|0|0|1|1|1|0|0|3|2|0|0|0|4|0|1|1|1|3|0|1|0|2|0|2|3|0|1|2|0|0|0|1|2|4|2|1|1|1|4|3|2|2|0|4|4|1|3|3|3|2|5|3|5|3|2|3|3|2|0|4|0|0|1|1|0|1|0|0|1|0|1|1|0|0|1|0|4|0|0|0|0|1|2|1|2|0|2|0|0|2|1|0|0|2|0|1|0|2|0|0|0|0|0|1|1|0|1|0|0|1|0|0|0|1|0|1|2|0|0|1|0|1|1|1|0|1|1|1|1|0|0|1|2|0|1|1|1|0|1|2|1|1|0|1|0|1|0|1|1|0|0|2|1|1|2|1|0|1|2|0|0|0|2|0|3|2|0|0|3|1|0|2|1|2|2|3|2|0|0|2|1|1|0|0|2|0|0|0|1</HistCounts>
      </HistItem>
    </Histograms>
    <Metadata>
      <MDI key="STATISTICS_MINIMUM">260</MDI>
      <MDI key="STATISTICS_MAXIMUM">734</MDI>
      <MDI key="STATISTICS_MEAN">488.23555555556</MDI>
      <MDI key="STATISTICS_STDDEV">129.37917599153</MDI>
      <MDI key="STATISTICS_VALID_PERCENT">100</MDI>
    </Metadata>
  </PAMRasterBand>
  <PAMRasterBand band="2">
    <Histograms>
      <HistItem>
        <HistMin>240.96</HistMin>
        <HistMax>711.04</HistMax>
        <BucketCount>225</BucketCount>
        <IncludeOutOfRange>0</IncludeOutOfRange>
        <Approximate>0</Approximate>
        <HistCounts>2|0|0|1|1|0|1|0|0|3|0|1|1|0|1|0|3|2|1|1|1|0|0|0|0|0|0|0|0|0|1|2|1|0|4|0|0|1|3|5|5|0|1|2|0|1|2|1|3|3|2|3|1|3|1|1|6|1|0|2|1|1|2|1|6|3|4|3|1|2|5|3|2|1|1|1|1|1|1|3|1|2|1|3|1|1|2|2|2|0|3|3|0|0|2|1|0|1|0|0|1|0|1|3|0|0|0|1|0|0|1|0|2|0|0|0|0|1|1|2|1|0|0|1|0|1|0|0|1|0|1|0|0|1|0|1|0|0|1|0|1|2|2|0|2|0|0|1|1|0|1|0|0|2|0|0|0|0|1|0|1|0|2|1|1|0|1|2|2|2|0|2|0|2|0|1|0|1|1|2|0|0|1|0|1|1|0|2|1|3|2|2|1|2|0|0|1|0|2|0|2|1|0|1|0|0|0|0|1|0|0|0|1|0|0|0|0|0|1|1|0|0|0|0|1</HistCounts>
      </HistItem>
    </Histograms>
    <Metadata>
      <MDI key="STATISTICS_MINIMUM">242</MDI>
      <MDI key="STATISTICS_MAXIMUM">710</MDI>
      <MDI key="STATISTICS_MEAN">439.45777777778</MDI>
      <MDI key="STATISTICS_STDDEV">121.6057354073</MDI>
      <MDI key="STATISTICS_VALID_PERCENT">100</MDI>
    </Metadata>
  </PAMRasterBand>
  <PAMRasterBand band="3">
    <Histograms>
      <HistItem>
        <HistMin>307.4244444444444</HistMin>
        <HistMax>1019.575555555556</HistMax>
        <BucketCount>225</BucketCount>
        <IncludeOutOfRange>0</IncludeOutOfRange>
        <Approximate>0</Approximate>
        <HistCounts>1|1|1|0|1|0|1|0|3|2|0|0|1|0|0|1|0|1|0|4|1|0|2|1|2|0|2|2|3|1|0|1|2|0|2|0|1|0|1|3|0|1|0|2|4|1|1|2|1|2|0|4|1|0|3|4|2|7|3|3|0|2|2|1|4|2|3|3|5|1|5|3|3|0|0|1|0|2|4|0|1|0|6|0|0|1|0|2|1|1|0|1|2|0|2|0|1|0|1|1|0|0|2|0|1|1|2|3|0|0|0|0|0|0|3|0|0|1|1|1|0|0|0|0|0|0|0|1|1|1|0|1|1|0|1|0|0|0|0|1|2|2|0|1|1|0|2|0|0|2|0|0|0|1|1|0|0|0|1|2|1|1|0|1|1|0|1|3|1|2|0|0|1|0|0|1|0|1|0|1|0|0|0|1|1|0|0|2|1|0|0|3|2|0|0|1|1|1|1|1|1|2|1|1|1|0|1|0|2|0|1|0|1|1|0|1|0|0|0|0|0|0|0|0|2</HistCounts>
      </HistItem>
    </Histograms>
    <Metadata>
      <MDI key="STATISTICS_MINIMUM">309</MDI>
      <MDI key="STATISTICS_MAXIMUM">1018</MDI>
      <MDI key="STATISTICS_MEAN">603.26666666667</MDI>
      <MDI key="STATISTICS_STDDEV">189.27013029589</MDI>
      <MDI key="STATISTICS_VALID_PERCENT">100</MDI>
    </Metadata>
  </PAMRasterBand>
</PAMDataset>
