<PAMDataset>
  <PAMRasterBand band="1">
    <Histograms>
      <HistItem>
        <HistMin>670.2</HistMin>
        <HistMax>1031.8</HistMax>
        <BucketCount>225</BucketCount>
        <IncludeOutOfRange>0</IncludeOutOfRange>
        <Approximate>0</Approximate>
        <HistCounts>1|0|0|0|0|0|0|0|0|0|0|0|0|0|0|0|0|0|0|0|0|0|0|0|0|0|1|0|0|1|1|0|1|0|0|0|0|1|0|1|0|0|0|0|1|0|0|0|0|0|0|0|0|0|0|0|0|1|0|0|0|1|1|0|0|0|0|1|0|1|0|0|0|1|0|0|0|0|0|0|1|1|0|0|0|0|1|0|1|0|1|0|0|0|0|0|0|0|0|0|0|0|0|0|0|2|0|0|0|0|0|1|0|0|0|0|0|0|0|1|0|1|0|0|1|0|1|0|0|2|1|0|0|0|2|1|2|2|0|1|1|5|6|1|5|4|4|1|2|5|5|12|11|3|5|4|10|7|1|7|4|5|4|4|4|0|10|2|4|6|3|1|3|2|2|2|0|0|0|3|1|2|0|0|3|1|0|1|1|1|3|0|1|0|0|0|0|2|1|0|2|1|0|0|1|0|0|3|0|0|1|0|0|0|0|0|1|1|0|0|0|0|0|1|2</HistCounts>
      </HistItem>
    </Histograms>
    <Metadata>
      <MDI key="STATISTICS_MINIMUM">671</MDI>
      <MDI key="STATISTICS_MAXIMUM">1031</MDI>
      <MDI key="STATISTICS_MEAN">914.26222222222</MDI>
      <MDI key="STATISTICS_STDDEV">57.581614692689</MDI>
      <MDI key="STATISTICS_VALID_PERCENT">100</MDI>
    </Metadata>
  </PAMRasterBand>
  <PAMRasterBand band="2">
    <Histograms>
      <HistItem>
        <HistMin>764.9177777777778</HistMin>
        <HistMax>1254.082222222222</HistMax>
        <BucketCount>225</BucketCount>
        <IncludeOutOfRange>0</IncludeOutOfRange>
        <Approximate>0</Approximate>
        <HistCounts>1|0|0|0|0|0|0|0|0|0|0|0|0|0|0|0|0|0|0|0|0|0|0|0|0|0|0|0|0|1|0|0|0|0|0|1|0|0|0|0|0|0|0|1|0|0|1|2|0|1|0|0|0|1|0|0|0|1|0|0|0|0|0|1|0|1|1|0|0|0|0|0|0|0|0|0|1|2|0|0|1|0|0|0|1|0|0|0|0|0|0|0|0|0|0|1|0|2|0|1|0|0|0|0|0|0|0|0|0|0|1|0|2|1|0|1|0|0|0|0|0|0|2|0|0|1|0|0|1|0|1|0|2|0|0|0|0|0|0|0|0|0|1|0|2|0|0|1|0|1|0|0|1|1|2|9|4|4|13|7|10|10|4|13|5|6|7|4|0|7|3|1|3|1|3|3|2|2|6|5|2|6|3|2|6|0|2|1|3|1|3|6|1|1|2|2|1|1|0|0|1|0|0|0|1|2|0|0|1|0|0|0|0|0|0|0|0|0|1|0|0|0|0|0|1</HistCounts>
      </HistItem>
    </Histograms>
    <Metadata>
      <MDI key="STATISTICS_MINIMUM">766</MDI>
      <MDI key="STATISTICS_MAXIMUM">1253</MDI>
      <MDI key="STATISTICS_MEAN">1107.9288888889</MDI>
      <MDI key="STATISTICS_STDDEV">79.191437871141</MDI>
      <MDI key="STATISTICS_VALID_PERCENT">100</MDI>
    </Metadata>
  </PAMRasterBand>
  <PAMRasterBand band="3">
    <Histograms>
      <HistItem>
        <HistMin>1148.173333333333</HistMin>
        <HistMax>1973.826666666667</HistMax>
        <BucketCount>225</BucketCount>
        <IncludeOutOfRange>0</IncludeOutOfRange>
        <Approximate>0</Approximate>
        <HistCounts>1|0|0|0|0|0|0|0|0|0|0|0|0|0|0|0|0|0|0|0|0|0|0|0|0|0|0|0|1|0|0|1|0|0|1|0|0|0|0|0|0|0|1|0|0|0|0|0|1|2|0|0|1|1|0|0|0|0|1|0|0|0|0|0|1|0|1|0|1|0|0|0|0|0|2|0|0|0|1|1|0|0|0|0|0|0|0|0|0|1|0|0|1|0|0|0|0|0|0|0|0|1|0|0|2|0|1|1|1|0|1|2|1|0|0|0|0|0|0|0|1|0|0|0|0|1|0|1|0|0|1|0|0|1|0|0|0|0|0|0|1|1|0|0|0|0|0|0|0|0|1|0|2|0|1|0|0|0|1|1|0|0|0|0|0|1|0|0|3|1|0|0|0|0|0|0|0|0|0|0|0|0|0|0|0|0|0|0|1|0|2|1|2|5|7|6|13|11|17|22|8|12|8|10|12|9|1|6|3|4|3|2|2|3|1|1|0|1|0|1|1|0|1|0|1</HistCounts>
      </HistItem>
    </Histograms>
    <Metadata>
      <MDI key="STATISTICS_MINIMUM">1150</MDI>
      <MDI key="STATISTICS_MAXIMUM">1972</MDI>
      <MDI key="STATISTICS_MEAN">1810.2488888889</MDI>
      <MDI key="STATISTICS_STDDEV">168.75354893022</MDI>
      <MDI key="STATISTICS_VALID_PERCENT">100</MDI>
    </Metadata>
  </PAMRasterBand>
</PAMDataset>
