<PAMDataset>
  <PAMRasterBand band="1">
    <Histograms>
      <HistItem>
        <HistMin>309.0888888888889</HistMin>
        <HistMax>720.9111111111112</HistMax>
        <BucketCount>225</BucketCount>
        <IncludeOutOfRange>0</IncludeOutOfRange>
        <Approximate>0</Approximate>
        <HistCounts>1|0|0|0|0|0|0|0|0|0|0|0|0|0|1|0|0|0|0|0|0|0|0|0|0|0|0|0|1|0|0|0|0|0|0|0|0|0|0|0|1|0|0|0|1|0|0|0|0|0|0|0|1|0|0|0|0|0|1|0|0|1|2|1|3|1|3|6|0|3|4|2|6|4|6|1|3|2|4|2|3|6|2|0|4|3|4|4|0|4|4|7|3|4|0|2|4|2|4|2|1|4|4|1|2|0|0|1|2|4|1|3|0|3|3|2|2|2|0|1|1|4|0|0|0|2|0|1|2|0|0|1|0|2|1|0|0|1|0|3|1|1|1|3|0|0|4|1|0|0|2|3|0|1|2|0|1|0|4|2|1|1|0|1|1|0|0|1|0|0|0|1|2|0|1|0|0|0|0|1|1|0|1|0|1|1|1|0|0|0|0|1|0|1|0|0|0|0|0|0|0|0|2|0|1|1|0|0|0|0|0|0|0|0|0|0|0|0|0|0|0|0|0|0|1</HistCounts>
      </HistItem>
    </Histograms>
    <Metadata>
      <MDI key="STATISTICS_MINIMUM">310</MDI>
      <MDI key="STATISTICS_MAXIMUM">720</MDI>
      <MDI key="STATISTICS_MEAN">503.32888888889</MDI>
      <MDI key="STATISTICS_STDDEV">69.596604713551</MDI>
      <MDI key="STATISTICS_VALID_PERCENT">100</MDI>
    </Metadata>
  </PAMRasterBand>
  <PAMRasterBand band="2">
    <Histograms>
      <HistItem>
        <HistMin>262.0155555555556</HistMin>
        <HistMax>706.9844444444444</HistMax>
        <BucketCount>225</BucketCount>
        <IncludeOutOfRange>0</IncludeOutOfRange>
        <Approximate>0</Approximate>
        <HistCounts>1|0|0|0|0|0|0|0|0|0|0|0|0|0|1|0|0|0|0|0|0|0|0|0|0|0|1|0|0|0|0|0|0|0|1|0|0|0|0|0|0|1|0|0|0|0|0|1|1|0|1|0|0|0|1|1|1|2|1|2|3|1|0|7|2|5|1|8|8|9|5|10|6|10|9|6|6|4|0|2|5|3|0|1|1|2|3|2|2|1|1|0|0|0|2|0|1|1|2|1|0|2|2|1|0|0|3|0|3|0|0|1|1|1|0|1|2|4|0|0|0|0|0|0|1|0|1|1|3|0|2|0|1|0|0|1|0|0|1|0|0|0|2|1|0|1|1|1|0|2|1|1|0|1|0|1|1|0|1|0|0|0|0|2|0|0|0|1|1|0|2|0|0|1|0|1|0|0|3|2|0|1|1|0|1|0|0|1|2|2|3|0|0|1|1|2|0|0|0|1|0|0|0|0|0|0|0|0|0|0|0|0|0|1|1|0|0|0|0|0|0|0|1|0|1</HistCounts>
      </HistItem>
    </Histograms>
    <Metadata>
      <MDI key="STATISTICS_MINIMUM">263</MDI>
      <MDI key="STATISTICS_MAXIMUM">706</MDI>
      <MDI key="STATISTICS_MEAN">458.82222222222</MDI>
      <MDI key="STATISTICS_STDDEV">88.590716566288</MDI>
      <MDI key="STATISTICS_VALID_PERCENT">100</MDI>
    </Metadata>
  </PAMRasterBand>
  <PAMRasterBand band="3">
    <Histograms>
      <HistItem>
        <HistMin>369.4555555555556</HistMin>
        <HistMax>1067.544444444444</HistMax>
        <BucketCount>225</BucketCount>
        <IncludeOutOfRange>0</IncludeOutOfRange>
        <Approximate>0</Approximate>
        <HistCounts>1|0|0|0|0|0|0|0|0|0|0|1|0|0|0|0|0|0|0|0|0|1|0|0|0|0|0|0|0|1|0|0|0|1|0|0|0|0|0|0|1|0|1|1|0|1|2|0|3|2|1|0|1|1|1|1|0|2|2|1|0|1|1|2|3|3|4|4|4|5|12|6|2|6|7|10|5|7|3|2|7|2|1|4|1|4|3|5|3|3|1|1|3|4|2|0|0|0|2|0|1|1|1|0|0|1|2|2|0|0|2|1|1|0|0|0|0|0|1|1|1|0|0|0|0|1|1|0|3|0|2|0|0|0|0|1|2|2|1|1|1|1|1|0|0|0|1|0|0|0|0|0|0|2|1|1|0|0|0|1|2|0|0|2|0|0|0|0|0|0|0|0|1|1|1|1|0|0|0|0|0|1|0|0|0|1|0|0|3|3|1|0|0|0|1|0|0|1|1|0|2|0|0|0|0|1|0|1|0|1|0|0|1|0|0|0|0|1|0|0|0|0|0|0|1</HistCounts>
      </HistItem>
    </Histograms>
    <Metadata>
      <MDI key="STATISTICS_MINIMUM">371</MDI>
      <MDI key="STATISTICS_MAXIMUM">1066</MDI>
      <MDI key="STATISTICS_MEAN">667.2</MDI>
      <MDI key="STATISTICS_STDDEV">135.85861932334</MDI>
      <MDI key="STATISTICS_VALID_PERCENT">100</MDI>
    </Metadata>
  </PAMRasterBand>
</PAMDataset>
