<PAMDataset>
  <PAMRasterBand band="1">
    <Histograms>
      <HistItem>
        <HistMin>261</HistMin>
        <HistMax>713</HistMax>
        <BucketCount>225</BucketCount>
        <IncludeOutOfRange>0</IncludeOutOfRange>
        <Approximate>0</Approximate>
        <HistCounts>1|4|0|1|0|3|2|2|1|1|1|0|0|1|0|0|0|0|3|1|1|1|2|3|0|2|2|3|2|2|5|0|0|3|4|0|2|4|0|1|1|0|0|0|0|0|1|1|0|0|1|0|0|0|0|0|0|1|0|1|0|0|0|0|0|0|1|0|1|0|1|1|0|0|1|0|1|1|2|1|1|0|0|2|3|2|2|5|2|2|2|2|6|3|1|5|4|1|2|1|1|5|3|2|3|2|2|2|5|2|4|2|3|2|1|2|2|5|2|2|1|2|0|1|1|0|0|0|1|0|1|0|2|0|0|2|1|0|0|1|0|0|1|0|1|1|1|1|0|0|0|0|2|1|1|0|1|2|1|2|0|1|0|1|0|0|0|0|1|4|0|0|1|0|0|2|0|0|1|0|0|2|1|0|1|1|0|0|0|0|0|1|0|0|1|0|2|1|1|0|0|0|0|0|1|0|0|0|0|0|0|0|0|0|0|0|1|0|0|0|0|0|0|0|1</HistCounts>
      </HistItem>
    </Histograms>
    <Metadata>
      <MDI key="STATISTICS_MINIMUM">262</MDI>
      <MDI key="STATISTICS_MAXIMUM">712</MDI>
      <MDI key="STATISTICS_MEAN">446.73333333333</MDI>
      <MDI key="STATISTICS_STDDEV">105.23146973326</MDI>
      <MDI key="STATISTICS_VALID_PERCENT">100</MDI>
    </Metadata>
  </PAMRasterBand>
  <PAMRasterBand band="2">
    <Histograms>
      <HistItem>
        <HistMin>268.1355555555556</HistMin>
        <HistMax>658.8644444444444</HistMax>
        <BucketCount>225</BucketCount>
        <IncludeOutOfRange>0</IncludeOutOfRange>
        <Approximate>0</Approximate>
        <HistCounts>1|0|0|0|0|0|0|1|0|0|1|0|1|2|1|0|3|0|1|1|4|2|3|1|2|2|1|1|1|3|2|2|5|0|1|0|1|2|0|1|2|1|0|1|0|1|0|1|0|0|2|2|5|3|3|3|0|1|2|2|2|0|1|2|0|2|2|3|1|2|4|1|1|4|4|7|1|7|4|1|4|3|4|1|0|2|4|1|6|4|1|1|0|1|0|0|2|1|0|1|0|0|2|0|0|0|0|0|1|1|0|0|1|2|0|0|0|0|0|1|0|1|3|1|2|0|0|2|2|0|0|0|1|1|1|1|1|0|1|2|0|1|1|0|1|0|0|0|0|2|1|0|1|1|1|1|0|2|1|0|0|1|0|0|1|2|2|0|0|1|1|0|0|1|0|0|0|1|0|0|0|1|1|1|1|2|1|0|1|0|0|0|1|1|0|0|0|0|1|0|0|0|0|0|1|0|0|1|0|0|1|0|0|0|0|0|0|0|0|0|0|0|0|0|1</HistCounts>
      </HistItem>
    </Histograms>
    <Metadata>
      <MDI key="STATISTICS_MINIMUM">269</MDI>
      <MDI key="STATISTICS_MAXIMUM">658</MDI>
      <MDI key="STATISTICS_MEAN">416.46222222222</MDI>
      <MDI key="STATISTICS_STDDEV">87.146005936114</MDI>
      <MDI key="STATISTICS_VALID_PERCENT">100</MDI>
    </Metadata>
  </PAMRasterBand>
  <PAMRasterBand band="3">
    <Histograms>
      <HistItem>
        <HistMin>322.66</HistMin>
        <HistMax>928.34</HistMax>
        <BucketCount>225</BucketCount>
        <IncludeOutOfRange>0</IncludeOutOfRange>
        <Approximate>0</Approximate>
        <HistCounts>1|0|0|0|0|0|1|0|0|0|1|0|0|1|0|3|0|0|1|1|0|1|0|1|0|0|0|0|1|1|2|0|4|2|1|5|4|5|4|3|3|0|5|1|4|4|3|3|4|1|0|4|3|6|3|4|2|6|2|3|5|2|3|1|0|4|2|2|2|3|1|2|3|1|1|2|2|0|0|2|0|3|0|0|2|1|0|0|0|0|0|1|0|0|2|0|0|2|1|1|1|2|1|0|2|1|0|1|0|1|0|2|1|0|1|1|0|0|1|1|2|0|2|0|0|0|0|1|2|0|1|1|2|2|0|1|0|0|0|1|0|1|2|0|0|0|1|1|1|0|0|1|1|0|1|1|0|1|0|4|0|1|0|1|0|0|1|0|1|1|0|0|0|1|0|2|0|1|0|1|0|2|1|1|1|0|0|0|0|2|0|0|0|0|1|0|0|1|0|0|0|0|0|0|0|0|0|2|0|0|1|1|0|0|0|0|0|0|0|0|0|0|0|0|1</HistCounts>
      </HistItem>
    </Histograms>
    <Metadata>
      <MDI key="STATISTICS_MINIMUM">324</MDI>
      <MDI key="STATISTICS_MAXIMUM">927</MDI>
      <MDI key="STATISTICS_MEAN">544.73333333333</MDI>
      <MDI key="STATISTICS_STDDEV">136.2717546343</MDI>
      <MDI key="STATISTICS_VALID_PERCENT">100</MDI>
    </Metadata>
  </PAMRasterBand>
</PAMDataset>
