<PAMDataset>
  <PAMRasterBand band="1">
    <Histograms>
      <HistItem>
        <HistMin>252.5037313432836</HistMin>
        <HistMax>386.4962686567164</HistMax>
        <BucketCount>134</BucketCount>
        <IncludeOutOfRange>0</IncludeOutOfRange>
        <Approximate>0</Approximate>
        <HistCounts>1|0|0|1|0|0|0|1|0|1|0|0|1|2|2|1|1|0|4|3|0|1|3|0|2|3|1|3|7|4|8|5|4|8|2|6|10|2|8|7|3|4|8|6|10|6|10|5|2|2|4|6|6|5|5|4|5|0|5|1|3|3|0|4|2|0|2|2|0|1|2|1|1|1|0|0|0|0|1|0|0|0|0|0|0|0|0|0|0|0|0|1|0|0|0|0|0|0|0|0|0|0|0|0|0|0|0|0|0|0|0|0|0|0|0|0|0|0|1|0|0|0|0|0|0|0|0|0|0|0|0|0|0|1</HistCounts>
      </HistItem>
    </Histograms>
    <Metadata>
      <MDI key="STATISTICS_MINIMUM">253</MDI>
      <MDI key="STATISTICS_MAXIMUM">386</MDI>
      <MDI key="STATISTICS_MEAN">295.14666666667</MDI>
      <MDI key="STATISTICS_STDDEV">16.520446590681</MDI>
      <MDI key="STATISTICS_VALID_PERCENT">100</MDI>
    </Metadata>
  </PAMRasterBand>
  <PAMRasterBand band="2">
    <Histograms>
      <HistItem>
        <HistMin>195.5045045045045</HistMin>
        <HistMax>306.4954954954955</HistMax>
        <BucketCount>111</BucketCount>
        <IncludeOutOfRange>0</IncludeOutOfRange>
        <Approximate>0</Approximate>
        <HistCounts>1|0|0|0|0|2|0|2|0|2|2|0|5|5|3|6|6|8|5|6|7|7|7|7|10|8|4|12|12|10|8|5|9|8|4|8|6|6|4|5|5|3|2|0|2|4|1|1|0|0|0|0|0|0|1|0|0|0|0|0|0|0|1|0|2|1|0|0|0|0|0|0|0|0|0|0|0|0|0|0|0|0|0|0|0|0|0|0|0|0|0|0|0|0|0|0|0|0|0|1|0|0|0|0|0|0|0|0|0|0|1</HistCounts>
      </HistItem>
    </Histograms>
    <Metadata>
      <MDI key="STATISTICS_MINIMUM">196</MDI>
      <MDI key="STATISTICS_MAXIMUM">306</MDI>
      <MDI key="STATISTICS_MEAN">223.93333333333</MDI>
      <MDI key="STATISTICS_STDDEV">12.783322468487</MDI>
      <MDI key="STATISTICS_VALID_PERCENT">100</MDI>
    </Metadata>
  </PAMRasterBand>
  <PAMRasterBand band="3">
    <Histograms>
      <HistItem>
        <HistMin>173.5026178010471</HistMin>
        <HistMax>364.4973821989529</HistMax>
        <BucketCount>191</BucketCount>
        <IncludeOutOfRange>0</IncludeOutOfRange>
        <Approximate>0</Approximate>
        <HistCounts>1|0|0|0|0|0|0|2|0|0|0|1|1|3|0|3|2|1|3|4|4|4|7|1|3|6|2|8|6|3|7|3|5|7|1|2|5|7|5|4|2|5|2|6|3|6|4|2|3|3|3|2|4|5|1|1|5|1|2|1|0|4|4|1|3|2|1|0|1|1|2|1|0|4|1|0|0|2|0|2|0|1|2|1|2|1|0|0|0|0|1|0|0|1|1|2|0|0|0|1|0|0|0|0|0|0|1|1|2|0|1|0|0|0|0|0|0|0|0|0|1|1|0|0|0|0|0|0|0|0|0|0|0|1|0|0|0|0|0|0|0|0|0|0|0|0|0|0|0|0|0|0|0|0|0|0|0|0|0|0|0|1|0|0|0|0|0|0|0|0|0|0|0|0|0|0|1|0|0|0|0|0|0|0|0|0|0|0|0|0|1</HistCounts>
      </HistItem>
    </Histograms>
    <Metadata>
      <MDI key="STATISTICS_MINIMUM">174</MDI>
      <MDI key="STATISTICS_MAXIMUM">364</MDI>
      <MDI key="STATISTICS_MEAN">220.52888888889</MDI>
      <MDI key="STATISTICS_STDDEV">28.105836659331</MDI>
      <MDI key="STATISTICS_VALID_PERCENT">100</MDI>
    </Metadata>
  </PAMRasterBand>
</PAMDataset>
