<PAMDataset>
  <PAMRasterBand band="1">
    <Histograms>
      <HistItem>
        <HistMin>274.8844444444445</HistMin>
        <HistMax>779.1155555555556</HistMax>
        <BucketCount>225</BucketCount>
        <IncludeOutOfRange>0</IncludeOutOfRange>
        <Approximate>0</Approximate>
        <HistCounts>2|2|3|2|2|1|2|0|0|2|1|1|2|1|1|1|1|2|4|0|0|1|2|1|1|2|1|0|0|1|0|0|0|0|0|0|1|3|1|2|0|1|1|3|1|1|2|8|1|0|2|0|1|1|1|2|2|0|6|2|1|2|2|2|1|0|0|0|1|0|2|0|1|2|2|1|2|0|1|2|1|1|5|0|5|3|2|1|2|2|5|3|3|0|4|2|1|0|2|3|2|2|0|0|4|3|0|2|1|1|4|0|2|0|1|1|3|2|2|0|2|1|0|3|2|0|1|1|1|1|1|0|1|4|0|0|0|1|1|1|0|2|0|0|1|1|0|1|0|1|0|1|0|0|0|0|0|0|0|0|0|0|0|2|0|0|0|1|0|1|1|0|0|0|0|0|0|0|2|1|0|0|0|1|0|0|0|1|0|0|0|0|0|0|0|1|0|0|1|0|0|0|1|1|0|1|0|0|0|0|0|0|0|1|1|0|0|0|0|0|0|0|0|0|2</HistCounts>
      </HistItem>
    </Histograms>
    <Metadata>
      <MDI key="STATISTICS_MINIMUM">276</MDI>
      <MDI key="STATISTICS_MAXIMUM">778</MDI>
      <MDI key="STATISTICS_MEAN">461.92888888889</MDI>
      <MDI key="STATISTICS_STDDEV">113.45027030421</MDI>
      <MDI key="STATISTICS_VALID_PERCENT">100</MDI>
    </Metadata>
  </PAMRasterBand>
  <PAMRasterBand band="2">
    <Histograms>
      <HistItem>
        <HistMin>217.6777777777778</HistMin>
        <HistMax>815.3222222222222</HistMax>
        <BucketCount>225</BucketCount>
        <IncludeOutOfRange>0</IncludeOutOfRange>
        <Approximate>0</Approximate>
        <HistCounts>1|0|1|0|2|1|0|4|0|1|0|1|8|0|4|1|1|0|1|0|3|2|1|0|2|1|0|0|2|0|1|0|1|0|1|1|0|1|0|1|0|0|0|0|2|2|0|0|0|2|0|2|3|1|0|2|0|1|4|0|1|2|1|1|1|0|0|1|1|1|1|1|2|1|2|3|2|0|3|5|1|2|1|2|3|3|1|0|0|0|5|2|0|2|2|3|8|1|2|1|1|7|1|1|5|2|2|1|7|2|1|0|1|3|2|1|2|2|4|2|0|1|3|1|1|1|6|0|0|0|1|0|1|0|2|2|1|0|0|0|0|0|1|0|0|3|0|1|0|1|0|1|0|1|1|0|1|1|0|2|0|0|1|0|0|0|0|0|0|0|1|1|0|1|0|0|0|0|0|0|0|1|0|1|0|0|0|0|0|0|0|0|0|0|1|0|0|0|0|0|0|0|0|0|0|0|0|1|0|0|2|1|0|1|0|1|0|0|0|0|0|1|0|0|1</HistCounts>
      </HistItem>
    </Histograms>
    <Metadata>
      <MDI key="STATISTICS_MINIMUM">219</MDI>
      <MDI key="STATISTICS_MAXIMUM">814</MDI>
      <MDI key="STATISTICS_MEAN">453.96444444444</MDI>
      <MDI key="STATISTICS_STDDEV">130.74238818813</MDI>
      <MDI key="STATISTICS_VALID_PERCENT">100</MDI>
    </Metadata>
  </PAMRasterBand>
  <PAMRasterBand band="3">
    <Histograms>
      <HistItem>
        <HistMin>236.6333333333333</HistMin>
        <HistMax>1306.366666666667</HistMax>
        <BucketCount>225</BucketCount>
        <IncludeOutOfRange>0</IncludeOutOfRange>
        <Approximate>0</Approximate>
        <HistCounts>1|0|1|0|0|0|3|3|0|3|3|1|3|1|1|1|3|2|2|4|0|0|2|1|0|0|2|0|1|2|0|0|0|2|0|1|1|1|2|0|1|0|0|0|1|0|0|0|2|0|0|1|1|0|5|3|4|8|1|3|1|3|5|5|7|6|5|3|5|2|3|1|1|0|2|0|6|1|3|2|0|0|3|1|2|1|1|0|1|1|3|3|2|2|0|2|1|2|1|1|1|1|1|0|3|1|1|1|2|0|1|0|1|0|0|1|0|1|0|2|1|0|0|0|0|0|2|2|1|1|0|1|0|0|1|0|0|2|2|0|3|0|1|1|0|1|0|2|0|0|2|0|0|1|0|1|0|0|2|0|2|0|0|1|0|0|0|0|1|0|1|0|0|0|0|0|0|0|1|1|0|0|0|0|1|0|0|0|0|0|0|0|0|0|0|0|0|0|0|0|0|0|0|0|0|0|2|0|1|0|0|1|0|0|2|0|0|0|1|0|0|0|0|0|1</HistCounts>
      </HistItem>
    </Histograms>
    <Metadata>
      <MDI key="STATISTICS_MINIMUM">239</MDI>
      <MDI key="STATISTICS_MAXIMUM">1304</MDI>
      <MDI key="STATISTICS_MEAN">613.28888888889</MDI>
      <MDI key="STATISTICS_STDDEV">232.94329517166</MDI>
      <MDI key="STATISTICS_VALID_PERCENT">100</MDI>
    </Metadata>
  </PAMRasterBand>
</PAMDataset>
