<PAMDataset>
  <PAMRasterBand band="1">
    <Histograms>
      <HistItem>
        <HistMin>290.9333333333333</HistMin>
        <HistMax>773.0666666666667</HistMax>
        <BucketCount>225</BucketCount>
        <IncludeOutOfRange>0</IncludeOutOfRange>
        <Approximate>0</Approximate>
        <HistCounts>1|0|1|0|0|0|0|0|0|1|0|0|0|0|2|0|0|1|0|1|1|1|0|0|1|0|1|1|0|0|0|1|0|1|1|3|0|1|2|2|0|0|0|0|2|2|3|2|2|3|2|1|2|2|2|2|1|3|4|5|4|1|0|3|4|0|1|1|0|4|3|3|2|1|0|1|0|1|2|2|3|4|1|2|2|0|3|1|0|0|0|0|0|1|1|1|2|3|1|1|1|2|3|1|5|1|1|0|1|4|1|2|3|6|3|4|1|1|2|4|2|0|3|1|1|2|5|0|1|2|4|1|0|0|1|0|1|0|1|0|1|1|2|1|2|1|0|4|0|1|2|0|2|0|4|1|1|1|0|1|0|1|0|0|0|0|1|0|1|0|0|0|0|0|0|0|1|0|0|0|0|0|0|0|0|0|1|0|1|0|0|0|0|0|0|0|0|0|0|0|0|0|0|0|0|0|0|0|1|0|0|0|0|0|0|0|0|0|0|0|0|0|0|0|2</HistCounts>
      </HistItem>
    </Histograms>
    <Metadata>
      <MDI key="STATISTICS_MINIMUM">292</MDI>
      <MDI key="STATISTICS_MAXIMUM">772</MDI>
      <MDI key="STATISTICS_MEAN">490.10666666667</MDI>
      <MDI key="STATISTICS_STDDEV">91.109005287317</MDI>
      <MDI key="STATISTICS_VALID_PERCENT">100</MDI>
    </Metadata>
  </PAMRasterBand>
  <PAMRasterBand band="2">
    <Histograms>
      <HistItem>
        <HistMin>252.06</HistMin>
        <HistMax>676.9400000000001</HistMax>
        <BucketCount>225</BucketCount>
        <IncludeOutOfRange>0</IncludeOutOfRange>
        <Approximate>0</Approximate>
        <HistCounts>1|0|0|0|1|0|0|0|0|0|0|1|0|1|0|0|0|0|0|0|1|1|2|0|0|1|0|0|0|2|2|1|0|1|0|1|0|0|1|0|1|1|1|0|0|0|0|2|1|2|2|2|3|3|0|0|1|3|0|1|1|0|1|0|0|0|1|0|4|1|3|0|1|3|1|5|2|1|1|3|2|1|0|5|2|1|1|3|4|1|0|2|0|0|0|1|1|0|1|1|2|2|2|2|2|2|3|2|0|4|1|1|1|0|1|2|0|2|1|2|0|0|1|0|1|0|1|0|4|1|3|1|3|4|2|1|3|2|1|2|2|0|1|0|2|0|3|2|1|1|0|0|0|4|0|1|0|2|1|2|3|2|1|0|0|1|0|0|3|2|0|0|0|1|6|1|0|1|3|0|0|1|2|0|0|0|0|0|0|0|0|0|0|0|0|0|1|0|1|0|0|2|2|1|2|1|0|3|1|1|1|1|0|0|0|0|0|0|1|0|1|0|0|0|1</HistCounts>
      </HistItem>
    </Histograms>
    <Metadata>
      <MDI key="STATISTICS_MINIMUM">253</MDI>
      <MDI key="STATISTICS_MAXIMUM">676</MDI>
      <MDI key="STATISTICS_MEAN">465.58666666667</MDI>
      <MDI key="STATISTICS_STDDEV">98.070826107122</MDI>
      <MDI key="STATISTICS_VALID_PERCENT">100</MDI>
    </Metadata>
  </PAMRasterBand>
  <PAMRasterBand band="3">
    <Histograms>
      <HistItem>
        <HistMin>335.5622222222222</HistMin>
        <HistMax>985.4377777777778</HistMax>
        <BucketCount>225</BucketCount>
        <IncludeOutOfRange>0</IncludeOutOfRange>
        <Approximate>0</Approximate>
        <HistCounts>1|0|0|0|0|0|0|1|0|0|1|0|1|1|0|1|0|0|1|1|0|1|0|1|0|0|0|1|0|0|0|0|0|0|2|0|2|1|1|1|2|1|0|1|0|1|1|1|0|1|3|0|0|1|1|2|1|0|0|2|1|1|1|2|1|1|0|1|0|1|2|2|0|0|2|2|1|1|2|3|2|2|3|1|3|0|1|1|3|3|2|1|4|3|0|2|1|1|0|1|0|0|2|1|0|0|1|1|2|2|6|1|0|3|3|1|1|1|3|0|0|1|0|1|1|1|1|0|1|1|0|0|2|1|0|0|1|2|1|0|0|0|1|1|0|1|5|3|0|1|0|0|1|1|2|4|1|0|2|2|3|1|0|3|1|1|0|4|1|0|1|2|1|2|0|0|2|0|2|1|2|1|2|2|1|1|2|1|2|3|0|0|0|2|0|0|0|1|1|0|0|0|1|0|0|0|0|0|0|2|3|2|0|3|1|0|2|1|1|0|1|0|0|0|1</HistCounts>
      </HistItem>
    </Histograms>
    <Metadata>
      <MDI key="STATISTICS_MINIMUM">337</MDI>
      <MDI key="STATISTICS_MAXIMUM">984</MDI>
      <MDI key="STATISTICS_MEAN">679.68</MDI>
      <MDI key="STATISTICS_STDDEV">160.51075367228</MDI>
      <MDI key="STATISTICS_VALID_PERCENT">100</MDI>
    </Metadata>
  </PAMRasterBand>
</PAMDataset>
