<PAMDataset>
  <PAMRasterBand band="1">
    <Histograms>
      <HistItem>
        <HistMin>245.5034722222222</HistMin>
        <HistMax>389.4965277777778</HistMax>
        <BucketCount>144</BucketCount>
        <IncludeOutOfRange>0</IncludeOutOfRange>
        <Approximate>0</Approximate>
        <HistCounts>1|2|2|0|1|1|1|1|3|1|0|2|0|2|2|0|0|1|1|1|2|6|0|1|2|3|3|0|2|0|2|5|3|2|0|0|3|2|2|1|1|2|2|2|1|5|2|2|4|3|3|6|1|5|2|1|3|3|3|9|2|6|1|2|5|4|3|2|1|3|3|1|5|3|1|4|6|0|1|0|0|2|0|0|1|3|3|0|0|2|1|0|1|1|0|1|0|2|3|3|2|0|0|1|2|0|1|0|1|2|0|1|1|1|0|0|0|1|0|1|0|0|0|0|1|1|0|0|2|0|0|1|3|0|2|0|1|0|1|1|0|0|0|1</HistCounts>
      </HistItem>
    </Histograms>
    <Metadata>
      <MDI key="STATISTICS_MINIMUM">246</MDI>
      <MDI key="STATISTICS_MAXIMUM">389</MDI>
      <MDI key="STATISTICS_MEAN">305.86222222222</MDI>
      <MDI key="STATISTICS_STDDEV">32.669029090691</MDI>
      <MDI key="STATISTICS_VALID_PERCENT">100</MDI>
    </Metadata>
  </PAMRasterBand>
  <PAMRasterBand band="2">
    <Histograms>
      <HistItem>
        <HistMin>194.5037878787879</HistMin>
        <HistMax>326.4962121212121</HistMax>
        <BucketCount>132</BucketCount>
        <IncludeOutOfRange>0</IncludeOutOfRange>
        <Approximate>0</Approximate>
        <HistCounts>2|3|1|0|0|1|1|2|4|1|4|4|1|2|1|3|2|1|4|5|4|4|2|0|0|4|0|3|1|4|1|0|0|1|3|2|2|3|1|4|4|5|2|2|5|5|6|5|3|2|5|3|4|3|5|1|6|4|3|1|4|1|5|1|4|3|0|1|0|1|0|4|2|2|0|0|2|0|1|2|1|0|2|0|1|1|2|2|0|0|4|0|0|1|3|1|0|1|0|2|0|0|1|2|0|1|1|3|0|0|1|1|1|1|0|0|0|0|1|0|0|0|0|0|1|0|0|0|0|1|0|1</HistCounts>
      </HistItem>
    </Histograms>
    <Metadata>
      <MDI key="STATISTICS_MINIMUM">195</MDI>
      <MDI key="STATISTICS_MAXIMUM">326</MDI>
      <MDI key="STATISTICS_MEAN">244.48</MDI>
      <MDI key="STATISTICS_STDDEV">29.253995738474</MDI>
      <MDI key="STATISTICS_VALID_PERCENT">100</MDI>
    </Metadata>
  </PAMRasterBand>
  <PAMRasterBand band="3">
    <Histograms>
      <HistItem>
        <HistMin>190.4622222222222</HistMin>
        <HistMax>433.5377777777778</HistMax>
        <BucketCount>225</BucketCount>
        <IncludeOutOfRange>0</IncludeOutOfRange>
        <Approximate>0</Approximate>
        <HistCounts>1|0|1|1|0|0|1|0|0|0|0|0|1|0|1|1|1|1|1|3|1|2|0|0|0|2|3|4|0|0|2|3|1|0|3|0|1|2|1|1|2|1|0|2|3|1|2|1|1|2|0|2|0|3|0|2|4|1|1|1|0|2|1|2|2|4|1|0|4|0|0|1|3|2|0|1|1|0|1|1|0|2|0|2|4|2|2|1|1|4|1|3|2|4|1|1|0|3|4|5|5|3|0|2|3|0|4|0|3|1|2|0|2|1|1|0|1|0|3|2|2|1|2|0|0|0|0|2|0|1|1|1|2|1|1|2|0|0|2|1|0|3|1|1|1|0|2|0|4|0|0|0|1|0|0|1|1|0|0|1|0|0|2|0|1|1|1|0|0|2|0|2|0|0|0|1|0|0|2|0|1|0|1|0|0|0|0|1|0|0|0|0|0|0|0|0|0|2|0|0|0|0|0|1|0|0|0|0|0|0|0|0|0|0|1|0|0|0|1|0|0|0|0|0|1</HistCounts>
      </HistItem>
    </Histograms>
    <Metadata>
      <MDI key="STATISTICS_MINIMUM">191</MDI>
      <MDI key="STATISTICS_MAXIMUM">433</MDI>
      <MDI key="STATISTICS_MEAN">287.89777777778</MDI>
      <MDI key="STATISTICS_STDDEV">51.940934355558</MDI>
      <MDI key="STATISTICS_VALID_PERCENT">100</MDI>
    </Metadata>
  </PAMRasterBand>
</PAMDataset>
