<PAMDataset>
  <PAMRasterBand band="1">
    <Histograms>
      <HistItem>
        <HistMin>227.5047619047619</HistMin>
        <HistMax>332.4952380952381</HistMax>
        <BucketCount>105</BucketCount>
        <IncludeOutOfRange>0</IncludeOutOfRange>
        <Approximate>0</Approximate>
        <HistCounts>1|0|0|0|1|0|1|1|0|2|0|1|0|2|0|0|0|0|0|1|0|2|0|0|0|1|1|0|0|0|1|0|1|2|0|1|2|2|2|0|1|3|3|2|4|2|5|5|11|7|5|5|10|4|8|10|11|3|3|12|6|3|3|8|6|6|4|1|7|3|4|3|1|1|4|4|0|2|2|1|0|1|1|3|1|1|1|0|2|0|1|0|0|0|1|0|0|1|0|1|1|0|1|0|1</HistCounts>
      </HistItem>
    </Histograms>
    <Metadata>
      <MDI key="STATISTICS_MINIMUM">228</MDI>
      <MDI key="STATISTICS_MAXIMUM">332</MDI>
      <MDI key="STATISTICS_MEAN">284.03111111111</MDI>
      <MDI key="STATISTICS_STDDEV">17.387451697797</MDI>
      <MDI key="STATISTICS_VALID_PERCENT">100</MDI>
    </Metadata>
  </PAMRasterBand>
  <PAMRasterBand band="2">
    <Histograms>
      <HistItem>
        <HistMin>175.5060975609756</HistMin>
        <HistMax>257.4939024390244</HistMax>
        <BucketCount>82</BucketCount>
        <IncludeOutOfRange>0</IncludeOutOfRange>
        <Approximate>0</Approximate>
        <HistCounts>1|0|0|0|1|0|1|0|0|2|1|2|0|1|1|1|0|0|2|1|0|0|0|0|1|2|2|2|1|5|2|7|6|6|8|5|9|8|8|6|13|6|9|5|6|12|9|9|3|3|5|10|3|7|5|2|4|2|7|0|0|0|1|1|2|0|1|0|1|0|2|1|0|1|0|0|0|0|0|1|1|1</HistCounts>
      </HistItem>
    </Histograms>
    <Metadata>
      <MDI key="STATISTICS_MINIMUM">176</MDI>
      <MDI key="STATISTICS_MAXIMUM">257</MDI>
      <MDI key="STATISTICS_MEAN">217.75555555556</MDI>
      <MDI key="STATISTICS_STDDEV">13.027075318659</MDI>
      <MDI key="STATISTICS_VALID_PERCENT">100</MDI>
    </Metadata>
  </PAMRasterBand>
  <PAMRasterBand band="3">
    <Histograms>
      <HistItem>
        <HistMin>204.505</HistMin>
        <HistMax>304.495</HistMax>
        <BucketCount>100</BucketCount>
        <IncludeOutOfRange>0</IncludeOutOfRange>
        <Approximate>0</Approximate>
        <HistCounts>1|0|0|0|1|0|1|2|1|2|0|1|1|3|0|1|1|1|1|5|3|4|2|2|2|0|1|1|0|4|3|3|2|2|0|3|1|1|3|3|2|1|0|1|1|3|1|1|0|1|1|1|5|0|5|1|1|3|1|1|3|4|9|7|4|5|1|5|4|6|3|5|5|3|7|7|4|3|2|3|7|8|1|2|5|5|3|1|2|2|1|0|2|1|2|0|0|0|0|1</HistCounts>
      </HistItem>
    </Histograms>
    <Metadata>
      <MDI key="STATISTICS_MINIMUM">205</MDI>
      <MDI key="STATISTICS_MAXIMUM">304</MDI>
      <MDI key="STATISTICS_MEAN">261.98222222222</MDI>
      <MDI key="STATISTICS_STDDEV">23.946415077454</MDI>
      <MDI key="STATISTICS_VALID_PERCENT">100</MDI>
    </Metadata>
  </PAMRasterBand>
</PAMDataset>
