<PAMDataset>
  <PAMRasterBand band="1">
    <Histograms>
      <HistItem>
        <HistMin>235.503355704698</HistMin>
        <HistMax>384.496644295302</HistMax>
        <BucketCount>149</BucketCount>
        <IncludeOutOfRange>0</IncludeOutOfRange>
        <Approximate>0</Approximate>
        <HistCounts>1|0|0|0|0|0|0|0|1|0|0|0|0|1|0|0|0|1|1|0|0|2|1|1|1|3|1|4|0|1|1|2|1|2|4|3|3|2|0|4|5|7|3|2|1|2|3|1|2|2|2|6|12|3|3|7|3|2|1|3|6|3|6|4|12|3|5|3|3|1|5|4|0|1|3|2|2|3|3|6|0|3|3|1|4|3|0|2|1|4|2|0|2|1|0|0|0|1|1|0|0|2|0|0|1|0|0|0|1|2|0|0|0|0|0|1|1|1|0|0|0|0|0|0|0|0|0|0|0|0|0|0|0|0|0|0|0|0|0|0|0|0|0|0|1|0|0|0|1</HistCounts>
      </HistItem>
    </Histograms>
    <Metadata>
      <MDI key="STATISTICS_MINIMUM">236</MDI>
      <MDI key="STATISTICS_MAXIMUM">384</MDI>
      <MDI key="STATISTICS_MEAN">295.76888888889</MDI>
      <MDI key="STATISTICS_STDDEV">22.947668215817</MDI>
      <MDI key="STATISTICS_VALID_PERCENT">100</MDI>
    </Metadata>
  </PAMRasterBand>
  <PAMRasterBand band="2">
    <Histograms>
      <HistItem>
        <HistMin>173.5044642857143</HistMin>
        <HistMax>285.4955357142857</HistMax>
        <BucketCount>112</BucketCount>
        <IncludeOutOfRange>0</IncludeOutOfRange>
        <Approximate>0</Approximate>
        <HistCounts>1|0|0|0|0|1|0|0|0|0|0|0|0|0|3|1|1|1|3|2|1|2|3|2|5|1|3|2|7|3|3|2|1|2|2|4|4|2|6|4|3|10|6|3|8|4|5|9|4|4|4|3|3|4|4|5|1|5|1|5|1|6|5|3|3|1|2|5|4|2|5|2|1|1|3|2|1|1|1|1|1|0|2|4|1|0|2|0|0|0|0|0|0|0|0|0|0|0|0|0|0|0|0|0|0|0|1|0|0|0|0|1</HistCounts>
      </HistItem>
    </Histograms>
    <Metadata>
      <MDI key="STATISTICS_MINIMUM">174</MDI>
      <MDI key="STATISTICS_MAXIMUM">285</MDI>
      <MDI key="STATISTICS_MEAN">221.99111111111</MDI>
      <MDI key="STATISTICS_STDDEV">18.669283414472</MDI>
      <MDI key="STATISTICS_VALID_PERCENT">100</MDI>
    </Metadata>
  </PAMRasterBand>
  <PAMRasterBand band="3">
    <Histograms>
      <HistItem>
        <HistMin>175.5042735042735</HistMin>
        <HistMax>292.4957264957265</HistMax>
        <BucketCount>117</BucketCount>
        <IncludeOutOfRange>0</IncludeOutOfRange>
        <Approximate>0</Approximate>
        <HistCounts>1|0|0|1|1|0|1|1|2|0|5|3|1|3|3|1|4|3|1|5|5|4|6|2|7|5|5|3|0|0|3|3|3|5|2|3|1|3|1|2|2|2|0|2|4|1|1|0|3|1|3|2|2|0|4|3|1|0|1|3|2|3|1|2|2|1|4|1|2|0|3|6|2|6|4|0|2|0|3|1|1|4|2|2|1|2|0|1|3|1|0|1|1|2|0|2|1|2|3|1|4|1|1|0|2|0|0|1|1|1|2|1|0|1|0|0|1</HistCounts>
      </HistItem>
    </Histograms>
    <Metadata>
      <MDI key="STATISTICS_MINIMUM">176</MDI>
      <MDI key="STATISTICS_MAXIMUM">292</MDI>
      <MDI key="STATISTICS_MEAN">226.80888888889</MDI>
      <MDI key="STATISTICS_STDDEV">29.902715017739</MDI>
      <MDI key="STATISTICS_VALID_PERCENT">100</MDI>
    </Metadata>
  </PAMRasterBand>
</PAMDataset>
