<PAMDataset>
  <PAMRasterBand band="1">
    <Histograms>
      <HistItem>
        <HistMin>356.0466666666667</HistMin>
        <HistMax>786.9533333333334</HistMax>
        <BucketCount>225</BucketCount>
        <IncludeOutOfRange>0</IncludeOutOfRange>
        <Approximate>0</Approximate>
        <HistCounts>1|1|0|1|0|0|0|1|0|0|0|1|0|0|3|1|0|0|2|1|1|3|1|3|1|1|4|0|6|6|3|9|7|6|2|2|4|4|6|2|2|8|9|8|7|2|2|2|1|3|6|4|3|4|3|3|1|1|2|4|2|1|0|2|1|1|1|1|2|1|3|0|3|1|2|0|1|1|2|2|1|0|0|0|0|4|0|2|1|0|2|1|0|1|0|0|2|1|0|0|0|3|3|1|0|0|0|0|1|0|0|0|0|0|0|0|1|0|0|0|0|0|0|0|1|0|0|0|0|0|0|0|1|0|0|0|0|0|0|0|0|0|0|0|1|2|1|0|0|0|0|0|0|0|1|0|0|0|0|0|0|0|0|0|1|0|0|0|0|0|0|1|0|0|0|0|0|1|0|0|0|0|0|0|0|0|0|1|0|0|0|0|0|0|0|0|1|0|0|0|0|0|0|1|0|0|0|0|0|0|0|1|0|1|0|0|0|0|0|0|0|0|0|0|1</HistCounts>
      </HistItem>
    </Histograms>
    <Metadata>
      <MDI key="STATISTICS_MINIMUM">357</MDI>
      <MDI key="STATISTICS_MAXIMUM">786</MDI>
      <MDI key="STATISTICS_MEAN">465.91111111111</MDI>
      <MDI key="STATISTICS_STDDEV">75.384767757661</MDI>
      <MDI key="STATISTICS_VALID_PERCENT">100</MDI>
    </Metadata>
  </PAMRasterBand>
  <PAMRasterBand band="2">
    <Histograms>
      <HistItem>
        <HistMin>322.8177777777778</HistMin>
        <HistMax>857.1822222222222</HistMax>
        <BucketCount>225</BucketCount>
        <IncludeOutOfRange>0</IncludeOutOfRange>
        <Approximate>0</Approximate>
        <HistCounts>1|1|0|0|0|1|0|2|1|1|0|2|0|2|2|2|5|2|1|3|2|5|1|2|3|4|6|7|6|12|6|5|15|8|6|7|3|4|4|0|3|6|1|0|4|5|2|3|2|0|2|3|1|0|1|2|2|1|2|2|1|2|0|1|2|0|1|1|3|3|3|0|0|1|2|0|1|1|1|0|0|2|1|2|0|2|2|0|0|0|0|0|0|0|0|0|1|0|0|1|0|0|0|0|0|0|0|1|0|0|0|0|0|0|0|0|0|0|0|1|2|0|0|0|0|0|0|0|0|0|0|0|0|0|0|0|0|0|0|0|0|0|0|0|0|0|0|0|1|0|0|1|0|0|0|0|0|0|0|0|0|1|0|0|0|0|0|0|0|0|0|0|0|1|0|0|0|1|1|0|0|0|1|0|0|0|0|0|0|0|0|0|0|0|0|1|0|0|0|0|0|0|0|0|0|0|1|1|0|1|0|0|0|0|0|0|0|0|0|0|1|0|0|0|1</HistCounts>
      </HistItem>
    </Histograms>
    <Metadata>
      <MDI key="STATISTICS_MINIMUM">324</MDI>
      <MDI key="STATISTICS_MAXIMUM">856</MDI>
      <MDI key="STATISTICS_MEAN">439.56888888889</MDI>
      <MDI key="STATISTICS_STDDEV">96.977871066255</MDI>
      <MDI key="STATISTICS_VALID_PERCENT">100</MDI>
    </Metadata>
  </PAMRasterBand>
  <PAMRasterBand band="3">
    <Histograms>
      <HistItem>
        <HistMin>412.9022222222222</HistMin>
        <HistMax>1361.097777777778</HistMax>
        <BucketCount>225</BucketCount>
        <IncludeOutOfRange>0</IncludeOutOfRange>
        <Approximate>0</Approximate>
        <HistCounts>1|1|0|0|1|3|0|0|1|2|2|4|3|1|4|0|3|5|2|5|1|3|2|2|1|5|1|1|1|5|7|8|5|6|6|3|6|8|7|6|6|2|4|4|0|5|4|2|4|5|2|3|4|1|3|0|1|3|4|2|2|1|1|2|2|1|2|0|1|0|3|0|1|0|2|1|1|0|0|1|0|0|0|1|0|1|0|0|0|1|1|0|0|0|0|0|0|0|0|1|0|1|0|0|0|0|1|0|0|0|0|2|0|0|0|0|0|1|0|0|0|0|0|0|0|0|0|0|0|0|0|0|0|0|0|0|0|0|0|0|0|0|0|0|0|0|0|1|1|0|0|0|0|0|0|0|0|0|0|1|0|0|1|0|0|0|0|0|0|0|0|0|0|0|0|0|0|1|0|0|0|0|1|0|1|0|0|0|0|0|0|0|0|0|0|0|0|0|0|0|0|2|0|0|0|0|2|0|0|0|0|0|0|0|0|0|0|1|0|0|0|0|0|0|1</HistCounts>
      </HistItem>
    </Histograms>
    <Metadata>
      <MDI key="STATISTICS_MINIMUM">415</MDI>
      <MDI key="STATISTICS_MAXIMUM">1359</MDI>
      <MDI key="STATISTICS_MEAN">618.09333333333</MDI>
      <MDI key="STATISTICS_STDDEV">169.70700293283</MDI>
      <MDI key="STATISTICS_VALID_PERCENT">100</MDI>
    </Metadata>
  </PAMRasterBand>
</PAMDataset>
