<PAMDataset>
  <PAMRasterBand band="1">
    <Histograms>
      <HistItem>
        <HistMin>270.5022421524664</HistMin>
        <HistMax>493.4977578475336</HistMax>
        <BucketCount>223</BucketCount>
        <IncludeOutOfRange>0</IncludeOutOfRange>
        <Approximate>0</Approximate>
        <HistCounts>1|2|1|2|2|5|4|2|1|0|0|0|1|2|1|1|2|1|2|1|3|3|2|3|2|0|1|1|0|3|3|2|1|4|2|1|1|0|1|2|3|0|1|2|2|2|0|2|2|5|2|1|6|2|1|1|1|6|1|3|0|2|2|2|0|0|0|1|1|1|1|4|0|1|1|0|3|2|2|0|0|0|3|1|0|0|1|1|0|0|1|0|0|1|1|0|0|0|0|1|0|0|0|0|1|0|0|0|0|0|0|0|0|0|0|0|0|2|0|0|2|0|0|0|0|0|0|0|0|0|0|0|0|0|0|0|0|1|1|0|1|2|3|1|0|0|1|2|0|2|0|1|1|1|2|0|6|2|0|0|0|1|0|0|2|1|0|0|0|0|0|0|1|0|0|1|0|2|1|2|3|1|0|2|0|2|2|1|2|3|4|0|0|1|1|1|0|0|2|1|1|0|1|1|1|0|0|1|0|1|0|1|1|0|0|0|1|2|0|1|0|1|1</HistCounts>
      </HistItem>
    </Histograms>
    <Metadata>
      <MDI key="STATISTICS_MINIMUM">271</MDI>
      <MDI key="STATISTICS_MAXIMUM">493</MDI>
      <MDI key="STATISTICS_MEAN">361.05777777778</MDI>
      <MDI key="STATISTICS_STDDEV">68.358279963046</MDI>
      <MDI key="STATISTICS_VALID_PERCENT">100</MDI>
    </Metadata>
  </PAMRasterBand>
  <PAMRasterBand band="2">
    <Histograms>
      <HistItem>
        <HistMin>200.5027472527472</HistMin>
        <HistMax>382.4972527472527</HistMax>
        <BucketCount>182</BucketCount>
        <IncludeOutOfRange>0</IncludeOutOfRange>
        <Approximate>0</Approximate>
        <HistCounts>2|0|3|1|7|4|2|2|2|1|1|2|2|3|0|3|1|2|0|1|2|4|1|5|4|2|4|2|1|5|3|0|1|6|2|7|0|1|2|2|3|3|0|1|2|2|1|0|1|2|2|5|5|2|0|4|1|1|0|3|1|2|2|0|0|0|0|0|1|1|1|0|0|0|0|2|0|0|0|0|1|1|0|0|0|0|0|2|1|0|0|0|0|0|1|0|0|0|0|0|0|0|0|0|0|0|0|0|0|0|0|0|0|0|0|0|0|0|0|0|0|0|0|0|0|0|0|0|0|0|0|0|0|0|0|0|0|0|0|0|0|1|0|0|2|1|1|1|2|0|0|0|1|1|0|1|0|2|1|2|0|1|1|3|3|8|3|1|6|6|11|4|4|3|2|1|0|4|0|0|0|1</HistCounts>
      </HistItem>
    </Histograms>
    <Metadata>
      <MDI key="STATISTICS_MINIMUM">201</MDI>
      <MDI key="STATISTICS_MAXIMUM">382</MDI>
      <MDI key="STATISTICS_MEAN">280.30222222222</MDI>
      <MDI key="STATISTICS_STDDEV">65.240186963724</MDI>
      <MDI key="STATISTICS_VALID_PERCENT">100</MDI>
    </Metadata>
  </PAMRasterBand>
  <PAMRasterBand band="3">
    <Histograms>
      <HistItem>
        <HistMin>192.3355555555555</HistMin>
        <HistMax>492.6644444444444</HistMax>
        <BucketCount>225</BucketCount>
        <IncludeOutOfRange>0</IncludeOutOfRange>
        <Approximate>0</Approximate>
        <HistCounts>1|4|2|6|3|0|5|9|3|3|3|0|0|2|2|2|0|2|1|3|3|3|4|0|3|3|3|4|14|10|6|9|1|5|7|2|0|0|3|0|0|0|0|0|0|0|0|0|0|0|0|1|0|0|0|0|0|0|0|0|0|0|0|1|1|2|0|0|0|0|0|2|1|0|0|0|2|0|1|1|0|0|2|0|1|0|0|0|0|0|0|0|0|1|0|0|0|0|0|0|0|0|0|0|0|0|0|0|0|0|0|0|0|0|0|0|0|0|0|0|0|0|0|0|0|0|0|0|0|0|0|0|0|0|0|0|0|0|1|0|0|1|1|0|1|4|0|0|1|0|1|0|1|0|0|0|0|1|0|0|1|1|0|0|0|0|0|0|0|1|1|1|0|0|2|5|2|1|0|2|1|0|0|0|1|1|0|2|1|5|1|0|0|4|1|1|2|1|1|2|1|1|3|0|2|4|1|2|4|0|2|1|0|1|1|1|0|0|0|0|0|0|0|0|1</HistCounts>
      </HistItem>
    </Histograms>
    <Metadata>
      <MDI key="STATISTICS_MINIMUM">193</MDI>
      <MDI key="STATISTICS_MAXIMUM">492</MDI>
      <MDI key="STATISTICS_MEAN">301.88</MDI>
      <MDI key="STATISTICS_STDDEV">104.4834013399</MDI>
      <MDI key="STATISTICS_VALID_PERCENT">100</MDI>
    </Metadata>
  </PAMRasterBand>
</PAMDataset>
