<PAMDataset>
  <PAMRasterBand band="1">
    <Histograms>
      <HistItem>
        <HistMin>217.5822222222222</HistMin>
        <HistMax>858.4177777777778</HistMax>
        <BucketCount>225</BucketCount>
        <IncludeOutOfRange>0</IncludeOutOfRange>
        <Approximate>0</Approximate>
        <HistCounts>1|0|1|0|0|1|0|1|0|1|0|0|0|2|0|1|0|0|1|1|0|0|0|0|0|1|0|2|0|0|1|0|0|0|0|0|1|1|2|2|0|0|1|1|1|1|1|0|1|0|0|0|1|0|0|0|0|1|0|1|0|1|1|0|0|1|2|0|0|3|1|3|1|1|4|5|1|5|0|1|1|2|2|1|0|2|0|0|1|0|0|2|1|1|0|1|2|0|2|2|2|1|0|1|1|3|1|2|3|2|3|3|6|7|2|2|2|2|4|0|3|0|2|2|0|2|3|2|0|1|5|4|2|1|2|1|2|1|3|2|2|1|0|0|3|0|3|4|0|1|2|4|2|2|0|0|1|2|1|0|2|0|1|1|1|1|0|2|0|0|0|1|0|1|1|0|0|1|0|0|0|2|1|2|0|0|0|1|0|1|0|1|0|0|0|0|0|1|1|2|1|1|0|0|1|0|0|0|0|3|1|0|0|0|0|0|1|0|0|0|0|0|0|0|1</HistCounts>
      </HistItem>
    </Histograms>
    <Metadata>
      <MDI key="STATISTICS_MINIMUM">219</MDI>
      <MDI key="STATISTICS_MAXIMUM">857</MDI>
      <MDI key="STATISTICS_MEAN">539.31111111111</MDI>
      <MDI key="STATISTICS_STDDEV">135.43517058762</MDI>
      <MDI key="STATISTICS_VALID_PERCENT">100</MDI>
    </Metadata>
  </PAMRasterBand>
  <PAMRasterBand band="2">
    <Histograms>
      <HistItem>
        <HistMin>240.7244444444445</HistMin>
        <HistMax>817.2755555555556</HistMax>
        <BucketCount>225</BucketCount>
        <IncludeOutOfRange>0</IncludeOutOfRange>
        <Approximate>0</Approximate>
        <HistCounts>1|0|1|1|1|0|1|1|1|0|0|3|0|1|0|1|0|1|0|0|0|0|0|0|0|0|1|1|1|0|3|0|2|1|0|0|1|0|0|1|0|0|0|0|2|0|0|0|0|0|1|0|2|2|1|0|0|1|1|0|1|0|0|0|1|1|2|0|1|1|1|0|3|0|2|4|1|2|3|1|0|1|0|2|1|1|0|2|1|1|2|3|0|1|3|3|1|1|1|1|2|0|0|2|1|1|0|2|1|1|1|1|1|0|0|0|2|1|0|1|0|0|2|1|1|1|4|1|1|1|3|1|2|3|0|1|2|6|1|4|3|0|3|0|2|0|0|1|1|1|2|5|1|1|1|5|0|0|1|1|2|1|3|0|0|1|2|0|0|0|1|1|1|2|2|0|1|0|4|0|2|1|1|2|3|0|0|1|1|1|1|1|0|0|0|0|2|0|0|0|1|1|1|3|1|1|1|2|0|0|1|0|0|1|0|1|2|1|1|1|2|0|0|3|1</HistCounts>
      </HistItem>
    </Histograms>
    <Metadata>
      <MDI key="STATISTICS_MINIMUM">242</MDI>
      <MDI key="STATISTICS_MAXIMUM">816</MDI>
      <MDI key="STATISTICS_MEAN">554.59555555556</MDI>
      <MDI key="STATISTICS_STDDEV">147.16482362841</MDI>
      <MDI key="STATISTICS_VALID_PERCENT">100</MDI>
    </Metadata>
  </PAMRasterBand>
  <PAMRasterBand band="3">
    <Histograms>
      <HistItem>
        <HistMin>294.8155555555555</HistMin>
        <HistMax>1282.184444444444</HistMax>
        <BucketCount>225</BucketCount>
        <IncludeOutOfRange>0</IncludeOutOfRange>
        <Approximate>0</Approximate>
        <HistCounts>1|0|0|2|0|1|1|0|0|0|2|0|1|0|1|1|0|0|2|2|1|0|0|2|1|0|0|0|0|0|0|0|0|0|0|2|1|0|1|1|0|1|1|0|0|0|0|0|1|1|1|1|1|0|1|1|0|1|1|0|0|0|1|0|2|0|0|0|0|0|1|2|0|1|0|0|3|0|1|1|3|2|2|1|1|1|3|1|0|3|3|1|1|3|1|1|0|2|1|2|2|1|3|4|0|0|0|0|4|3|1|0|0|2|1|1|0|1|0|1|3|0|1|0|1|1|0|0|2|0|2|2|1|0|3|1|1|1|0|1|0|4|4|2|2|3|3|2|1|1|1|3|1|5|2|0|2|4|2|1|1|2|4|0|3|0|1|1|2|0|1|2|3|2|1|1|1|2|3|0|3|1|0|3|0|0|2|1|0|2|2|1|1|1|0|1|4|2|3|1|1|0|0|0|0|0|0|0|0|0|0|0|0|0|0|0|0|0|0|0|0|0|0|0|1</HistCounts>
      </HistItem>
    </Histograms>
    <Metadata>
      <MDI key="STATISTICS_MINIMUM">297</MDI>
      <MDI key="STATISTICS_MAXIMUM">1280</MDI>
      <MDI key="STATISTICS_MEAN">825.44888888889</MDI>
      <MDI key="STATISTICS_STDDEV">232.28979661164</MDI>
      <MDI key="STATISTICS_VALID_PERCENT">100</MDI>
    </Metadata>
  </PAMRasterBand>
</PAMDataset>
