<PAMDataset>
  <PAMRasterBand band="1">
    <Histograms>
      <HistItem>
        <HistMin>260.5038167938931</HistMin>
        <HistMax>391.4961832061069</HistMax>
        <BucketCount>131</BucketCount>
        <IncludeOutOfRange>0</IncludeOutOfRange>
        <Approximate>0</Approximate>
        <HistCounts>1|1|0|2|1|1|0|0|0|0|0|1|2|0|2|2|0|1|0|1|1|1|2|1|1|0|0|1|1|1|1|0|2|1|1|1|1|1|0|2|4|0|1|2|2|1|0|1|2|2|2|1|2|2|1|2|0|3|4|2|3|1|3|3|3|0|1|2|2|6|1|0|2|3|0|0|3|3|1|3|1|1|2|1|1|1|5|2|6|6|2|3|4|6|7|5|1|3|4|4|2|3|4|2|4|2|4|1|6|0|2|3|0|3|4|2|0|0|2|0|1|2|1|0|0|0|2|0|0|1|1</HistCounts>
      </HistItem>
    </Histograms>
    <Metadata>
      <MDI key="STATISTICS_MINIMUM">261</MDI>
      <MDI key="STATISTICS_MAXIMUM">391</MDI>
      <MDI key="STATISTICS_MEAN">335.85333333333</MDI>
      <MDI key="STATISTICS_STDDEV">30.95819116163</MDI>
      <MDI key="STATISTICS_VALID_PERCENT">100</MDI>
    </Metadata>
  </PAMRasterBand>
  <PAMRasterBand band="2">
    <Histograms>
      <HistItem>
        <HistMin>215.503164556962</HistMin>
        <HistMax>373.496835443038</HistMax>
        <BucketCount>158</BucketCount>
        <IncludeOutOfRange>0</IncludeOutOfRange>
        <Approximate>0</Approximate>
        <HistCounts>3|0|2|1|0|0|0|0|1|0|4|1|0|2|0|2|1|3|1|1|0|1|1|2|1|2|0|1|3|1|1|0|0|2|2|1|2|3|0|2|2|3|0|1|5|1|0|2|1|1|4|1|2|0|2|2|2|1|4|3|2|3|2|0|2|0|2|2|2|3|1|2|2|2|0|0|2|2|2|3|4|0|1|0|2|3|1|0|1|1|2|1|0|1|0|0|0|1|3|0|2|0|1|1|1|0|1|0|2|2|2|3|2|2|3|3|0|3|5|0|3|2|3|2|0|1|1|3|3|1|5|3|2|1|1|1|1|0|1|1|3|2|0|1|0|1|1|1|0|3|1|2|0|1|0|1|0|1</HistCounts>
      </HistItem>
    </Histograms>
    <Metadata>
      <MDI key="STATISTICS_MINIMUM">216</MDI>
      <MDI key="STATISTICS_MAXIMUM">373</MDI>
      <MDI key="STATISTICS_MEAN">295.36888888889</MDI>
      <MDI key="STATISTICS_STDDEV">42.589533519776</MDI>
      <MDI key="STATISTICS_VALID_PERCENT">100</MDI>
    </Metadata>
  </PAMRasterBand>
  <PAMRasterBand band="3">
    <Histograms>
      <HistItem>
        <HistMin>262.4133333333334</HistMin>
        <HistMax>527.5866666666667</HistMax>
        <BucketCount>225</BucketCount>
        <IncludeOutOfRange>0</IncludeOutOfRange>
        <Approximate>0</Approximate>
        <HistCounts>2|0|2|1|1|0|0|0|1|0|0|1|0|1|1|1|5|1|1|2|0|0|3|1|1|3|1|1|1|0|2|1|0|0|0|1|0|1|1|1|3|0|2|2|1|1|1|2|3|2|1|2|2|1|1|1|0|2|0|5|3|5|4|1|0|0|1|1|0|1|2|0|3|0|1|4|2|3|3|0|0|1|0|1|1|0|1|3|1|0|0|1|1|0|1|1|1|1|0|0|0|0|1|1|1|0|2|2|1|0|0|0|2|0|0|0|0|0|1|0|0|1|0|0|0|0|0|0|0|0|0|0|1|0|0|2|0|1|0|0|0|0|0|2|0|0|0|1|3|0|0|4|2|1|1|0|0|0|0|0|0|0|0|1|0|0|0|0|0|0|0|1|0|0|0|1|1|0|1|2|0|2|2|0|1|1|3|0|2|0|0|0|0|1|1|0|0|3|2|6|1|2|0|0|8|0|4|4|0|2|4|4|1|2|2|0|5|2|0|1|0|3|0|0|1</HistCounts>
      </HistItem>
    </Histograms>
    <Metadata>
      <MDI key="STATISTICS_MINIMUM">263</MDI>
      <MDI key="STATISTICS_MAXIMUM">527</MDI>
      <MDI key="STATISTICS_MEAN">395.72888888889</MDI>
      <MDI key="STATISTICS_STDDEV">85.271291566576</MDI>
      <MDI key="STATISTICS_VALID_PERCENT">100</MDI>
    </Metadata>
  </PAMRasterBand>
</PAMDataset>
