<PAMDataset>
  <PAMRasterBand band="1">
    <Histograms>
      <HistItem>
        <HistMin>230.3044444444444</HistMin>
        <HistMax>544.6955555555555</HistMax>
        <BucketCount>225</BucketCount>
        <IncludeOutOfRange>0</IncludeOutOfRange>
        <Approximate>0</Approximate>
        <HistCounts>1|0|0|0|0|1|2|0|0|0|0|1|1|1|0|0|1|0|0|1|0|1|1|0|1|0|1|0|2|1|0|2|1|0|5|1|3|1|1|5|1|0|2|0|1|1|3|1|0|5|2|2|5|1|2|1|0|4|4|2|3|2|5|0|5|2|3|8|3|8|2|1|2|7|3|2|2|4|2|3|3|2|5|1|5|2|1|2|1|2|0|3|3|0|2|0|1|1|3|0|0|0|0|1|0|2|1|1|0|0|0|0|1|0|1|1|1|1|0|0|0|0|1|0|1|1|0|1|0|1|0|0|2|0|2|0|0|0|0|0|0|0|0|1|0|1|2|0|0|0|0|1|0|0|0|1|1|1|0|0|1|0|0|0|1|1|0|2|0|2|1|0|1|0|1|0|0|0|0|0|0|0|1|0|1|0|0|0|0|0|1|1|1|1|0|0|0|0|1|0|0|0|1|0|0|1|0|0|0|0|0|0|0|0|1|0|0|0|1|0|0|0|0|0|1</HistCounts>
      </HistItem>
    </Histograms>
    <Metadata>
      <MDI key="STATISTICS_MINIMUM">231</MDI>
      <MDI key="STATISTICS_MAXIMUM">544</MDI>
      <MDI key="STATISTICS_MEAN">344.34666666667</MDI>
      <MDI key="STATISTICS_STDDEV">63.683416993751</MDI>
      <MDI key="STATISTICS_VALID_PERCENT">100</MDI>
    </Metadata>
  </PAMRasterBand>
  <PAMRasterBand band="2">
    <Histograms>
      <HistItem>
        <HistMin>206.4222222222222</HistMin>
        <HistMax>467.5777777777778</HistMax>
        <BucketCount>225</BucketCount>
        <IncludeOutOfRange>0</IncludeOutOfRange>
        <Approximate>0</Approximate>
        <HistCounts>1|1|0|1|0|1|1|1|1|2|0|2|0|0|0|0|3|0|0|2|3|1|2|0|2|3|2|3|5|2|1|0|0|1|2|0|1|6|3|2|6|1|3|2|1|4|2|7|5|2|4|4|1|7|2|5|1|2|1|4|3|1|0|3|1|6|2|1|3|2|1|3|6|2|3|2|0|1|1|2|0|1|0|2|2|1|0|0|1|2|1|1|0|1|0|0|0|0|1|2|0|1|0|0|1|0|1|0|0|2|1|0|0|1|1|0|0|1|1|0|0|0|0|1|0|0|0|2|0|0|0|0|0|0|0|1|2|1|0|0|0|0|1|0|0|0|0|0|2|0|1|0|0|0|0|1|0|0|1|0|0|1|1|0|0|1|0|0|1|0|0|1|1|0|2|0|0|0|0|0|2|0|0|0|3|0|0|2|1|1|0|0|0|0|0|0|0|0|0|0|1|0|2|0|0|0|0|1|1|0|1|1|0|0|0|0|0|0|0|0|0|0|0|0|1</HistCounts>
      </HistItem>
    </Histograms>
    <Metadata>
      <MDI key="STATISTICS_MINIMUM">207</MDI>
      <MDI key="STATISTICS_MAXIMUM">467</MDI>
      <MDI key="STATISTICS_MEAN">291.44888888889</MDI>
      <MDI key="STATISTICS_STDDEV">59.403690952376</MDI>
      <MDI key="STATISTICS_VALID_PERCENT">100</MDI>
    </Metadata>
  </PAMRasterBand>
  <PAMRasterBand band="3">
    <Histograms>
      <HistItem>
        <HistMin>272.2733333333333</HistMin>
        <HistMax>600.7266666666667</HistMax>
        <BucketCount>225</BucketCount>
        <IncludeOutOfRange>0</IncludeOutOfRange>
        <Approximate>0</Approximate>
        <HistCounts>1|0|2|0|1|2|0|0|2|1|1|1|0|2|1|2|3|0|1|2|1|4|2|5|1|2|2|2|4|4|2|0|4|2|6|2|2|1|5|0|4|1|1|2|3|3|2|6|1|5|0|4|4|1|4|7|4|2|3|2|4|0|2|1|1|2|4|0|1|0|1|2|1|2|1|1|0|1|0|2|0|1|0|0|3|0|1|0|1|0|2|0|1|1|0|0|1|1|1|0|0|1|0|1|0|0|0|0|1|0|1|1|1|1|1|1|1|1|0|0|0|1|0|1|0|1|1|1|0|0|0|0|0|0|1|1|0|1|1|0|0|0|0|0|1|0|1|1|0|0|0|0|0|1|0|1|0|0|0|1|1|0|2|0|0|0|0|1|0|0|0|0|3|0|0|1|1|0|0|1|0|0|0|0|1|0|0|0|0|2|1|2|1|0|0|0|1|1|0|0|0|1|0|1|0|0|1|1|0|0|1|0|0|1|0|1|0|0|0|0|0|0|1|0|1</HistCounts>
      </HistItem>
    </Histograms>
    <Metadata>
      <MDI key="STATISTICS_MINIMUM">273</MDI>
      <MDI key="STATISTICS_MAXIMUM">600</MDI>
      <MDI key="STATISTICS_MEAN">378.32888888889</MDI>
      <MDI key="STATISTICS_STDDEV">81.187291348728</MDI>
      <MDI key="STATISTICS_VALID_PERCENT">100</MDI>
    </Metadata>
  </PAMRasterBand>
</PAMDataset>
