<PAMDataset>
  <PAMRasterBand band="1">
    <Histograms>
      <HistItem>
        <HistMin>249.08</HistMin>
        <HistMax>664.92</HistMax>
        <BucketCount>225</BucketCount>
        <IncludeOutOfRange>0</IncludeOutOfRange>
        <Approximate>0</Approximate>
        <HistCounts>1|1|2|0|1|1|0|2|0|0|2|2|2|0|1|2|2|3|1|0|0|2|4|3|2|3|1|0|2|2|2|2|2|0|3|1|2|3|1|1|0|2|1|1|0|2|2|1|0|3|3|1|1|2|1|3|0|0|2|2|0|2|0|2|1|0|2|1|1|3|2|3|0|1|2|3|0|0|2|0|1|1|1|1|2|2|0|2|1|2|1|4|1|0|4|1|2|1|5|1|2|4|1|2|0|1|3|4|2|4|0|0|1|1|0|3|3|2|2|1|0|0|1|0|1|0|1|2|3|0|0|1|0|1|0|0|0|0|0|2|1|2|0|1|0|1|1|2|2|0|0|0|1|0|1|1|1|1|1|1|0|1|1|2|0|0|0|1|1|0|0|0|1|0|0|0|0|0|0|0|0|0|0|0|0|0|2|0|0|0|1|0|1|0|0|0|1|1|0|0|0|1|0|0|0|0|0|0|0|0|0|0|0|0|1|0|0|0|0|0|0|0|0|0|1</HistCounts>
      </HistItem>
    </Histograms>
    <Metadata>
      <MDI key="STATISTICS_MINIMUM">250</MDI>
      <MDI key="STATISTICS_MAXIMUM">664</MDI>
      <MDI key="STATISTICS_MEAN">400.57333333333</MDI>
      <MDI key="STATISTICS_STDDEV">92.285524084526</MDI>
      <MDI key="STATISTICS_VALID_PERCENT">100</MDI>
    </Metadata>
  </PAMRasterBand>
  <PAMRasterBand band="2">
    <Histograms>
      <HistItem>
        <HistMin>192.1155555555555</HistMin>
        <HistMax>591.8844444444444</HistMax>
        <BucketCount>225</BucketCount>
        <IncludeOutOfRange>0</IncludeOutOfRange>
        <Approximate>0</Approximate>
        <HistCounts>1|1|0|0|0|0|0|2|0|0|2|1|1|1|3|3|2|1|2|2|2|6|1|2|1|1|4|1|3|4|0|3|3|1|2|4|0|2|2|1|0|1|2|1|0|2|1|1|0|0|4|4|2|0|2|2|1|2|0|1|0|4|0|1|1|2|1|0|0|1|1|1|1|0|2|0|0|2|0|0|2|1|2|5|0|1|3|4|1|2|0|2|3|0|1|2|2|2|2|1|6|5|2|5|2|2|1|3|1|1|4|1|0|2|0|0|1|0|0|0|1|0|1|0|0|1|0|0|1|0|0|2|2|0|1|1|1|0|0|0|1|1|2|0|1|0|0|1|0|0|0|0|1|0|0|1|1|0|2|2|1|0|1|0|0|1|0|0|1|0|0|2|0|0|1|0|3|1|0|0|1|1|0|0|0|0|1|0|0|1|0|1|1|0|0|0|0|0|0|0|0|0|0|0|1|0|0|0|0|0|0|0|0|0|0|0|1|0|0|0|0|0|0|0|2</HistCounts>
      </HistItem>
    </Histograms>
    <Metadata>
      <MDI key="STATISTICS_MINIMUM">193</MDI>
      <MDI key="STATISTICS_MAXIMUM">591</MDI>
      <MDI key="STATISTICS_MEAN">336.65777777778</MDI>
      <MDI key="STATISTICS_STDDEV">91.344297368409</MDI>
      <MDI key="STATISTICS_VALID_PERCENT">100</MDI>
    </Metadata>
  </PAMRasterBand>
  <PAMRasterBand band="3">
    <Histograms>
      <HistItem>
        <HistMin>183.8688888888889</HistMin>
        <HistMax>695.1311111111111</HistMax>
        <BucketCount>225</BucketCount>
        <IncludeOutOfRange>0</IncludeOutOfRange>
        <Approximate>0</Approximate>
        <HistCounts>1|0|2|3|0|1|2|1|1|1|0|2|0|1|1|1|2|3|3|0|1|2|1|4|1|2|1|1|2|4|0|2|3|4|0|2|0|3|3|1|4|0|1|0|4|0|0|0|0|0|0|3|0|0|0|4|3|0|0|2|1|2|3|2|4|2|1|0|0|0|1|2|0|2|0|1|0|4|1|2|1|0|0|1|1|0|2|1|2|3|1|3|2|1|2|4|2|3|3|6|3|3|3|2|2|3|1|2|1|1|1|1|0|0|1|2|1|0|0|0|0|1|0|1|0|2|2|1|0|1|0|0|1|0|0|0|1|0|0|0|0|0|0|2|0|1|0|1|1|1|2|2|0|0|1|0|0|0|0|0|0|0|1|0|1|0|0|2|0|0|0|0|0|0|0|1|0|3|1|0|0|0|0|0|0|0|1|0|0|2|1|1|0|1|1|0|0|1|0|3|1|1|0|0|0|0|0|0|2|0|0|1|0|0|0|0|0|0|0|0|0|0|1|1|1</HistCounts>
      </HistItem>
    </Histograms>
    <Metadata>
      <MDI key="STATISTICS_MINIMUM">185</MDI>
      <MDI key="STATISTICS_MAXIMUM">694</MDI>
      <MDI key="STATISTICS_MEAN">376.55555555556</MDI>
      <MDI key="STATISTICS_STDDEV">126.30361225688</MDI>
      <MDI key="STATISTICS_VALID_PERCENT">100</MDI>
    </Metadata>
  </PAMRasterBand>
</PAMDataset>
