<PAMDataset>
  <PAMRasterBand band="1">
    <Histograms>
      <HistItem>
        <HistMin>227.5040650406504</HistMin>
        <HistMax>350.4959349593496</HistMax>
        <BucketCount>123</BucketCount>
        <IncludeOutOfRange>0</IncludeOutOfRange>
        <Approximate>0</Approximate>
        <HistCounts>1|0|1|1|0|0|0|0|0|0|1|0|0|1|0|0|1|1|3|0|0|0|0|2|0|0|1|1|0|2|0|2|1|4|1|1|1|1|0|3|3|1|2|1|1|4|3|3|3|3|4|7|5|7|6|5|4|1|4|1|10|3|9|4|6|5|2|6|2|4|4|5|4|2|3|5|1|4|3|3|2|2|2|4|3|0|4|1|0|1|2|5|0|2|0|2|3|1|1|2|0|0|0|0|0|0|1|0|0|0|0|0|0|1|0|1|0|0|0|0|1|0|1</HistCounts>
      </HistItem>
    </Histograms>
    <Metadata>
      <MDI key="STATISTICS_MINIMUM">228</MDI>
      <MDI key="STATISTICS_MAXIMUM">350</MDI>
      <MDI key="STATISTICS_MEAN">289.44444444444</MDI>
      <MDI key="STATISTICS_STDDEV">21.34390941547</MDI>
      <MDI key="STATISTICS_VALID_PERCENT">100</MDI>
    </Metadata>
  </PAMRasterBand>
  <PAMRasterBand band="2">
    <Histograms>
      <HistItem>
        <HistMin>175.5048076923077</HistMin>
        <HistMax>279.4951923076923</HistMax>
        <BucketCount>104</BucketCount>
        <IncludeOutOfRange>0</IncludeOutOfRange>
        <Approximate>0</Approximate>
        <HistCounts>1|0|2|0|0|0|0|0|1|0|1|1|1|1|0|1|1|1|2|0|1|1|0|2|2|2|2|0|2|2|2|3|4|3|3|4|5|3|3|2|3|7|5|12|3|4|5|5|5|5|4|5|5|2|4|3|6|7|4|3|5|5|5|2|2|2|1|3|2|4|6|2|0|3|4|2|0|3|2|0|2|1|0|1|1|3|2|0|1|0|1|0|0|0|0|0|0|0|0|2|0|0|1|1</HistCounts>
      </HistItem>
    </Histograms>
    <Metadata>
      <MDI key="STATISTICS_MINIMUM">176</MDI>
      <MDI key="STATISTICS_MAXIMUM">279</MDI>
      <MDI key="STATISTICS_MEAN">226.43111111111</MDI>
      <MDI key="STATISTICS_STDDEV">19.248455317214</MDI>
      <MDI key="STATISTICS_VALID_PERCENT">100</MDI>
    </Metadata>
  </PAMRasterBand>
  <PAMRasterBand band="3">
    <Histograms>
      <HistItem>
        <HistMin>202.5037878787879</HistMin>
        <HistMax>334.4962121212121</HistMax>
        <BucketCount>132</BucketCount>
        <IncludeOutOfRange>0</IncludeOutOfRange>
        <Approximate>0</Approximate>
        <HistCounts>1|0|0|1|2|0|1|0|0|0|0|0|1|0|0|2|1|0|1|1|0|1|0|2|0|1|0|2|2|1|0|2|1|0|3|3|3|0|1|1|3|2|3|0|5|1|5|3|4|7|1|1|2|4|3|3|2|2|4|4|2|4|3|2|7|6|1|2|5|2|3|4|4|3|4|0|3|2|5|3|5|1|3|1|3|2|3|0|3|6|2|2|2|1|2|3|2|3|3|2|0|1|0|3|2|2|0|0|0|0|0|2|1|0|0|2|0|0|1|1|0|1|0|0|1|0|0|0|0|0|0|1</HistCounts>
      </HistItem>
    </Histograms>
    <Metadata>
      <MDI key="STATISTICS_MINIMUM">203</MDI>
      <MDI key="STATISTICS_MAXIMUM">334</MDI>
      <MDI key="STATISTICS_MEAN">268.08444444444</MDI>
      <MDI key="STATISTICS_STDDEV">25.8096791108</MDI>
      <MDI key="STATISTICS_VALID_PERCENT">100</MDI>
    </Metadata>
  </PAMRasterBand>
</PAMDataset>
