<PAMDataset>
  <PAMRasterBand band="1">
    <Histograms>
      <HistItem>
        <HistMin>210.9866666666667</HistMin>
        <HistMax>669.0133333333333</HistMax>
        <BucketCount>225</BucketCount>
        <IncludeOutOfRange>0</IncludeOutOfRange>
        <Approximate>0</Approximate>
        <HistCounts>1|1|0|0|0|0|0|0|1|1|1|2|0|1|0|0|1|1|0|0|0|1|0|0|1|1|0|0|3|2|1|2|1|2|0|2|2|0|2|2|0|2|4|0|0|4|3|4|5|3|4|10|6|2|7|3|14|6|3|4|3|5|6|5|4|2|3|3|5|4|1|4|1|3|5|1|3|3|3|3|2|4|4|1|3|0|4|1|5|0|3|3|0|1|0|0|2|1|0|0|1|1|1|0|0|0|0|0|0|0|0|0|0|0|1|0|0|0|0|0|0|0|0|0|0|0|0|0|0|0|0|0|0|0|0|0|0|0|0|0|0|0|1|0|0|0|0|0|0|0|0|0|0|1|0|0|0|0|0|1|0|0|0|0|0|0|0|0|0|0|0|0|0|0|0|0|0|0|0|0|0|0|0|0|0|0|0|0|0|0|0|0|0|0|0|0|0|0|0|0|0|0|0|0|0|0|0|0|0|0|0|0|0|0|0|0|0|0|0|0|0|0|0|0|1</HistCounts>
      </HistItem>
    </Histograms>
    <Metadata>
      <MDI key="STATISTICS_MINIMUM">212</MDI>
      <MDI key="STATISTICS_MAXIMUM">668</MDI>
      <MDI key="STATISTICS_MEAN">336.62666666667</MDI>
      <MDI key="STATISTICS_STDDEV">51.294038639982</MDI>
      <MDI key="STATISTICS_VALID_PERCENT">100</MDI>
    </Metadata>
  </PAMRasterBand>
  <PAMRasterBand band="2">
    <Histograms>
      <HistItem>
        <HistMin>163.0644444444444</HistMin>
        <HistMax>585.9355555555555</HistMax>
        <BucketCount>225</BucketCount>
        <IncludeOutOfRange>0</IncludeOutOfRange>
        <Approximate>0</Approximate>
        <HistCounts>1|1|0|0|0|0|0|0|0|1|1|1|1|0|0|0|0|1|0|2|2|0|0|2|1|1|1|1|1|2|1|2|1|3|2|1|1|3|0|1|2|4|0|5|1|3|3|3|4|1|1|2|3|1|0|1|2|2|0|6|4|3|3|4|5|6|2|5|5|3|4|1|4|2|7|1|1|1|3|6|9|3|4|0|6|4|3|5|5|4|3|2|1|8|0|3|1|4|2|1|0|0|1|0|0|0|0|0|0|0|0|1|0|0|0|0|0|0|1|1|0|0|0|0|0|0|0|0|0|0|0|0|0|0|0|0|0|0|0|0|0|0|0|0|0|0|0|0|0|0|1|1|0|0|0|0|0|0|0|0|0|0|0|0|0|0|0|0|0|0|0|0|0|0|0|1|0|0|0|0|0|0|0|0|0|0|0|0|0|0|0|0|0|0|0|0|0|0|0|0|0|0|0|0|0|0|0|0|0|0|0|0|0|0|0|0|0|0|0|0|0|0|0|0|1</HistCounts>
      </HistItem>
    </Histograms>
    <Metadata>
      <MDI key="STATISTICS_MINIMUM">164</MDI>
      <MDI key="STATISTICS_MAXIMUM">585</MDI>
      <MDI key="STATISTICS_MEAN">289.22666666667</MDI>
      <MDI key="STATISTICS_STDDEV">52.190056098414</MDI>
      <MDI key="STATISTICS_VALID_PERCENT">100</MDI>
    </Metadata>
  </PAMRasterBand>
  <PAMRasterBand band="3">
    <Histograms>
      <HistItem>
        <HistMin>172.7977777777778</HistMin>
        <HistMax>716.2022222222222</HistMax>
        <BucketCount>225</BucketCount>
        <IncludeOutOfRange>0</IncludeOutOfRange>
        <Approximate>0</Approximate>
        <HistCounts>2|0|0|0|0|0|0|0|0|0|3|1|0|0|0|0|0|1|0|0|1|0|1|0|1|0|1|1|1|3|1|2|2|1|2|1|0|1|3|2|0|2|0|1|3|1|5|0|5|2|3|1|1|3|2|1|1|0|1|1|2|0|4|2|2|3|0|0|0|0|2|2|2|2|5|6|5|1|1|4|4|1|3|3|2|1|2|4|3|5|0|3|4|0|3|2|5|2|5|5|4|7|3|1|3|7|6|0|2|1|3|3|1|1|1|1|0|3|0|0|0|1|1|1|1|1|0|0|1|1|0|1|0|0|0|0|0|0|0|1|0|0|1|0|0|0|0|0|0|0|0|0|0|0|0|0|1|0|0|0|0|1|0|0|0|0|0|0|0|0|0|0|0|0|0|0|0|0|0|0|0|0|0|0|0|0|0|1|0|0|0|0|0|0|0|0|0|0|0|0|0|0|0|0|0|0|0|0|0|0|0|0|0|0|0|0|0|0|0|0|0|0|0|0|1</HistCounts>
      </HistItem>
    </Histograms>
    <Metadata>
      <MDI key="STATISTICS_MINIMUM">174</MDI>
      <MDI key="STATISTICS_MAXIMUM">715</MDI>
      <MDI key="STATISTICS_MEAN">363.36</MDI>
      <MDI key="STATISTICS_STDDEV">78.924094053858</MDI>
      <MDI key="STATISTICS_VALID_PERCENT">100</MDI>
    </Metadata>
  </PAMRasterBand>
</PAMDataset>
