<PAMDataset>
  <PAMRasterBand band="1">
    <Histograms>
      <HistItem>
        <HistMin>221.8533333333333</HistMin>
        <HistMax>740.1466666666666</HistMax>
        <BucketCount>225</BucketCount>
        <IncludeOutOfRange>0</IncludeOutOfRange>
        <Approximate>0</Approximate>
        <HistCounts>1|0|1|1|2|1|0|1|0|1|0|1|2|5|2|1|0|1|2|0|2|3|2|2|3|0|1|1|1|1|0|2|4|0|1|0|2|2|2|3|4|3|1|5|3|2|3|3|2|3|4|1|1|7|4|2|2|0|2|4|5|3|3|2|1|2|4|3|0|0|2|5|1|2|1|2|0|2|1|2|1|2|2|1|0|1|2|1|1|3|1|0|1|2|0|2|2|2|0|0|0|0|0|1|0|0|0|1|2|1|0|1|2|1|1|0|0|2|0|1|0|0|1|0|1|0|1|0|0|0|1|1|0|0|3|1|1|0|0|1|0|0|0|0|2|1|1|1|1|1|1|2|1|1|1|0|0|0|1|0|0|1|0|0|1|0|0|0|3|0|0|0|0|0|0|1|0|0|0|1|0|0|0|0|0|0|0|0|0|0|0|0|1|0|1|0|0|0|0|0|0|0|0|0|0|0|1|0|0|0|0|0|0|0|0|0|0|0|1|0|0|0|0|0|1</HistCounts>
      </HistItem>
    </Histograms>
    <Metadata>
      <MDI key="STATISTICS_MINIMUM">223</MDI>
      <MDI key="STATISTICS_MAXIMUM">739</MDI>
      <MDI key="STATISTICS_MEAN">387.20444444444</MDI>
      <MDI key="STATISTICS_STDDEV">107.06161456647</MDI>
      <MDI key="STATISTICS_VALID_PERCENT">100</MDI>
    </Metadata>
  </PAMRasterBand>
  <PAMRasterBand band="2">
    <Histograms>
      <HistItem>
        <HistMin>202.5755555555556</HistMin>
        <HistMax>846.4244444444445</HistMax>
        <BucketCount>225</BucketCount>
        <IncludeOutOfRange>0</IncludeOutOfRange>
        <Approximate>0</Approximate>
        <HistCounts>1|2|3|1|5|0|2|5|5|3|3|0|4|7|2|2|7|5|2|8|4|5|3|1|1|0|0|2|2|2|2|0|1|0|0|1|0|1|4|0|1|2|3|4|3|3|2|2|2|3|1|3|0|2|1|1|4|2|4|4|4|2|2|1|3|1|3|1|0|0|3|0|3|1|2|5|0|1|0|0|0|2|2|0|1|0|0|0|1|2|0|0|2|3|1|0|0|0|0|0|1|1|2|1|3|0|0|0|0|0|0|1|0|0|2|1|0|0|1|0|1|2|1|0|1|1|0|1|0|0|3|0|0|0|0|0|0|0|0|0|0|0|0|2|0|1|2|0|0|1|0|0|0|0|0|0|0|0|1|1|0|0|0|0|1|0|1|0|0|0|0|0|0|0|0|0|1|0|0|0|0|0|0|0|0|0|0|0|0|0|0|0|0|0|0|0|0|0|0|0|0|0|0|0|0|0|0|0|0|0|0|0|0|0|0|1|0|0|0|0|0|0|0|0|1</HistCounts>
      </HistItem>
    </Histograms>
    <Metadata>
      <MDI key="STATISTICS_MINIMUM">204</MDI>
      <MDI key="STATISTICS_MAXIMUM">845</MDI>
      <MDI key="STATISTICS_MEAN">357.33333333333</MDI>
      <MDI key="STATISTICS_STDDEV">124.63707313637</MDI>
      <MDI key="STATISTICS_VALID_PERCENT">100</MDI>
    </Metadata>
  </PAMRasterBand>
  <PAMRasterBand band="3">
    <Histograms>
      <HistItem>
        <HistMin>247.5222222222222</HistMin>
        <HistMax>1367.477777777778</HistMax>
        <BucketCount>225</BucketCount>
        <IncludeOutOfRange>0</IncludeOutOfRange>
        <Approximate>0</Approximate>
        <HistCounts>5|3|6|7|3|5|6|5|3|5|4|3|4|1|3|3|1|1|2|1|1|0|1|2|0|1|2|0|1|3|1|1|1|4|6|2|2|1|2|2|1|2|2|7|3|1|0|3|4|3|2|6|3|2|1|3|3|4|2|0|2|3|5|1|2|1|0|1|1|0|4|0|0|1|1|1|1|2|1|3|0|1|1|2|0|1|0|0|2|1|1|1|0|1|0|0|3|1|0|0|0|0|1|0|2|0|1|0|0|1|0|0|0|0|0|0|0|1|0|2|0|0|0|0|2|0|1|1|0|2|0|1|0|0|0|0|0|0|0|0|0|0|1|0|0|1|0|0|1|0|0|0|0|0|0|0|0|0|1|0|0|0|0|0|0|1|0|0|0|0|1|0|0|0|0|0|0|1|0|0|0|0|0|0|0|0|0|0|0|0|0|0|0|0|0|0|0|0|0|0|0|0|0|0|0|0|0|0|0|0|0|0|0|0|0|0|1|0|0|0|0|0|0|0|1</HistCounts>
      </HistItem>
    </Histograms>
    <Metadata>
      <MDI key="STATISTICS_MINIMUM">250</MDI>
      <MDI key="STATISTICS_MAXIMUM">1365</MDI>
      <MDI key="STATISTICS_MEAN">489.61333333333</MDI>
      <MDI key="STATISTICS_STDDEV">207.13288659967</MDI>
      <MDI key="STATISTICS_VALID_PERCENT">100</MDI>
    </Metadata>
  </PAMRasterBand>
</PAMDataset>
