<PAMDataset>
  <PAMRasterBand band="1">
    <Histograms>
      <HistItem>
        <HistMin>245.1111111111111</HistMin>
        <HistMax>646.8888888888889</HistMax>
        <BucketCount>225</BucketCount>
        <IncludeOutOfRange>0</IncludeOutOfRange>
        <Approximate>0</Approximate>
        <HistCounts>1|0|2|1|0|0|0|1|1|0|1|0|2|2|1|6|5|1|0|0|1|2|2|0|2|3|5|1|2|3|3|2|4|0|0|4|5|2|2|3|3|4|0|3|3|3|1|1|2|2|7|1|1|2|6|1|1|5|3|4|1|0|4|2|1|0|2|1|0|2|1|1|0|0|1|0|3|0|1|0|1|0|0|1|0|1|0|0|1|0|0|1|1|0|2|2|1|0|0|0|0|1|1|1|1|1|0|1|0|0|4|1|0|0|1|1|0|1|0|0|2|0|2|0|2|1|0|1|1|0|0|0|0|0|0|0|0|1|1|0|0|0|0|0|0|0|0|0|1|0|1|0|4|0|0|0|0|0|0|0|1|1|1|1|1|0|1|1|2|2|0|0|0|1|0|2|0|0|1|0|1|1|0|0|0|0|0|0|0|0|2|1|1|3|0|0|1|0|1|0|1|0|0|1|4|0|1|0|1|1|0|1|0|0|1|1|0|1|0|0|0|0|0|0|1</HistCounts>
      </HistItem>
    </Histograms>
    <Metadata>
      <MDI key="STATISTICS_MINIMUM">246</MDI>
      <MDI key="STATISTICS_MAXIMUM">646</MDI>
      <MDI key="STATISTICS_MEAN">389.07555555556</MDI>
      <MDI key="STATISTICS_STDDEV">108.54847796785</MDI>
      <MDI key="STATISTICS_VALID_PERCENT">100</MDI>
    </Metadata>
  </PAMRasterBand>
  <PAMRasterBand band="2">
    <Histograms>
      <HistItem>
        <HistMin>187.8844444444445</HistMin>
        <HistMax>692.1155555555556</HistMax>
        <BucketCount>225</BucketCount>
        <IncludeOutOfRange>0</IncludeOutOfRange>
        <Approximate>0</Approximate>
        <HistCounts>1|0|0|0|1|0|3|2|0|0|1|0|0|2|1|0|2|4|0|1|2|4|1|0|3|6|5|2|6|10|1|6|2|8|4|4|7|4|3|1|1|2|1|0|0|1|1|1|1|1|2|2|3|1|1|0|1|2|1|1|1|2|2|1|1|1|2|3|1|1|1|2|1|0|1|2|2|1|0|3|0|1|2|0|0|1|0|1|0|0|1|1|1|1|2|1|1|2|0|4|0|2|0|2|2|1|0|0|0|0|0|0|0|0|0|0|2|0|1|0|0|1|2|0|1|0|0|0|0|2|0|1|1|0|1|0|0|2|1|1|1|2|1|0|0|1|1|0|1|0|1|1|0|1|1|0|0|0|1|1|1|0|1|1|1|0|0|1|1|1|2|0|0|0|0|0|0|0|0|0|0|1|0|2|0|0|0|0|0|0|0|0|0|0|0|3|1|0|0|1|0|0|0|0|0|0|0|0|0|2|1|0|0|0|0|0|0|0|0|1|0|0|0|0|1</HistCounts>
      </HistItem>
    </Histograms>
    <Metadata>
      <MDI key="STATISTICS_MINIMUM">189</MDI>
      <MDI key="STATISTICS_MAXIMUM">691</MDI>
      <MDI key="STATISTICS_MEAN">350.51111111111</MDI>
      <MDI key="STATISTICS_STDDEV">121.0050544807</MDI>
      <MDI key="STATISTICS_VALID_PERCENT">100</MDI>
    </Metadata>
  </PAMRasterBand>
  <PAMRasterBand band="3">
    <Histograms>
      <HistItem>
        <HistMin>205.9466666666667</HistMin>
        <HistMax>1134.053333333333</HistMax>
        <BucketCount>225</BucketCount>
        <IncludeOutOfRange>0</IncludeOutOfRange>
        <Approximate>0</Approximate>
        <HistCounts>1|1|0|1|1|0|1|1|3|3|2|0|4|0|2|0|1|4|2|2|1|3|1|2|0|4|2|3|3|2|1|3|3|6|2|3|5|4|4|4|6|1|4|3|2|2|2|1|2|1|0|2|3|0|3|1|0|0|2|3|0|3|2|1|4|0|3|2|3|1|0|0|1|1|1|0|1|0|2|2|2|3|0|0|2|0|1|1|1|2|2|2|1|0|1|2|1|0|2|1|1|0|0|0|0|0|1|0|2|1|0|0|2|0|1|1|1|0|1|0|4|1|0|0|0|3|1|0|1|2|1|0|0|0|0|0|2|0|0|0|0|2|0|1|0|0|1|1|2|1|1|0|2|0|0|0|1|0|1|0|0|0|0|0|2|0|0|0|0|0|0|0|0|0|0|1|0|0|1|0|0|0|0|1|0|0|0|0|0|0|0|0|0|0|0|2|0|0|1|1|0|0|0|0|0|0|0|0|1|0|0|0|1|0|0|0|0|0|0|0|0|0|0|0|1</HistCounts>
      </HistItem>
    </Histograms>
    <Metadata>
      <MDI key="STATISTICS_MINIMUM">208</MDI>
      <MDI key="STATISTICS_MAXIMUM">1132</MDI>
      <MDI key="STATISTICS_MEAN">486.71111111111</MDI>
      <MDI key="STATISTICS_STDDEV">202.76451828795</MDI>
      <MDI key="STATISTICS_VALID_PERCENT">100</MDI>
    </Metadata>
  </PAMRasterBand>
</PAMDataset>
