<PAMDataset>
  <PAMRasterBand band="1">
    <Histograms>
      <HistItem>
        <HistMin>232.9466666666667</HistMin>
        <HistMax>1161.053333333333</HistMax>
        <BucketCount>225</BucketCount>
        <IncludeOutOfRange>0</IncludeOutOfRange>
        <Approximate>0</Approximate>
        <HistCounts>1|1|1|2|0|0|1|2|1|3|0|1|0|1|1|2|1|2|2|0|2|1|3|0|0|1|1|1|1|0|0|1|0|0|0|0|5|3|0|0|0|1|0|2|0|0|0|0|0|1|1|0|1|1|1|1|0|0|0|2|1|2|0|3|3|3|2|6|5|2|2|3|1|5|2|4|4|1|3|5|1|3|3|0|3|2|0|2|3|0|4|2|2|1|3|3|0|0|2|0|1|0|0|2|2|0|0|2|1|0|2|3|0|2|1|2|1|2|0|0|0|0|1|0|0|1|0|0|0|1|0|0|1|0|1|0|1|0|1|1|1|0|0|0|0|1|0|0|0|0|1|1|0|0|0|0|0|2|0|0|0|1|0|0|0|0|1|0|1|0|1|0|0|1|1|1|1|0|0|0|0|2|1|0|2|0|0|0|2|0|2|3|1|0|0|1|0|1|0|0|1|1|1|2|3|0|3|1|1|0|0|1|0|0|1|2|1|1|1|0|2|0|1|0|1</HistCounts>
      </HistItem>
    </Histograms>
    <Metadata>
      <MDI key="STATISTICS_MINIMUM">235</MDI>
      <MDI key="STATISTICS_MAXIMUM">1159</MDI>
      <MDI key="STATISTICS_MEAN">635.61333333333</MDI>
      <MDI key="STATISTICS_STDDEV">250.99065374365</MDI>
      <MDI key="STATISTICS_VALID_PERCENT">100</MDI>
    </Metadata>
  </PAMRasterBand>
  <PAMRasterBand band="2">
    <Histograms>
      <HistItem>
        <HistMin>217.6355555555556</HistMin>
        <HistMax>1286.364444444444</HistMax>
        <BucketCount>225</BucketCount>
        <IncludeOutOfRange>0</IncludeOutOfRange>
        <Approximate>0</Approximate>
        <HistCounts>1|1|3|0|0|1|0|2|0|2|1|2|0|1|3|1|1|3|0|2|0|1|2|0|2|0|0|0|2|0|2|0|1|0|1|0|0|1|2|0|1|0|2|1|0|0|1|1|2|2|2|1|2|1|1|1|0|1|3|1|2|1|2|3|4|3|5|3|3|3|0|1|3|5|2|7|0|4|3|2|2|2|1|2|2|1|1|0|1|3|0|1|2|1|2|0|1|1|1|0|0|1|4|1|2|2|2|1|0|3|3|0|1|1|0|0|0|1|0|1|0|0|1|1|0|1|0|0|0|0|2|1|0|0|0|0|1|0|0|0|0|1|0|1|0|0|0|0|0|0|1|0|0|1|0|0|0|0|1|1|0|0|1|1|0|1|0|0|1|1|0|1|0|0|0|0|0|1|1|0|0|1|1|0|0|1|1|1|1|1|0|1|0|1|1|0|0|3|0|1|0|1|3|3|0|2|0|0|0|2|1|3|1|0|0|2|2|1|0|2|0|1|0|1|1</HistCounts>
      </HistItem>
    </Histograms>
    <Metadata>
      <MDI key="STATISTICS_MINIMUM">220</MDI>
      <MDI key="STATISTICS_MAXIMUM">1284</MDI>
      <MDI key="STATISTICS_MEAN">676.44</MDI>
      <MDI key="STATISTICS_STDDEV">295.69695778693</MDI>
      <MDI key="STATISTICS_VALID_PERCENT">100</MDI>
    </Metadata>
  </PAMRasterBand>
  <PAMRasterBand band="3">
    <Histograms>
      <HistItem>
        <HistMin>283.2711111111111</HistMin>
        <HistMax>1968.728888888889</HistMax>
        <BucketCount>225</BucketCount>
        <IncludeOutOfRange>0</IncludeOutOfRange>
        <Approximate>0</Approximate>
        <HistCounts>1|2|0|2|1|0|2|1|2|2|3|2|0|0|1|1|2|0|0|2|0|1|0|2|0|1|1|2|0|0|1|1|0|1|0|1|0|1|0|0|2|1|0|0|3|0|1|2|1|1|1|2|2|1|0|2|3|2|3|1|2|2|1|4|3|5|4|1|6|1|2|0|6|5|1|3|2|4|1|4|1|2|3|2|1|2|1|0|1|0|2|0|1|0|1|2|2|3|4|0|1|0|0|2|1|4|0|1|1|1|0|1|0|0|1|1|1|0|0|0|1|0|0|1|0|0|1|0|1|0|0|0|0|1|0|1|0|1|1|0|0|0|0|1|0|0|0|0|1|0|0|1|0|0|0|1|1|1|0|0|0|0|2|1|0|0|0|1|0|0|0|0|1|1|0|0|2|1|0|2|0|0|0|0|0|1|0|1|2|1|0|2|1|0|1|1|2|0|0|1|1|1|0|2|2|2|0|0|3|1|0|0|1|2|2|1|0|1|0|0|0|0|2|1|1</HistCounts>
      </HistItem>
    </Histograms>
    <Metadata>
      <MDI key="STATISTICS_MINIMUM">287</MDI>
      <MDI key="STATISTICS_MAXIMUM">1965</MDI>
      <MDI key="STATISTICS_MEAN">994.23555555556</MDI>
      <MDI key="STATISTICS_STDDEV">461.9616074262</MDI>
      <MDI key="STATISTICS_VALID_PERCENT">100</MDI>
    </Metadata>
  </PAMRasterBand>
</PAMDataset>
