<PAMDataset>
  <PAMRasterBand band="1">
    <Histograms>
      <HistItem>
        <HistMin>222.5025641025641</HistMin>
        <HistMax>417.4974358974359</HistMax>
        <BucketCount>195</BucketCount>
        <IncludeOutOfRange>0</IncludeOutOfRange>
        <Approximate>0</Approximate>
        <HistCounts>1|0|0|1|0|2|1|1|0|0|0|2|1|1|0|0|0|1|1|1|0|2|0|0|0|0|0|1|0|1|1|0|1|1|0|0|1|2|0|1|2|1|1|1|0|2|5|2|2|3|1|2|1|3|2|1|2|4|1|3|3|1|6|6|4|5|7|4|3|3|3|2|3|3|1|5|5|7|6|2|0|1|3|3|4|4|3|1|2|0|2|3|0|5|1|2|1|4|1|1|0|1|1|5|4|0|4|0|4|1|3|2|2|0|0|3|2|1|1|0|0|1|0|0|1|1|0|0|0|1|0|0|0|1|0|0|0|0|0|0|1|1|0|0|0|0|0|0|0|0|0|0|0|0|0|0|0|0|0|0|0|0|0|0|0|0|0|0|0|0|0|0|0|0|0|0|0|0|0|0|0|0|0|0|0|0|0|0|0|0|0|0|0|0|1</HistCounts>
      </HistItem>
    </Histograms>
    <Metadata>
      <MDI key="STATISTICS_MINIMUM">223</MDI>
      <MDI key="STATISTICS_MAXIMUM">417</MDI>
      <MDI key="STATISTICS_MEAN">295.78666666667</MDI>
      <MDI key="STATISTICS_STDDEV">29.097518794564</MDI>
      <MDI key="STATISTICS_VALID_PERCENT">100</MDI>
    </Metadata>
  </PAMRasterBand>
  <PAMRasterBand band="2">
    <Histograms>
      <HistItem>
        <HistMin>175.5038461538462</HistMin>
        <HistMax>305.4961538461538</HistMax>
        <BucketCount>130</BucketCount>
        <IncludeOutOfRange>0</IncludeOutOfRange>
        <Approximate>0</Approximate>
        <HistCounts>1|3|0|0|0|1|1|1|2|2|0|0|1|2|0|0|2|0|2|2|2|1|2|1|1|6|3|2|2|1|2|3|1|3|7|0|0|3|5|4|1|4|4|3|2|4|5|2|7|4|1|5|5|5|5|4|3|2|6|5|4|2|6|3|2|1|3|4|4|2|1|0|5|1|1|2|1|3|2|2|3|3|2|2|2|4|1|1|1|2|0|3|3|1|0|0|0|0|1|0|0|0|0|0|0|0|0|0|0|0|0|0|0|0|0|0|0|0|0|0|0|0|0|0|0|0|0|0|0|1</HistCounts>
      </HistItem>
    </Histograms>
    <Metadata>
      <MDI key="STATISTICS_MINIMUM">176</MDI>
      <MDI key="STATISTICS_MAXIMUM">305</MDI>
      <MDI key="STATISTICS_MEAN">227.27111111111</MDI>
      <MDI key="STATISTICS_STDDEV">22.878856053592</MDI>
      <MDI key="STATISTICS_VALID_PERCENT">100</MDI>
    </Metadata>
  </PAMRasterBand>
  <PAMRasterBand band="3">
    <Histograms>
      <HistItem>
        <HistMin>179.5024752475248</HistMin>
        <HistMax>381.4975247524753</HistMax>
        <BucketCount>202</BucketCount>
        <IncludeOutOfRange>0</IncludeOutOfRange>
        <Approximate>0</Approximate>
        <HistCounts>1|2|1|1|0|2|2|0|2|0|0|1|3|1|2|5|3|2|0|0|2|1|1|2|1|1|3|2|4|3|2|3|2|1|2|1|2|1|1|1|2|2|3|1|1|1|3|5|3|2|2|1|2|1|0|2|1|2|2|1|0|0|4|0|0|1|1|1|4|2|3|3|1|5|3|0|1|2|3|3|2|0|2|2|1|1|2|3|0|1|2|1|0|5|0|2|0|2|0|1|1|0|3|1|3|3|2|0|0|2|0|1|0|0|1|0|3|2|0|0|0|1|0|0|2|0|0|1|1|0|1|0|0|0|1|2|0|1|0|0|0|4|0|1|0|1|2|1|0|1|1|0|1|0|0|1|3|1|0|0|3|1|1|0|0|1|0|0|0|0|1|1|1|0|0|0|0|1|0|0|0|0|0|0|0|0|0|0|0|0|0|0|0|0|0|0|0|0|0|0|0|1</HistCounts>
      </HistItem>
    </Histograms>
    <Metadata>
      <MDI key="STATISTICS_MINIMUM">180</MDI>
      <MDI key="STATISTICS_MAXIMUM">381</MDI>
      <MDI key="STATISTICS_MEAN">252.10666666667</MDI>
      <MDI key="STATISTICS_STDDEV">45.808948179732</MDI>
      <MDI key="STATISTICS_VALID_PERCENT">100</MDI>
    </Metadata>
  </PAMRasterBand>
</PAMDataset>
