<PAMDataset>
  <PAMRasterBand band="1">
    <Histograms>
      <HistItem>
        <HistMin>229.504854368932</HistMin>
        <HistMax>332.4951456310679</HistMax>
        <BucketCount>103</BucketCount>
        <IncludeOutOfRange>0</IncludeOutOfRange>
        <Approximate>0</Approximate>
        <HistCounts>1|0|1|2|1|1|0|1|0|0|0|0|2|1|3|3|0|1|1|0|3|3|2|0|0|0|1|2|2|1|0|2|2|0|2|3|1|3|3|3|1|6|5|5|4|3|6|4|5|6|3|7|3|8|5|4|4|7|2|3|2|2|3|5|3|2|6|5|1|5|5|4|2|8|1|3|3|2|1|1|3|6|1|1|2|0|0|1|1|0|1|1|0|0|1|0|0|0|0|0|0|0|1</HistCounts>
      </HistItem>
    </Histograms>
    <Metadata>
      <MDI key="STATISTICS_MINIMUM">230</MDI>
      <MDI key="STATISTICS_MAXIMUM">332</MDI>
      <MDI key="STATISTICS_MEAN">282.11111111111</MDI>
      <MDI key="STATISTICS_STDDEV">20.298464334057</MDI>
      <MDI key="STATISTICS_VALID_PERCENT">100</MDI>
    </Metadata>
  </PAMRasterBand>
  <PAMRasterBand band="2">
    <Histograms>
      <HistItem>
        <HistMin>174.5060975609756</HistMin>
        <HistMax>256.4939024390244</HistMax>
        <BucketCount>82</BucketCount>
        <IncludeOutOfRange>0</IncludeOutOfRange>
        <Approximate>0</Approximate>
        <HistCounts>2|1|0|0|1|1|0|0|1|3|2|0|4|0|1|2|1|1|3|1|2|3|1|2|1|3|1|2|0|1|3|2|2|7|4|6|6|7|7|2|8|4|5|1|5|6|6|8|7|3|7|3|3|1|4|3|5|5|2|4|2|4|4|2|2|1|5|3|2|1|3|4|2|3|3|2|2|0|1|0|1|2</HistCounts>
      </HistItem>
    </Histograms>
    <Metadata>
      <MDI key="STATISTICS_MINIMUM">175</MDI>
      <MDI key="STATISTICS_MAXIMUM">256</MDI>
      <MDI key="STATISTICS_MEAN">219.41777777778</MDI>
      <MDI key="STATISTICS_STDDEV">18.134403018559</MDI>
      <MDI key="STATISTICS_VALID_PERCENT">100</MDI>
    </Metadata>
  </PAMRasterBand>
  <PAMRasterBand band="3">
    <Histograms>
      <HistItem>
        <HistMin>171.5030120481928</HistMin>
        <HistMax>337.4969879518072</HistMax>
        <BucketCount>166</BucketCount>
        <IncludeOutOfRange>0</IncludeOutOfRange>
        <Approximate>0</Approximate>
        <HistCounts>1|0|0|0|0|0|0|2|1|0|0|2|0|1|1|2|0|1|0|1|0|0|1|0|2|0|0|1|2|0|2|2|0|1|0|0|1|2|2|0|0|0|1|1|1|0|1|0|0|0|0|1|2|1|0|0|3|1|2|0|0|0|0|2|0|2|0|0|1|0|0|0|0|1|2|3|2|0|0|0|0|0|2|0|1|1|0|0|1|2|1|1|2|2|1|3|5|2|0|5|1|2|2|2|1|3|2|3|0|2|3|5|1|1|3|5|1|4|4|4|5|4|4|3|2|4|3|0|6|6|3|5|6|1|1|5|1|5|1|2|2|1|2|3|1|2|2|3|0|1|2|1|0|1|2|0|0|0|0|0|1|0|0|0|0|1</HistCounts>
      </HistItem>
    </Histograms>
    <Metadata>
      <MDI key="STATISTICS_MINIMUM">172</MDI>
      <MDI key="STATISTICS_MAXIMUM">337</MDI>
      <MDI key="STATISTICS_MEAN">273.01333333333</MDI>
      <MDI key="STATISTICS_STDDEV">38.864034216169</MDI>
      <MDI key="STATISTICS_VALID_PERCENT">100</MDI>
    </Metadata>
  </PAMRasterBand>
</PAMDataset>
