<PAMDataset>
  <PAMRasterBand band="1">
    <Histograms>
      <HistItem>
        <HistMin>235.8688888888889</HistMin>
        <HistMax>747.1311111111111</HistMax>
        <BucketCount>225</BucketCount>
        <IncludeOutOfRange>0</IncludeOutOfRange>
        <Approximate>0</Approximate>
        <HistCounts>1|0|1|1|1|0|0|3|1|0|1|2|0|0|2|0|2|0|1|1|1|2|3|1|1|2|2|2|2|2|4|5|4|10|6|2|3|6|4|4|6|2|1|1|2|2|2|2|3|2|3|1|1|2|1|1|0|3|5|2|2|0|2|4|0|1|0|0|0|1|0|1|0|0|1|3|3|1|2|0|2|2|1|1|1|1|1|2|1|1|0|0|1|1|4|2|1|0|1|2|1|2|2|3|0|7|1|1|1|3|2|2|1|0|1|1|0|1|2|2|1|1|3|2|0|0|1|0|1|1|0|0|0|0|0|0|1|0|0|0|0|0|0|0|0|1|1|0|0|2|0|0|0|0|0|0|1|0|0|1|0|0|0|0|0|0|0|0|0|0|0|0|0|0|0|0|0|0|0|0|1|0|0|0|0|0|0|1|0|0|0|0|0|0|0|0|0|0|0|0|0|0|0|0|0|0|1|0|0|0|0|0|0|0|0|0|0|0|0|0|0|0|0|0|1</HistCounts>
      </HistItem>
    </Histograms>
    <Metadata>
      <MDI key="STATISTICS_MINIMUM">237</MDI>
      <MDI key="STATISTICS_MAXIMUM">746</MDI>
      <MDI key="STATISTICS_MEAN">385.00888888889</MDI>
      <MDI key="STATISTICS_STDDEV">92.980905619791</MDI>
      <MDI key="STATISTICS_VALID_PERCENT">100</MDI>
    </Metadata>
  </PAMRasterBand>
  <PAMRasterBand band="2">
    <Histograms>
      <HistItem>
        <HistMin>201.0266666666667</HistMin>
        <HistMax>640.9733333333334</HistMax>
        <BucketCount>225</BucketCount>
        <IncludeOutOfRange>0</IncludeOutOfRange>
        <Approximate>0</Approximate>
        <HistCounts>1|1|0|0|0|2|2|1|3|0|6|4|1|1|5|4|1|3|3|4|2|3|2|2|1|5|2|0|2|2|5|4|4|3|4|2|2|2|2|3|4|1|1|2|2|2|1|1|1|1|2|2|1|1|1|1|1|3|1|2|1|1|1|2|1|2|1|0|1|1|3|3|4|1|3|0|0|1|1|2|0|0|1|3|2|0|1|3|3|0|2|3|1|1|1|0|1|0|2|1|4|0|0|1|2|2|4|0|0|2|1|2|0|2|1|0|1|6|2|0|0|1|1|0|0|0|0|1|0|0|1|0|2|0|0|0|0|0|0|0|0|0|0|0|0|1|0|0|0|0|0|0|0|0|0|0|1|0|0|0|0|0|0|0|0|0|0|0|0|0|0|0|0|0|1|0|0|0|0|0|0|0|1|0|0|0|0|2|0|0|0|0|0|0|0|0|1|0|0|0|0|1|0|0|0|0|0|0|0|0|0|0|0|0|0|0|0|0|0|0|0|1|0|0|1</HistCounts>
      </HistItem>
    </Histograms>
    <Metadata>
      <MDI key="STATISTICS_MINIMUM">202</MDI>
      <MDI key="STATISTICS_MAXIMUM">640</MDI>
      <MDI key="STATISTICS_MEAN">321.62222222222</MDI>
      <MDI key="STATISTICS_STDDEV">87.157708625454</MDI>
      <MDI key="STATISTICS_VALID_PERCENT">100</MDI>
    </Metadata>
  </PAMRasterBand>
  <PAMRasterBand band="3">
    <Histograms>
      <HistItem>
        <HistMin>188.3555555555556</HistMin>
        <HistMax>931.6444444444444</HistMax>
        <BucketCount>225</BucketCount>
        <IncludeOutOfRange>0</IncludeOutOfRange>
        <Approximate>0</Approximate>
        <HistCounts>1|0|6|0|5|2|3|3|3|2|3|0|3|5|1|2|1|1|4|1|2|2|4|4|1|3|3|2|2|5|3|4|1|2|1|2|1|2|0|2|4|2|2|3|2|1|2|2|6|1|1|0|1|1|2|0|1|2|1|3|2|1|1|2|1|1|0|1|1|2|2|2|1|3|5|4|0|6|2|2|3|0|2|1|4|1|0|0|0|0|2|2|1|0|3|1|1|0|1|0|0|0|1|0|2|1|1|0|0|0|1|0|0|1|0|0|0|4|0|0|1|1|1|1|2|0|0|1|0|0|1|0|2|0|1|1|0|1|0|1|0|0|0|0|0|0|0|0|0|0|0|1|1|0|0|0|0|0|1|0|0|0|0|0|0|0|0|0|0|0|0|0|0|0|0|0|0|0|0|1|0|0|0|0|0|1|0|0|1|0|0|1|0|0|0|0|0|0|0|1|0|1|0|0|0|0|0|0|0|0|0|0|0|0|0|0|0|0|0|0|0|0|0|0|1</HistCounts>
      </HistItem>
    </Histograms>
    <Metadata>
      <MDI key="STATISTICS_MINIMUM">190</MDI>
      <MDI key="STATISTICS_MAXIMUM">930</MDI>
      <MDI key="STATISTICS_MEAN">381.87111111111</MDI>
      <MDI key="STATISTICS_STDDEV">147.39578257531</MDI>
      <MDI key="STATISTICS_VALID_PERCENT">100</MDI>
    </Metadata>
  </PAMRasterBand>
</PAMDataset>
