<PAMDataset>
  <PAMRasterBand band="1">
    <Histograms>
      <HistItem>
        <HistMin>243.6577777777778</HistMin>
        <HistMax>850.3422222222222</HistMax>
        <BucketCount>225</BucketCount>
        <IncludeOutOfRange>0</IncludeOutOfRange>
        <Approximate>0</Approximate>
        <HistCounts>1|0|1|0|1|0|0|1|2|1|5|3|3|0|3|0|2|2|2|6|6|2|4|6|2|2|4|5|5|3|1|7|2|2|4|2|0|3|1|0|4|1|1|4|2|3|4|1|1|3|3|1|2|2|4|2|3|2|0|5|0|1|5|0|1|0|2|3|0|1|1|1|1|1|1|3|0|1|1|1|1|2|1|2|0|1|1|0|1|0|2|0|2|0|0|2|0|1|2|1|2|0|0|2|0|0|0|0|0|1|1|0|0|0|0|1|1|0|1|0|0|3|0|0|1|0|1|1|0|1|1|1|0|0|0|0|0|1|0|1|0|0|1|2|1|0|1|0|0|0|1|0|2|0|0|2|0|1|0|0|3|0|0|0|1|0|0|1|1|0|0|0|0|0|0|0|0|0|0|0|0|0|0|0|0|0|0|0|1|0|0|0|0|0|0|0|0|0|0|0|1|0|0|0|0|0|0|0|0|0|0|0|0|0|0|0|0|0|0|0|0|0|0|0|1</HistCounts>
      </HistItem>
    </Histograms>
    <Metadata>
      <MDI key="STATISTICS_MINIMUM">245</MDI>
      <MDI key="STATISTICS_MAXIMUM">849</MDI>
      <MDI key="STATISTICS_MEAN">406.03111111111</MDI>
      <MDI key="STATISTICS_STDDEV">121.04891173447</MDI>
      <MDI key="STATISTICS_VALID_PERCENT">100</MDI>
    </Metadata>
  </PAMRasterBand>
  <PAMRasterBand band="2">
    <Histograms>
      <HistItem>
        <HistMin>216.4044444444444</HistMin>
        <HistMax>937.5955555555555</HistMax>
        <BucketCount>225</BucketCount>
        <IncludeOutOfRange>0</IncludeOutOfRange>
        <Approximate>0</Approximate>
        <HistCounts>1|4|1|3|2|0|0|2|0|3|0|3|2|3|2|5|2|1|1|1|1|0|4|0|3|3|4|1|2|1|4|2|3|2|3|0|2|2|4|1|1|1|2|1|2|1|4|2|1|0|3|1|3|0|1|1|3|6|3|1|0|3|0|0|1|0|1|4|2|0|0|1|1|4|1|4|0|4|1|3|2|1|1|1|1|2|0|3|1|0|1|1|1|3|0|2|0|0|1|3|2|2|1|1|4|1|0|1|0|2|2|1|0|0|0|0|1|1|0|2|0|1|0|0|0|0|0|1|0|1|1|0|1|0|1|1|2|0|0|0|0|0|0|1|0|0|0|1|1|1|1|0|0|0|0|1|0|1|3|0|1|0|1|2|0|0|0|2|0|0|1|0|0|0|0|2|0|0|0|0|0|1|0|0|0|0|2|0|0|0|0|0|0|0|0|0|0|1|0|0|0|0|1|0|0|0|0|0|0|0|0|0|0|1|0|0|0|0|0|0|0|0|0|0|1</HistCounts>
      </HistItem>
    </Histograms>
    <Metadata>
      <MDI key="STATISTICS_MINIMUM">218</MDI>
      <MDI key="STATISTICS_MAXIMUM">936</MDI>
      <MDI key="STATISTICS_MEAN">440.48888888889</MDI>
      <MDI key="STATISTICS_STDDEV">159.90205644181</MDI>
      <MDI key="STATISTICS_VALID_PERCENT">100</MDI>
    </Metadata>
  </PAMRasterBand>
  <PAMRasterBand band="3">
    <Histograms>
      <HistItem>
        <HistMin>208.3355555555555</HistMin>
        <HistMax>1412.664444444444</HistMax>
        <BucketCount>225</BucketCount>
        <IncludeOutOfRange>0</IncludeOutOfRange>
        <Approximate>0</Approximate>
        <HistCounts>1|1|2|2|0|0|2|0|0|1|0|1|2|3|4|1|4|3|2|2|3|3|2|3|2|0|5|0|4|3|2|2|2|2|5|3|0|0|1|0|1|0|2|2|1|0|0|3|1|4|2|4|3|3|0|3|4|6|1|5|1|4|2|0|1|4|2|1|4|4|0|0|5|2|4|3|0|1|3|1|0|1|0|0|0|1|0|2|0|1|0|0|1|1|0|0|0|0|2|1|1|0|0|0|0|0|0|2|0|0|1|1|0|0|0|0|0|0|2|0|1|2|1|1|1|2|2|0|1|1|1|0|2|0|1|1|0|0|3|0|1|0|0|0|1|0|1|0|2|0|0|0|2|0|0|1|1|0|1|1|0|2|2|0|1|1|0|0|0|0|1|0|1|0|0|1|0|0|1|0|0|1|0|0|0|0|1|0|1|0|0|0|0|0|0|1|0|0|1|0|0|0|0|0|0|0|0|0|0|0|0|0|0|0|0|0|0|1|0|0|0|0|0|0|1</HistCounts>
      </HistItem>
    </Histograms>
    <Metadata>
      <MDI key="STATISTICS_MINIMUM">211</MDI>
      <MDI key="STATISTICS_MAXIMUM">1410</MDI>
      <MDI key="STATISTICS_MEAN">586.12444444444</MDI>
      <MDI key="STATISTICS_STDDEV">268.60376861388</MDI>
      <MDI key="STATISTICS_VALID_PERCENT">100</MDI>
    </Metadata>
  </PAMRasterBand>
</PAMDataset>
