<PAMDataset>
  <PAMRasterBand band="1">
    <Histograms>
      <HistItem>
        <HistMin>210.3977777777778</HistMin>
        <HistMax>482.6022222222222</HistMax>
        <BucketCount>225</BucketCount>
        <IncludeOutOfRange>0</IncludeOutOfRange>
        <Approximate>0</Approximate>
        <HistCounts>1|0|0|0|0|0|1|0|0|0|0|0|1|2|0|0|0|0|0|0|0|2|2|2|1|0|1|1|1|0|1|1|3|0|2|0|2|0|0|0|2|1|0|2|0|3|0|1|0|0|1|0|0|0|0|1|1|1|0|0|1|1|0|0|4|2|1|0|0|2|0|0|0|0|2|0|0|2|0|0|0|0|1|0|2|0|0|0|2|0|0|2|0|1|1|0|0|1|0|0|1|1|0|0|1|2|0|2|1|0|0|0|1|0|0|0|0|1|0|0|0|0|2|0|1|1|0|0|0|0|0|0|0|0|0|0|1|0|1|3|3|5|2|5|5|8|4|6|5|3|12|1|2|3|2|2|4|2|4|0|2|2|3|1|0|2|1|2|0|4|3|1|0|1|6|1|0|1|1|0|0|0|0|1|1|1|2|1|1|0|0|1|0|4|2|0|0|1|1|0|0|1|1|0|0|0|1|0|0|1|0|1|0|0|1|1|0|4|0|1|0|0|3|1|3</HistCounts>
      </HistItem>
    </Histograms>
    <Metadata>
      <MDI key="STATISTICS_MINIMUM">211</MDI>
      <MDI key="STATISTICS_MAXIMUM">482</MDI>
      <MDI key="STATISTICS_MEAN">368.46666666667</MDI>
      <MDI key="STATISTICS_STDDEV">68.397790737551</MDI>
      <MDI key="STATISTICS_VALID_PERCENT">100</MDI>
    </Metadata>
  </PAMRasterBand>
  <PAMRasterBand band="2">
    <Histograms>
      <HistItem>
        <HistMin>154.5022522522522</HistMin>
        <HistMax>376.4977477477477</HistMax>
        <BucketCount>222</BucketCount>
        <IncludeOutOfRange>0</IncludeOutOfRange>
        <Approximate>0</Approximate>
        <HistCounts>1|0|0|0|1|0|0|0|0|1|1|0|0|1|0|2|0|1|4|0|1|1|2|0|0|3|0|0|0|0|2|1|0|1|2|1|0|3|1|1|0|0|0|2|1|0|1|0|0|1|1|1|0|1|2|1|0|1|0|0|1|1|0|0|0|0|2|0|0|1|0|0|1|0|2|1|0|1|0|1|0|1|0|0|2|1|0|2|0|1|0|0|1|0|0|0|2|0|1|1|0|1|0|0|0|1|1|1|0|0|1|0|0|0|0|2|0|0|0|0|0|0|0|0|0|1|0|0|0|0|0|0|0|0|1|0|1|0|0|1|1|1|1|0|0|0|0|0|0|0|0|0|0|0|0|0|1|1|1|1|1|0|0|0|3|4|0|5|3|5|6|2|4|6|1|4|4|4|8|7|6|2|9|7|4|2|2|2|1|3|2|4|1|0|3|1|2|1|0|0|1|4|0|2|0|1|2|2|2|2|0|0|1|1|0|1|0|0|2|0|0|1</HistCounts>
      </HistItem>
    </Histograms>
    <Metadata>
      <MDI key="STATISTICS_MINIMUM">155</MDI>
      <MDI key="STATISTICS_MAXIMUM">376</MDI>
      <MDI key="STATISTICS_MEAN">294.17777777778</MDI>
      <MDI key="STATISTICS_STDDEV">63.217469065613</MDI>
      <MDI key="STATISTICS_VALID_PERCENT">100</MDI>
    </Metadata>
  </PAMRasterBand>
  <PAMRasterBand band="3">
    <Histograms>
      <HistItem>
        <HistMin>168.3244444444445</HistMin>
        <HistMax>473.6755555555555</HistMax>
        <BucketCount>225</BucketCount>
        <IncludeOutOfRange>0</IncludeOutOfRange>
        <Approximate>0</Approximate>
        <HistCounts>1|1|1|1|2|2|0|2|1|1|1|1|0|2|0|3|2|1|3|1|0|3|1|0|0|0|1|1|0|0|0|1|1|0|0|4|0|2|0|0|0|1|0|2|0|1|1|1|0|0|1|0|1|0|0|1|0|0|1|0|0|0|1|1|0|0|1|1|1|0|1|2|0|0|1|1|0|0|0|0|1|0|2|0|2|0|0|1|3|0|0|1|0|0|1|0|0|0|2|0|0|0|0|1|0|0|0|0|0|1|0|1|0|0|0|0|1|0|1|1|0|1|0|1|0|0|0|0|0|0|2|0|0|1|0|0|0|0|1|0|2|0|0|0|1|0|2|0|0|0|0|2|0|2|1|0|1|1|0|0|0|0|2|1|4|2|1|5|0|4|2|1|2|4|0|4|3|0|3|1|2|4|0|5|0|0|2|2|2|3|1|2|0|4|0|1|0|3|1|5|4|5|2|1|5|0|3|2|3|5|2|2|2|3|3|1|3|1|1|1|0|1|0|1|1</HistCounts>
      </HistItem>
    </Histograms>
    <Metadata>
      <MDI key="STATISTICS_MINIMUM">169</MDI>
      <MDI key="STATISTICS_MAXIMUM">473</MDI>
      <MDI key="STATISTICS_MEAN">354.49777777778</MDI>
      <MDI key="STATISTICS_STDDEV">97.532495983849</MDI>
      <MDI key="STATISTICS_VALID_PERCENT">100</MDI>
    </Metadata>
  </PAMRasterBand>
</PAMDataset>
