<PAMDataset>
  <PAMRasterBand band="1">
    <Histograms>
      <HistItem>
        <HistMin>286.5035460992908</HistMin>
        <HistMax>427.4964539007092</HistMax>
        <BucketCount>141</BucketCount>
        <IncludeOutOfRange>0</IncludeOutOfRange>
        <Approximate>0</Approximate>
        <HistCounts>2|1|0|2|0|0|0|1|2|1|0|1|1|2|4|2|5|1|4|4|3|4|4|3|1|3|4|2|1|0|2|5|4|1|3|2|2|1|1|3|4|1|0|3|3|5|2|3|2|4|2|4|1|2|0|0|0|1|1|2|1|1|1|3|0|1|1|2|0|0|3|0|0|1|1|1|1|0|1|0|2|0|0|1|0|2|1|4|0|2|1|2|0|4|0|0|2|2|0|1|2|1|1|4|2|3|1|3|3|3|3|3|3|2|2|1|1|0|3|3|1|4|0|1|3|1|1|0|0|2|0|0|0|0|0|2|0|1|0|0|1</HistCounts>
      </HistItem>
    </Histograms>
    <Metadata>
      <MDI key="STATISTICS_MINIMUM">287</MDI>
      <MDI key="STATISTICS_MAXIMUM">427</MDI>
      <MDI key="STATISTICS_MEAN">349.52</MDI>
      <MDI key="STATISTICS_STDDEV">38.826117212229</MDI>
      <MDI key="STATISTICS_VALID_PERCENT">100</MDI>
    </Metadata>
  </PAMRasterBand>
  <PAMRasterBand band="2">
    <Histograms>
      <HistItem>
        <HistMin>219.503355704698</HistMin>
        <HistMax>368.496644295302</HistMax>
        <BucketCount>149</BucketCount>
        <IncludeOutOfRange>0</IncludeOutOfRange>
        <Approximate>0</Approximate>
        <HistCounts>1|0|0|0|0|0|0|2|1|0|1|0|0|2|0|0|1|2|2|2|2|1|2|4|4|2|6|8|7|2|2|6|1|1|2|1|6|3|1|0|3|1|1|2|4|1|1|2|0|5|0|1|1|3|1|2|0|2|2|1|1|2|0|1|0|1|2|0|0|3|0|3|1|0|3|0|1|1|2|1|1|1|1|0|0|1|1|3|1|1|2|1|1|4|3|1|0|0|0|0|1|1|2|1|0|2|2|1|3|1|1|2|0|0|2|3|3|0|2|1|1|3|1|3|2|3|1|4|4|3|0|4|0|2|1|2|1|0|1|1|2|4|0|0|1|0|0|0|1</HistCounts>
      </HistItem>
    </Histograms>
    <Metadata>
      <MDI key="STATISTICS_MINIMUM">220</MDI>
      <MDI key="STATISTICS_MAXIMUM">368</MDI>
      <MDI key="STATISTICS_MEAN">291.10666666667</MDI>
      <MDI key="STATISTICS_STDDEV">41.585758245929</MDI>
      <MDI key="STATISTICS_VALID_PERCENT">100</MDI>
    </Metadata>
  </PAMRasterBand>
  <PAMRasterBand band="3">
    <Histograms>
      <HistItem>
        <HistMin>264.4911111111111</HistMin>
        <HistMax>494.5088888888889</HistMax>
        <BucketCount>225</BucketCount>
        <IncludeOutOfRange>0</IncludeOutOfRange>
        <Approximate>0</Approximate>
        <HistCounts>2|0|1|0|0|0|0|0|1|0|0|0|1|0|0|0|1|0|1|2|0|0|2|1|0|0|1|0|1|1|1|1|2|5|1|0|0|2|0|2|1|1|2|2|1|1|1|0|4|3|2|2|4|6|1|2|1|2|0|4|2|0|0|0|1|1|1|3|2|1|1|3|1|0|0|1|1|3|0|2|1|1|2|2|2|1|0|2|0|0|1|1|0|0|1|1|2|1|0|0|1|1|0|0|0|2|1|0|1|2|2|1|2|1|1|2|0|0|0|0|2|0|1|1|1|0|1|1|0|0|1|0|1|2|0|0|0|1|0|1|1|1|0|0|0|1|0|1|4|0|2|0|2|1|0|0|1|0|0|0|0|0|2|2|1|0|1|1|1|0|1|1|0|1|3|1|0|0|1|0|1|0|1|3|1|3|1|0|2|0|0|3|1|1|3|2|2|0|3|3|2|5|2|3|2|0|1|0|2|0|0|1|1|1|0|0|0|0|1|1|0|0|1|1|1</HistCounts>
      </HistItem>
    </Histograms>
    <Metadata>
      <MDI key="STATISTICS_MINIMUM">265</MDI>
      <MDI key="STATISTICS_MAXIMUM">494</MDI>
      <MDI key="STATISTICS_MEAN">379.26666666667</MDI>
      <MDI key="STATISTICS_STDDEV">65.390994962779</MDI>
      <MDI key="STATISTICS_VALID_PERCENT">100</MDI>
    </Metadata>
  </PAMRasterBand>
</PAMDataset>
