<PAMDataset>
  <PAMRasterBand band="1">
    <Histograms>
      <HistItem>
        <HistMin>276.8622222222222</HistMin>
        <HistMax>1695.137777777778</HistMax>
        <BucketCount>225</BucketCount>
        <IncludeOutOfRange>0</IncludeOutOfRange>
        <Approximate>0</Approximate>
        <HistCounts>1|1|1|1|0|2|0|1|2|4|8|2|4|4|1|6|7|4|4|2|5|5|4|2|3|2|2|3|3|7|5|4|2|6|0|2|5|0|1|3|0|0|3|2|2|2|0|2|1|4|0|1|2|1|3|1|0|0|1|4|0|1|2|1|1|0|0|0|0|1|2|0|0|3|3|1|1|1|0|3|1|1|2|2|1|0|3|1|2|1|3|0|2|0|0|4|2|0|0|0|0|1|1|0|1|0|0|0|1|0|0|0|0|0|0|0|0|0|1|0|0|1|1|0|0|1|0|1|1|1|0|2|0|0|0|0|0|1|0|0|0|1|1|0|1|0|0|0|0|1|0|0|1|0|0|0|0|0|0|0|0|1|1|0|0|0|0|1|1|0|0|0|0|0|0|0|0|0|0|0|1|0|0|0|0|0|0|0|2|0|1|0|0|0|0|0|1|1|0|0|0|0|0|0|0|1|0|0|0|0|0|0|0|0|0|0|0|1|0|0|0|0|0|0|1</HistCounts>
      </HistItem>
    </Histograms>
    <Metadata>
      <MDI key="STATISTICS_MINIMUM">280</MDI>
      <MDI key="STATISTICS_MAXIMUM">1692</MDI>
      <MDI key="STATISTICS_MEAN">628.32444444444</MDI>
      <MDI key="STATISTICS_STDDEV">303.67919707448</MDI>
      <MDI key="STATISTICS_VALID_PERCENT">100</MDI>
    </Metadata>
  </PAMRasterBand>
  <PAMRasterBand band="2">
    <Histograms>
      <HistItem>
        <HistMin>193.4244444444444</HistMin>
        <HistMax>1357.575555555556</HistMax>
        <BucketCount>225</BucketCount>
        <IncludeOutOfRange>0</IncludeOutOfRange>
        <Approximate>0</Approximate>
        <HistCounts>1|1|1|0|0|3|1|7|5|0|3|2|1|2|0|1|2|4|4|2|0|2|2|1|3|1|2|1|3|0|3|1|2|1|6|3|3|6|5|9|1|4|2|1|1|0|1|1|2|1|4|1|1|0|0|2|2|2|0|1|1|0|1|1|0|0|1|2|0|1|2|0|0|2|1|2|0|0|0|3|1|1|1|1|1|2|1|1|0|0|1|0|2|2|2|2|1|1|1|1|0|0|0|2|1|0|1|1|1|0|0|2|4|0|2|1|1|0|0|0|0|1|1|2|1|2|2|1|1|0|0|1|0|2|1|3|3|1|1|1|0|1|1|0|0|1|0|0|1|1|0|1|1|0|1|0|0|0|1|0|0|2|0|0|2|0|0|1|1|0|0|0|1|0|1|0|0|0|0|0|0|0|0|0|0|2|0|0|0|0|0|0|0|0|0|0|0|2|1|0|0|0|0|0|0|0|1|0|0|0|0|0|0|0|0|0|0|0|1|0|0|0|0|0|1</HistCounts>
      </HistItem>
    </Histograms>
    <Metadata>
      <MDI key="STATISTICS_MINIMUM">196</MDI>
      <MDI key="STATISTICS_MAXIMUM">1355</MDI>
      <MDI key="STATISTICS_MEAN">560.56444444444</MDI>
      <MDI key="STATISTICS_STDDEV">272.86738590634</MDI>
      <MDI key="STATISTICS_VALID_PERCENT">100</MDI>
    </Metadata>
  </PAMRasterBand>
  <PAMRasterBand band="3">
    <Histograms>
      <HistItem>
        <HistMin>213.4555555555555</HistMin>
        <HistMax>1815.544444444444</HistMax>
        <BucketCount>225</BucketCount>
        <IncludeOutOfRange>0</IncludeOutOfRange>
        <Approximate>0</Approximate>
        <HistCounts>4|3|1|3|1|1|5|1|4|0|1|2|1|2|2|3|2|2|1|3|1|0|1|2|4|1|1|2|4|1|1|2|2|1|2|3|4|1|2|2|2|6|3|3|0|1|2|1|2|1|0|0|3|1|2|2|3|3|2|1|0|0|2|0|0|2|1|1|0|1|0|1|0|0|5|2|1|0|2|0|2|0|0|0|2|0|1|2|0|0|0|0|2|1|2|1|1|0|0|1|0|1|3|0|1|0|1|0|4|1|3|0|1|1|0|0|1|1|0|0|1|1|0|3|1|2|0|5|1|0|0|1|0|1|1|1|1|5|0|0|1|0|1|1|0|1|0|0|1|1|1|1|1|2|1|0|1|1|0|1|2|0|1|1|0|1|0|0|3|0|0|0|0|1|0|0|0|0|0|0|0|0|1|1|0|0|0|0|0|0|0|0|0|0|1|0|0|0|0|0|0|1|0|0|1|0|0|1|0|0|0|0|0|1|0|0|0|0|0|0|0|1|0|0|1</HistCounts>
      </HistItem>
    </Histograms>
    <Metadata>
      <MDI key="STATISTICS_MINIMUM">217</MDI>
      <MDI key="STATISTICS_MAXIMUM">1812</MDI>
      <MDI key="STATISTICS_MEAN">741.99555555556</MDI>
      <MDI key="STATISTICS_STDDEV">394.65066969582</MDI>
      <MDI key="STATISTICS_VALID_PERCENT">100</MDI>
    </Metadata>
  </PAMRasterBand>
</PAMDataset>
