<PAMDataset>
  <PAMRasterBand band="1">
    <Histograms>
      <HistItem>
        <HistMin>261.5040983606557</HistMin>
        <HistMax>383.4959016393443</HistMax>
        <BucketCount>122</BucketCount>
        <IncludeOutOfRange>0</IncludeOutOfRange>
        <Approximate>0</Approximate>
        <HistCounts>1|0|2|0|0|0|1|0|1|1|1|1|0|1|0|1|1|2|1|1|0|1|2|1|3|5|0|4|5|1|5|4|4|3|1|2|4|2|3|6|1|3|2|3|1|2|5|0|6|5|3|2|2|0|1|2|4|3|2|2|2|2|3|2|2|6|6|3|1|3|5|2|2|4|1|2|4|1|2|3|1|3|2|2|1|4|3|1|2|3|2|1|2|3|0|0|1|3|3|0|1|0|0|3|0|1|2|0|0|0|0|1|1|0|0|2|0|0|0|0|0|1</HistCounts>
      </HistItem>
    </Histograms>
    <Metadata>
      <MDI key="STATISTICS_MINIMUM">262</MDI>
      <MDI key="STATISTICS_MAXIMUM">383</MDI>
      <MDI key="STATISTICS_MEAN">318.74666666667</MDI>
      <MDI key="STATISTICS_STDDEV">26.361298231393</MDI>
      <MDI key="STATISTICS_VALID_PERCENT">100</MDI>
    </Metadata>
  </PAMRasterBand>
  <PAMRasterBand band="2">
    <Histograms>
      <HistItem>
        <HistMin>197.5047169811321</HistMin>
        <HistMax>303.495283018868</HistMax>
        <BucketCount>106</BucketCount>
        <IncludeOutOfRange>0</IncludeOutOfRange>
        <Approximate>0</Approximate>
        <HistCounts>1|0|0|0|1|0|1|1|0|1|0|0|3|1|0|3|2|2|2|1|2|3|2|1|4|5|2|4|1|3|6|6|5|9|3|5|5|0|3|0|4|2|5|4|3|1|2|5|3|5|2|3|2|4|3|7|4|3|3|1|4|7|2|2|4|1|3|2|0|1|3|0|1|1|1|2|2|2|3|3|0|0|2|1|1|5|2|2|2|3|1|0|4|1|0|1|0|0|0|0|0|0|0|1|0|1</HistCounts>
      </HistItem>
    </Histograms>
    <Metadata>
      <MDI key="STATISTICS_MINIMUM">198</MDI>
      <MDI key="STATISTICS_MAXIMUM">303</MDI>
      <MDI key="STATISTICS_MEAN">246.69333333333</MDI>
      <MDI key="STATISTICS_STDDEV">22.725789559686</MDI>
      <MDI key="STATISTICS_VALID_PERCENT">100</MDI>
    </Metadata>
  </PAMRasterBand>
  <PAMRasterBand band="3">
    <Histograms>
      <HistItem>
        <HistMin>235.5040322580645</HistMin>
        <HistMax>359.4959677419355</HistMax>
        <BucketCount>124</BucketCount>
        <IncludeOutOfRange>0</IncludeOutOfRange>
        <Approximate>0</Approximate>
        <HistCounts>1|0|1|0|1|0|1|1|0|1|2|0|0|0|1|0|0|2|2|0|2|1|1|2|3|0|3|4|2|1|1|3|3|2|2|3|2|4|3|2|1|4|0|4|7|4|2|2|4|4|3|5|5|3|5|2|6|1|1|4|6|2|1|2|0|3|1|4|1|2|2|2|0|4|2|4|1|1|1|1|2|4|2|0|3|0|2|1|1|4|3|2|3|3|0|0|2|1|4|1|0|2|4|2|0|2|0|2|1|0|0|2|0|0|0|3|2|0|0|2|0|0|0|1</HistCounts>
      </HistItem>
    </Histograms>
    <Metadata>
      <MDI key="STATISTICS_MINIMUM">236</MDI>
      <MDI key="STATISTICS_MAXIMUM">359</MDI>
      <MDI key="STATISTICS_MEAN">295.72444444444</MDI>
      <MDI key="STATISTICS_STDDEV">27.944939160631</MDI>
      <MDI key="STATISTICS_VALID_PERCENT">100</MDI>
    </Metadata>
  </PAMRasterBand>
</PAMDataset>
