<PAMDataset>
  <PAMRasterBand band="1">
    <Histograms>
      <HistItem>
        <HistMin>290.5038759689922</HistMin>
        <HistMax>419.4961240310078</HistMax>
        <BucketCount>129</BucketCount>
        <IncludeOutOfRange>0</IncludeOutOfRange>
        <Approximate>0</Approximate>
        <HistCounts>1|1|0|0|0|0|0|1|0|0|0|0|0|0|1|0|0|0|0|0|0|1|0|1|1|0|0|0|0|0|0|0|1|0|1|1|0|0|0|0|0|1|0|0|0|2|0|0|2|2|4|1|1|2|4|0|4|6|2|4|3|3|3|3|5|1|2|6|2|3|3|2|3|3|1|5|0|7|5|3|4|3|9|3|2|2|8|6|6|7|3|7|8|2|3|3|2|3|3|0|2|2|1|3|1|4|2|1|0|2|3|1|2|1|0|1|0|0|1|1|1|0|0|1|2|0|0|0|1</HistCounts>
      </HistItem>
    </Histograms>
    <Metadata>
      <MDI key="STATISTICS_MINIMUM">291</MDI>
      <MDI key="STATISTICS_MAXIMUM">419</MDI>
      <MDI key="STATISTICS_MEAN">368.80444444444</MDI>
      <MDI key="STATISTICS_STDDEV">22.207045484166</MDI>
      <MDI key="STATISTICS_VALID_PERCENT">100</MDI>
    </Metadata>
  </PAMRasterBand>
  <PAMRasterBand band="2">
    <Histograms>
      <HistItem>
        <HistMin>237.504347826087</HistMin>
        <HistMax>352.495652173913</HistMax>
        <BucketCount>115</BucketCount>
        <IncludeOutOfRange>0</IncludeOutOfRange>
        <Approximate>0</Approximate>
        <HistCounts>1|0|0|0|1|0|0|0|0|1|0|0|0|1|0|0|0|0|1|0|1|0|0|0|0|1|0|1|0|0|0|0|0|0|1|0|1|0|1|0|0|0|1|1|1|1|4|5|4|1|3|1|3|2|6|3|6|2|3|2|5|0|5|8|1|7|8|8|7|1|2|4|3|6|6|5|8|7|5|5|4|5|1|9|2|6|2|5|4|1|3|0|5|1|2|0|0|2|1|2|1|0|1|1|1|0|1|1|1|0|0|1|0|0|1</HistCounts>
      </HistItem>
    </Histograms>
    <Metadata>
      <MDI key="STATISTICS_MINIMUM">238</MDI>
      <MDI key="STATISTICS_MAXIMUM">352</MDI>
      <MDI key="STATISTICS_MEAN">307.15111111111</MDI>
      <MDI key="STATISTICS_STDDEV">18.70387508539</MDI>
      <MDI key="STATISTICS_VALID_PERCENT">100</MDI>
    </Metadata>
  </PAMRasterBand>
  <PAMRasterBand band="3">
    <Histograms>
      <HistItem>
        <HistMin>299.5032051282051</HistMin>
        <HistMax>455.4967948717949</HistMax>
        <BucketCount>156</BucketCount>
        <IncludeOutOfRange>0</IncludeOutOfRange>
        <Approximate>0</Approximate>
        <HistCounts>1|0|0|0|0|0|0|0|0|0|1|0|1|0|0|0|0|0|0|1|0|0|0|1|1|0|0|0|0|0|0|0|0|0|0|0|0|2|0|0|0|0|0|1|0|0|0|0|0|0|0|0|1|0|1|0|2|0|0|0|2|2|0|0|0|2|0|2|3|0|2|3|2|2|4|0|1|3|3|4|2|2|2|6|3|2|2|4|3|3|2|2|1|4|4|3|1|3|5|2|1|6|5|6|3|5|2|3|5|3|7|7|5|3|5|6|5|3|4|2|1|2|1|1|2|0|1|4|1|1|1|0|1|2|1|1|0|0|0|1|3|3|0|0|2|1|0|0|0|0|1|1|1|0|1|1</HistCounts>
      </HistItem>
    </Histograms>
    <Metadata>
      <MDI key="STATISTICS_MINIMUM">300</MDI>
      <MDI key="STATISTICS_MAXIMUM">455</MDI>
      <MDI key="STATISTICS_MEAN">398.16</MDI>
      <MDI key="STATISTICS_STDDEV">26.377620143683</MDI>
      <MDI key="STATISTICS_VALID_PERCENT">100</MDI>
    </Metadata>
  </PAMRasterBand>
</PAMDataset>
