<PAMDataset>
  <PAMRasterBand band="1">
    <Histograms>
      <HistItem>
        <HistMin>247.7666666666667</HistMin>
        <HistMax>805.2333333333333</HistMax>
        <BucketCount>225</BucketCount>
        <IncludeOutOfRange>0</IncludeOutOfRange>
        <Approximate>0</Approximate>
        <HistCounts>1|0|0|1|0|0|0|0|1|1|0|1|0|0|0|2|0|0|1|0|0|1|0|1|2|1|2|0|2|0|0|0|0|0|0|1|1|1|2|0|0|0|1|0|1|0|2|0|0|0|2|0|0|1|1|1|0|0|0|1|2|0|0|0|0|0|1|0|0|2|1|2|0|0|1|1|1|1|2|1|1|0|0|0|4|1|3|3|3|3|3|1|3|3|2|2|10|2|8|1|4|2|7|8|1|11|6|6|5|1|0|6|5|3|2|4|4|2|4|4|0|2|3|6|1|5|6|0|6|2|0|1|1|0|0|0|0|0|0|0|0|0|0|0|1|1|0|0|0|0|0|1|0|0|0|0|0|0|0|0|0|0|0|0|0|0|0|0|0|0|0|0|0|0|1|0|0|0|0|0|0|0|0|0|0|0|0|0|0|0|0|0|0|0|0|1|0|0|0|0|0|0|0|0|0|0|0|0|0|0|0|0|0|0|0|0|0|0|1|0|0|0|0|0|1</HistCounts>
      </HistItem>
    </Histograms>
    <Metadata>
      <MDI key="STATISTICS_MINIMUM">249</MDI>
      <MDI key="STATISTICS_MAXIMUM">804</MDI>
      <MDI key="STATISTICS_MEAN">486.36</MDI>
      <MDI key="STATISTICS_STDDEV">83.42815511964</MDI>
      <MDI key="STATISTICS_VALID_PERCENT">100</MDI>
    </Metadata>
  </PAMRasterBand>
  <PAMRasterBand band="2">
    <Histograms>
      <HistItem>
        <HistMin>234.7555555555556</HistMin>
        <HistMax>797.2444444444444</HistMax>
        <BucketCount>225</BucketCount>
        <IncludeOutOfRange>0</IncludeOutOfRange>
        <Approximate>0</Approximate>
        <HistCounts>1|0|0|1|0|0|0|0|0|1|2|0|0|0|2|1|0|0|0|1|0|0|1|1|0|1|0|0|1|1|0|0|1|1|1|0|2|0|0|0|1|1|2|0|1|0|0|0|0|0|2|0|0|0|0|0|0|0|1|0|2|2|0|0|0|0|0|0|0|3|0|0|2|1|2|0|0|0|0|2|0|0|1|1|0|2|1|0|0|0|1|1|1|0|2|0|0|1|4|2|5|1|1|1|7|1|4|7|5|3|7|5|6|2|5|6|10|3|5|3|5|7|5|2|6|2|3|6|2|3|5|3|0|3|6|4|5|3|3|0|0|1|0|0|1|0|0|0|0|0|0|0|0|0|0|0|0|0|0|0|0|0|0|0|0|0|0|0|1|0|0|0|1|0|1|0|0|0|0|0|0|0|0|0|0|0|0|0|1|0|0|0|0|0|0|0|0|0|0|0|0|0|0|0|0|0|0|0|0|0|0|0|0|0|0|0|0|0|0|0|0|0|0|0|1</HistCounts>
      </HistItem>
    </Histograms>
    <Metadata>
      <MDI key="STATISTICS_MINIMUM">236</MDI>
      <MDI key="STATISTICS_MAXIMUM">796</MDI>
      <MDI key="STATISTICS_MEAN">497.07555555556</MDI>
      <MDI key="STATISTICS_STDDEV">86.877940316171</MDI>
      <MDI key="STATISTICS_VALID_PERCENT">100</MDI>
    </Metadata>
  </PAMRasterBand>
  <PAMRasterBand band="3">
    <Histograms>
      <HistItem>
        <HistMin>315.1511111111111</HistMin>
        <HistMax>1150.848888888889</HistMax>
        <BucketCount>225</BucketCount>
        <IncludeOutOfRange>0</IncludeOutOfRange>
        <Approximate>0</Approximate>
        <HistCounts>1|0|1|0|2|0|0|1|1|0|0|0|0|1|0|0|1|0|0|0|3|0|0|0|1|1|0|0|0|0|0|0|2|2|2|0|0|1|0|0|1|0|0|0|1|0|0|0|1|1|0|2|0|0|0|1|0|1|1|0|0|1|0|0|0|0|1|0|2|1|1|1|0|0|0|1|1|1|0|1|0|1|0|0|0|1|1|0|0|1|1|0|0|0|1|0|0|1|0|0|0|0|1|3|1|2|2|0|1|2|2|2|0|2|3|2|2|5|8|1|1|7|3|7|4|5|3|10|1|3|5|5|5|2|7|3|3|3|7|2|2|3|4|1|7|4|3|5|5|0|2|4|2|0|3|0|1|0|0|2|1|0|0|0|0|0|1|0|0|0|1|0|0|0|0|0|0|0|0|0|0|0|0|1|0|0|0|0|0|0|0|0|0|0|0|0|0|0|0|0|0|0|0|0|0|0|0|0|0|0|0|0|0|0|0|0|0|0|0|0|0|0|0|0|1</HistCounts>
      </HistItem>
    </Histograms>
    <Metadata>
      <MDI key="STATISTICS_MINIMUM">317</MDI>
      <MDI key="STATISTICS_MAXIMUM">1149</MDI>
      <MDI key="STATISTICS_MEAN">741.35555555556</MDI>
      <MDI key="STATISTICS_STDDEV">145.2734059253</MDI>
      <MDI key="STATISTICS_VALID_PERCENT">100</MDI>
    </Metadata>
  </PAMRasterBand>
</PAMDataset>
