<PAMDataset>
  <PAMRasterBand band="1">
    <Histograms>
      <HistItem>
        <HistMin>318.7666666666667</HistMin>
        <HistMax>876.2333333333333</HistMax>
        <BucketCount>225</BucketCount>
        <IncludeOutOfRange>0</IncludeOutOfRange>
        <Approximate>0</Approximate>
        <HistCounts>3|0|0|0|0|1|1|0|1|0|0|0|0|0|3|2|3|1|0|1|1|2|1|0|0|2|0|1|1|1|0|1|1|0|2|0|1|1|0|1|1|2|0|0|1|2|2|1|1|1|2|0|2|6|1|2|3|1|0|2|1|1|0|3|0|1|2|2|1|4|0|2|0|5|4|3|4|2|2|0|2|0|1|0|4|4|3|0|1|0|0|1|0|0|1|1|2|0|1|0|0|0|2|0|0|3|1|1|0|2|0|1|1|1|1|3|1|2|3|0|2|2|0|1|2|0|2|3|0|0|3|3|0|0|0|0|2|2|2|0|2|0|2|2|1|1|3|1|1|0|0|1|1|1|0|2|1|1|0|2|2|0|0|0|2|0|0|1|1|1|1|0|0|1|1|1|3|0|0|3|1|0|0|0|0|1|1|0|2|0|0|1|0|0|0|0|0|1|0|1|2|0|1|0|1|0|0|0|2|1|0|1|0|0|0|0|0|0|0|0|0|0|0|3|1</HistCounts>
      </HistItem>
    </Histograms>
    <Metadata>
      <MDI key="STATISTICS_MINIMUM">320</MDI>
      <MDI key="STATISTICS_MAXIMUM">875</MDI>
      <MDI key="STATISTICS_MEAN">566.50666666667</MDI>
      <MDI key="STATISTICS_STDDEV">137.80153587275</MDI>
      <MDI key="STATISTICS_VALID_PERCENT">100</MDI>
    </Metadata>
  </PAMRasterBand>
  <PAMRasterBand band="2">
    <Histograms>
      <HistItem>
        <HistMin>270.6911111111111</HistMin>
        <HistMax>862.3088888888889</HistMax>
        <BucketCount>225</BucketCount>
        <IncludeOutOfRange>0</IncludeOutOfRange>
        <Approximate>0</Approximate>
        <HistCounts>1|0|3|0|0|0|2|0|1|0|0|2|1|1|1|1|0|1|1|1|1|0|2|0|1|1|2|3|1|0|0|2|0|1|2|1|1|1|0|1|0|0|0|0|1|0|1|1|1|3|0|1|1|1|1|0|0|1|2|1|2|0|0|1|2|1|4|4|0|0|2|2|2|2|0|2|4|4|3|2|4|1|5|1|2|1|3|2|0|1|1|2|2|1|0|1|0|1|1|0|0|1|0|1|0|3|1|0|1|1|1|1|0|0|1|1|1|0|1|0|0|1|0|2|0|0|3|1|0|0|2|1|2|0|1|0|0|4|3|3|3|3|2|2|3|0|1|1|1|2|0|0|1|1|1|1|1|2|1|3|0|0|1|0|0|1|0|1|0|1|1|1|2|0|1|0|0|0|2|0|1|0|1|1|1|1|0|0|0|1|0|0|2|0|0|0|1|1|0|1|2|0|0|0|0|0|0|0|3|1|3|2|0|0|1|1|1|0|2|0|1|1|1|0|1</HistCounts>
      </HistItem>
    </Histograms>
    <Metadata>
      <MDI key="STATISTICS_MINIMUM">272</MDI>
      <MDI key="STATISTICS_MAXIMUM">861</MDI>
      <MDI key="STATISTICS_MEAN">549.29333333333</MDI>
      <MDI key="STATISTICS_STDDEV">155.96157133516</MDI>
      <MDI key="STATISTICS_VALID_PERCENT">100</MDI>
    </Metadata>
  </PAMRasterBand>
  <PAMRasterBand band="3">
    <Histograms>
      <HistItem>
        <HistMin>305.76</HistMin>
        <HistMax>1318.24</HistMax>
        <BucketCount>225</BucketCount>
        <IncludeOutOfRange>0</IncludeOutOfRange>
        <Approximate>0</Approximate>
        <HistCounts>1|1|1|0|1|0|1|0|1|1|0|0|1|1|2|0|2|2|0|1|0|1|1|2|1|0|2|1|0|1|0|1|1|0|1|1|1|1|1|1|2|3|1|0|0|0|3|0|0|0|0|1|2|0|1|2|1|0|4|0|1|2|1|1|2|2|2|1|2|0|6|3|0|1|4|6|2|0|2|1|1|2|4|1|2|0|2|1|0|1|0|1|0|3|2|0|1|0|2|2|1|2|2|1|0|2|2|0|0|0|0|1|0|1|0|1|0|1|0|1|0|0|0|1|1|2|2|1|1|1|2|1|0|1|1|4|2|2|2|1|2|0|0|2|1|1|3|1|2|0|2|0|0|1|2|0|1|1|1|1|2|5|0|0|0|1|1|1|2|1|0|0|0|1|0|1|0|0|2|1|0|3|0|1|1|0|1|0|1|0|0|0|1|0|0|1|0|1|1|0|0|0|3|2|0|0|0|1|0|0|4|0|3|0|1|0|2|0|0|0|0|0|0|1|1</HistCounts>
      </HistItem>
    </Histograms>
    <Metadata>
      <MDI key="STATISTICS_MINIMUM">308</MDI>
      <MDI key="STATISTICS_MAXIMUM">1316</MDI>
      <MDI key="STATISTICS_MEAN">777.95111111111</MDI>
      <MDI key="STATISTICS_STDDEV">262.58985731637</MDI>
      <MDI key="STATISTICS_VALID_PERCENT">100</MDI>
    </Metadata>
  </PAMRasterBand>
</PAMDataset>
