<PAMDataset>
  <PAMRasterBand band="1">
    <Histograms>
      <HistItem>
        <HistMin>218.9466666666667</HistMin>
        <HistMax>695.0533333333333</HistMax>
        <BucketCount>225</BucketCount>
        <IncludeOutOfRange>0</IncludeOutOfRange>
        <Approximate>0</Approximate>
        <HistCounts>1|1|4|4|2|2|3|3|3|2|2|2|2|0|3|4|1|0|5|1|3|0|2|1|0|1|2|0|1|0|0|2|0|4|5|1|2|2|2|0|0|2|1|3|1|3|2|3|3|0|0|5|2|3|1|1|1|0|0|1|3|2|1|2|3|1|0|1|1|1|1|1|2|0|0|0|0|1|1|1|0|1|1|0|1|1|1|0|0|0|1|0|1|1|1|1|3|0|1|1|0|0|0|0|0|0|0|0|0|0|0|0|0|0|0|0|1|1|3|3|2|3|0|0|3|2|5|4|0|2|3|1|2|0|1|1|2|0|3|1|1|3|0|0|0|1|0|0|2|0|2|0|1|0|2|1|2|0|0|0|1|2|1|0|1|1|0|2|1|0|1|0|0|0|0|0|0|0|1|0|0|2|1|0|0|1|0|0|0|0|0|0|0|0|0|0|0|1|3|0|0|1|0|0|0|0|0|0|0|0|0|0|0|0|1|0|0|1|0|1|0|0|0|0|2</HistCounts>
      </HistItem>
    </Histograms>
    <Metadata>
      <MDI key="STATISTICS_MINIMUM">220</MDI>
      <MDI key="STATISTICS_MAXIMUM">694</MDI>
      <MDI key="STATISTICS_MEAN">388.99111111111</MDI>
      <MDI key="STATISTICS_STDDEV">125.62345821669</MDI>
      <MDI key="STATISTICS_VALID_PERCENT">100</MDI>
    </Metadata>
  </PAMRasterBand>
  <PAMRasterBand band="2">
    <Histograms>
      <HistItem>
        <HistMin>225.9066666666667</HistMin>
        <HistMax>720.0933333333334</HistMax>
        <BucketCount>225</BucketCount>
        <IncludeOutOfRange>0</IncludeOutOfRange>
        <Approximate>0</Approximate>
        <HistCounts>2|2|4|4|2|3|1|1|2|2|3|0|4|3|2|11|4|2|2|3|4|5|3|3|5|1|6|0|5|6|3|1|3|2|2|4|4|1|2|2|3|1|0|2|1|2|1|2|0|1|1|1|0|1|1|2|0|0|0|0|0|0|1|0|0|0|0|0|0|0|1|1|0|0|0|0|2|1|2|0|0|1|1|0|2|0|1|0|2|2|1|1|3|2|3|2|1|4|1|2|1|0|0|0|0|0|0|0|0|1|0|0|0|0|0|0|1|0|0|0|2|1|2|2|0|0|1|2|1|2|1|1|1|2|1|0|0|0|2|0|2|0|1|0|1|0|0|1|1|2|0|0|0|1|0|0|0|1|0|0|0|0|2|0|0|0|0|0|0|1|0|1|0|1|0|0|0|0|0|0|0|0|0|0|0|0|0|0|0|0|0|0|1|0|0|0|0|1|0|0|0|1|0|0|0|0|0|0|2|0|0|1|0|0|0|0|3|0|0|0|0|0|0|0|2</HistCounts>
      </HistItem>
    </Histograms>
    <Metadata>
      <MDI key="STATISTICS_MINIMUM">227</MDI>
      <MDI key="STATISTICS_MAXIMUM">719</MDI>
      <MDI key="STATISTICS_MEAN">364.90222222222</MDI>
      <MDI key="STATISTICS_STDDEV">124.86963600116</MDI>
      <MDI key="STATISTICS_VALID_PERCENT">100</MDI>
    </Metadata>
  </PAMRasterBand>
  <PAMRasterBand band="3">
    <Histograms>
      <HistItem>
        <HistMin>228.0533333333333</HistMin>
        <HistMax>1107.946666666667</HistMax>
        <BucketCount>225</BucketCount>
        <IncludeOutOfRange>0</IncludeOutOfRange>
        <Approximate>0</Approximate>
        <HistCounts>1|1|0|0|1|2|3|1|1|4|2|4|2|2|1|7|7|15|7|3|4|7|4|6|5|1|4|2|1|0|1|0|0|0|0|1|0|0|0|0|0|1|1|2|0|2|3|1|1|1|0|1|3|0|1|3|0|0|0|0|2|2|0|0|0|2|0|1|0|1|1|1|0|2|1|0|0|1|0|0|0|0|1|0|1|0|1|1|0|0|0|0|0|1|0|1|0|0|1|1|0|1|1|0|1|0|0|1|0|1|5|1|2|3|1|1|4|0|2|0|2|2|2|4|0|3|1|3|2|3|0|1|1|0|0|1|0|0|0|3|1|0|0|1|0|2|0|2|0|1|0|0|0|3|1|0|0|1|0|1|0|2|0|1|0|0|0|1|1|0|0|0|0|0|0|0|1|0|1|1|0|0|0|0|0|0|0|1|0|0|0|0|0|1|0|0|0|0|0|0|1|1|0|2|0|0|0|0|0|0|2|1|0|0|0|0|0|0|0|0|0|0|0|0|1</HistCounts>
      </HistItem>
    </Histograms>
    <Metadata>
      <MDI key="STATISTICS_MINIMUM">230</MDI>
      <MDI key="STATISTICS_MAXIMUM">1106</MDI>
      <MDI key="STATISTICS_MEAN">506.84888888889</MDI>
      <MDI key="STATISTICS_STDDEV">229.33250835338</MDI>
      <MDI key="STATISTICS_VALID_PERCENT">100</MDI>
    </Metadata>
  </PAMRasterBand>
</PAMDataset>
