<PAMDataset>
  <PAMRasterBand band="1">
    <Histograms>
      <HistItem>
        <HistMin>317.9977777777778</HistMin>
        <HistMax>771.0022222222223</HistMax>
        <BucketCount>225</BucketCount>
        <IncludeOutOfRange>0</IncludeOutOfRange>
        <Approximate>0</Approximate>
        <HistCounts>1|0|1|0|0|0|1|0|0|0|0|0|2|0|1|0|1|0|0|0|0|1|0|0|1|0|0|0|0|0|1|1|0|0|0|1|4|1|1|0|1|2|1|2|2|2|0|2|0|1|1|0|1|2|2|4|1|0|1|1|1|1|0|1|1|1|2|4|2|1|2|0|1|0|0|4|1|1|2|1|1|2|2|1|3|0|0|0|1|0|3|3|1|1|0|1|0|0|0|0|0|0|1|1|0|0|0|0|0|0|1|0|0|0|2|0|0|1|0|1|1|2|1|0|0|2|3|0|2|3|2|3|1|0|0|1|0|1|4|3|0|1|1|1|2|1|4|2|3|3|3|1|1|1|0|3|0|3|1|1|2|1|1|3|1|0|2|2|4|0|3|2|2|0|0|1|0|0|1|0|2|1|2|0|0|3|0|1|0|1|1|3|0|2|3|0|1|2|1|1|1|2|0|0|0|1|0|1|1|1|2|0|0|1|0|6|0|0|0|1|0|0|0|1|1</HistCounts>
      </HistItem>
    </Histograms>
    <Metadata>
      <MDI key="STATISTICS_MINIMUM">319</MDI>
      <MDI key="STATISTICS_MAXIMUM">770</MDI>
      <MDI key="STATISTICS_MEAN">563.06222222222</MDI>
      <MDI key="STATISTICS_STDDEV">116.74216850039</MDI>
      <MDI key="STATISTICS_VALID_PERCENT">100</MDI>
    </Metadata>
  </PAMRasterBand>
  <PAMRasterBand band="2">
    <Histograms>
      <HistItem>
        <HistMin>257.6711111111111</HistMin>
        <HistMax>858.3288888888889</HistMax>
        <BucketCount>225</BucketCount>
        <IncludeOutOfRange>0</IncludeOutOfRange>
        <Approximate>0</Approximate>
        <HistCounts>2|0|0|1|0|0|0|0|0|1|1|0|1|0|0|0|0|0|0|1|0|1|0|0|0|1|0|1|0|1|1|0|1|2|1|1|2|2|2|1|1|3|3|0|1|0|1|1|4|2|2|3|2|1|2|2|1|5|3|1|3|0|1|1|3|1|3|0|1|1|2|3|2|1|0|0|1|0|1|0|0|0|0|0|1|0|0|1|1|0|1|0|1|0|0|0|2|0|0|2|0|0|0|1|1|2|1|0|1|1|0|1|0|0|2|1|0|1|1|1|1|2|1|0|3|0|0|1|1|1|2|3|2|3|3|0|2|0|2|0|4|1|0|1|2|1|0|0|3|1|1|5|0|0|4|0|0|0|1|1|1|2|0|0|3|0|2|2|2|2|0|0|1|0|1|2|1|0|2|2|0|0|0|0|2|1|1|1|1|1|3|0|1|1|1|1|1|2|1|1|1|2|1|1|0|4|0|1|0|0|0|1|2|1|3|2|0|1|1|0|0|0|0|0|1</HistCounts>
      </HistItem>
    </Histograms>
    <Metadata>
      <MDI key="STATISTICS_MINIMUM">259</MDI>
      <MDI key="STATISTICS_MAXIMUM">857</MDI>
      <MDI key="STATISTICS_MEAN">566.20888888889</MDI>
      <MDI key="STATISTICS_STDDEV">162.0527648257</MDI>
      <MDI key="STATISTICS_VALID_PERCENT">100</MDI>
    </Metadata>
  </PAMRasterBand>
  <PAMRasterBand band="3">
    <Histograms>
      <HistItem>
        <HistMin>426.7466666666667</HistMin>
        <HistMax>1445.253333333333</HistMax>
        <BucketCount>225</BucketCount>
        <IncludeOutOfRange>0</IncludeOutOfRange>
        <Approximate>0</Approximate>
        <HistCounts>1|1|1|0|1|1|1|0|0|0|0|0|2|1|1|1|0|0|2|6|4|2|4|4|1|4|3|2|7|0|3|3|1|2|3|1|1|0|0|0|0|0|1|1|1|1|2|0|0|0|2|0|0|0|0|0|2|1|0|1|2|0|0|1|0|2|0|1|1|0|1|1|0|0|0|0|0|0|1|0|0|0|1|0|0|0|0|2|0|0|0|0|0|1|0|0|0|0|1|0|0|0|0|1|0|1|0|0|0|1|0|1|2|1|0|0|1|0|2|1|1|2|0|0|2|0|0|2|1|0|1|2|3|1|0|3|1|2|2|0|1|1|3|0|1|1|2|1|0|2|3|1|1|1|6|0|0|1|2|2|1|0|0|3|3|0|2|4|0|0|1|0|2|4|3|3|2|3|2|3|1|2|1|1|2|1|1|1|1|1|0|0|0|2|2|2|2|0|0|0|0|0|1|0|0|1|0|1|1|0|1|0|0|1|0|0|2|1|0|0|1|2|0|2|1</HistCounts>
      </HistItem>
    </Histograms>
    <Metadata>
      <MDI key="STATISTICS_MINIMUM">429</MDI>
      <MDI key="STATISTICS_MAXIMUM">1443</MDI>
      <MDI key="STATISTICS_MEAN">930.01333333333</MDI>
      <MDI key="STATISTICS_STDDEV">308.48098778081</MDI>
      <MDI key="STATISTICS_VALID_PERCENT">100</MDI>
    </Metadata>
  </PAMRasterBand>
</PAMDataset>
