<PAMDataset>
  <PAMRasterBand band="1">
    <Histograms>
      <HistItem>
        <HistMin>273.2333333333333</HistMin>
        <HistMax>1071.766666666667</HistMax>
        <BucketCount>225</BucketCount>
        <IncludeOutOfRange>0</IncludeOutOfRange>
        <Approximate>0</Approximate>
        <HistCounts>1|1|2|1|1|3|1|2|6|1|2|1|1|2|2|1|0|0|1|2|0|1|1|2|0|0|1|1|3|1|2|0|2|0|0|0|1|1|3|3|0|3|1|1|1|0|1|0|1|1|2|1|1|0|0|0|2|4|3|1|1|0|0|1|1|1|3|2|3|0|0|1|0|2|0|2|1|2|3|2|1|5|1|2|2|2|0|3|3|2|3|0|3|2|1|1|3|1|0|2|2|2|4|0|1|2|2|3|2|1|0|0|2|2|1|1|2|0|0|0|0|1|1|2|3|2|0|2|0|1|1|3|1|2|1|1|1|0|0|2|0|1|3|0|0|3|2|0|1|1|0|1|1|1|0|0|0|0|0|0|0|0|0|2|0|0|2|0|1|1|1|1|0|1|0|0|0|0|0|0|1|1|0|0|0|0|0|1|0|1|2|0|0|0|0|1|1|0|0|0|1|0|0|0|0|1|0|0|0|0|1|0|0|0|0|0|0|0|1|0|0|0|0|0|1</HistCounts>
      </HistItem>
    </Histograms>
    <Metadata>
      <MDI key="STATISTICS_MINIMUM">275</MDI>
      <MDI key="STATISTICS_MAXIMUM">1070</MDI>
      <MDI key="STATISTICS_MEAN">579.35555555556</MDI>
      <MDI key="STATISTICS_STDDEV">186.52293937631</MDI>
      <MDI key="STATISTICS_VALID_PERCENT">100</MDI>
    </Metadata>
  </PAMRasterBand>
  <PAMRasterBand band="2">
    <Histograms>
      <HistItem>
        <HistMin>244.6222222222222</HistMin>
        <HistMax>867.3777777777777</HistMax>
        <BucketCount>225</BucketCount>
        <IncludeOutOfRange>0</IncludeOutOfRange>
        <Approximate>0</Approximate>
        <HistCounts>1|1|0|3|0|0|0|1|1|0|1|0|1|0|2|0|2|5|2|2|2|4|0|1|0|0|1|0|0|0|1|1|0|3|0|1|1|0|3|0|1|1|1|1|2|0|1|0|1|2|1|1|0|1|1|0|0|3|1|1|2|3|0|1|0|1|2|2|2|0|1|0|0|0|2|0|1|0|1|0|2|0|0|1|0|1|1|1|0|0|1|1|0|0|1|0|1|1|0|3|2|0|6|1|1|1|4|2|0|2|0|2|1|2|2|5|1|3|1|1|1|1|1|0|1|1|5|1|1|1|4|3|1|5|1|2|4|3|2|0|1|3|3|3|0|1|2|2|1|1|0|0|0|1|1|2|0|1|0|0|1|0|1|1|0|0|0|2|0|1|1|1|0|0|0|1|0|0|1|0|0|0|0|0|0|2|1|0|3|1|0|1|0|3|0|3|1|1|2|1|0|0|2|0|1|0|0|0|1|0|1|0|0|1|0|0|0|0|0|0|1|0|0|0|1</HistCounts>
      </HistItem>
    </Histograms>
    <Metadata>
      <MDI key="STATISTICS_MINIMUM">246</MDI>
      <MDI key="STATISTICS_MAXIMUM">866</MDI>
      <MDI key="STATISTICS_MEAN">534.50666666667</MDI>
      <MDI key="STATISTICS_STDDEV">157.23892987001</MDI>
      <MDI key="STATISTICS_VALID_PERCENT">100</MDI>
    </Metadata>
  </PAMRasterBand>
  <PAMRasterBand band="3">
    <Histograms>
      <HistItem>
        <HistMin>330.1177777777778</HistMin>
        <HistMax>1180.882222222222</HistMax>
        <BucketCount>225</BucketCount>
        <IncludeOutOfRange>0</IncludeOutOfRange>
        <Approximate>0</Approximate>
        <HistCounts>1|2|1|1|1|0|1|1|0|0|0|0|3|2|1|3|1|2|0|7|1|2|1|0|1|0|2|0|3|0|0|2|0|1|0|3|1|0|2|2|1|0|1|0|0|0|0|0|0|0|0|2|1|1|2|2|1|2|1|1|1|4|1|2|1|0|0|0|1|1|2|0|1|0|1|0|0|1|2|0|1|0|1|3|4|1|0|0|3|2|0|1|1|0|0|2|1|2|0|0|3|1|2|0|1|1|2|1|2|2|1|1|5|2|3|4|1|3|1|0|2|4|0|1|2|2|2|3|0|2|2|1|4|0|0|1|1|2|4|1|0|1|0|3|2|1|2|3|1|0|0|0|0|0|0|1|0|0|0|1|0|4|0|0|0|0|0|3|0|1|0|0|1|3|0|0|0|1|1|0|0|0|1|1|0|2|1|1|2|0|1|0|0|2|0|1|0|0|1|2|0|1|1|0|0|1|0|0|0|1|0|0|0|1|0|0|2|0|0|0|0|0|0|0|1</HistCounts>
      </HistItem>
    </Histograms>
    <Metadata>
      <MDI key="STATISTICS_MINIMUM">332</MDI>
      <MDI key="STATISTICS_MAXIMUM">1179</MDI>
      <MDI key="STATISTICS_MEAN">707.60888888889</MDI>
      <MDI key="STATISTICS_STDDEV">214.56477480624</MDI>
      <MDI key="STATISTICS_VALID_PERCENT">100</MDI>
    </Metadata>
  </PAMRasterBand>
</PAMDataset>
