<PAMDataset>
  <PAMRasterBand band="1">
    <Histograms>
      <HistItem>
        <HistMin>237.8977777777778</HistMin>
        <HistMax>736.1022222222222</HistMax>
        <BucketCount>225</BucketCount>
        <IncludeOutOfRange>0</IncludeOutOfRange>
        <Approximate>0</Approximate>
        <HistCounts>1|0|0|0|1|1|0|0|0|0|2|0|1|2|1|2|1|0|1|1|3|0|2|2|2|2|2|3|5|0|2|1|4|3|4|3|1|8|0|3|0|0|1|1|0|1|4|2|2|0|1|3|2|1|3|1|2|1|2|1|0|5|2|2|1|1|2|3|0|3|1|2|0|1|2|1|3|0|0|2|2|2|2|1|3|1|0|1|2|3|3|1|2|1|0|1|1|3|5|2|2|6|0|8|6|3|2|2|4|1|3|5|2|0|0|0|0|0|2|1|0|0|0|0|0|1|0|0|1|0|1|0|0|0|0|1|0|0|0|0|0|0|0|1|0|0|0|1|0|1|0|0|0|1|1|1|1|0|0|0|0|0|0|0|0|0|0|0|0|0|1|0|0|1|0|0|0|0|0|0|0|0|0|0|0|0|0|0|0|0|0|0|1|0|1|0|1|0|0|0|0|0|0|0|0|1|0|0|0|0|0|0|1|0|0|0|0|0|0|0|0|0|0|0|1</HistCounts>
      </HistItem>
    </Histograms>
    <Metadata>
      <MDI key="STATISTICS_MINIMUM">239</MDI>
      <MDI key="STATISTICS_MAXIMUM">735</MDI>
      <MDI key="STATISTICS_MEAN">402.52888888889</MDI>
      <MDI key="STATISTICS_STDDEV">93.841996337158</MDI>
      <MDI key="STATISTICS_VALID_PERCENT">100</MDI>
    </Metadata>
  </PAMRasterBand>
  <PAMRasterBand band="2">
    <Histograms>
      <HistItem>
        <HistMin>209.8444444444444</HistMin>
        <HistMax>732.1555555555556</HistMax>
        <BucketCount>225</BucketCount>
        <IncludeOutOfRange>0</IncludeOutOfRange>
        <Approximate>0</Approximate>
        <HistCounts>1|0|0|0|0|0|3|0|2|1|0|1|0|1|2|3|2|7|1|5|3|2|2|3|1|1|4|5|3|1|2|2|4|1|1|3|2|3|5|4|3|3|1|1|1|0|1|2|0|3|1|3|2|1|1|2|1|1|0|1|2|0|2|0|2|2|2|0|0|3|3|1|3|2|2|1|1|2|1|0|0|0|2|1|0|1|1|5|8|2|4|4|4|4|5|3|4|4|1|2|0|1|3|3|1|2|0|1|1|0|0|1|0|0|0|1|0|0|0|0|0|0|0|0|0|0|0|0|0|1|0|0|0|0|0|1|1|0|0|0|0|1|0|0|0|0|0|0|0|1|0|0|1|0|0|2|0|0|0|0|0|1|0|1|0|0|0|0|1|0|0|0|0|0|1|0|0|0|0|0|0|0|0|0|0|0|0|0|0|0|0|0|0|0|0|0|0|2|1|0|0|0|0|0|0|0|0|0|0|0|1|1|0|0|0|0|0|0|0|0|0|0|0|0|1</HistCounts>
      </HistItem>
    </Histograms>
    <Metadata>
      <MDI key="STATISTICS_MINIMUM">211</MDI>
      <MDI key="STATISTICS_MAXIMUM">731</MDI>
      <MDI key="STATISTICS_MEAN">364.57777777778</MDI>
      <MDI key="STATISTICS_STDDEV">100.84449831055</MDI>
      <MDI key="STATISTICS_VALID_PERCENT">100</MDI>
    </Metadata>
  </PAMRasterBand>
  <PAMRasterBand band="3">
    <Histograms>
      <HistItem>
        <HistMin>265.5066666666667</HistMin>
        <HistMax>940.4933333333333</HistMax>
        <BucketCount>225</BucketCount>
        <IncludeOutOfRange>0</IncludeOutOfRange>
        <Approximate>0</Approximate>
        <HistCounts>1|0|1|0|1|3|2|5|5|1|4|4|1|0|0|3|4|3|1|1|6|2|1|2|5|1|2|2|2|0|2|4|2|1|3|4|0|1|2|2|3|4|0|1|1|2|2|2|2|2|0|2|1|1|2|2|0|3|2|1|2|1|1|0|1|1|0|4|2|1|0|0|1|1|2|1|3|1|1|1|2|3|0|2|1|2|0|1|2|1|2|4|2|2|3|1|2|3|6|1|4|5|7|3|3|1|1|0|1|0|0|0|0|0|0|0|0|1|0|0|0|1|1|0|0|0|0|0|0|0|0|0|0|0|0|0|1|0|0|0|1|0|1|0|0|0|0|0|2|1|0|1|0|0|0|0|0|0|0|1|0|0|0|0|0|0|0|0|0|0|0|1|1|0|0|0|0|0|0|0|0|0|0|1|0|0|0|0|0|0|0|0|1|1|0|0|0|0|0|0|1|0|0|0|0|0|0|0|0|0|0|0|0|0|1|0|0|0|0|0|0|0|0|0|1</HistCounts>
      </HistItem>
    </Histograms>
    <Metadata>
      <MDI key="STATISTICS_MINIMUM">267</MDI>
      <MDI key="STATISTICS_MAXIMUM">939</MDI>
      <MDI key="STATISTICS_MEAN">456.65333333333</MDI>
      <MDI key="STATISTICS_STDDEV">134.48623159598</MDI>
      <MDI key="STATISTICS_VALID_PERCENT">100</MDI>
    </Metadata>
  </PAMRasterBand>
</PAMDataset>
