<PAMDataset>
  <PAMRasterBand band="1">
    <Histograms>
      <HistItem>
        <HistMin>243.8755555555556</HistMin>
        <HistMax>752.1244444444444</HistMax>
        <BucketCount>225</BucketCount>
        <IncludeOutOfRange>0</IncludeOutOfRange>
        <Approximate>0</Approximate>
        <HistCounts>2|0|0|2|1|1|0|0|1|0|0|1|0|0|0|0|1|0|0|0|1|1|0|1|0|1|0|1|2|0|0|2|3|0|1|1|0|0|0|1|1|3|0|0|0|0|4|2|4|0|2|1|0|1|2|0|3|0|1|0|1|1|0|0|3|0|1|1|1|0|4|2|0|3|0|3|0|1|0|1|1|1|0|0|2|1|0|1|1|3|1|3|3|4|0|5|3|2|4|6|6|3|1|3|6|2|0|4|3|4|2|2|1|2|1|0|4|1|4|3|5|2|0|0|3|2|0|3|0|1|2|3|1|1|2|1|0|2|1|2|1|0|2|1|0|1|0|0|1|2|1|0|0|2|0|1|0|1|1|0|0|0|1|1|1|0|0|0|0|1|1|0|0|0|0|0|0|3|0|0|0|0|1|0|0|0|0|0|2|0|1|0|0|0|0|0|0|1|0|0|1|0|0|0|0|0|1|0|0|0|0|0|1|0|0|0|0|0|0|0|0|0|0|0|1</HistCounts>
      </HistItem>
    </Histograms>
    <Metadata>
      <MDI key="STATISTICS_MINIMUM">245</MDI>
      <MDI key="STATISTICS_MAXIMUM">751</MDI>
      <MDI key="STATISTICS_MEAN">464.39111111111</MDI>
      <MDI key="STATISTICS_STDDEV">99.368396098608</MDI>
      <MDI key="STATISTICS_VALID_PERCENT">100</MDI>
    </Metadata>
  </PAMRasterBand>
  <PAMRasterBand band="2">
    <Histograms>
      <HistItem>
        <HistMin>199.7844444444444</HistMin>
        <HistMax>749.2155555555555</HistMax>
        <BucketCount>225</BucketCount>
        <IncludeOutOfRange>0</IncludeOutOfRange>
        <Approximate>0</Approximate>
        <HistCounts>2|0|2|0|0|1|0|0|1|0|0|0|0|1|0|1|1|0|1|0|1|0|3|0|0|2|1|2|0|0|0|0|0|0|0|1|0|0|2|0|2|2|1|2|0|3|1|2|2|2|1|1|1|2|2|1|2|1|1|0|1|0|0|1|0|0|0|0|2|0|0|0|1|2|0|2|0|3|2|2|1|0|0|0|1|0|0|0|1|1|1|2|2|1|3|3|1|4|3|6|1|4|7|2|4|8|4|3|1|4|2|5|4|0|1|4|2|2|1|5|2|0|5|1|4|0|0|0|0|0|4|1|3|1|0|2|0|1|3|1|3|0|1|5|0|3|0|3|0|3|1|0|1|1|0|0|0|0|0|1|0|0|1|1|0|0|1|0|0|0|1|0|0|0|0|0|0|0|0|0|0|0|3|0|0|0|0|0|0|0|1|0|0|0|0|1|0|0|0|2|0|0|0|0|0|0|0|0|0|0|0|1|0|0|0|0|1|0|0|0|0|0|0|0|1</HistCounts>
      </HistItem>
    </Histograms>
    <Metadata>
      <MDI key="STATISTICS_MINIMUM">201</MDI>
      <MDI key="STATISTICS_MAXIMUM">748</MDI>
      <MDI key="STATISTICS_MEAN">442.16444444444</MDI>
      <MDI key="STATISTICS_STDDEV">107.14785040734</MDI>
      <MDI key="STATISTICS_VALID_PERCENT">100</MDI>
    </Metadata>
  </PAMRasterBand>
  <PAMRasterBand band="3">
    <Histograms>
      <HistItem>
        <HistMin>229.7888888888889</HistMin>
        <HistMax>1229.211111111111</HistMax>
        <BucketCount>225</BucketCount>
        <IncludeOutOfRange>0</IncludeOutOfRange>
        <Approximate>0</Approximate>
        <HistCounts>1|1|2|0|0|0|2|1|0|0|0|1|1|0|0|2|0|1|1|0|2|0|0|0|0|1|0|1|0|0|0|2|1|0|1|0|1|0|2|0|1|1|2|1|1|1|1|1|2|0|2|1|3|0|2|2|4|2|0|1|0|1|1|0|0|0|0|0|0|0|2|1|0|1|2|2|2|1|3|3|0|5|1|1|3|3|2|1|5|3|2|5|3|3|3|1|2|3|2|3|6|2|4|1|4|1|2|0|4|1|2|2|2|6|1|2|4|1|0|2|1|1|1|1|0|1|4|2|4|0|4|1|1|2|0|0|2|4|3|1|1|0|2|0|0|0|0|1|2|1|1|0|1|0|0|0|1|0|0|0|0|1|0|1|0|0|0|0|1|0|0|0|1|0|1|0|0|0|0|0|0|0|0|0|1|1|0|0|0|0|0|0|0|0|0|0|0|0|0|0|1|0|1|0|0|0|0|0|1|0|0|0|0|1|0|0|0|0|0|0|0|1|0|0|1</HistCounts>
      </HistItem>
    </Histograms>
    <Metadata>
      <MDI key="STATISTICS_MINIMUM">232</MDI>
      <MDI key="STATISTICS_MAXIMUM">1227</MDI>
      <MDI key="STATISTICS_MEAN">650.33333333333</MDI>
      <MDI key="STATISTICS_STDDEV">191.20667119928</MDI>
      <MDI key="STATISTICS_VALID_PERCENT">100</MDI>
    </Metadata>
  </PAMRasterBand>
</PAMDataset>
