<PAMDataset>
  <PAMRasterBand band="1">
    <Histograms>
      <HistItem>
        <HistMin>211.4733333333333</HistMin>
        <HistMax>449.5266666666666</HistMax>
        <BucketCount>225</BucketCount>
        <IncludeOutOfRange>0</IncludeOutOfRange>
        <Approximate>0</Approximate>
        <HistCounts>1|1|0|0|0|0|0|0|0|0|1|0|1|1|1|0|0|0|0|0|0|2|1|2|0|2|0|1|1|0|3|2|3|2|1|0|0|1|2|2|3|2|1|2|0|1|2|1|1|2|0|1|1|3|1|0|1|4|3|2|2|1|1|1|0|1|2|0|1|4|1|1|0|1|1|1|3|0|5|2|5|1|3|1|3|0|3|4|1|2|1|2|0|2|1|5|3|5|4|2|0|4|1|3|2|4|3|3|2|3|2|2|4|0|2|2|2|2|2|3|0|1|0|2|0|1|1|0|1|2|1|1|1|0|4|0|0|1|0|2|1|1|0|2|0|0|2|0|0|0|0|2|0|1|0|0|0|0|0|1|0|0|1|0|0|0|0|0|0|0|0|0|0|1|1|0|0|0|0|0|0|2|1|0|0|0|0|0|0|0|1|0|0|0|0|0|0|0|2|1|0|1|0|0|0|0|0|0|0|0|0|0|0|0|0|0|0|0|0|0|1|0|0|0|1</HistCounts>
      </HistItem>
    </Histograms>
    <Metadata>
      <MDI key="STATISTICS_MINIMUM">212</MDI>
      <MDI key="STATISTICS_MAXIMUM">449</MDI>
      <MDI key="STATISTICS_MEAN">306.04444444444</MDI>
      <MDI key="STATISTICS_STDDEV">45.319682040444</MDI>
      <MDI key="STATISTICS_VALID_PERCENT">100</MDI>
    </Metadata>
  </PAMRasterBand>
  <PAMRasterBand band="2">
    <Histograms>
      <HistItem>
        <HistMin>176.4844444444444</HistMin>
        <HistMax>409.5155555555556</HistMax>
        <BucketCount>225</BucketCount>
        <IncludeOutOfRange>0</IncludeOutOfRange>
        <Approximate>0</Approximate>
        <HistCounts>1|1|0|1|0|0|1|0|1|1|0|2|1|0|2|0|0|2|0|0|1|2|2|1|2|1|0|1|2|1|1|3|2|2|4|2|1|2|3|1|2|4|6|2|1|3|2|2|2|2|1|5|1|1|1|4|1|1|4|3|6|3|3|2|3|3|2|0|3|4|4|4|4|3|3|4|3|0|0|2|2|5|3|0|1|3|2|1|4|2|1|1|0|3|2|1|0|2|5|1|1|1|2|3|1|1|0|0|0|0|1|1|0|0|3|0|0|0|0|1|0|1|1|0|1|0|0|0|0|1|0|1|0|0|0|0|0|0|1|0|0|0|0|0|0|0|0|0|1|0|0|0|0|0|1|1|0|0|0|0|0|0|0|0|0|0|0|1|0|0|1|1|0|0|0|0|0|0|0|0|0|0|0|0|1|0|0|0|0|0|0|0|0|0|0|0|0|0|0|0|1|1|0|0|0|0|0|0|1|0|2|0|0|0|0|1|0|0|0|0|0|0|0|0|1</HistCounts>
      </HistItem>
    </Histograms>
    <Metadata>
      <MDI key="STATISTICS_MINIMUM">177</MDI>
      <MDI key="STATISTICS_MAXIMUM">409</MDI>
      <MDI key="STATISTICS_MEAN">249.66666666667</MDI>
      <MDI key="STATISTICS_STDDEV">42.776629133208</MDI>
      <MDI key="STATISTICS_VALID_PERCENT">100</MDI>
    </Metadata>
  </PAMRasterBand>
  <PAMRasterBand band="3">
    <Histograms>
      <HistItem>
        <HistMin>182.0777777777778</HistMin>
        <HistMax>598.9222222222222</HistMax>
        <BucketCount>225</BucketCount>
        <IncludeOutOfRange>0</IncludeOutOfRange>
        <Approximate>0</Approximate>
        <HistCounts>1|0|0|0|0|0|1|0|0|0|1|2|4|2|0|3|2|3|3|6|1|4|5|2|5|4|3|2|4|4|1|3|0|2|2|1|1|2|0|3|2|0|1|1|2|3|3|1|1|4|3|1|4|0|2|2|3|0|3|3|0|0|1|3|1|3|2|2|1|3|1|2|2|4|2|2|3|2|2|3|0|1|1|4|2|3|6|4|1|3|2|3|2|0|0|1|0|1|2|1|5|1|2|1|0|0|1|1|0|0|0|2|0|1|0|0|1|1|0|0|0|0|0|0|0|0|0|0|0|0|0|1|0|0|0|0|0|0|1|0|0|1|1|0|0|0|0|0|0|0|0|0|0|0|0|1|0|0|0|0|1|0|0|0|2|0|0|0|0|0|0|0|0|0|0|0|0|0|0|0|0|0|0|0|1|0|0|1|0|0|0|0|0|2|0|0|0|1|0|0|0|1|0|0|0|0|0|0|0|0|0|0|0|1|0|0|1|0|0|0|0|0|0|0|1</HistCounts>
      </HistItem>
    </Histograms>
    <Metadata>
      <MDI key="STATISTICS_MINIMUM">183</MDI>
      <MDI key="STATISTICS_MAXIMUM">598</MDI>
      <MDI key="STATISTICS_MEAN">302.03555555556</MDI>
      <MDI key="STATISTICS_STDDEV">80.625381048004</MDI>
      <MDI key="STATISTICS_VALID_PERCENT">100</MDI>
    </Metadata>
  </PAMRasterBand>
</PAMDataset>
