<PAMDataset>
  <PAMRasterBand band="1">
    <Histograms>
      <HistItem>
        <HistMin>308.5027472527473</HistMin>
        <HistMax>490.4972527472527</HistMax>
        <BucketCount>182</BucketCount>
        <IncludeOutOfRange>0</IncludeOutOfRange>
        <Approximate>0</Approximate>
        <HistCounts>2|0|0|0|0|2|1|0|0|0|1|0|0|0|0|0|0|0|0|1|2|0|0|0|0|0|0|0|1|0|0|0|0|0|2|0|0|0|0|0|0|2|0|0|0|0|1|0|1|2|2|2|4|2|1|0|1|0|1|1|0|3|0|1|2|0|2|1|1|4|2|1|3|3|2|5|4|1|0|0|0|0|1|1|0|2|2|0|2|0|1|3|1|1|2|0|4|5|5|4|2|7|3|7|3|3|8|1|9|3|8|5|6|6|3|1|3|2|3|0|2|1|2|3|0|1|1|1|1|2|0|3|2|0|1|0|0|1|2|0|0|1|1|0|2|0|0|0|0|0|0|1|0|2|0|0|1|0|0|1|0|1|0|0|0|0|0|0|0|0|0|2|0|0|2|0|1|1|0|1|0|1</HistCounts>
      </HistItem>
    </Histograms>
    <Metadata>
      <MDI key="STATISTICS_MINIMUM">309</MDI>
      <MDI key="STATISTICS_MAXIMUM">490</MDI>
      <MDI key="STATISTICS_MEAN">405.36</MDI>
      <MDI key="STATISTICS_STDDEV">34.350600188837</MDI>
      <MDI key="STATISTICS_VALID_PERCENT">100</MDI>
    </Metadata>
  </PAMRasterBand>
  <PAMRasterBand band="2">
    <Histograms>
      <HistItem>
        <HistMin>259.4888888888889</HistMin>
        <HistMax>490.5111111111111</HistMax>
        <BucketCount>225</BucketCount>
        <IncludeOutOfRange>0</IncludeOutOfRange>
        <Approximate>0</Approximate>
        <HistCounts>1|1|0|0|1|0|0|0|0|0|1|0|2|0|0|1|0|0|0|1|0|0|0|0|0|1|0|0|0|1|0|0|0|0|0|0|0|0|0|1|0|0|1|0|0|0|0|0|1|0|0|1|0|2|1|0|1|0|0|0|1|0|0|0|0|0|0|1|1|0|0|0|0|0|1|0|0|1|1|0|0|1|0|0|0|0|2|1|3|3|0|1|3|7|3|1|4|4|3|2|4|4|7|4|5|4|6|1|1|3|2|3|1|3|1|3|2|2|2|3|1|1|1|4|4|3|2|2|3|0|5|4|7|3|6|5|0|6|1|3|3|2|2|2|6|1|1|1|1|1|3|0|1|1|1|1|1|0|0|0|1|1|1|1|1|0|0|1|1|0|1|0|0|0|0|0|0|0|0|0|0|0|0|0|0|0|0|0|0|0|0|0|0|0|0|0|0|0|0|0|0|0|0|0|0|0|0|0|0|0|0|0|0|0|0|1|0|2|0|0|0|1|0|0|1</HistCounts>
      </HistItem>
    </Histograms>
    <Metadata>
      <MDI key="STATISTICS_MINIMUM">260</MDI>
      <MDI key="STATISTICS_MAXIMUM">490</MDI>
      <MDI key="STATISTICS_MEAN">376.47111111111</MDI>
      <MDI key="STATISTICS_STDDEV">37.151106591697</MDI>
      <MDI key="STATISTICS_VALID_PERCENT">100</MDI>
    </Metadata>
  </PAMRasterBand>
  <PAMRasterBand band="3">
    <Histograms>
      <HistItem>
        <HistMin>266</HistMin>
        <HistMax>718</HistMax>
        <BucketCount>225</BucketCount>
        <IncludeOutOfRange>0</IncludeOutOfRange>
        <Approximate>0</Approximate>
        <HistCounts>1|0|0|1|1|0|1|0|1|1|0|0|1|0|0|0|2|0|0|0|1|0|0|0|0|1|0|0|1|0|1|0|0|0|0|1|0|1|1|1|0|2|0|0|1|0|0|0|0|2|0|0|0|0|2|0|1|0|0|2|0|1|0|0|1|0|1|0|2|2|6|2|7|9|9|3|0|4|4|3|3|7|5|3|0|5|3|4|1|1|1|3|1|3|0|0|3|0|2|2|4|4|1|2|3|2|4|4|5|7|2|1|5|2|3|3|4|1|2|2|3|3|2|1|0|0|1|1|2|0|1|1|0|0|1|1|1|0|0|0|1|1|0|0|0|0|0|0|1|0|0|1|1|1|0|1|0|0|1|0|0|0|0|0|0|2|0|3|0|0|0|0|0|0|0|0|0|0|0|0|0|0|0|0|0|0|0|0|0|0|0|0|0|0|0|0|0|0|0|0|0|0|0|0|0|0|0|0|0|0|1|0|0|0|0|0|1|0|0|1|0|0|1|0|1</HistCounts>
      </HistItem>
    </Histograms>
    <Metadata>
      <MDI key="STATISTICS_MINIMUM">267</MDI>
      <MDI key="STATISTICS_MAXIMUM">717</MDI>
      <MDI key="STATISTICS_MEAN">453.45333333333</MDI>
      <MDI key="STATISTICS_STDDEV">74.337421711186</MDI>
      <MDI key="STATISTICS_VALID_PERCENT">100</MDI>
    </Metadata>
  </PAMRasterBand>
</PAMDataset>
