<PAMDataset>
  <PAMRasterBand band="1">
    <Histograms>
      <HistItem>
        <HistMin>262.9733333333334</HistMin>
        <HistMax>727.0266666666666</HistMax>
        <BucketCount>225</BucketCount>
        <IncludeOutOfRange>0</IncludeOutOfRange>
        <Approximate>0</Approximate>
        <HistCounts>1|0|0|0|0|0|0|1|0|0|0|1|0|1|1|1|2|1|0|2|0|1|0|1|1|0|0|0|0|0|0|1|0|0|0|1|1|1|0|1|4|0|0|0|0|0|1|1|0|1|1|1|1|0|0|1|2|1|3|1|0|0|1|1|0|0|0|2|1|0|1|0|0|2|0|0|0|1|0|0|1|0|0|0|0|0|0|0|0|1|0|0|1|0|1|0|1|1|1|0|2|0|0|0|0|0|0|1|0|0|1|1|0|0|0|0|0|0|1|0|0|1|0|0|0|0|0|1|0|0|0|0|0|0|1|1|0|0|1|1|1|0|0|0|3|3|2|0|2|0|2|3|2|4|1|2|2|3|2|3|5|3|7|5|5|4|2|9|4|1|3|5|4|4|2|4|2|1|2|2|1|3|0|3|2|3|3|0|3|3|1|1|4|0|1|1|4|0|1|2|0|1|1|0|2|1|2|1|2|0|0|0|0|0|0|0|0|0|1|2|0|0|0|1|1</HistCounts>
      </HistItem>
    </Histograms>
    <Metadata>
      <MDI key="STATISTICS_MINIMUM">264</MDI>
      <MDI key="STATISTICS_MAXIMUM">726</MDI>
      <MDI key="STATISTICS_MEAN">554.58666666667</MDI>
      <MDI key="STATISTICS_STDDEV">116.12894289443</MDI>
      <MDI key="STATISTICS_VALID_PERCENT">100</MDI>
    </Metadata>
  </PAMRasterBand>
  <PAMRasterBand band="2">
    <Histograms>
      <HistItem>
        <HistMin>258.7844444444444</HistMin>
        <HistMax>808.2155555555555</HistMax>
        <BucketCount>225</BucketCount>
        <IncludeOutOfRange>0</IncludeOutOfRange>
        <Approximate>0</Approximate>
        <HistCounts>1|0|1|1|1|2|0|2|0|0|1|0|1|2|2|0|2|1|1|0|0|2|0|0|1|0|1|0|1|0|0|0|0|1|1|0|0|2|0|1|0|0|0|1|0|0|0|0|1|0|0|0|0|0|0|0|0|2|0|0|1|1|0|1|1|0|1|1|0|1|0|1|0|0|1|0|1|3|1|1|1|1|1|0|0|0|1|0|1|0|0|0|0|1|0|0|1|0|0|0|0|0|1|0|0|1|0|0|0|0|0|1|0|0|0|0|0|1|1|0|0|0|1|0|1|1|0|0|0|0|0|1|0|0|2|0|2|0|1|0|0|0|0|0|0|0|1|3|4|3|2|2|2|5|5|0|2|3|5|1|2|3|4|4|3|1|2|1|2|2|6|4|5|3|4|2|9|1|2|1|2|2|3|5|1|0|0|1|3|1|2|1|2|2|0|2|2|2|1|2|2|1|1|1|3|0|3|0|4|0|1|2|1|1|0|0|2|0|0|0|0|0|1|0|1</HistCounts>
      </HistItem>
    </Histograms>
    <Metadata>
      <MDI key="STATISTICS_MINIMUM">260</MDI>
      <MDI key="STATISTICS_MAXIMUM">807</MDI>
      <MDI key="STATISTICS_MEAN">603.63555555556</MDI>
      <MDI key="STATISTICS_STDDEV">146.96103966782</MDI>
      <MDI key="STATISTICS_VALID_PERCENT">100</MDI>
    </Metadata>
  </PAMRasterBand>
  <PAMRasterBand band="3">
    <Histograms>
      <HistItem>
        <HistMin>304.7644444444445</HistMin>
        <HistMax>1315.235555555555</HistMax>
        <BucketCount>225</BucketCount>
        <IncludeOutOfRange>0</IncludeOutOfRange>
        <Approximate>0</Approximate>
        <HistCounts>1|0|0|1|2|1|0|0|1|1|1|2|2|1|0|0|0|1|3|1|0|1|0|1|1|1|0|0|0|0|0|0|0|1|0|1|0|0|1|0|0|1|2|0|0|0|0|1|0|1|0|0|0|0|1|0|0|0|2|0|0|0|0|1|0|0|0|0|0|0|1|0|1|3|0|0|0|1|0|0|1|1|1|1|0|1|1|1|1|0|1|0|1|0|0|1|1|0|1|0|0|2|0|0|0|0|0|0|1|0|0|0|0|0|0|0|0|0|1|0|2|0|0|0|0|0|0|1|1|0|0|0|0|2|0|0|0|0|1|2|0|0|1|0|0|0|0|1|0|0|0|1|0|0|0|1|0|0|0|0|1|2|2|2|4|4|3|4|2|7|3|8|5|2|2|4|2|5|1|3|3|3|6|4|4|4|2|5|1|3|3|2|2|1|1|1|3|1|2|1|4|2|3|3|3|1|1|0|4|0|3|1|1|0|2|0|2|1|3|0|0|1|1|0|1</HistCounts>
      </HistItem>
    </Histograms>
    <Metadata>
      <MDI key="STATISTICS_MINIMUM">307</MDI>
      <MDI key="STATISTICS_MAXIMUM">1313</MDI>
      <MDI key="STATISTICS_MEAN">971.69777777778</MDI>
      <MDI key="STATISTICS_STDDEV">279.60028174274</MDI>
      <MDI key="STATISTICS_VALID_PERCENT">100</MDI>
    </Metadata>
  </PAMRasterBand>
</PAMDataset>
