<PAMDataset>
  <PAMRasterBand band="1">
    <Histograms>
      <HistItem>
        <HistMin>215.5024038461538</HistMin>
        <HistMax>423.4975961538461</HistMax>
        <BucketCount>208</BucketCount>
        <IncludeOutOfRange>0</IncludeOutOfRange>
        <Approximate>0</Approximate>
        <HistCounts>1|0|0|1|0|2|0|2|0|1|0|1|2|1|0|0|0|0|1|0|3|1|1|1|1|0|2|1|1|1|0|1|1|0|1|1|0|1|0|1|3|1|1|3|0|0|0|0|1|0|2|4|2|0|1|0|1|0|2|2|0|4|1|0|1|1|1|1|0|2|0|0|0|1|0|0|1|0|0|0|4|2|3|1|1|0|2|1|1|1|2|3|0|0|4|0|1|2|1|2|0|2|1|1|1|3|1|3|2|1|2|1|0|1|2|1|3|2|2|5|4|3|4|4|3|2|5|1|1|3|0|1|0|2|3|3|1|0|0|3|1|0|0|1|2|1|0|2|0|1|4|2|1|1|0|1|1|2|1|0|1|2|0|2|0|0|2|1|1|1|0|0|1|0|1|0|2|1|1|0|1|0|2|0|1|0|0|2|0|1|0|1|1|0|0|0|0|2|0|0|0|0|1|0|0|0|1|1</HistCounts>
      </HistItem>
    </Histograms>
    <Metadata>
      <MDI key="STATISTICS_MINIMUM">216</MDI>
      <MDI key="STATISTICS_MAXIMUM">423</MDI>
      <MDI key="STATISTICS_MEAN">318.71111111111</MDI>
      <MDI key="STATISTICS_STDDEV">49.967288064725</MDI>
      <MDI key="STATISTICS_VALID_PERCENT">100</MDI>
    </Metadata>
  </PAMRasterBand>
  <PAMRasterBand band="2">
    <Histograms>
      <HistItem>
        <HistMin>163.502688172043</HistMin>
        <HistMax>349.497311827957</HistMax>
        <BucketCount>186</BucketCount>
        <IncludeOutOfRange>0</IncludeOutOfRange>
        <Approximate>0</Approximate>
        <HistCounts>1|0|0|0|0|0|1|0|0|0|0|0|1|0|0|0|0|0|0|0|1|0|2|2|1|0|0|2|1|1|1|1|1|0|3|0|7|0|0|1|0|0|2|0|0|2|2|2|1|0|4|0|3|2|1|1|0|1|2|0|1|0|1|1|4|0|1|1|2|1|1|0|2|2|1|3|1|1|3|0|1|0|1|1|1|2|3|1|3|3|2|1|1|1|0|1|0|1|3|2|1|1|4|3|3|2|2|4|3|5|1|5|1|2|3|1|3|2|0|3|2|2|4|3|2|4|2|2|3|2|2|2|2|2|1|2|0|2|2|1|2|0|1|1|1|1|0|1|4|0|1|1|1|1|1|0|2|0|0|0|0|1|0|1|1|1|1|0|3|0|0|0|0|0|0|0|1|0|2|0|0|0|0|0|0|1</HistCounts>
      </HistItem>
    </Histograms>
    <Metadata>
      <MDI key="STATISTICS_MINIMUM">164</MDI>
      <MDI key="STATISTICS_MAXIMUM">349</MDI>
      <MDI key="STATISTICS_MEAN">260.32888888889</MDI>
      <MDI key="STATISTICS_STDDEV">40.387218122252</MDI>
      <MDI key="STATISTICS_VALID_PERCENT">100</MDI>
    </Metadata>
  </PAMRasterBand>
  <PAMRasterBand band="3">
    <Histograms>
      <HistItem>
        <HistMin>173.4044444444444</HistMin>
        <HistMax>442.5955555555556</HistMax>
        <BucketCount>225</BucketCount>
        <IncludeOutOfRange>0</IncludeOutOfRange>
        <Approximate>0</Approximate>
        <HistCounts>1|0|0|0|0|0|0|0|0|0|0|0|2|0|0|0|0|0|0|0|0|0|0|0|0|0|0|1|3|1|0|0|1|2|0|0|0|0|0|0|0|0|4|0|1|2|2|0|3|0|0|2|0|0|1|2|1|0|1|3|1|2|0|0|0|1|0|1|2|2|1|0|0|0|2|1|1|0|2|3|0|3|1|0|2|1|2|0|1|2|1|1|0|0|6|0|0|2|0|1|1|1|0|2|5|1|0|1|1|4|1|1|2|1|2|0|0|1|0|1|1|0|1|1|1|3|0|3|1|1|4|2|0|1|1|3|1|0|1|3|3|1|0|4|2|3|0|2|0|2|1|1|2|0|1|4|6|1|1|2|6|0|2|1|0|3|0|1|1|1|2|5|3|2|0|3|7|2|2|0|1|2|1|1|0|1|0|0|2|1|1|0|0|1|0|0|1|1|1|0|0|0|0|0|0|0|1|0|1|0|0|0|1|0|0|0|0|1|0|0|0|1|0|0|1</HistCounts>
      </HistItem>
    </Histograms>
    <Metadata>
      <MDI key="STATISTICS_MINIMUM">174</MDI>
      <MDI key="STATISTICS_MAXIMUM">442</MDI>
      <MDI key="STATISTICS_MEAN">319.68</MDI>
      <MDI key="STATISTICS_STDDEV">58.912174180441</MDI>
      <MDI key="STATISTICS_VALID_PERCENT">100</MDI>
    </Metadata>
  </PAMRasterBand>
</PAMDataset>
