<PAMDataset>
  <PAMRasterBand band="1">
    <Histograms>
      <HistItem>
        <HistMin>373.3333333333333</HistMin>
        <HistMax>674.6666666666666</HistMax>
        <BucketCount>225</BucketCount>
        <IncludeOutOfRange>0</IncludeOutOfRange>
        <Approximate>0</Approximate>
        <HistCounts>1|0|0|0|0|0|0|0|0|0|0|0|0|0|0|0|0|0|0|0|0|0|0|0|0|0|0|0|0|0|0|0|0|0|0|0|0|0|0|0|0|0|0|0|0|0|1|0|0|0|0|0|0|0|0|0|0|0|0|0|0|0|0|2|0|0|0|0|3|1|1|1|2|3|4|3|4|0|4|1|3|2|4|2|4|3|4|7|2|2|5|2|3|7|2|1|9|2|4|6|2|3|11|3|2|7|5|5|10|0|4|7|1|4|5|1|5|0|2|2|0|2|2|1|3|2|1|1|1|0|0|2|0|0|0|0|0|1|0|0|0|1|0|1|0|0|1|0|1|2|0|1|3|1|0|0|0|0|0|0|1|0|0|1|0|0|0|0|1|0|1|0|1|1|0|0|0|0|0|1|0|0|0|0|1|0|0|1|0|0|0|0|1|0|0|0|0|0|0|0|0|0|0|0|0|1|0|0|0|1|0|0|0|1|0|0|0|0|0|0|0|0|0|0|1</HistCounts>
      </HistItem>
    </Histograms>
    <Metadata>
      <MDI key="STATISTICS_MINIMUM">374</MDI>
      <MDI key="STATISTICS_MAXIMUM">674</MDI>
      <MDI key="STATISTICS_MEAN">514.64888888889</MDI>
      <MDI key="STATISTICS_STDDEV">38.960564804383</MDI>
      <MDI key="STATISTICS_VALID_PERCENT">100</MDI>
    </Metadata>
  </PAMRasterBand>
  <PAMRasterBand band="2">
    <Histograms>
      <HistItem>
        <HistMin>323.4222222222222</HistMin>
        <HistMax>584.5777777777778</HistMax>
        <BucketCount>225</BucketCount>
        <IncludeOutOfRange>0</IncludeOutOfRange>
        <Approximate>0</Approximate>
        <HistCounts>1|0|0|0|0|0|0|0|0|0|0|0|0|0|0|0|0|0|0|0|0|0|0|0|0|0|0|0|0|0|0|0|0|0|0|0|0|0|0|0|0|0|0|0|0|0|0|0|1|0|0|0|0|0|0|0|0|0|0|0|0|0|0|0|0|0|0|0|0|0|0|0|0|0|0|0|0|0|0|0|0|1|3|0|1|0|0|0|0|0|0|0|0|0|1|2|2|2|0|0|0|1|3|5|2|2|4|3|2|5|4|3|0|1|5|5|0|4|2|1|2|5|4|4|6|1|3|6|3|4|5|3|3|1|6|6|3|6|3|7|9|2|5|1|3|3|6|1|3|1|2|6|3|0|1|0|0|1|0|1|0|1|0|0|1|1|1|0|1|0|0|0|0|1|0|0|0|1|0|1|0|0|1|1|1|0|0|0|0|0|2|1|0|2|0|1|1|1|2|1|2|0|1|0|0|0|0|0|0|0|0|0|0|1|1|0|1|1|0|0|0|0|0|0|1</HistCounts>
      </HistItem>
    </Histograms>
    <Metadata>
      <MDI key="STATISTICS_MINIMUM">324</MDI>
      <MDI key="STATISTICS_MAXIMUM">584</MDI>
      <MDI key="STATISTICS_MEAN">479.26222222222</MDI>
      <MDI key="STATISTICS_STDDEV">34.494413646843</MDI>
      <MDI key="STATISTICS_VALID_PERCENT">100</MDI>
    </Metadata>
  </PAMRasterBand>
  <PAMRasterBand band="3">
    <Histograms>
      <HistItem>
        <HistMin>453.1644444444444</HistMin>
        <HistMax>830.8355555555555</HistMax>
        <BucketCount>225</BucketCount>
        <IncludeOutOfRange>0</IncludeOutOfRange>
        <Approximate>0</Approximate>
        <HistCounts>1|0|0|0|0|0|0|0|0|0|0|0|0|0|0|0|0|0|0|0|0|0|0|0|0|0|0|0|0|0|0|0|0|0|0|0|0|0|0|0|0|0|0|0|0|0|0|0|0|0|0|1|0|0|0|0|0|0|0|0|0|0|1|0|1|1|1|0|1|0|0|1|0|1|3|2|4|8|0|6|0|1|1|2|4|3|5|3|6|4|3|7|5|1|3|3|4|5|11|4|1|1|4|1|2|5|4|9|5|1|13|6|1|1|4|2|1|7|0|2|3|3|2|1|0|0|0|0|1|1|0|0|1|1|0|0|0|1|1|0|1|0|0|0|2|0|0|1|0|1|0|0|0|0|0|1|0|1|0|0|1|0|0|1|1|0|0|1|0|0|1|0|0|1|1|1|0|0|1|0|1|0|1|0|0|0|1|1|0|0|0|2|0|0|0|1|0|0|0|0|0|1|0|0|1|0|2|1|0|1|0|1|0|0|1|0|0|0|0|0|0|0|0|1|1</HistCounts>
      </HistItem>
    </Histograms>
    <Metadata>
      <MDI key="STATISTICS_MINIMUM">454</MDI>
      <MDI key="STATISTICS_MAXIMUM">830</MDI>
      <MDI key="STATISTICS_MEAN">638.04888888889</MDI>
      <MDI key="STATISTICS_STDDEV">58.511023167423</MDI>
      <MDI key="STATISTICS_VALID_PERCENT">100</MDI>
    </Metadata>
  </PAMRasterBand>
</PAMDataset>
