<PAMDataset>
  <PAMRasterBand band="1">
    <Histograms>
      <HistItem>
        <HistMin>262.4177777777778</HistMin>
        <HistMax>525.5822222222222</HistMax>
        <BucketCount>225</BucketCount>
        <IncludeOutOfRange>0</IncludeOutOfRange>
        <Approximate>0</Approximate>
        <HistCounts>1|0|1|0|0|0|0|0|1|0|2|1|0|0|0|1|0|0|0|2|0|3|1|1|3|1|1|5|1|3|1|0|2|1|3|2|3|1|2|3|4|3|4|0|8|0|3|1|5|1|2|3|1|0|2|0|3|1|4|3|0|3|5|3|1|1|3|1|6|2|2|1|1|1|2|0|2|2|2|1|4|2|1|1|1|3|2|2|3|2|3|5|0|1|1|0|1|4|1|1|1|1|1|1|0|1|1|0|1|0|1|1|1|2|3|3|0|0|2|0|1|2|0|0|0|2|1|1|0|1|2|0|0|1|0|0|0|0|0|1|0|0|0|0|2|1|0|0|1|1|1|0|0|0|0|0|0|0|0|0|0|0|0|0|0|0|0|1|2|1|0|0|0|1|0|0|0|0|0|1|1|0|0|0|0|0|0|1|0|0|0|0|0|0|0|1|0|0|0|0|0|0|1|1|0|0|0|0|0|1|0|0|0|1|0|1|0|0|1|0|0|0|0|0|1</HistCounts>
      </HistItem>
    </Histograms>
    <Metadata>
      <MDI key="STATISTICS_MINIMUM">263</MDI>
      <MDI key="STATISTICS_MAXIMUM">525</MDI>
      <MDI key="STATISTICS_MEAN">352.66222222222</MDI>
      <MDI key="STATISTICS_STDDEV">53.645599545697</MDI>
      <MDI key="STATISTICS_VALID_PERCENT">100</MDI>
    </Metadata>
  </PAMRasterBand>
  <PAMRasterBand band="2">
    <Histograms>
      <HistItem>
        <HistMin>224.3666666666667</HistMin>
        <HistMax>510.6333333333333</HistMax>
        <BucketCount>225</BucketCount>
        <IncludeOutOfRange>0</IncludeOutOfRange>
        <Approximate>0</Approximate>
        <HistCounts>1|0|0|0|0|2|1|0|1|3|3|1|4|3|3|2|0|5|0|2|4|2|3|8|8|6|5|4|7|2|5|12|4|1|6|5|3|4|4|6|3|1|4|3|2|2|5|0|0|1|6|2|2|6|3|1|1|2|0|2|2|2|1|1|0|4|0|1|2|1|0|0|2|0|0|0|0|1|0|2|2|0|0|0|0|1|0|1|0|0|0|0|0|0|0|0|0|0|0|0|1|0|1|0|0|0|0|0|1|0|1|0|0|0|0|1|0|0|0|0|0|0|0|0|0|0|0|0|0|0|1|0|1|2|0|1|0|1|0|0|0|0|0|0|1|2|0|0|0|0|0|1|1|0|0|0|0|1|0|0|0|0|0|0|0|0|0|0|0|0|1|0|0|0|0|0|0|0|1|0|0|0|0|1|1|0|0|0|0|0|0|0|2|1|0|0|0|0|0|0|0|0|0|0|0|0|0|1|0|0|0|0|0|0|0|0|0|0|0|0|0|0|0|0|1</HistCounts>
      </HistItem>
    </Histograms>
    <Metadata>
      <MDI key="STATISTICS_MINIMUM">225</MDI>
      <MDI key="STATISTICS_MAXIMUM">510</MDI>
      <MDI key="STATISTICS_MEAN">287.70222222222</MDI>
      <MDI key="STATISTICS_STDDEV">53.750082124542</MDI>
      <MDI key="STATISTICS_VALID_PERCENT">100</MDI>
    </Metadata>
  </PAMRasterBand>
  <PAMRasterBand band="3">
    <Histograms>
      <HistItem>
        <HistMin>245.1422222222222</HistMin>
        <HistMax>632.8577777777778</HistMax>
        <BucketCount>225</BucketCount>
        <IncludeOutOfRange>0</IncludeOutOfRange>
        <Approximate>0</Approximate>
        <HistCounts>1|6|11|3|5|8|7|6|13|5|9|4|7|4|0|10|9|7|5|5|5|7|3|2|5|1|4|1|2|3|3|1|3|1|1|2|1|2|0|2|0|4|2|0|1|1|1|0|0|0|1|1|0|1|0|1|1|0|0|1|1|0|1|0|0|1|0|1|1|0|1|0|0|0|0|0|0|0|1|0|1|0|0|0|0|0|0|0|1|1|0|0|0|0|0|0|0|0|0|0|0|1|0|0|0|1|0|0|1|0|0|0|0|0|0|1|0|0|0|0|0|0|0|1|0|0|0|0|0|0|0|0|0|1|0|1|1|0|0|0|0|1|0|1|1|0|1|0|0|0|0|1|0|0|0|0|0|0|0|1|1|0|0|0|0|1|1|0|0|0|0|0|0|0|1|0|0|0|0|0|1|0|0|0|0|0|1|0|0|0|1|0|1|0|0|0|0|0|0|0|0|0|0|0|0|0|0|0|1|0|1|0|1|0|0|0|0|0|0|0|0|0|0|0|1</HistCounts>
      </HistItem>
    </Histograms>
    <Metadata>
      <MDI key="STATISTICS_MINIMUM">246</MDI>
      <MDI key="STATISTICS_MAXIMUM">632</MDI>
      <MDI key="STATISTICS_MEAN">307.68888888889</MDI>
      <MDI key="STATISTICS_STDDEV">83.733551544891</MDI>
      <MDI key="STATISTICS_VALID_PERCENT">100</MDI>
    </Metadata>
  </PAMRasterBand>
</PAMDataset>
