<PAMDataset>
  <PAMRasterBand band="1">
    <Histograms>
      <HistItem>
        <HistMin>266.5044642857143</HistMin>
        <HistMax>378.4955357142857</HistMax>
        <BucketCount>112</BucketCount>
        <IncludeOutOfRange>0</IncludeOutOfRange>
        <Approximate>0</Approximate>
        <HistCounts>1|1|2|0|1|0|2|1|2|1|1|3|2|0|3|2|5|1|3|6|4|2|6|2|2|2|4|2|3|3|5|10|10|6|6|4|4|5|6|5|3|7|7|1|2|4|2|3|8|4|5|3|4|6|1|5|1|1|2|2|1|1|2|0|1|2|2|2|1|2|0|3|0|0|1|0|0|0|1|1|1|0|0|0|1|0|1|1|0|0|0|0|0|0|0|0|0|0|0|0|0|0|0|0|1|0|0|0|0|0|0|1</HistCounts>
      </HistItem>
    </Histograms>
    <Metadata>
      <MDI key="STATISTICS_MINIMUM">267</MDI>
      <MDI key="STATISTICS_MAXIMUM">378</MDI>
      <MDI key="STATISTICS_MEAN">305.2</MDI>
      <MDI key="STATISTICS_STDDEV">18.739856515519</MDI>
      <MDI key="STATISTICS_VALID_PERCENT">100</MDI>
    </Metadata>
  </PAMRasterBand>
  <PAMRasterBand band="2">
    <Histograms>
      <HistItem>
        <HistMin>204.504854368932</HistMin>
        <HistMax>307.4951456310679</HistMax>
        <BucketCount>103</BucketCount>
        <IncludeOutOfRange>0</IncludeOutOfRange>
        <Approximate>0</Approximate>
        <HistCounts>1|2|2|1|1|2|1|2|4|0|2|2|2|4|2|5|4|8|4|2|6|5|7|10|7|5|9|4|6|6|6|3|6|4|2|8|6|2|2|2|0|7|10|4|4|3|2|3|2|4|3|3|1|0|1|5|1|0|0|2|0|2|0|1|0|0|0|1|2|0|0|1|0|0|1|1|0|0|0|0|0|1|0|0|1|0|0|1|0|0|0|0|0|0|0|0|0|0|0|0|0|0|1</HistCounts>
      </HistItem>
    </Histograms>
    <Metadata>
      <MDI key="STATISTICS_MINIMUM">205</MDI>
      <MDI key="STATISTICS_MAXIMUM">307</MDI>
      <MDI key="STATISTICS_MEAN">236.62666666667</MDI>
      <MDI key="STATISTICS_STDDEV">16.989492177356</MDI>
      <MDI key="STATISTICS_VALID_PERCENT">100</MDI>
    </Metadata>
  </PAMRasterBand>
  <PAMRasterBand band="3">
    <Histograms>
      <HistItem>
        <HistMin>251.504132231405</HistMin>
        <HistMax>372.495867768595</HistMax>
        <BucketCount>121</BucketCount>
        <IncludeOutOfRange>0</IncludeOutOfRange>
        <Approximate>0</Approximate>
        <HistCounts>1|3|1|0|0|2|1|0|0|0|2|0|1|2|2|5|1|1|4|2|4|5|1|1|2|2|4|5|0|2|4|2|2|2|8|3|4|2|2|1|3|3|7|3|10|3|5|2|1|8|5|3|4|6|4|5|4|6|3|5|1|2|3|2|2|0|1|1|5|4|3|2|4|0|0|2|4|0|1|0|2|0|0|0|0|2|2|1|0|2|0|0|1|0|1|0|0|0|0|0|1|0|0|1|0|0|0|0|0|0|0|0|0|0|0|0|0|0|0|0|1</HistCounts>
      </HistItem>
    </Histograms>
    <Metadata>
      <MDI key="STATISTICS_MINIMUM">252</MDI>
      <MDI key="STATISTICS_MAXIMUM">372</MDI>
      <MDI key="STATISTICS_MEAN">297.56</MDI>
      <MDI key="STATISTICS_STDDEV">21.652142824416</MDI>
      <MDI key="STATISTICS_VALID_PERCENT">100</MDI>
    </Metadata>
  </PAMRasterBand>
</PAMDataset>
