<PAMDataset>
  <PAMRasterBand band="1">
    <Histograms>
      <HistItem>
        <HistMin>245.5045871559633</HistMin>
        <HistMax>354.4954128440367</HistMax>
        <BucketCount>109</BucketCount>
        <IncludeOutOfRange>0</IncludeOutOfRange>
        <Approximate>0</Approximate>
        <HistCounts>1|0|0|0|1|0|0|1|1|0|1|0|0|0|0|1|1|2|2|1|1|1|2|0|1|0|1|0|3|4|0|2|4|1|1|0|1|3|2|2|1|2|2|8|7|1|1|4|0|4|2|9|1|3|6|6|7|4|5|8|8|5|2|5|7|3|3|7|3|5|3|5|5|1|2|2|4|3|2|2|4|2|2|2|0|3|1|0|3|0|0|1|1|0|0|1|0|1|0|1|1|0|0|0|0|0|2|0|1</HistCounts>
      </HistItem>
    </Histograms>
    <Metadata>
      <MDI key="STATISTICS_MINIMUM">246</MDI>
      <MDI key="STATISTICS_MAXIMUM">354</MDI>
      <MDI key="STATISTICS_MEAN">302.53333333333</MDI>
      <MDI key="STATISTICS_STDDEV">20.055478608655</MDI>
      <MDI key="STATISTICS_VALID_PERCENT">100</MDI>
    </Metadata>
  </PAMRasterBand>
  <PAMRasterBand band="2">
    <Histograms>
      <HistItem>
        <HistMin>187.505376344086</HistMin>
        <HistMax>280.494623655914</HistMax>
        <BucketCount>93</BucketCount>
        <IncludeOutOfRange>0</IncludeOutOfRange>
        <Approximate>0</Approximate>
        <HistCounts>1|0|0|1|0|0|1|1|1|1|0|0|1|0|2|2|2|1|1|0|2|0|3|1|0|2|2|2|4|1|3|3|0|3|4|2|6|1|2|3|4|10|3|5|6|5|4|2|7|8|5|8|6|3|7|6|8|4|3|8|4|1|3|6|7|5|6|1|1|2|2|2|0|1|3|1|0|1|2|0|2|0|0|0|0|0|1|1|0|0|0|1|1</HistCounts>
      </HistItem>
    </Histograms>
    <Metadata>
      <MDI key="STATISTICS_MINIMUM">188</MDI>
      <MDI key="STATISTICS_MAXIMUM">280</MDI>
      <MDI key="STATISTICS_MEAN">236.01333333333</MDI>
      <MDI key="STATISTICS_STDDEV">17.017240930565</MDI>
      <MDI key="STATISTICS_VALID_PERCENT">100</MDI>
    </Metadata>
  </PAMRasterBand>
  <PAMRasterBand band="3">
    <Histograms>
      <HistItem>
        <HistMin>235.5035211267606</HistMin>
        <HistMax>377.4964788732394</HistMax>
        <BucketCount>142</BucketCount>
        <IncludeOutOfRange>0</IncludeOutOfRange>
        <Approximate>0</Approximate>
        <HistCounts>1|0|0|1|0|0|0|1|0|1|1|0|0|1|0|0|1|0|1|1|3|0|1|0|0|0|0|1|1|0|1|2|2|1|0|2|1|4|2|1|2|5|1|2|3|1|1|4|5|0|2|1|7|2|5|2|2|5|3|5|10|2|3|3|5|3|0|3|4|4|2|5|1|1|3|2|4|3|4|2|6|4|3|2|2|1|0|6|4|2|0|2|3|0|1|1|1|0|2|1|1|2|1|2|0|1|1|1|2|1|1|0|0|0|3|0|1|3|0|2|0|0|0|0|0|0|1|2|1|0|1|0|1|0|0|0|0|1|1|0|0|1</HistCounts>
      </HistItem>
    </Histograms>
    <Metadata>
      <MDI key="STATISTICS_MINIMUM">236</MDI>
      <MDI key="STATISTICS_MAXIMUM">377</MDI>
      <MDI key="STATISTICS_MEAN">303.79555555556</MDI>
      <MDI key="STATISTICS_STDDEV">27.78557543887</MDI>
      <MDI key="STATISTICS_VALID_PERCENT">100</MDI>
    </Metadata>
  </PAMRasterBand>
</PAMDataset>
