<PAMDataset>
  <PAMRasterBand band="1">
    <Histograms>
      <HistItem>
        <HistMin>249.5029069767442</HistMin>
        <HistMax>421.4970930232558</HistMax>
        <BucketCount>172</BucketCount>
        <IncludeOutOfRange>0</IncludeOutOfRange>
        <Approximate>0</Approximate>
        <HistCounts>1|1|1|0|1|0|0|0|1|0|0|0|0|0|0|0|0|0|0|1|0|0|0|0|0|0|2|0|0|0|1|1|0|0|1|1|0|0|0|0|0|0|0|1|0|0|0|0|0|0|0|0|0|2|0|0|0|0|0|1|0|1|0|0|1|3|0|2|0|3|1|2|0|3|2|2|1|1|3|4|2|2|1|3|4|0|4|4|0|1|6|6|5|3|4|0|2|1|2|2|2|0|4|0|4|6|6|3|2|2|4|4|1|4|2|2|2|4|2|3|3|2|2|4|6|1|2|2|2|2|3|3|5|1|1|3|1|1|1|1|2|1|0|1|1|3|1|0|3|1|0|0|0|0|2|0|0|0|0|2|2|0|0|1|0|0|0|1|0|2|1|1</HistCounts>
      </HistItem>
    </Histograms>
    <Metadata>
      <MDI key="STATISTICS_MINIMUM">250</MDI>
      <MDI key="STATISTICS_MAXIMUM">421</MDI>
      <MDI key="STATISTICS_MEAN">352.86222222222</MDI>
      <MDI key="STATISTICS_STDDEV">32.600526845701</MDI>
      <MDI key="STATISTICS_VALID_PERCENT">100</MDI>
    </Metadata>
  </PAMRasterBand>
  <PAMRasterBand band="2">
    <Histograms>
      <HistItem>
        <HistMin>199.5031055900621</HistMin>
        <HistMax>360.4968944099379</HistMax>
        <BucketCount>161</BucketCount>
        <IncludeOutOfRange>0</IncludeOutOfRange>
        <Approximate>0</Approximate>
        <HistCounts>2|0|0|0|1|1|0|0|0|0|1|0|0|0|0|0|1|0|0|2|0|0|0|0|0|0|0|0|0|0|0|1|0|2|0|0|0|2|0|0|0|0|0|1|0|0|0|0|0|0|1|0|0|0|0|1|0|1|0|0|0|1|1|0|1|3|1|1|0|4|1|1|2|1|2|2|1|6|2|1|5|5|3|7|3|3|6|2|6|0|3|4|1|3|2|2|7|3|2|4|4|5|3|2|2|0|3|4|2|3|3|6|3|4|3|2|3|7|4|2|0|3|4|2|0|2|2|2|2|0|2|0|1|1|2|2|0|0|1|1|2|1|1|1|0|1|0|0|2|1|0|0|1|0|0|0|0|1|2|0|1</HistCounts>
      </HistItem>
    </Histograms>
    <Metadata>
      <MDI key="STATISTICS_MINIMUM">200</MDI>
      <MDI key="STATISTICS_MAXIMUM">360</MDI>
      <MDI key="STATISTICS_MEAN">296.18222222222</MDI>
      <MDI key="STATISTICS_STDDEV">29.530363198195</MDI>
      <MDI key="STATISTICS_VALID_PERCENT">100</MDI>
    </Metadata>
  </PAMRasterBand>
  <PAMRasterBand band="3">
    <Histograms>
      <HistItem>
        <HistMin>246.48</HistMin>
        <HistMax>481.52</HistMax>
        <BucketCount>225</BucketCount>
        <IncludeOutOfRange>0</IncludeOutOfRange>
        <Approximate>0</Approximate>
        <HistCounts>1|0|1|0|0|0|0|0|1|0|0|1|0|0|0|0|0|0|1|0|0|1|0|2|0|0|0|0|0|0|0|0|0|0|0|0|0|0|0|0|0|0|0|1|0|0|1|0|1|1|0|0|0|0|0|0|0|2|0|0|0|0|0|1|0|0|0|0|0|0|0|0|1|0|0|0|0|0|0|0|1|0|0|1|1|1|0|1|1|0|0|0|1|2|0|2|1|1|0|1|1|2|1|1|1|1|1|0|1|1|1|1|4|1|2|1|2|3|1|2|0|3|3|5|3|4|1|4|2|0|2|3|3|3|2|2|1|1|5|4|3|4|4|1|1|4|3|2|1|1|2|0|2|0|1|0|2|2|4|1|1|4|2|3|4|2|5|3|4|4|2|2|1|1|0|3|1|2|2|4|1|0|0|0|2|0|0|1|1|4|0|1|0|1|0|2|1|0|2|0|0|1|0|0|1|0|0|0|1|0|1|0|0|3|0|0|0|0|1|0|0|2|1|0|1</HistCounts>
      </HistItem>
    </Histograms>
    <Metadata>
      <MDI key="STATISTICS_MINIMUM">247</MDI>
      <MDI key="STATISTICS_MAXIMUM">481</MDI>
      <MDI key="STATISTICS_MEAN">391.81333333333</MDI>
      <MDI key="STATISTICS_STDDEV">44.515673145035</MDI>
      <MDI key="STATISTICS_VALID_PERCENT">100</MDI>
    </Metadata>
  </PAMRasterBand>
</PAMDataset>
