<PAMDataset>
  <PAMRasterBand band="1">
    <Histograms>
      <HistItem>
        <HistMin>250.8533333333333</HistMin>
        <HistMax>769.1466666666666</HistMax>
        <BucketCount>225</BucketCount>
        <IncludeOutOfRange>0</IncludeOutOfRange>
        <Approximate>0</Approximate>
        <HistCounts>1|0|0|2|1|1|5|1|1|0|4|2|2|3|5|6|4|2|4|0|6|0|2|6|3|3|0|4|4|3|2|1|6|1|4|1|4|0|0|0|0|1|1|0|0|0|1|0|0|0|0|0|0|1|1|2|3|0|0|1|1|1|1|2|0|0|0|0|1|3|1|2|2|0|2|0|1|0|0|0|1|0|1|1|0|0|0|0|0|0|0|0|0|1|2|0|2|1|0|0|2|3|0|0|2|1|0|3|2|2|2|2|5|1|1|5|1|0|0|2|1|1|4|2|2|1|0|0|2|1|1|0|2|1|0|3|0|0|0|0|0|0|0|0|2|0|0|0|1|1|0|1|1|0|0|0|0|1|0|0|0|0|0|0|1|0|2|1|1|2|0|4|1|1|0|3|1|0|3|0|0|0|0|1|0|0|0|0|1|0|1|0|0|0|0|0|1|0|0|0|1|0|0|0|0|0|1|2|0|0|0|0|0|0|0|0|0|0|1|1|0|1|0|0|1</HistCounts>
      </HistItem>
    </Histograms>
    <Metadata>
      <MDI key="STATISTICS_MINIMUM">252</MDI>
      <MDI key="STATISTICS_MAXIMUM">768</MDI>
      <MDI key="STATISTICS_MEAN">434.08</MDI>
      <MDI key="STATISTICS_STDDEV">139.54112989844</MDI>
      <MDI key="STATISTICS_VALID_PERCENT">100</MDI>
    </Metadata>
  </PAMRasterBand>
  <PAMRasterBand band="2">
    <Histograms>
      <HistItem>
        <HistMin>229.72</HistMin>
        <HistMax>808.28</HistMax>
        <BucketCount>225</BucketCount>
        <IncludeOutOfRange>0</IncludeOutOfRange>
        <Approximate>0</Approximate>
        <HistCounts>1|1|0|8|3|4|5|4|2|5|5|4|6|4|7|7|3|3|5|1|1|1|5|0|3|3|5|0|2|1|1|1|1|0|1|3|0|1|0|1|1|0|0|0|1|0|0|0|1|0|1|1|0|1|0|1|0|0|3|2|0|1|0|0|1|0|3|1|1|0|2|1|0|1|0|0|0|1|0|1|4|6|2|4|0|1|0|0|0|1|0|0|0|2|5|0|4|0|1|0|2|0|0|0|0|0|0|2|1|3|1|1|2|0|0|0|0|1|2|1|0|1|0|0|0|2|0|2|1|0|0|0|0|2|0|0|1|0|0|0|1|0|0|0|0|0|0|0|0|0|0|0|1|0|1|0|1|0|0|0|1|1|2|0|1|2|0|1|0|0|2|0|5|0|0|0|1|1|0|3|0|2|0|0|0|0|0|1|0|1|0|1|0|0|0|0|2|0|0|0|0|1|0|0|0|0|0|0|0|0|0|0|1|0|0|0|1|0|1|0|1|0|0|0|1</HistCounts>
      </HistItem>
    </Histograms>
    <Metadata>
      <MDI key="STATISTICS_MINIMUM">231</MDI>
      <MDI key="STATISTICS_MAXIMUM">807</MDI>
      <MDI key="STATISTICS_MEAN">405.92888888889</MDI>
      <MDI key="STATISTICS_STDDEV">158.65457744172</MDI>
      <MDI key="STATISTICS_VALID_PERCENT">100</MDI>
    </Metadata>
  </PAMRasterBand>
  <PAMRasterBand band="3">
    <Histograms>
      <HistItem>
        <HistMin>260.1266666666667</HistMin>
        <HistMax>1106.873333333333</HistMax>
        <BucketCount>225</BucketCount>
        <IncludeOutOfRange>0</IncludeOutOfRange>
        <Approximate>0</Approximate>
        <HistCounts>1|6|2|1|2|4|6|2|1|2|2|2|2|0|5|2|4|1|2|6|3|3|5|3|3|2|6|1|1|2|1|3|2|3|3|3|1|4|1|0|2|0|1|2|0|0|0|1|0|1|0|0|1|1|1|1|2|0|2|0|2|2|0|0|1|0|1|1|0|1|0|0|0|0|0|1|0|2|1|4|0|3|1|2|2|0|0|0|2|0|1|0|1|1|3|3|5|1|1|2|1|0|1|0|0|1|0|0|1|0|0|2|1|0|1|1|2|1|3|0|0|0|2|0|1|1|0|1|1|2|0|0|0|0|0|0|0|1|1|1|0|0|1|0|0|0|0|0|0|0|0|0|0|0|0|0|0|1|0|0|0|1|1|0|3|0|2|0|2|1|0|2|1|0|1|0|3|0|0|0|1|4|0|0|2|0|0|1|0|0|0|0|1|0|0|1|1|0|0|0|0|0|1|1|0|0|0|0|0|0|0|1|0|0|0|0|0|1|0|2|0|0|0|0|1</HistCounts>
      </HistItem>
    </Histograms>
    <Metadata>
      <MDI key="STATISTICS_MINIMUM">262</MDI>
      <MDI key="STATISTICS_MAXIMUM">1105</MDI>
      <MDI key="STATISTICS_MEAN">532.08444444444</MDI>
      <MDI key="STATISTICS_STDDEV">230.13802038058</MDI>
      <MDI key="STATISTICS_VALID_PERCENT">100</MDI>
    </Metadata>
  </PAMRasterBand>
</PAMDataset>
