<PAMDataset>
  <PAMRasterBand band="1">
    <Histograms>
      <HistItem>
        <HistMin>302.5045454545455</HistMin>
        <HistMax>412.4954545454545</HistMax>
        <BucketCount>110</BucketCount>
        <IncludeOutOfRange>0</IncludeOutOfRange>
        <Approximate>0</Approximate>
        <HistCounts>1|0|0|2|1|0|0|2|1|0|0|1|2|2|0|1|3|1|2|3|0|2|1|2|2|0|1|0|2|4|2|1|2|3|0|4|7|0|6|2|7|1|6|7|10|1|2|2|3|2|7|7|4|3|4|4|6|4|2|6|3|4|6|2|4|2|3|1|4|1|5|2|2|3|2|1|1|1|3|0|2|0|3|1|1|2|2|1|0|1|1|1|2|0|1|1|0|0|0|0|0|1|1|0|0|1|1|0|0|1</HistCounts>
      </HistItem>
    </Histograms>
    <Metadata>
      <MDI key="STATISTICS_MINIMUM">303</MDI>
      <MDI key="STATISTICS_MAXIMUM">412</MDI>
      <MDI key="STATISTICS_MEAN">353.89777777778</MDI>
      <MDI key="STATISTICS_STDDEV">21.876486503285</MDI>
      <MDI key="STATISTICS_VALID_PERCENT">100</MDI>
    </Metadata>
  </PAMRasterBand>
  <PAMRasterBand band="2">
    <Histograms>
      <HistItem>
        <HistMin>246.5042735042735</HistMin>
        <HistMax>363.4957264957265</HistMax>
        <BucketCount>117</BucketCount>
        <IncludeOutOfRange>0</IncludeOutOfRange>
        <Approximate>0</Approximate>
        <HistCounts>2|0|1|2|0|0|0|1|0|1|0|2|0|0|1|1|1|2|1|3|2|5|0|1|1|5|8|2|3|5|2|2|2|3|1|5|4|2|7|7|1|2|3|5|7|5|7|4|0|1|2|6|5|7|3|2|3|2|1|3|3|2|6|2|1|4|2|3|5|3|3|0|0|0|3|4|2|2|1|2|2|0|1|0|2|1|1|1|2|0|0|1|0|1|1|0|0|0|0|1|2|2|0|0|0|0|1|0|0|0|2|0|0|1|0|0|1</HistCounts>
      </HistItem>
    </Histograms>
    <Metadata>
      <MDI key="STATISTICS_MINIMUM">247</MDI>
      <MDI key="STATISTICS_MAXIMUM">363</MDI>
      <MDI key="STATISTICS_MEAN">296.31555555556</MDI>
      <MDI key="STATISTICS_STDDEV">23.418757492001</MDI>
      <MDI key="STATISTICS_VALID_PERCENT">100</MDI>
    </Metadata>
  </PAMRasterBand>
  <PAMRasterBand band="3">
    <Histograms>
      <HistItem>
        <HistMin>316.5031847133758</HistMin>
        <HistMax>473.4968152866242</HistMax>
        <BucketCount>157</BucketCount>
        <IncludeOutOfRange>0</IncludeOutOfRange>
        <Approximate>0</Approximate>
        <HistCounts>3|0|1|0|1|0|0|0|0|0|1|0|0|1|0|0|1|0|1|0|0|4|6|3|1|2|2|4|2|3|2|4|0|2|4|0|4|2|5|1|0|2|0|1|3|1|1|2|6|1|7|1|3|1|7|5|3|2|3|5|2|5|0|2|2|1|3|5|2|1|3|1|3|7|4|2|2|0|1|4|1|2|2|0|4|3|3|0|2|3|1|3|0|1|1|1|1|0|0|1|0|0|3|1|2|0|0|2|2|0|0|1|1|1|0|0|0|0|2|1|0|0|2|1|1|0|0|1|0|1|1|0|0|0|1|1|0|0|0|0|0|1|2|0|0|0|0|0|1|0|0|0|0|2|0|0|1</HistCounts>
      </HistItem>
    </Histograms>
    <Metadata>
      <MDI key="STATISTICS_MINIMUM">317</MDI>
      <MDI key="STATISTICS_MAXIMUM">473</MDI>
      <MDI key="STATISTICS_MEAN">380.51111111111</MDI>
      <MDI key="STATISTICS_STDDEV">32.668858581035</MDI>
      <MDI key="STATISTICS_VALID_PERCENT">100</MDI>
    </Metadata>
  </PAMRasterBand>
</PAMDataset>
