<PAMDataset>
  <PAMRasterBand band="1">
    <Histograms>
      <HistItem>
        <HistMin>286.5027777777778</HistMin>
        <HistMax>466.4972222222222</HistMax>
        <BucketCount>180</BucketCount>
        <IncludeOutOfRange>0</IncludeOutOfRange>
        <Approximate>0</Approximate>
        <HistCounts>1|1|0|0|1|0|0|0|0|0|0|0|1|0|1|0|1|0|1|0|1|0|0|1|2|0|2|0|2|0|1|1|1|2|1|0|0|0|0|0|1|1|2|0|1|0|1|0|2|0|0|0|0|1|2|0|2|5|0|0|2|1|3|0|1|4|1|1|2|4|4|2|1|2|1|3|1|3|1|3|1|2|0|1|3|1|2|2|1|1|1|0|0|0|2|0|1|4|1|1|0|0|1|0|1|1|1|0|1|0|1|2|1|1|0|3|1|0|0|0|2|1|4|2|2|1|4|2|3|2|4|2|1|3|3|4|1|2|3|1|2|4|2|1|3|3|2|2|4|3|1|4|0|0|1|1|0|1|1|2|1|2|2|0|0|3|0|3|1|2|2|0|3|1|0|0|0|0|2|2</HistCounts>
      </HistItem>
    </Histograms>
    <Metadata>
      <MDI key="STATISTICS_MINIMUM">287</MDI>
      <MDI key="STATISTICS_MAXIMUM">466</MDI>
      <MDI key="STATISTICS_MEAN">391.20444444444</MDI>
      <MDI key="STATISTICS_STDDEV">45.003436686327</MDI>
      <MDI key="STATISTICS_VALID_PERCENT">100</MDI>
    </Metadata>
  </PAMRasterBand>
  <PAMRasterBand band="2">
    <Histograms>
      <HistItem>
        <HistMin>249.5027027027027</HistMin>
        <HistMax>434.4972972972973</HistMax>
        <BucketCount>185</BucketCount>
        <IncludeOutOfRange>0</IncludeOutOfRange>
        <Approximate>0</Approximate>
        <HistCounts>1|1|0|0|0|1|2|1|0|0|0|0|1|0|1|2|1|3|1|2|1|1|2|0|0|0|1|1|0|0|2|0|2|2|1|0|1|0|0|0|1|1|2|1|1|1|2|1|1|1|2|2|1|0|1|1|1|5|1|2|0|1|2|2|3|6|5|1|1|4|1|0|1|1|0|2|2|0|0|1|0|1|0|1|1|2|2|0|1|1|1|1|0|0|0|1|1|2|0|0|0|0|0|2|0|1|3|0|2|0|0|1|1|0|1|1|1|0|1|0|1|1|2|2|2|1|1|3|2|3|0|3|2|4|0|3|3|2|3|2|3|3|2|1|2|6|2|4|1|2|0|1|2|0|0|3|1|0|1|2|4|0|2|0|2|1|0|0|1|3|0|0|1|3|0|1|1|2|2|0|2|0|1|0|2</HistCounts>
      </HistItem>
    </Histograms>
    <Metadata>
      <MDI key="STATISTICS_MINIMUM">250</MDI>
      <MDI key="STATISTICS_MAXIMUM">434</MDI>
      <MDI key="STATISTICS_MEAN">349.69333333333</MDI>
      <MDI key="STATISTICS_STDDEV">50.659641618244</MDI>
      <MDI key="STATISTICS_VALID_PERCENT">100</MDI>
    </Metadata>
  </PAMRasterBand>
  <PAMRasterBand band="3">
    <Histograms>
      <HistItem>
        <HistMin>319.3511111111111</HistMin>
        <HistMax>612.6488888888889</HistMax>
        <BucketCount>225</BucketCount>
        <IncludeOutOfRange>0</IncludeOutOfRange>
        <Approximate>0</Approximate>
        <HistCounts>1|0|1|0|0|0|1|4|2|0|0|0|1|1|1|1|1|0|5|0|2|1|0|0|1|4|1|0|0|0|2|1|0|1|0|0|1|1|0|0|1|0|0|0|0|2|0|2|4|1|1|2|1|0|1|0|1|1|3|1|0|4|0|2|3|2|1|1|0|4|0|2|1|1|2|1|0|5|2|0|0|3|0|0|1|1|0|2|0|1|1|0|0|2|1|0|0|0|1|1|2|0|1|1|1|0|0|1|0|0|0|0|0|1|1|0|1|1|0|0|1|0|2|1|1|0|0|1|0|0|1|0|1|1|0|0|4|1|0|0|1|1|1|1|3|0|2|3|1|3|1|1|1|2|0|2|1|3|1|3|4|2|0|3|1|1|6|2|3|0|4|1|2|1|1|3|1|1|0|2|0|0|2|0|0|2|2|1|0|1|0|0|0|0|1|0|0|0|0|0|0|1|1|2|0|0|3|2|1|0|0|0|3|1|1|1|1|1|1|0|0|1|2|0|1</HistCounts>
      </HistItem>
    </Histograms>
    <Metadata>
      <MDI key="STATISTICS_MINIMUM">320</MDI>
      <MDI key="STATISTICS_MAXIMUM">612</MDI>
      <MDI key="STATISTICS_MEAN">468.08888888889</MDI>
      <MDI key="STATISTICS_STDDEV">82.301619323133</MDI>
      <MDI key="STATISTICS_VALID_PERCENT">100</MDI>
    </Metadata>
  </PAMRasterBand>
</PAMDataset>
