<PAMDataset>
  <PAMRasterBand band="1">
    <Histograms>
      <HistItem>
        <HistMin>238.5038759689922</HistMin>
        <HistMax>367.4961240310078</HistMax>
        <BucketCount>129</BucketCount>
        <IncludeOutOfRange>0</IncludeOutOfRange>
        <Approximate>0</Approximate>
        <HistCounts>1|0|1|1|0|0|0|0|0|0|0|0|0|0|0|0|0|0|2|0|0|0|1|0|0|1|1|0|0|1|1|1|1|0|0|0|1|2|3|1|0|0|3|1|3|1|0|2|3|1|3|8|4|3|6|6|6|4|2|7|5|3|4|6|4|3|8|4|4|7|3|5|4|6|4|5|3|0|2|2|3|4|3|0|3|8|3|1|0|2|4|1|1|3|3|1|1|3|1|0|1|1|0|0|0|0|2|0|0|1|0|2|0|0|2|0|0|1|0|1|1|0|0|0|1|0|1|1|1</HistCounts>
      </HistItem>
    </Histograms>
    <Metadata>
      <MDI key="STATISTICS_MINIMUM">239</MDI>
      <MDI key="STATISTICS_MAXIMUM">367</MDI>
      <MDI key="STATISTICS_MEAN">306.56</MDI>
      <MDI key="STATISTICS_STDDEV">22.071342908346</MDI>
      <MDI key="STATISTICS_VALID_PERCENT">100</MDI>
    </Metadata>
  </PAMRasterBand>
  <PAMRasterBand band="2">
    <Histograms>
      <HistItem>
        <HistMin>182.5044642857143</HistMin>
        <HistMax>294.4955357142857</HistMax>
        <BucketCount>112</BucketCount>
        <IncludeOutOfRange>0</IncludeOutOfRange>
        <Approximate>0</Approximate>
        <HistCounts>2|0|0|0|1|0|0|0|0|0|0|0|1|0|1|0|0|0|0|1|1|2|0|0|2|0|0|0|3|0|2|0|3|2|2|2|2|2|3|3|1|5|4|8|2|7|5|6|5|8|2|6|6|5|4|6|9|6|3|0|7|3|4|3|2|4|3|3|6|5|1|3|1|2|5|3|2|0|4|4|2|1|0|2|0|2|1|2|0|0|1|1|1|1|1|0|0|1|1|1|1|1|1|3|0|2|0|0|0|0|0|1</HistCounts>
      </HistItem>
    </Histograms>
    <Metadata>
      <MDI key="STATISTICS_MINIMUM">183</MDI>
      <MDI key="STATISTICS_MAXIMUM">294</MDI>
      <MDI key="STATISTICS_MEAN">239.94666666667</MDI>
      <MDI key="STATISTICS_STDDEV">20.078441727939</MDI>
      <MDI key="STATISTICS_VALID_PERCENT">100</MDI>
    </Metadata>
  </PAMRasterBand>
  <PAMRasterBand band="3">
    <Histograms>
      <HistItem>
        <HistMin>210.5037037037037</HistMin>
        <HistMax>345.4962962962963</HistMax>
        <BucketCount>135</BucketCount>
        <IncludeOutOfRange>0</IncludeOutOfRange>
        <Approximate>0</Approximate>
        <HistCounts>1|1|0|0|0|1|0|0|0|0|0|0|0|0|0|1|0|0|1|0|0|0|1|2|0|1|0|0|0|1|0|0|0|1|1|1|1|0|1|0|2|0|1|1|1|4|1|0|5|2|4|5|2|4|3|3|3|3|5|6|7|5|7|2|9|3|8|5|2|7|2|3|0|2|4|1|3|2|2|7|2|3|8|2|5|3|4|3|1|2|1|3|3|1|3|3|4|3|0|0|2|1|1|1|0|0|1|0|0|0|2|0|1|1|0|0|1|1|0|1|2|0|0|0|0|0|1|1|1|0|1|0|0|0|1</HistCounts>
      </HistItem>
    </Histograms>
    <Metadata>
      <MDI key="STATISTICS_MINIMUM">211</MDI>
      <MDI key="STATISTICS_MAXIMUM">345</MDI>
      <MDI key="STATISTICS_MEAN">280.90666666667</MDI>
      <MDI key="STATISTICS_STDDEV">23.086026557687</MDI>
      <MDI key="STATISTICS_VALID_PERCENT">100</MDI>
    </Metadata>
  </PAMRasterBand>
</PAMDataset>
