<PAMDataset>
  <PAMRasterBand band="1">
    <Histograms>
      <HistItem>
        <HistMin>283.2688888888889</HistMin>
        <HistMax>613.7311111111111</HistMax>
        <BucketCount>225</BucketCount>
        <IncludeOutOfRange>0</IncludeOutOfRange>
        <Approximate>0</Approximate>
        <HistCounts>1|0|1|1|1|0|0|1|0|0|1|3|0|0|2|0|2|0|1|2|3|1|2|1|2|0|1|3|1|3|0|2|0|4|1|6|0|3|1|3|0|2|1|2|5|1|4|0|3|1|2|1|3|0|4|3|1|7|2|3|0|1|0|0|0|3|2|3|0|6|0|3|1|0|2|1|2|0|2|1|3|0|0|0|2|1|1|0|3|3|1|1|1|2|0|0|2|3|1|5|2|0|1|1|1|0|0|1|1|1|1|0|2|0|1|2|3|1|1|0|3|1|0|4|1|4|3|3|1|3|1|1|1|1|0|2|0|0|2|4|0|0|3|1|1|0|0|0|3|0|1|1|1|0|0|0|0|1|0|0|1|0|0|0|0|0|0|1|0|0|0|0|1|0|0|0|0|0|0|0|0|1|0|0|0|0|0|0|0|0|0|0|0|0|0|0|0|0|0|0|0|0|0|0|0|0|0|0|0|0|0|0|0|0|0|0|0|0|0|0|0|0|0|0|1</HistCounts>
      </HistItem>
    </Histograms>
    <Metadata>
      <MDI key="STATISTICS_MINIMUM">284</MDI>
      <MDI key="STATISTICS_MAXIMUM">613</MDI>
      <MDI key="STATISTICS_MEAN">397.52444444444</MDI>
      <MDI key="STATISTICS_STDDEV">63.830752447584</MDI>
      <MDI key="STATISTICS_VALID_PERCENT">100</MDI>
    </Metadata>
  </PAMRasterBand>
  <PAMRasterBand band="2">
    <Histograms>
      <HistItem>
        <HistMin>254.3866666666667</HistMin>
        <HistMax>531.6133333333333</HistMax>
        <BucketCount>225</BucketCount>
        <IncludeOutOfRange>0</IncludeOutOfRange>
        <Approximate>0</Approximate>
        <HistCounts>1|1|0|3|1|1|3|1|2|1|2|0|1|2|0|1|1|2|0|3|2|1|4|0|1|1|1|2|4|1|1|1|6|1|1|0|2|4|2|0|2|1|1|1|4|5|2|2|2|2|2|1|0|2|2|1|2|1|3|2|2|2|1|0|0|1|0|1|2|1|1|1|1|2|1|1|0|1|0|1|1|0|0|2|3|0|1|0|4|0|0|3|1|2|4|1|0|3|2|0|0|3|2|0|2|2|2|1|1|1|4|1|1|0|4|0|0|1|4|0|0|0|1|6|0|2|3|3|0|1|4|6|3|1|1|2|0|0|2|2|0|1|0|1|1|1|1|1|0|0|0|0|0|1|0|0|0|0|0|0|1|0|0|0|0|0|0|0|0|0|1|0|0|0|0|0|1|0|0|0|0|0|0|1|0|0|0|0|0|0|0|1|0|0|0|0|0|0|0|0|0|0|0|0|0|1|0|0|0|0|0|0|0|0|0|0|0|0|0|0|0|0|0|0|1</HistCounts>
      </HistItem>
    </Histograms>
    <Metadata>
      <MDI key="STATISTICS_MINIMUM">255</MDI>
      <MDI key="STATISTICS_MAXIMUM">531</MDI>
      <MDI key="STATISTICS_MEAN">349.10666666667</MDI>
      <MDI key="STATISTICS_STDDEV">57.555825653592</MDI>
      <MDI key="STATISTICS_VALID_PERCENT">100</MDI>
    </Metadata>
  </PAMRasterBand>
  <PAMRasterBand band="3">
    <Histograms>
      <HistItem>
        <HistMin>326.1511111111111</HistMin>
        <HistMax>709.8488888888888</HistMax>
        <BucketCount>225</BucketCount>
        <IncludeOutOfRange>0</IncludeOutOfRange>
        <Approximate>0</Approximate>
        <HistCounts>1|0|0|1|0|1|0|0|4|3|0|1|1|1|1|0|4|1|2|0|0|0|2|1|2|3|3|1|2|6|3|1|0|4|1|1|2|0|3|4|3|2|4|4|1|0|2|5|0|1|2|0|3|3|0|3|0|2|0|1|3|0|3|2|1|2|0|0|0|2|0|0|1|1|1|2|1|0|1|1|1|1|1|2|0|0|3|1|1|1|0|1|0|1|0|2|1|1|1|3|2|1|3|0|2|3|1|2|2|0|1|1|1|0|1|0|0|2|3|2|0|2|0|2|1|1|0|1|0|0|0|1|0|1|4|3|0|2|5|2|3|1|5|2|0|0|1|3|1|2|0|1|1|0|0|1|1|3|0|0|0|1|1|0|0|1|1|0|0|0|0|0|0|0|0|0|0|0|0|0|0|0|1|0|0|0|1|0|0|0|0|0|0|0|0|0|0|0|0|0|0|0|1|0|0|0|1|0|0|0|0|0|0|0|0|0|0|1|0|0|0|0|0|0|1</HistCounts>
      </HistItem>
    </Histograms>
    <Metadata>
      <MDI key="STATISTICS_MINIMUM">327</MDI>
      <MDI key="STATISTICS_MAXIMUM">709</MDI>
      <MDI key="STATISTICS_MEAN">465.36888888889</MDI>
      <MDI key="STATISTICS_STDDEV">85.715300908744</MDI>
      <MDI key="STATISTICS_VALID_PERCENT">100</MDI>
    </Metadata>
  </PAMRasterBand>
</PAMDataset>
