<PAMDataset>
  <PAMRasterBand band="1">
    <Histograms>
      <HistItem>
        <HistMin>225.503937007874</HistMin>
        <HistMax>352.496062992126</HistMax>
        <BucketCount>127</BucketCount>
        <IncludeOutOfRange>0</IncludeOutOfRange>
        <Approximate>0</Approximate>
        <HistCounts>1|0|0|0|1|0|0|1|0|2|1|0|1|1|0|1|2|2|0|0|0|1|1|1|2|3|1|4|4|2|3|2|1|0|1|1|2|3|4|3|6|2|1|3|3|4|2|4|3|1|1|2|1|1|2|6|1|3|5|3|4|2|3|2|4|4|1|4|7|1|3|4|2|1|5|3|3|5|0|5|5|3|3|4|2|1|3|2|1|1|1|0|0|1|2|0|1|4|2|1|1|0|2|1|1|0|1|2|0|1|1|2|2|0|0|1|1|1|0|0|0|0|0|0|0|1|1</HistCounts>
      </HistItem>
    </Histograms>
    <Metadata>
      <MDI key="STATISTICS_MINIMUM">226</MDI>
      <MDI key="STATISTICS_MAXIMUM">352</MDI>
      <MDI key="STATISTICS_MEAN">286.98222222222</MDI>
      <MDI key="STATISTICS_STDDEV">26.673326575763</MDI>
      <MDI key="STATISTICS_VALID_PERCENT">100</MDI>
    </Metadata>
  </PAMRasterBand>
  <PAMRasterBand band="2">
    <Histograms>
      <HistItem>
        <HistMin>176.505</HistMin>
        <HistMax>276.495</HistMax>
        <BucketCount>100</BucketCount>
        <IncludeOutOfRange>0</IncludeOutOfRange>
        <Approximate>0</Approximate>
        <HistCounts>1|0|3|0|0|1|0|4|0|1|2|1|2|1|3|3|1|6|6|2|3|5|3|5|2|2|2|3|4|2|3|4|3|2|2|2|2|3|4|6|2|2|2|6|5|6|5|5|5|4|3|5|5|4|6|3|6|4|2|1|1|3|3|6|4|5|1|1|1|2|0|2|1|2|2|1|3|0|0|0|1|2|0|1|0|0|1|1|0|0|0|0|0|0|0|0|0|0|0|1</HistCounts>
      </HistItem>
    </Histograms>
    <Metadata>
      <MDI key="STATISTICS_MINIMUM">177</MDI>
      <MDI key="STATISTICS_MAXIMUM">276</MDI>
      <MDI key="STATISTICS_MEAN">218.92</MDI>
      <MDI key="STATISTICS_STDDEV">19.918786219156</MDI>
      <MDI key="STATISTICS_VALID_PERCENT">100</MDI>
    </Metadata>
  </PAMRasterBand>
  <PAMRasterBand band="3">
    <Histograms>
      <HistItem>
        <HistMin>180.5037313432836</HistMin>
        <HistMax>314.4962686567164</HistMax>
        <BucketCount>134</BucketCount>
        <IncludeOutOfRange>0</IncludeOutOfRange>
        <Approximate>0</Approximate>
        <HistCounts>1|0|0|3|0|1|2|1|2|2|1|1|2|2|0|1|2|0|1|3|4|1|2|2|4|6|2|5|4|2|4|2|2|4|3|2|3|5|3|2|2|1|2|2|0|3|1|1|5|2|7|4|2|6|4|8|3|2|2|0|0|3|1|1|2|0|1|1|4|5|4|4|3|3|2|1|3|1|3|0|1|2|3|1|4|1|1|2|0|1|3|0|1|1|0|2|1|0|3|1|1|0|0|2|1|0|0|0|0|1|0|1|1|0|0|0|1|0|1|0|1|0|0|0|0|0|0|0|0|0|0|0|0|1</HistCounts>
      </HistItem>
    </Histograms>
    <Metadata>
      <MDI key="STATISTICS_MINIMUM">181</MDI>
      <MDI key="STATISTICS_MAXIMUM">314</MDI>
      <MDI key="STATISTICS_MEAN">232.67555555556</MDI>
      <MDI key="STATISTICS_STDDEV">27.627145712992</MDI>
      <MDI key="STATISTICS_VALID_PERCENT">100</MDI>
    </Metadata>
  </PAMRasterBand>
</PAMDataset>
