<PAMDataset>
  <PAMRasterBand band="1">
    <Histograms>
      <HistItem>
        <HistMin>280.88</HistMin>
        <HistMax>787.12</HistMax>
        <BucketCount>225</BucketCount>
        <IncludeOutOfRange>0</IncludeOutOfRange>
        <Approximate>0</Approximate>
        <HistCounts>1|1|0|0|2|0|0|1|0|0|0|1|2|1|1|0|0|1|1|1|2|2|4|6|4|2|3|1|1|3|2|1|4|0|0|2|2|3|2|0|2|2|2|0|1|0|0|1|2|4|0|3|1|1|0|0|0|0|0|0|1|1|3|2|1|2|1|0|1|0|0|0|2|1|2|0|1|2|0|0|2|0|1|1|0|0|0|0|0|0|0|0|1|1|0|3|1|3|0|1|0|0|0|0|2|1|2|1|1|1|1|2|2|2|1|0|1|0|0|2|0|2|0|1|2|1|1|1|2|1|1|1|0|0|1|1|3|1|3|1|2|0|2|1|2|2|1|5|6|1|3|5|1|3|2|2|1|4|0|2|1|0|1|0|2|0|0|0|0|1|1|0|1|0|0|0|1|0|0|1|1|0|0|0|0|0|0|0|0|0|0|0|0|0|0|1|1|3|0|0|0|1|0|0|0|0|0|0|0|0|0|0|2|1|0|0|2|0|2|0|2|1|0|0|2</HistCounts>
      </HistItem>
    </Histograms>
    <Metadata>
      <MDI key="STATISTICS_MINIMUM">282</MDI>
      <MDI key="STATISTICS_MAXIMUM">786</MDI>
      <MDI key="STATISTICS_MEAN">504.06222222222</MDI>
      <MDI key="STATISTICS_STDDEV">136.07342999505</MDI>
      <MDI key="STATISTICS_VALID_PERCENT">100</MDI>
    </Metadata>
  </PAMRasterBand>
  <PAMRasterBand band="2">
    <Histograms>
      <HistItem>
        <HistMin>243.4333333333333</HistMin>
        <HistMax>951.5666666666667</HistMax>
        <BucketCount>225</BucketCount>
        <IncludeOutOfRange>0</IncludeOutOfRange>
        <Approximate>0</Approximate>
        <HistCounts>1|1|0|2|2|0|0|1|1|1|2|1|2|1|6|1|1|1|5|0|0|2|4|3|2|3|0|4|1|2|2|5|1|0|0|1|3|1|2|2|2|1|0|0|3|1|2|0|0|2|0|2|3|0|1|2|1|1|1|1|0|2|0|0|0|1|3|0|2|1|3|2|0|3|2|0|0|2|1|0|0|1|1|2|1|2|2|2|3|0|1|2|3|3|0|1|1|2|3|0|0|2|3|3|1|1|1|3|2|1|2|0|1|0|1|5|1|0|0|3|3|0|1|0|3|0|2|3|2|0|1|0|0|1|0|1|1|1|0|0|1|1|0|0|0|0|0|0|0|1|0|0|2|0|0|0|0|0|1|1|0|0|0|1|2|0|0|1|1|0|1|0|0|0|0|0|0|0|0|1|0|0|0|0|0|1|0|0|0|0|0|0|0|1|0|0|0|1|0|2|0|0|1|0|1|0|1|2|1|1|1|2|0|1|0|1|0|1|0|0|0|0|0|1|1</HistCounts>
      </HistItem>
    </Histograms>
    <Metadata>
      <MDI key="STATISTICS_MINIMUM">245</MDI>
      <MDI key="STATISTICS_MAXIMUM">950</MDI>
      <MDI key="STATISTICS_MEAN">508.82666666667</MDI>
      <MDI key="STATISTICS_STDDEV">181.13379020921</MDI>
      <MDI key="STATISTICS_VALID_PERCENT">100</MDI>
    </Metadata>
  </PAMRasterBand>
  <PAMRasterBand band="3">
    <Histograms>
      <HistItem>
        <HistMin>283.3822222222222</HistMin>
        <HistMax>1466.617777777778</HistMax>
        <BucketCount>225</BucketCount>
        <IncludeOutOfRange>0</IncludeOutOfRange>
        <Approximate>0</Approximate>
        <HistCounts>1|2|2|1|1|2|1|1|2|0|2|1|2|3|0|1|1|2|4|2|1|4|3|2|2|1|3|0|2|2|1|1|3|2|1|3|1|2|1|1|0|5|1|1|0|0|4|1|0|3|3|0|2|1|2|1|1|1|1|0|2|1|1|2|1|1|0|0|2|1|2|2|2|3|1|0|1|3|1|0|2|2|1|3|1|0|3|1|1|0|0|3|2|2|1|2|1|1|3|0|0|0|1|3|1|2|2|3|0|1|1|0|1|2|1|1|5|1|2|3|0|2|2|0|0|1|0|1|1|2|0|1|1|0|1|0|0|0|0|0|1|0|0|1|0|0|0|1|0|1|0|0|1|0|0|0|0|1|1|0|0|1|0|2|1|0|0|1|1|0|0|0|0|1|0|0|0|0|0|0|0|0|0|0|0|1|0|0|0|0|0|0|2|0|1|1|0|0|0|0|0|0|0|0|2|1|1|2|0|2|2|1|0|0|0|0|2|0|0|0|0|0|1|0|1</HistCounts>
      </HistItem>
    </Histograms>
    <Metadata>
      <MDI key="STATISTICS_MINIMUM">286</MDI>
      <MDI key="STATISTICS_MAXIMUM">1464</MDI>
      <MDI key="STATISTICS_MEAN">712.17333333333</MDI>
      <MDI key="STATISTICS_STDDEV">302.30244046503</MDI>
      <MDI key="STATISTICS_VALID_PERCENT">100</MDI>
    </Metadata>
  </PAMRasterBand>
</PAMDataset>
