<PAMDataset>
  <PAMRasterBand band="1">
    <Histograms>
      <HistItem>
        <HistMin>282.8577777777778</HistMin>
        <HistMax>1251.142222222222</HistMax>
        <BucketCount>225</BucketCount>
        <IncludeOutOfRange>0</IncludeOutOfRange>
        <Approximate>0</Approximate>
        <HistCounts>2|3|1|5|4|3|3|2|5|2|5|4|1|4|7|3|3|2|2|3|3|3|0|4|1|1|1|2|0|0|5|1|2|3|6|1|3|0|1|1|3|3|3|4|1|1|0|1|0|0|1|0|0|1|0|0|1|1|0|0|0|0|0|0|0|0|0|0|0|0|0|0|0|0|0|0|0|0|0|0|0|0|0|1|0|0|0|0|1|2|0|1|0|0|0|0|1|0|0|0|0|0|2|0|2|2|2|2|0|0|0|0|2|2|1|2|0|0|0|0|0|1|0|0|0|1|0|0|0|0|0|0|0|0|0|0|0|0|0|1|1|0|2|1|0|1|0|0|1|0|0|0|0|0|0|1|0|0|0|0|0|0|2|2|1|4|2|1|6|4|3|2|2|1|2|2|0|3|0|0|0|0|1|0|3|2|1|0|3|0|4|1|0|0|1|2|0|1|1|1|0|0|1|1|0|0|0|0|3|0|1|2|1|0|0|0|0|0|1|0|0|0|0|1|1</HistCounts>
      </HistItem>
    </Histograms>
    <Metadata>
      <MDI key="STATISTICS_MINIMUM">285</MDI>
      <MDI key="STATISTICS_MAXIMUM">1249</MDI>
      <MDI key="STATISTICS_MEAN">651.65333333333</MDI>
      <MDI key="STATISTICS_STDDEV">319.90067180646</MDI>
      <MDI key="STATISTICS_VALID_PERCENT">100</MDI>
    </Metadata>
  </PAMRasterBand>
  <PAMRasterBand band="2">
    <Histograms>
      <HistItem>
        <HistMin>215.3377777777778</HistMin>
        <HistMax>1418.662222222222</HistMax>
        <BucketCount>225</BucketCount>
        <IncludeOutOfRange>0</IncludeOutOfRange>
        <Approximate>0</Approximate>
        <HistCounts>2|3|3|8|17|6|7|10|8|13|7|4|3|2|2|0|2|0|0|2|0|0|1|1|3|0|0|0|0|1|0|3|0|3|1|1|0|0|0|0|0|0|1|0|0|1|0|0|0|0|0|0|0|0|1|0|3|0|0|1|0|0|1|0|2|0|0|1|0|0|0|0|1|0|0|0|0|0|0|0|0|1|1|0|2|1|1|0|1|0|1|0|1|0|0|1|0|1|2|0|1|0|0|0|1|0|1|1|0|1|0|0|0|0|0|0|0|0|0|0|0|0|1|0|0|0|0|1|0|0|0|1|0|1|0|1|1|1|0|1|1|3|0|1|1|1|0|1|1|0|0|0|1|2|0|1|1|1|0|0|0|3|3|1|2|2|0|2|1|1|2|2|1|1|1|1|1|0|1|0|1|1|0|0|0|1|1|0|1|3|0|0|0|0|1|0|0|1|1|0|0|0|1|0|0|0|2|2|3|0|0|0|1|1|0|0|2|3|2|2|2|0|0|1|1</HistCounts>
      </HistItem>
    </Histograms>
    <Metadata>
      <MDI key="STATISTICS_MINIMUM">218</MDI>
      <MDI key="STATISTICS_MAXIMUM">1416</MDI>
      <MDI key="STATISTICS_MEAN">644.63111111111</MDI>
      <MDI key="STATISTICS_STDDEV">422.44750565259</MDI>
      <MDI key="STATISTICS_VALID_PERCENT">100</MDI>
    </Metadata>
  </PAMRasterBand>
  <PAMRasterBand band="3">
    <Histograms>
      <HistItem>
        <HistMin>197.1244444444444</HistMin>
        <HistMax>2400.875555555555</HistMax>
        <BucketCount>225</BucketCount>
        <IncludeOutOfRange>0</IncludeOutOfRange>
        <Approximate>0</Approximate>
        <HistCounts>5|23|13|13|11|8|11|5|3|1|1|0|0|1|1|0|0|0|3|0|1|1|0|0|0|2|0|1|2|1|4|2|0|0|0|0|0|1|1|0|0|0|0|0|0|0|0|0|0|1|0|0|0|1|0|0|0|1|0|1|1|3|0|1|1|0|1|0|0|0|1|1|2|0|1|0|1|0|0|1|1|1|0|0|0|1|0|0|0|0|1|0|1|0|0|0|0|0|0|1|0|1|0|0|1|0|0|0|0|2|0|0|2|0|1|0|0|1|0|0|1|0|1|1|0|1|0|1|0|0|1|0|0|0|1|3|0|0|0|1|2|1|2|1|4|0|0|0|0|1|0|0|2|1|1|1|0|0|2|0|0|2|0|0|0|1|2|3|0|0|0|1|0|1|3|0|2|0|0|1|2|1|1|0|1|0|0|2|0|1|0|1|0|2|0|1|0|1|2|0|1|0|0|0|0|2|5|0|0|0|1|1|0|1|1|3|0|0|0|0|0|1|0|0|2</HistCounts>
      </HistItem>
    </Histograms>
    <Metadata>
      <MDI key="STATISTICS_MINIMUM">202</MDI>
      <MDI key="STATISTICS_MAXIMUM">2396</MDI>
      <MDI key="STATISTICS_MEAN">936.29333333333</MDI>
      <MDI key="STATISTICS_STDDEV">759.20956158362</MDI>
      <MDI key="STATISTICS_VALID_PERCENT">100</MDI>
    </Metadata>
  </PAMRasterBand>
</PAMDataset>
