<PAMDataset>
  <PAMRasterBand band="1">
    <Histograms>
      <HistItem>
        <HistMin>259.7066666666666</HistMin>
        <HistMax>844.2933333333333</HistMax>
        <BucketCount>225</BucketCount>
        <IncludeOutOfRange>0</IncludeOutOfRange>
        <Approximate>0</Approximate>
        <HistCounts>1|0|0|1|1|0|0|0|1|1|0|0|0|0|0|1|1|1|0|1|1|0|0|1|3|1|1|0|1|0|0|1|1|1|1|1|0|0|1|0|0|1|0|0|1|1|1|0|0|1|0|1|0|0|0|2|0|2|1|1|0|1|0|0|2|1|0|1|0|0|0|0|2|0|1|4|0|1|0|2|0|0|2|0|1|1|0|0|1|2|1|0|0|0|1|2|0|0|1|0|1|0|1|0|1|1|0|2|0|0|1|0|1|2|4|1|4|2|1|1|2|2|2|1|2|1|1|2|0|1|2|2|1|2|2|0|1|0|2|2|2|3|3|0|1|1|4|1|1|2|2|0|4|0|4|6|3|0|3|0|4|1|4|0|4|2|0|1|0|3|0|0|0|0|3|1|1|1|2|3|1|2|2|1|0|2|1|2|1|1|1|2|0|1|2|0|2|1|2|2|0|2|1|0|1|0|1|0|2|1|2|0|1|0|1|0|0|1|0|1|0|0|0|0|2</HistCounts>
      </HistItem>
    </Histograms>
    <Metadata>
      <MDI key="STATISTICS_MINIMUM">261</MDI>
      <MDI key="STATISTICS_MAXIMUM">843</MDI>
      <MDI key="STATISTICS_MEAN">593.41333333333</MDI>
      <MDI key="STATISTICS_STDDEV">143.86812727093</MDI>
      <MDI key="STATISTICS_VALID_PERCENT">100</MDI>
    </Metadata>
  </PAMRasterBand>
  <PAMRasterBand band="2">
    <Histograms>
      <HistItem>
        <HistMin>250.5755555555556</HistMin>
        <HistMax>894.4244444444445</HistMax>
        <BucketCount>225</BucketCount>
        <IncludeOutOfRange>0</IncludeOutOfRange>
        <Approximate>0</Approximate>
        <HistCounts>1|0|0|0|0|0|0|0|0|1|0|1|0|1|0|0|0|0|0|3|0|0|1|0|1|1|0|1|2|0|1|0|3|1|0|0|0|0|0|2|1|0|0|0|0|0|0|0|0|0|1|1|1|3|0|0|0|1|0|2|0|1|1|0|1|0|0|1|1|1|0|0|1|1|1|0|2|0|0|3|2|2|2|0|1|1|2|0|0|0|1|0|1|0|0|2|2|1|0|0|0|0|0|0|0|0|1|2|1|0|1|0|0|0|1|2|1|4|1|0|4|0|3|1|2|0|0|4|1|2|1|3|2|1|4|5|4|1|3|1|1|2|4|1|1|1|1|0|1|4|1|1|4|0|0|2|0|1|0|2|2|0|2|4|1|2|1|2|2|0|3|2|1|1|4|1|1|1|1|0|3|3|2|2|0|1|0|0|0|4|1|2|0|2|1|0|1|1|1|0|0|0|1|1|0|3|4|1|1|3|2|0|1|2|0|0|1|2|1|0|0|1|1|0|1</HistCounts>
      </HistItem>
    </Histograms>
    <Metadata>
      <MDI key="STATISTICS_MINIMUM">252</MDI>
      <MDI key="STATISTICS_MAXIMUM">893</MDI>
      <MDI key="STATISTICS_MEAN">630.41333333333</MDI>
      <MDI key="STATISTICS_STDDEV">157.04106412726</MDI>
      <MDI key="STATISTICS_VALID_PERCENT">100</MDI>
    </Metadata>
  </PAMRasterBand>
  <PAMRasterBand band="3">
    <Histograms>
      <HistItem>
        <HistMin>247.5777777777778</HistMin>
        <HistMax>1342.422222222222</HistMax>
        <BucketCount>225</BucketCount>
        <IncludeOutOfRange>0</IncludeOutOfRange>
        <Approximate>0</Approximate>
        <HistCounts>1|0|2|2|0|0|0|2|1|1|2|0|0|1|2|0|1|0|1|1|1|0|2|1|0|3|0|1|1|1|0|1|0|0|0|1|0|0|1|0|0|1|0|0|0|1|1|0|2|0|0|0|0|1|0|0|0|0|1|0|0|0|0|0|0|0|0|1|1|3|4|1|0|2|2|0|2|1|0|1|1|0|1|2|0|0|0|0|5|0|3|0|1|2|7|1|4|4|5|3|2|1|3|4|0|6|0|4|4|1|2|3|1|1|0|1|1|2|0|2|0|3|1|0|0|0|2|0|0|2|2|1|0|2|0|2|1|1|0|2|0|0|0|2|2|2|4|0|3|2|2|1|0|0|0|0|1|0|2|0|2|0|2|0|1|2|1|4|0|1|0|0|0|2|2|1|1|0|2|0|0|1|1|0|1|2|1|1|0|0|1|0|1|0|0|0|1|1|1|2|2|0|0|0|0|1|2|1|0|0|0|1|3|2|0|0|0|1|0|3|0|0|0|0|2</HistCounts>
      </HistItem>
    </Histograms>
    <Metadata>
      <MDI key="STATISTICS_MINIMUM">250</MDI>
      <MDI key="STATISTICS_MAXIMUM">1340</MDI>
      <MDI key="STATISTICS_MEAN">800.91111111111</MDI>
      <MDI key="STATISTICS_STDDEV">275.20047014028</MDI>
      <MDI key="STATISTICS_VALID_PERCENT">100</MDI>
    </Metadata>
  </PAMRasterBand>
</PAMDataset>
