<PAMDataset>
  <PAMRasterBand band="1">
    <Histograms>
      <HistItem>
        <HistMin>419.5072463768116</HistMin>
        <HistMax>488.4927536231884</HistMax>
        <BucketCount>69</BucketCount>
        <IncludeOutOfRange>0</IncludeOutOfRange>
        <Approximate>0</Approximate>
        <HistCounts>1|0|0|1|2|0|0|3|3|3|3|2|4|4|5|8|5|5|5|5|11|11|10|11|12|13|9|4|8|7|11|3|4|4|7|6|5|4|3|5|2|0|2|1|0|0|1|0|0|2|2|1|2|0|0|0|2|1|0|0|0|0|0|0|0|0|0|0|2</HistCounts>
      </HistItem>
    </Histograms>
    <Metadata>
      <MDI key="STATISTICS_MINIMUM">420</MDI>
      <MDI key="STATISTICS_MAXIMUM">488</MDI>
      <MDI key="STATISTICS_MEAN">445.6</MDI>
      <MDI key="STATISTICS_STDDEV">11.123548594461</MDI>
      <MDI key="STATISTICS_VALID_PERCENT">100</MDI>
    </Metadata>
  </PAMRasterBand>
  <PAMRasterBand band="2">
    <Histograms>
      <HistItem>
        <HistMin>375.50625</HistMin>
        <HistMax>455.49375</HistMax>
        <BucketCount>80</BucketCount>
        <IncludeOutOfRange>0</IncludeOutOfRange>
        <Approximate>0</Approximate>
        <HistCounts>1|0|1|0|0|0|1|3|3|3|1|4|8|7|7|7|7|17|8|8|7|11|16|14|7|8|1|5|7|4|8|3|3|0|1|1|3|4|1|4|0|0|1|2|1|1|4|0|1|1|0|3|1|0|0|1|1|2|2|0|3|1|0|0|1|0|1|0|1|1|1|0|0|0|0|0|0|0|0|1</HistCounts>
      </HistItem>
    </Histograms>
    <Metadata>
      <MDI key="STATISTICS_MINIMUM">376</MDI>
      <MDI key="STATISTICS_MAXIMUM">455</MDI>
      <MDI key="STATISTICS_MEAN">401.58222222222</MDI>
      <MDI key="STATISTICS_STDDEV">14.117086398937</MDI>
      <MDI key="STATISTICS_VALID_PERCENT">100</MDI>
    </Metadata>
  </PAMRasterBand>
  <PAMRasterBand band="3">
    <Histograms>
      <HistItem>
        <HistMin>535.5034013605442</HistMin>
        <HistMax>682.4965986394558</HistMax>
        <BucketCount>147</BucketCount>
        <IncludeOutOfRange>0</IncludeOutOfRange>
        <Approximate>0</Approximate>
        <HistCounts>1|0|0|0|1|0|1|1|0|1|2|2|0|1|4|4|2|4|2|3|2|1|0|5|1|8|1|3|0|0|2|3|4|3|5|6|6|5|5|6|8|5|7|7|3|5|3|7|2|2|3|3|5|5|0|1|0|1|1|6|1|0|1|2|1|2|2|1|1|0|0|1|1|1|0|4|1|1|0|0|0|1|0|3|1|4|2|1|1|0|2|0|2|0|0|0|1|0|0|2|0|1|0|1|0|2|0|0|1|0|1|1|2|0|0|0|1|0|0|0|1|1|0|0|0|1|0|0|0|1|0|0|0|0|1|0|0|0|0|0|0|0|0|0|0|0|1</HistCounts>
      </HistItem>
    </Histograms>
    <Metadata>
      <MDI key="STATISTICS_MINIMUM">536</MDI>
      <MDI key="STATISTICS_MAXIMUM">682</MDI>
      <MDI key="STATISTICS_MEAN">584.74222222222</MDI>
      <MDI key="STATISTICS_STDDEV">27.940019000144</MDI>
      <MDI key="STATISTICS_VALID_PERCENT">100</MDI>
    </Metadata>
  </PAMRasterBand>
</PAMDataset>
