<PAMDataset>
  <PAMRasterBand band="1">
    <Histograms>
      <HistItem>
        <HistMin>229.5032679738562</HistMin>
        <HistMax>382.4967320261438</HistMax>
        <BucketCount>153</BucketCount>
        <IncludeOutOfRange>0</IncludeOutOfRange>
        <Approximate>0</Approximate>
        <HistCounts>1|0|0|0|0|0|0|0|0|0|0|0|0|0|0|0|0|0|0|1|0|0|2|2|1|0|0|1|4|2|2|2|3|3|6|3|3|2|2|5|4|3|8|6|1|3|2|5|9|5|4|3|3|3|6|2|4|4|3|2|1|3|0|3|1|3|5|2|3|2|5|5|3|4|1|3|4|3|1|1|1|0|0|0|3|2|2|2|0|2|1|3|2|0|0|0|0|2|2|1|0|3|0|1|2|1|0|1|1|1|1|0|1|0|2|0|0|1|1|0|0|1|1|0|0|0|0|0|2|0|0|0|0|1|0|0|0|0|0|0|0|0|1|1|0|0|0|0|0|0|0|0|1</HistCounts>
      </HistItem>
    </Histograms>
    <Metadata>
      <MDI key="STATISTICS_MINIMUM">230</MDI>
      <MDI key="STATISTICS_MAXIMUM">382</MDI>
      <MDI key="STATISTICS_MEAN">291.66666666667</MDI>
      <MDI key="STATISTICS_STDDEV">26.65566439698</MDI>
      <MDI key="STATISTICS_VALID_PERCENT">100</MDI>
    </Metadata>
  </PAMRasterBand>
  <PAMRasterBand band="2">
    <Histograms>
      <HistItem>
        <HistMin>178.5044247787611</HistMin>
        <HistMax>291.4955752212389</HistMax>
        <BucketCount>113</BucketCount>
        <IncludeOutOfRange>0</IncludeOutOfRange>
        <Approximate>0</Approximate>
        <HistCounts>1|0|0|0|0|0|0|0|0|1|0|0|1|1|3|3|0|4|2|6|5|2|5|9|5|2|10|3|4|4|4|6|4|7|5|3|5|5|6|3|4|9|5|6|5|5|4|4|2|1|0|3|1|3|2|4|1|1|1|4|2|1|3|0|1|2|3|1|0|1|0|1|0|0|2|0|1|2|0|0|0|0|1|1|1|0|3|1|1|0|0|0|1|0|2|1|0|1|1|2|0|0|0|1|2|0|1|0|0|0|0|0|1</HistCounts>
      </HistItem>
    </Histograms>
    <Metadata>
      <MDI key="STATISTICS_MINIMUM">179</MDI>
      <MDI key="STATISTICS_MAXIMUM">291</MDI>
      <MDI key="STATISTICS_MEAN">221.52444444444</MDI>
      <MDI key="STATISTICS_STDDEV">22.160236215704</MDI>
      <MDI key="STATISTICS_VALID_PERCENT">100</MDI>
    </Metadata>
  </PAMRasterBand>
  <PAMRasterBand band="3">
    <Histograms>
      <HistItem>
        <HistMin>174.5035714285714</HistMin>
        <HistMax>314.4964285714286</HistMax>
        <BucketCount>140</BucketCount>
        <IncludeOutOfRange>0</IncludeOutOfRange>
        <Approximate>0</Approximate>
        <HistCounts>1|0|0|1|0|2|1|3|1|2|2|0|6|4|1|2|4|3|6|1|3|7|5|3|6|2|7|5|8|4|3|8|10|3|2|5|7|3|5|6|4|1|3|3|4|3|5|3|2|4|0|2|2|2|4|0|1|1|0|2|0|0|0|0|0|3|1|0|0|0|0|0|1|1|0|1|0|1|0|0|0|0|2|1|2|1|0|0|0|1|1|0|0|0|0|1|1|0|0|0|0|1|0|0|2|0|2|0|0|0|1|0|1|0|0|0|1|0|0|1|0|0|0|0|1|0|1|1|1|0|0|1|1|2|0|0|0|0|1|1</HistCounts>
      </HistItem>
    </Histograms>
    <Metadata>
      <MDI key="STATISTICS_MINIMUM">175</MDI>
      <MDI key="STATISTICS_MAXIMUM">314</MDI>
      <MDI key="STATISTICS_MEAN">216.89333333333</MDI>
      <MDI key="STATISTICS_STDDEV">30.120014755788</MDI>
      <MDI key="STATISTICS_VALID_PERCENT">100</MDI>
    </Metadata>
  </PAMRasterBand>
</PAMDataset>
