<PAMDataset>
  <PAMRasterBand band="1">
    <Histograms>
      <HistItem>
        <HistMin>252.9644444444444</HistMin>
        <HistMax>721.0355555555556</HistMax>
        <BucketCount>225</BucketCount>
        <IncludeOutOfRange>0</IncludeOutOfRange>
        <Approximate>0</Approximate>
        <HistCounts>1|0|1|0|0|1|1|2|1|1|0|2|2|0|0|1|1|2|0|2|4|2|1|2|3|4|3|3|2|4|0|0|3|1|3|2|4|5|2|3|4|0|6|2|1|4|1|0|2|3|1|2|4|4|2|3|1|0|1|2|1|1|2|1|1|2|1|2|3|1|0|0|2|3|1|3|0|3|1|2|1|5|3|8|2|2|3|1|0|2|1|1|0|0|1|3|2|2|0|0|3|0|0|2|0|0|2|1|0|1|2|2|1|0|1|2|1|1|0|0|0|0|2|0|0|1|0|0|0|1|0|0|0|0|1|0|0|0|0|0|1|0|0|0|0|0|0|0|1|0|0|0|1|3|0|0|0|2|0|0|0|0|1|1|0|0|0|0|0|0|0|0|1|0|0|0|1|0|0|0|1|0|1|1|0|0|0|0|0|0|0|0|0|0|0|0|0|2|2|0|0|0|0|0|0|0|1|0|0|0|0|0|0|0|0|0|0|0|0|0|0|1|0|0|1</HistCounts>
      </HistItem>
    </Histograms>
    <Metadata>
      <MDI key="STATISTICS_MINIMUM">254</MDI>
      <MDI key="STATISTICS_MAXIMUM">720</MDI>
      <MDI key="STATISTICS_MEAN">398.86666666667</MDI>
      <MDI key="STATISTICS_STDDEV">96.712035330551</MDI>
      <MDI key="STATISTICS_VALID_PERCENT">100</MDI>
    </Metadata>
  </PAMRasterBand>
  <PAMRasterBand band="2">
    <Histograms>
      <HistItem>
        <HistMin>208.0088888888889</HistMin>
        <HistMax>655.9911111111111</HistMax>
        <BucketCount>225</BucketCount>
        <IncludeOutOfRange>0</IncludeOutOfRange>
        <Approximate>0</Approximate>
        <HistCounts>1|0|0|0|1|0|0|0|0|1|2|4|4|0|2|4|3|2|3|1|0|1|0|3|2|4|3|2|2|2|2|4|0|1|2|3|5|1|3|2|1|1|0|0|1|1|0|1|2|5|1|2|1|1|5|2|1|0|5|3|2|2|2|3|3|2|1|0|0|0|1|3|2|0|4|1|0|1|1|0|0|1|3|1|2|2|1|1|1|1|1|1|0|2|1|0|2|3|2|1|1|1|1|1|1|4|2|2|3|0|1|2|0|2|2|3|1|1|2|1|2|0|1|0|2|0|1|0|1|2|1|0|0|0|0|0|0|1|2|0|0|0|0|0|0|0|0|0|0|0|2|0|0|1|0|0|0|0|1|1|1|1|0|2|0|0|0|0|0|0|2|1|0|0|1|1|0|1|0|0|0|0|1|0|0|1|0|0|0|0|0|0|0|0|1|1|0|2|1|0|0|0|0|0|0|0|0|0|0|0|0|0|0|0|0|0|0|0|1|0|0|0|0|0|1</HistCounts>
      </HistItem>
    </Histograms>
    <Metadata>
      <MDI key="STATISTICS_MINIMUM">209</MDI>
      <MDI key="STATISTICS_MAXIMUM">655</MDI>
      <MDI key="STATISTICS_MEAN">358.58666666667</MDI>
      <MDI key="STATISTICS_STDDEV">98.801227162869</MDI>
      <MDI key="STATISTICS_VALID_PERCENT">100</MDI>
    </Metadata>
  </PAMRasterBand>
  <PAMRasterBand band="3">
    <Histograms>
      <HistItem>
        <HistMin>223.6888888888889</HistMin>
        <HistMax>816.3111111111111</HistMax>
        <BucketCount>225</BucketCount>
        <IncludeOutOfRange>0</IncludeOutOfRange>
        <Approximate>0</Approximate>
        <HistCounts>2|1|1|0|0|0|0|2|4|2|0|1|3|1|2|1|2|1|4|2|2|1|3|2|3|4|2|3|2|1|8|1|1|1|1|2|1|3|0|2|0|1|0|0|4|3|1|0|0|1|2|3|1|2|1|1|1|3|2|2|6|0|3|6|0|2|1|0|1|2|1|1|2|2|0|1|3|1|2|0|1|0|2|1|2|0|0|0|0|0|1|2|2|0|1|3|3|0|1|1|0|2|2|3|0|0|4|3|2|0|0|3|0|2|0|1|0|1|1|1|2|1|1|2|0|0|0|2|2|0|0|1|0|0|0|2|0|1|1|0|0|0|0|1|1|2|0|0|2|1|0|0|1|0|0|1|0|0|1|0|1|1|0|0|1|0|0|1|0|0|0|0|1|0|0|0|0|1|0|2|0|2|0|2|0|0|0|0|0|0|0|1|0|1|1|0|0|0|0|0|0|0|0|0|0|0|0|0|0|0|1|0|1|0|0|0|0|0|2|0|0|1|0|0|1</HistCounts>
      </HistItem>
    </Histograms>
    <Metadata>
      <MDI key="STATISTICS_MINIMUM">225</MDI>
      <MDI key="STATISTICS_MAXIMUM">815</MDI>
      <MDI key="STATISTICS_MEAN">425.94666666667</MDI>
      <MDI key="STATISTICS_STDDEV">140.85430392194</MDI>
      <MDI key="STATISTICS_VALID_PERCENT">100</MDI>
    </Metadata>
  </PAMRasterBand>
</PAMDataset>
