<PAMDataset>
  <PAMRasterBand band="1">
    <Histograms>
      <HistItem>
        <HistMin>272.2555555555555</HistMin>
        <HistMax>608.7444444444444</HistMax>
        <BucketCount>225</BucketCount>
        <IncludeOutOfRange>0</IncludeOutOfRange>
        <Approximate>0</Approximate>
        <HistCounts>1|0|0|1|0|1|0|0|0|0|0|1|0|0|1|1|0|1|0|0|0|0|0|0|0|0|0|0|0|1|0|0|0|2|0|0|0|1|0|0|0|0|0|0|0|0|0|0|0|0|0|1|0|1|0|0|0|0|0|0|0|0|2|0|1|0|0|0|0|0|0|0|0|0|0|0|1|0|1|1|0|0|0|0|0|0|0|1|0|0|1|0|0|0|0|0|0|0|2|0|0|0|1|1|0|0|0|0|0|1|0|0|0|0|0|0|0|0|0|0|1|0|2|0|0|1|0|0|0|0|0|0|0|1|1|1|1|1|2|2|0|1|0|0|0|0|1|0|2|0|1|1|0|0|3|2|0|0|1|1|4|1|3|2|6|0|6|0|2|0|2|1|1|3|3|4|2|2|1|3|5|4|3|7|5|5|3|9|5|7|2|5|3|3|2|9|1|7|2|5|2|1|2|0|4|1|2|5|1|3|1|2|1|2|0|0|0|0|0|1|1|2|1|1|2</HistCounts>
      </HistItem>
    </Histograms>
    <Metadata>
      <MDI key="STATISTICS_MINIMUM">273</MDI>
      <MDI key="STATISTICS_MAXIMUM">608</MDI>
      <MDI key="STATISTICS_MEAN">523.04</MDI>
      <MDI key="STATISTICS_STDDEV">70.411130433255</MDI>
      <MDI key="STATISTICS_VALID_PERCENT">100</MDI>
    </Metadata>
  </PAMRasterBand>
  <PAMRasterBand band="2">
    <Histograms>
      <HistItem>
        <HistMin>246.9755555555556</HistMin>
        <HistMax>710.0244444444445</HistMax>
        <BucketCount>225</BucketCount>
        <IncludeOutOfRange>0</IncludeOutOfRange>
        <Approximate>0</Approximate>
        <HistCounts>1|0|0|0|2|0|0|1|0|1|2|0|0|0|0|0|0|0|0|1|0|0|0|2|0|1|0|0|0|0|0|0|0|0|0|1|0|1|0|0|0|0|0|0|0|0|2|0|1|0|0|0|0|0|1|0|0|0|0|1|0|0|0|0|0|1|0|0|0|0|0|1|0|1|0|0|2|0|1|0|0|1|0|0|0|0|1|0|0|1|0|1|0|1|0|1|1|0|0|0|0|0|1|2|0|1|2|0|0|3|1|0|0|0|1|0|0|1|2|0|4|1|4|2|0|7|4|3|4|8|6|3|5|6|5|4|5|2|7|4|4|6|2|2|4|6|8|9|4|2|6|4|0|3|2|3|1|3|1|1|1|2|1|1|0|1|1|1|2|0|0|2|2|0|0|0|0|1|0|0|0|0|2|0|0|0|0|0|0|1|2|0|0|0|0|0|1|0|0|0|0|0|0|0|1|0|0|0|0|0|0|0|0|0|1|0|0|0|1|0|0|0|0|0|1</HistCounts>
      </HistItem>
    </Histograms>
    <Metadata>
      <MDI key="STATISTICS_MINIMUM">248</MDI>
      <MDI key="STATISTICS_MAXIMUM">709</MDI>
      <MDI key="STATISTICS_MEAN">513.19555555556</MDI>
      <MDI key="STATISTICS_STDDEV">79.544072914344</MDI>
      <MDI key="STATISTICS_VALID_PERCENT">100</MDI>
    </Metadata>
  </PAMRasterBand>
  <PAMRasterBand band="3">
    <Histograms>
      <HistItem>
        <HistMin>331.3933333333333</HistMin>
        <HistMax>1057.606666666667</HistMax>
        <BucketCount>225</BucketCount>
        <IncludeOutOfRange>0</IncludeOutOfRange>
        <Approximate>0</Approximate>
        <HistCounts>1|1|0|0|1|0|2|0|1|0|1|1|1|0|0|0|0|0|0|0|0|0|1|2|0|0|0|0|0|0|0|0|0|0|0|1|0|0|0|0|0|0|0|0|0|3|1|0|0|0|0|0|0|0|0|1|0|1|0|0|0|0|0|1|0|1|0|0|1|0|0|0|1|1|0|1|0|0|0|0|1|0|0|0|1|1|2|0|1|0|1|0|0|1|1|0|0|1|0|1|3|0|1|0|1|1|0|0|3|2|1|2|1|0|3|2|7|6|3|8|3|6|7|5|5|7|5|3|4|6|6|4|3|5|5|6|3|3|9|4|2|2|4|3|3|4|3|2|1|0|2|0|1|0|0|0|0|1|1|1|1|1|1|0|1|1|0|0|0|0|0|1|0|0|0|0|0|0|2|0|0|0|0|1|1|1|0|0|0|0|0|1|0|0|0|0|0|0|0|0|0|0|0|1|0|0|0|0|0|0|0|0|0|0|1|0|0|0|0|1|0|0|0|0|1</HistCounts>
      </HistItem>
    </Histograms>
    <Metadata>
      <MDI key="STATISTICS_MINIMUM">333</MDI>
      <MDI key="STATISTICS_MAXIMUM">1056</MDI>
      <MDI key="STATISTICS_MEAN">719.85777777778</MDI>
      <MDI key="STATISTICS_STDDEV">121.12791125067</MDI>
      <MDI key="STATISTICS_VALID_PERCENT">100</MDI>
    </Metadata>
  </PAMRasterBand>
</PAMDataset>
