<PAMDataset>
  <PAMRasterBand band="1">
    <Histograms>
      <HistItem>
        <HistMin>253.4</HistMin>
        <HistMax>524.6</HistMax>
        <BucketCount>225</BucketCount>
        <IncludeOutOfRange>0</IncludeOutOfRange>
        <Approximate>0</Approximate>
        <HistCounts>1|1|0|1|0|1|1|4|0|1|1|0|4|2|0|1|1|0|3|1|2|1|1|0|1|1|2|1|0|3|0|1|3|1|0|2|2|2|2|5|1|1|1|0|1|1|3|0|0|4|3|5|0|3|3|7|4|5|3|3|3|5|1|3|2|3|5|0|0|0|0|2|0|1|0|0|1|1|0|1|1|1|0|0|0|2|1|1|0|2|1|1|0|0|0|2|0|0|2|0|2|0|0|0|0|2|0|0|0|1|0|0|1|0|0|0|0|0|0|1|0|1|1|1|2|0|0|0|0|1|0|0|0|0|0|0|1|0|0|0|1|1|2|0|1|0|0|2|0|0|0|0|0|0|0|1|0|0|1|1|0|0|0|0|1|1|1|1|1|0|1|0|0|0|1|0|0|0|1|2|1|0|0|0|1|1|1|2|0|1|0|1|0|1|0|0|1|1|0|1|2|0|2|2|1|1|0|5|4|2|2|2|2|1|0|2|2|2|0|1|0|2|0|0|1</HistCounts>
      </HistItem>
    </Histograms>
    <Metadata>
      <MDI key="STATISTICS_MINIMUM">254</MDI>
      <MDI key="STATISTICS_MAXIMUM">524</MDI>
      <MDI key="STATISTICS_MEAN">368.85333333333</MDI>
      <MDI key="STATISTICS_STDDEV">83.585117229219</MDI>
      <MDI key="STATISTICS_VALID_PERCENT">100</MDI>
    </Metadata>
  </PAMRasterBand>
  <PAMRasterBand band="2">
    <Histograms>
      <HistItem>
        <HistMin>189.2266666666667</HistMin>
        <HistMax>538.7733333333333</HistMax>
        <BucketCount>225</BucketCount>
        <IncludeOutOfRange>0</IncludeOutOfRange>
        <Approximate>0</Approximate>
        <HistCounts>1|0|1|0|1|0|0|0|0|0|0|1|0|0|3|0|2|2|1|5|0|0|2|4|2|3|3|2|5|0|1|1|2|5|1|2|1|3|1|3|2|2|2|1|5|2|3|7|9|0|5|6|0|2|2|1|0|1|0|1|1|5|2|1|1|0|1|1|2|2|3|0|1|2|0|0|1|2|1|0|0|0|1|1|0|0|0|0|0|1|0|0|0|2|0|0|0|0|0|1|0|0|0|1|1|0|1|0|0|5|0|0|0|1|0|1|1|0|1|0|0|0|1|0|1|0|0|1|1|0|0|0|0|1|1|0|2|0|1|1|0|0|0|0|1|0|0|0|0|0|0|1|1|0|0|0|0|0|2|0|3|1|0|3|0|1|1|1|1|0|0|1|0|1|0|0|0|0|1|1|2|1|1|0|0|2|0|1|0|1|0|1|0|0|0|1|1|1|1|2|2|2|1|1|1|0|0|1|2|1|3|1|1|0|3|2|3|1|0|0|1|0|0|0|1</HistCounts>
      </HistItem>
    </Histograms>
    <Metadata>
      <MDI key="STATISTICS_MINIMUM">190</MDI>
      <MDI key="STATISTICS_MAXIMUM">538</MDI>
      <MDI key="STATISTICS_MEAN">332.31555555556</MDI>
      <MDI key="STATISTICS_STDDEV">104.86814145086</MDI>
      <MDI key="STATISTICS_VALID_PERCENT">100</MDI>
    </Metadata>
  </PAMRasterBand>
  <PAMRasterBand band="3">
    <Histograms>
      <HistItem>
        <HistMin>173.7111111111111</HistMin>
        <HistMax>756.2888888888889</HistMax>
        <BucketCount>225</BucketCount>
        <IncludeOutOfRange>0</IncludeOutOfRange>
        <Approximate>0</Approximate>
        <HistCounts>2|0|0|0|1|0|0|0|2|0|1|0|2|2|2|5|1|2|3|1|1|2|1|0|1|2|1|3|1|2|0|3|3|1|1|0|2|1|1|2|1|4|1|3|5|3|1|3|3|3|3|3|4|3|6|1|6|0|3|3|1|0|1|0|0|2|1|0|3|1|1|1|0|2|0|1|2|1|0|0|2|1|0|0|1|0|0|3|0|0|0|0|1|2|0|0|0|1|0|1|1|0|1|0|0|0|0|0|0|2|2|1|1|1|2|0|0|0|0|2|1|0|0|0|0|0|0|0|1|1|1|0|0|1|0|1|0|0|2|0|1|0|0|0|1|2|0|1|0|0|0|0|0|0|2|0|2|0|1|0|3|0|1|0|0|0|0|3|0|0|0|0|0|2|0|0|0|0|0|0|2|0|2|1|0|0|0|0|2|1|3|0|0|2|2|1|1|1|0|1|1|0|4|1|1|2|2|4|0|2|0|0|2|2|0|0|1|0|0|0|0|3|0|0|1</HistCounts>
      </HistItem>
    </Histograms>
    <Metadata>
      <MDI key="STATISTICS_MINIMUM">175</MDI>
      <MDI key="STATISTICS_MAXIMUM">755</MDI>
      <MDI key="STATISTICS_MEAN">414.80888888889</MDI>
      <MDI key="STATISTICS_STDDEV">174.00912852456</MDI>
      <MDI key="STATISTICS_VALID_PERCENT">100</MDI>
    </Metadata>
  </PAMRasterBand>
</PAMDataset>
