<PAMDataset>
  <PAMRasterBand band="1">
    <Histograms>
      <HistItem>
        <HistMin>220.3622222222222</HistMin>
        <HistMax>508.6377777777778</HistMax>
        <BucketCount>225</BucketCount>
        <IncludeOutOfRange>0</IncludeOutOfRange>
        <Approximate>0</Approximate>
        <HistCounts>1|0|0|1|0|1|0|0|0|0|1|1|0|0|1|1|3|1|1|0|3|0|0|2|2|4|2|3|1|2|0|4|2|4|1|0|0|6|2|0|3|6|0|0|5|0|2|2|1|0|0|1|3|2|0|5|1|5|1|6|1|4|6|1|0|1|7|1|0|5|1|1|1|4|2|0|4|1|0|4|0|2|3|1|2|1|1|3|0|1|2|3|2|1|2|0|0|2|1|1|1|2|0|3|0|5|1|0|1|0|1|0|3|1|0|1|0|0|0|1|2|2|0|3|0|0|1|1|0|1|0|1|1|2|0|0|1|2|0|0|2|0|0|0|0|0|0|0|1|1|0|1|1|0|1|1|0|0|1|1|1|1|0|0|0|1|0|1|1|0|0|1|0|0|0|0|0|0|0|0|0|0|0|0|0|0|0|0|0|0|0|0|0|0|2|0|0|0|0|0|0|1|0|0|1|0|0|0|0|0|0|0|0|2|0|0|0|0|0|0|0|0|0|0|1</HistCounts>
      </HistItem>
    </Histograms>
    <Metadata>
      <MDI key="STATISTICS_MINIMUM">221</MDI>
      <MDI key="STATISTICS_MAXIMUM">508</MDI>
      <MDI key="STATISTICS_MEAN">318.94222222222</MDI>
      <MDI key="STATISTICS_STDDEV">58.044283818052</MDI>
      <MDI key="STATISTICS_VALID_PERCENT">100</MDI>
    </Metadata>
  </PAMRasterBand>
  <PAMRasterBand band="2">
    <Histograms>
      <HistItem>
        <HistMin>183.4666666666667</HistMin>
        <HistMax>424.5333333333334</HistMax>
        <BucketCount>225</BucketCount>
        <IncludeOutOfRange>0</IncludeOutOfRange>
        <Approximate>0</Approximate>
        <HistCounts>1|1|0|0|3|1|1|6|1|1|1|1|2|6|4|0|1|1|2|4|3|4|4|1|1|2|3|2|0|1|3|0|1|3|2|3|2|3|1|2|1|3|3|3|3|1|4|1|1|7|0|0|3|1|3|2|1|1|3|3|1|3|4|7|0|2|1|3|2|1|0|4|0|2|2|0|1|5|3|0|2|2|0|2|0|0|2|4|3|3|1|1|1|0|0|0|2|1|1|0|1|4|0|0|1|1|0|2|0|0|0|0|0|1|0|2|0|0|0|0|0|1|0|0|0|1|1|0|1|0|0|2|1|1|0|1|0|0|2|0|0|0|0|0|2|0|0|1|0|2|0|0|0|0|0|0|1|0|1|0|0|0|0|0|0|0|0|0|0|0|0|0|0|0|0|0|0|0|0|0|1|1|0|0|0|0|1|0|0|0|0|2|0|0|0|0|0|0|0|0|0|0|1|0|0|0|0|0|0|0|0|0|0|0|0|0|0|0|0|0|0|0|0|0|1</HistCounts>
      </HistItem>
    </Histograms>
    <Metadata>
      <MDI key="STATISTICS_MINIMUM">184</MDI>
      <MDI key="STATISTICS_MAXIMUM">424</MDI>
      <MDI key="STATISTICS_MEAN">250.00888888889</MDI>
      <MDI key="STATISTICS_STDDEV">46.576197174199</MDI>
      <MDI key="STATISTICS_VALID_PERCENT">100</MDI>
    </Metadata>
  </PAMRasterBand>
  <PAMRasterBand band="3">
    <Histograms>
      <HistItem>
        <HistMin>180.1688888888889</HistMin>
        <HistMax>555.8311111111111</HistMax>
        <BucketCount>225</BucketCount>
        <IncludeOutOfRange>0</IncludeOutOfRange>
        <Approximate>0</Approximate>
        <HistCounts>1|2|3|1|4|3|1|1|2|2|2|2|1|1|0|0|1|2|0|0|1|0|0|1|1|4|3|2|6|3|1|5|4|3|7|6|3|2|1|5|6|5|1|9|7|3|6|4|1|3|1|3|1|1|2|1|1|3|2|3|2|2|1|2|0|0|0|2|2|2|0|2|0|1|3|0|0|2|1|0|0|2|0|1|0|0|0|0|1|1|3|0|1|1|0|0|2|1|0|0|1|1|0|0|2|2|1|1|1|0|1|1|0|1|1|1|0|1|0|0|0|0|0|1|1|1|1|0|0|1|0|1|1|0|1|1|0|0|0|0|1|2|0|1|0|0|0|0|0|0|0|0|0|1|0|0|0|0|0|0|0|0|0|0|0|1|0|1|0|0|0|0|2|0|0|0|0|0|0|0|0|0|0|0|0|1|0|0|0|0|0|0|0|0|0|0|0|0|0|1|0|0|0|0|0|1|0|1|1|0|0|0|0|0|0|0|0|0|0|1|0|0|0|0|1</HistCounts>
      </HistItem>
    </Histograms>
    <Metadata>
      <MDI key="STATISTICS_MINIMUM">181</MDI>
      <MDI key="STATISTICS_MAXIMUM">555</MDI>
      <MDI key="STATISTICS_MEAN">279.62666666667</MDI>
      <MDI key="STATISTICS_STDDEV">76.21386983716</MDI>
      <MDI key="STATISTICS_VALID_PERCENT">100</MDI>
    </Metadata>
  </PAMRasterBand>
</PAMDataset>
