<PAMDataset>
  <PAMRasterBand band="1">
    <Histograms>
      <HistItem>
        <HistMin>229.5035714285714</HistMin>
        <HistMax>369.4964285714286</HistMax>
        <BucketCount>140</BucketCount>
        <IncludeOutOfRange>0</IncludeOutOfRange>
        <Approximate>0</Approximate>
        <HistCounts>1|0|0|0|1|1|0|1|0|0|0|0|0|0|0|0|1|0|1|0|0|0|0|0|0|0|1|0|1|0|1|2|0|1|0|2|0|0|0|0|0|0|0|1|1|1|0|1|0|1|0|0|1|1|0|1|1|1|0|1|1|3|0|2|0|1|0|1|1|5|3|0|3|0|0|2|4|6|2|2|2|4|3|4|3|4|1|5|6|4|5|5|3|3|4|5|5|3|2|1|4|1|4|2|5|3|3|2|5|3|5|4|3|7|3|6|1|0|3|1|0|8|3|0|1|0|1|2|3|0|1|0|0|2|0|1|2|2|0|1</HistCounts>
      </HistItem>
    </Histograms>
    <Metadata>
      <MDI key="STATISTICS_MINIMUM">230</MDI>
      <MDI key="STATISTICS_MAXIMUM">369</MDI>
      <MDI key="STATISTICS_MEAN">320.64</MDI>
      <MDI key="STATISTICS_STDDEV">27.065011443641</MDI>
      <MDI key="STATISTICS_VALID_PERCENT">100</MDI>
    </Metadata>
  </PAMRasterBand>
  <PAMRasterBand band="2">
    <Histograms>
      <HistItem>
        <HistMin>178.5036496350365</HistMin>
        <HistMax>315.4963503649635</HistMax>
        <BucketCount>137</BucketCount>
        <IncludeOutOfRange>0</IncludeOutOfRange>
        <Approximate>0</Approximate>
        <HistCounts>1|1|0|0|0|1|1|0|0|0|0|0|0|0|0|0|0|3|1|0|1|0|0|1|0|1|2|0|1|0|0|1|0|0|0|0|0|0|0|0|0|1|0|1|3|0|1|3|0|0|1|2|2|2|3|1|0|2|0|0|2|1|1|2|1|0|2|4|1|1|1|3|2|1|3|1|3|2|1|3|3|2|2|6|4|4|6|8|3|2|1|3|1|4|1|6|5|6|4|3|3|4|6|4|3|5|2|4|4|2|3|2|3|2|1|3|0|2|2|1|1|3|1|1|1|2|2|3|2|1|2|1|2|0|0|0|1</HistCounts>
      </HistItem>
    </Histograms>
    <Metadata>
      <MDI key="STATISTICS_MINIMUM">179</MDI>
      <MDI key="STATISTICS_MAXIMUM">315</MDI>
      <MDI key="STATISTICS_MEAN">265.15111111111</MDI>
      <MDI key="STATISTICS_STDDEV">28.29439380845</MDI>
      <MDI key="STATISTICS_VALID_PERCENT">100</MDI>
    </Metadata>
  </PAMRasterBand>
  <PAMRasterBand band="3">
    <Histograms>
      <HistItem>
        <HistMin>187.4444444444445</HistMin>
        <HistMax>438.5555555555555</HistMax>
        <BucketCount>225</BucketCount>
        <IncludeOutOfRange>0</IncludeOutOfRange>
        <Approximate>0</Approximate>
        <HistCounts>1|0|0|0|0|0|1|0|0|0|0|0|0|0|0|0|0|1|0|0|0|0|2|0|0|0|0|0|1|0|1|0|0|1|1|0|0|0|0|0|0|0|1|0|0|0|1|1|1|0|1|0|0|0|1|0|0|0|0|0|0|0|0|1|0|0|0|1|0|2|1|0|0|0|0|1|1|1|0|0|0|1|1|2|0|0|2|1|0|1|3|4|0|1|1|1|2|0|1|1|0|0|0|0|0|0|0|0|0|0|0|0|0|0|1|2|0|0|0|0|0|0|2|2|0|0|0|0|2|2|0|4|3|0|0|4|0|1|1|1|0|1|4|1|1|3|1|2|4|2|3|6|2|4|3|1|3|0|1|4|1|4|2|2|0|0|2|5|9|4|6|2|1|2|2|2|3|4|1|2|3|1|2|1|4|3|2|2|1|3|1|2|1|1|1|2|0|0|1|0|0|0|4|2|1|0|2|0|2|1|1|1|0|2|1|0|1|1|1|1|0|1|0|1|1</HistCounts>
      </HistItem>
    </Histograms>
    <Metadata>
      <MDI key="STATISTICS_MINIMUM">188</MDI>
      <MDI key="STATISTICS_MAXIMUM">438</MDI>
      <MDI key="STATISTICS_MEAN">352.54666666667</MDI>
      <MDI key="STATISTICS_STDDEV">53.091776303973</MDI>
      <MDI key="STATISTICS_VALID_PERCENT">100</MDI>
    </Metadata>
  </PAMRasterBand>
</PAMDataset>
