<PAMDataset>
  <PAMRasterBand band="1">
    <Histograms>
      <HistItem>
        <HistMin>237.5025252525253</HistMin>
        <HistMax>435.4974747474748</HistMax>
        <BucketCount>198</BucketCount>
        <IncludeOutOfRange>0</IncludeOutOfRange>
        <Approximate>0</Approximate>
        <HistCounts>1|0|0|0|0|2|0|0|0|0|0|0|0|0|0|0|0|0|0|0|2|1|0|0|1|0|0|0|1|2|0|1|0|2|0|1|0|0|1|0|0|0|0|1|0|2|1|1|0|0|0|1|0|0|0|3|1|1|1|0|2|1|1|1|2|1|4|0|2|3|1|3|5|5|2|5|3|3|2|2|5|3|6|5|3|4|4|2|9|2|5|8|6|7|8|3|5|5|7|5|1|1|6|3|3|3|4|5|6|3|0|0|1|1|0|0|0|2|0|1|0|1|1|2|0|0|0|0|0|0|0|0|0|0|0|0|0|0|0|0|0|0|0|0|0|0|0|0|0|0|0|0|0|0|0|0|0|0|0|0|0|1|0|0|0|0|0|0|0|0|1|0|0|0|0|0|0|0|0|0|0|0|0|0|0|0|0|0|0|0|0|0|0|0|1|0|0|1</HistCounts>
      </HistItem>
    </Histograms>
    <Metadata>
      <MDI key="STATISTICS_MINIMUM">238</MDI>
      <MDI key="STATISTICS_MAXIMUM">435</MDI>
      <MDI key="STATISTICS_MEAN">322.62222222222</MDI>
      <MDI key="STATISTICS_STDDEV">25.974935687131</MDI>
      <MDI key="STATISTICS_VALID_PERCENT">100</MDI>
    </Metadata>
  </PAMRasterBand>
  <PAMRasterBand band="2">
    <Histograms>
      <HistItem>
        <HistMin>183.5027027027027</HistMin>
        <HistMax>368.4972972972973</HistMax>
        <BucketCount>185</BucketCount>
        <IncludeOutOfRange>0</IncludeOutOfRange>
        <Approximate>0</Approximate>
        <HistCounts>1|0|0|0|0|1|0|0|0|1|0|0|1|1|0|0|0|1|0|0|1|1|0|1|1|0|1|0|0|2|0|0|1|1|2|0|3|2|1|0|2|0|3|2|0|4|2|2|2|0|3|8|6|5|2|8|5|5|5|4|4|9|5|7|4|8|8|12|11|6|4|5|9|8|3|6|4|1|1|3|3|2|1|1|0|1|2|0|0|0|0|0|0|0|0|0|0|0|0|0|0|1|0|0|0|0|0|1|0|0|0|0|0|0|0|0|0|0|0|0|0|0|0|0|0|0|0|0|0|0|0|0|0|0|0|0|0|0|0|0|0|0|0|0|1|0|0|0|0|0|0|0|0|0|1|0|0|0|0|0|0|0|0|0|0|0|0|0|0|0|0|0|0|0|0|0|0|0|0|0|0|0|0|0|2</HistCounts>
      </HistItem>
    </Histograms>
    <Metadata>
      <MDI key="STATISTICS_MINIMUM">184</MDI>
      <MDI key="STATISTICS_MAXIMUM">368</MDI>
      <MDI key="STATISTICS_MEAN">245.56444444444</MDI>
      <MDI key="STATISTICS_STDDEV">21.358455578327</MDI>
      <MDI key="STATISTICS_VALID_PERCENT">100</MDI>
    </Metadata>
  </PAMRasterBand>
  <PAMRasterBand band="3">
    <Histograms>
      <HistItem>
        <HistMin>184.4422222222222</HistMin>
        <HistMax>436.5577777777778</HistMax>
        <BucketCount>225</BucketCount>
        <IncludeOutOfRange>0</IncludeOutOfRange>
        <Approximate>0</Approximate>
        <HistCounts>1|0|0|0|0|0|1|2|0|0|1|0|4|1|1|1|0|1|2|3|3|7|2|4|1|4|4|5|6|15|0|11|7|6|10|7|5|14|8|4|6|8|9|7|5|2|6|5|3|4|3|4|1|2|3|2|1|1|2|1|0|0|1|0|0|0|0|0|0|0|0|0|0|0|0|0|0|0|0|0|0|0|0|0|1|0|0|0|0|0|0|0|1|0|0|0|0|0|0|0|0|0|0|0|0|0|1|0|0|0|0|0|0|0|0|0|0|0|0|0|0|0|0|0|0|1|0|0|0|0|0|0|0|0|0|0|0|0|0|0|0|0|0|0|0|0|0|0|0|0|0|0|0|0|0|0|0|0|0|1|0|0|0|0|0|0|0|0|0|0|0|0|0|0|0|0|0|0|0|0|0|0|1|0|0|0|0|0|0|0|0|0|0|0|0|0|0|0|0|0|0|0|0|0|0|0|0|0|0|0|0|0|0|1|0|0|0|0|0|0|0|0|0|0|1</HistCounts>
      </HistItem>
    </Histograms>
    <Metadata>
      <MDI key="STATISTICS_MINIMUM">185</MDI>
      <MDI key="STATISTICS_MAXIMUM">436</MDI>
      <MDI key="STATISTICS_MEAN">228.68888888889</MDI>
      <MDI key="STATISTICS_STDDEV">28.655208735138</MDI>
      <MDI key="STATISTICS_VALID_PERCENT">100</MDI>
    </Metadata>
  </PAMRasterBand>
</PAMDataset>
