<PAMDataset>
  <PAMRasterBand band="1">
    <Histograms>
      <HistItem>
        <HistMin>241.5043103448276</HistMin>
        <HistMax>357.4956896551724</HistMax>
        <BucketCount>116</BucketCount>
        <IncludeOutOfRange>0</IncludeOutOfRange>
        <Approximate>0</Approximate>
        <HistCounts>1|0|0|0|0|0|1|1|0|1|0|1|0|0|2|0|1|1|4|3|1|1|2|2|0|2|1|1|1|1|1|4|1|3|2|3|1|6|7|2|2|1|4|1|3|5|3|1|5|2|1|3|5|3|4|4|2|2|3|2|3|4|6|4|5|5|2|4|6|4|4|4|6|5|0|5|5|4|2|4|4|2|2|0|0|1|1|2|1|1|1|0|1|2|0|2|0|3|0|0|1|1|0|0|0|1|1|0|1|0|0|0|0|0|0|1</HistCounts>
      </HistItem>
    </Histograms>
    <Metadata>
      <MDI key="STATISTICS_MINIMUM">242</MDI>
      <MDI key="STATISTICS_MAXIMUM">357</MDI>
      <MDI key="STATISTICS_MEAN">298.38666666667</MDI>
      <MDI key="STATISTICS_STDDEV">22.472240653749</MDI>
      <MDI key="STATISTICS_VALID_PERCENT">100</MDI>
    </Metadata>
  </PAMRasterBand>
  <PAMRasterBand band="2">
    <Histograms>
      <HistItem>
        <HistMin>182.5046728971963</HistMin>
        <HistMax>289.4953271028037</HistMax>
        <BucketCount>107</BucketCount>
        <IncludeOutOfRange>0</IncludeOutOfRange>
        <Approximate>0</Approximate>
        <HistCounts>1|0|0|0|1|2|1|0|4|5|1|0|0|3|1|2|2|5|2|1|1|2|0|1|1|0|3|3|3|3|1|5|3|2|3|6|6|0|4|4|3|4|6|1|5|3|5|1|0|5|3|7|4|7|2|3|10|6|3|4|6|2|7|1|4|2|2|0|5|3|5|2|1|2|0|0|1|0|0|0|0|0|1|1|2|0|3|1|1|0|0|1|0|0|0|0|2|1|0|0|1|1|0|0|2|0|1</HistCounts>
      </HistItem>
    </Histograms>
    <Metadata>
      <MDI key="STATISTICS_MINIMUM">183</MDI>
      <MDI key="STATISTICS_MAXIMUM">289</MDI>
      <MDI key="STATISTICS_MEAN">230.12</MDI>
      <MDI key="STATISTICS_STDDEV">22.136521858684</MDI>
      <MDI key="STATISTICS_VALID_PERCENT">100</MDI>
    </Metadata>
  </PAMRasterBand>
  <PAMRasterBand band="3">
    <Histograms>
      <HistItem>
        <HistMin>192.5033112582782</HistMin>
        <HistMax>343.4966887417219</HistMax>
        <BucketCount>151</BucketCount>
        <IncludeOutOfRange>0</IncludeOutOfRange>
        <Approximate>0</Approximate>
        <HistCounts>1|2|0|0|1|1|0|2|4|1|2|3|4|4|2|0|4|3|3|4|1|3|1|0|3|1|3|3|2|2|2|1|1|3|1|2|2|1|2|0|5|2|2|3|4|1|1|3|3|1|1|1|1|3|4|1|2|2|3|2|5|0|2|2|3|2|3|0|2|1|4|1|4|4|2|4|3|2|3|2|5|2|1|1|4|0|0|3|1|1|1|0|4|1|1|2|0|0|2|1|1|0|1|1|3|1|1|1|0|1|1|1|1|0|1|0|1|0|1|0|1|1|1|0|0|0|0|1|1|0|0|0|0|1|0|0|0|0|0|1|0|0|0|0|0|0|1|0|0|1|1</HistCounts>
      </HistItem>
    </Histograms>
    <Metadata>
      <MDI key="STATISTICS_MINIMUM">193</MDI>
      <MDI key="STATISTICS_MAXIMUM">343</MDI>
      <MDI key="STATISTICS_MEAN">249.86222222222</MDI>
      <MDI key="STATISTICS_STDDEV">33.81194587643</MDI>
      <MDI key="STATISTICS_VALID_PERCENT">100</MDI>
    </Metadata>
  </PAMRasterBand>
</PAMDataset>
