<PAMDataset>
  <PAMRasterBand band="1">
    <Histograms>
      <HistItem>
        <HistMin>253.5029069767442</HistMin>
        <HistMax>425.4970930232558</HistMax>
        <BucketCount>172</BucketCount>
        <IncludeOutOfRange>0</IncludeOutOfRange>
        <Approximate>0</Approximate>
        <HistCounts>1|0|0|0|0|0|0|0|0|0|0|0|0|0|0|0|1|0|0|1|0|0|0|1|1|0|0|0|1|0|0|0|0|0|0|0|0|0|0|0|0|0|1|0|1|0|0|0|0|1|0|0|1|0|1|0|1|0|1|1|2|1|1|0|3|3|1|0|3|3|1|4|2|4|5|3|1|1|2|4|2|2|6|6|4|1|5|3|3|5|1|6|4|2|1|1|2|4|2|5|4|1|6|4|3|0|2|4|1|1|2|2|3|1|1|2|1|1|3|1|2|0|1|1|0|1|0|5|2|3|0|2|1|0|2|0|3|2|1|0|0|2|1|1|1|0|0|1|0|3|2|1|1|2|1|1|4|0|0|2|3|1|1|0|1|2|1|0|0|0|0|1</HistCounts>
      </HistItem>
    </Histograms>
    <Metadata>
      <MDI key="STATISTICS_MINIMUM">254</MDI>
      <MDI key="STATISTICS_MAXIMUM">425</MDI>
      <MDI key="STATISTICS_MEAN">354.12444444444</MDI>
      <MDI key="STATISTICS_STDDEV">32.368058024029</MDI>
      <MDI key="STATISTICS_VALID_PERCENT">100</MDI>
    </Metadata>
  </PAMRasterBand>
  <PAMRasterBand band="2">
    <Histograms>
      <HistItem>
        <HistMin>218.5032467532467</HistMin>
        <HistMax>372.4967532467533</HistMax>
        <BucketCount>154</BucketCount>
        <IncludeOutOfRange>0</IncludeOutOfRange>
        <Approximate>0</Approximate>
        <HistCounts>1|0|0|0|0|0|0|0|0|0|0|0|0|0|1|0|0|0|1|0|1|1|0|1|0|0|0|0|0|0|0|0|0|0|3|0|1|2|1|2|4|4|1|2|6|1|7|3|3|5|5|6|7|5|7|2|5|5|4|2|5|3|5|3|4|1|2|2|5|2|1|2|0|1|3|1|1|1|2|1|0|2|1|1|5|1|1|2|1|2|3|2|2|0|0|2|1|0|0|2|0|0|1|1|2|2|2|2|0|1|2|2|2|2|1|0|0|1|1|1|0|4|0|2|1|1|1|2|2|0|0|1|1|0|1|0|1|0|2|0|1|0|2|1|0|1|1|0|1|1|0|2|0|1</HistCounts>
      </HistItem>
    </Histograms>
    <Metadata>
      <MDI key="STATISTICS_MINIMUM">219</MDI>
      <MDI key="STATISTICS_MAXIMUM">372</MDI>
      <MDI key="STATISTICS_MEAN">293.09777777778</MDI>
      <MDI key="STATISTICS_STDDEV">32.426453459338</MDI>
      <MDI key="STATISTICS_VALID_PERCENT">100</MDI>
    </Metadata>
  </PAMRasterBand>
  <PAMRasterBand band="3">
    <Histograms>
      <HistItem>
        <HistMin>264.4844444444444</HistMin>
        <HistMax>497.5155555555556</HistMax>
        <BucketCount>225</BucketCount>
        <IncludeOutOfRange>0</IncludeOutOfRange>
        <Approximate>0</Approximate>
        <HistCounts>1|0|0|0|0|0|0|0|0|0|0|0|0|0|0|0|0|0|2|1|0|0|0|0|0|0|0|0|0|2|0|0|0|0|0|0|0|0|0|0|0|1|0|0|0|2|2|2|2|2|2|1|1|4|1|3|4|3|2|1|0|7|3|5|0|4|2|4|4|1|7|0|4|6|5|4|1|3|0|4|4|6|1|2|1|3|4|5|1|2|1|1|0|2|2|1|0|1|4|2|4|0|0|1|1|2|0|1|0|1|1|1|2|0|1|1|0|1|0|1|1|0|2|1|0|1|1|1|0|0|1|0|1|1|0|1|0|0|0|1|1|0|1|0|0|0|1|1|0|1|0|0|0|0|0|1|1|2|1|2|0|1|2|1|2|0|2|0|0|0|0|1|0|1|0|3|1|1|0|1|0|1|0|0|0|0|0|1|2|0|2|1|1|0|1|0|0|0|2|0|0|0|0|2|1|0|0|0|0|1|0|1|1|0|0|1|1|0|0|0|0|0|1|0|1</HistCounts>
      </HistItem>
    </Histograms>
    <Metadata>
      <MDI key="STATISTICS_MINIMUM">265</MDI>
      <MDI key="STATISTICS_MAXIMUM">497</MDI>
      <MDI key="STATISTICS_MEAN">367.54222222222</MDI>
      <MDI key="STATISTICS_STDDEV">50.031538892489</MDI>
      <MDI key="STATISTICS_VALID_PERCENT">100</MDI>
    </Metadata>
  </PAMRasterBand>
</PAMDataset>
