<PAMDataset>
  <PAMRasterBand band="1">
    <Histograms>
      <HistItem>
        <HistMin>253.7577777777778</HistMin>
        <HistMax>815.2422222222223</HistMax>
        <BucketCount>225</BucketCount>
        <IncludeOutOfRange>0</IncludeOutOfRange>
        <Approximate>0</Approximate>
        <HistCounts>1|0|2|0|0|0|1|1|3|0|1|0|0|1|2|0|1|2|0|3|2|0|0|1|1|0|3|0|0|1|3|0|2|1|0|1|0|0|1|1|0|0|2|0|2|0|0|0|1|0|0|0|0|1|0|0|2|0|0|1|0|0|1|1|0|0|0|0|1|1|0|0|0|0|0|0|1|0|1|1|0|0|1|0|0|0|0|0|1|0|0|1|0|0|1|0|0|0|1|7|4|3|0|1|2|2|4|1|1|7|1|2|1|0|0|1|1|0|0|4|1|3|0|1|0|0|0|0|0|0|0|1|1|5|0|0|0|1|1|0|0|0|0|3|0|4|0|1|0|1|1|4|2|11|4|8|5|1|6|7|0|5|2|1|0|4|2|3|1|4|0|0|0|0|1|2|1|1|1|1|0|0|2|0|1|0|2|2|0|1|1|0|1|0|0|1|0|0|2|0|0|0|1|0|1|1|1|0|2|0|0|2|1|1|1|0|0|0|0|0|0|1|0|0|1</HistCounts>
      </HistItem>
    </Histograms>
    <Metadata>
      <MDI key="STATISTICS_MINIMUM">255</MDI>
      <MDI key="STATISTICS_MAXIMUM">814</MDI>
      <MDI key="STATISTICS_MEAN">557.96888888889</MDI>
      <MDI key="STATISTICS_STDDEV">142.6765850481</MDI>
      <MDI key="STATISTICS_VALID_PERCENT">100</MDI>
    </Metadata>
  </PAMRasterBand>
  <PAMRasterBand band="2">
    <Histograms>
      <HistItem>
        <HistMin>217.6955555555556</HistMin>
        <HistMax>807.3044444444445</HistMax>
        <BucketCount>225</BucketCount>
        <IncludeOutOfRange>0</IncludeOutOfRange>
        <Approximate>0</Approximate>
        <HistCounts>1|2|1|0|3|0|2|1|1|0|3|1|1|2|3|1|0|1|1|0|1|0|1|2|3|1|0|1|1|1|0|1|0|0|0|1|0|0|0|0|0|1|0|1|1|2|1|0|0|0|0|0|1|0|1|0|0|0|1|0|0|0|0|0|0|1|0|0|0|1|0|1|2|1|0|0|0|0|1|0|2|0|0|0|1|0|0|1|0|0|0|0|0|0|0|0|0|0|1|0|0|0|1|0|0|0|0|0|0|0|0|0|0|1|0|0|0|0|0|0|0|0|0|1|1|0|1|1|2|4|1|3|3|5|3|2|3|0|0|4|2|0|0|0|4|0|1|2|2|3|2|1|0|1|0|1|0|1|2|0|1|2|0|0|0|0|1|0|1|1|1|2|2|2|5|3|3|2|2|4|1|3|2|2|5|1|6|3|3|2|3|5|3|5|4|3|3|4|1|1|0|2|0|2|1|1|0|3|2|0|1|1|0|0|1|0|0|0|1|1|0|0|0|0|1</HistCounts>
      </HistItem>
    </Histograms>
    <Metadata>
      <MDI key="STATISTICS_MINIMUM">219</MDI>
      <MDI key="STATISTICS_MAXIMUM">806</MDI>
      <MDI key="STATISTICS_MEAN">572.37333333333</MDI>
      <MDI key="STATISTICS_STDDEV">172.5251239675</MDI>
      <MDI key="STATISTICS_VALID_PERCENT">100</MDI>
    </Metadata>
  </PAMRasterBand>
  <PAMRasterBand band="3">
    <Histograms>
      <HistItem>
        <HistMin>287.9155555555556</HistMin>
        <HistMax>1230.084444444444</HistMax>
        <BucketCount>225</BucketCount>
        <IncludeOutOfRange>0</IncludeOutOfRange>
        <Approximate>0</Approximate>
        <HistCounts>1|0|2|0|6|1|0|2|1|3|3|2|0|2|0|4|0|1|1|0|0|1|0|1|1|2|0|2|3|0|0|1|0|0|0|0|1|1|0|1|0|0|0|1|0|1|2|0|0|0|0|0|0|0|0|0|0|0|0|0|0|0|0|0|0|0|0|0|1|0|1|0|2|1|0|0|1|1|1|1|0|0|0|0|0|0|0|1|0|0|0|0|0|0|1|0|0|0|0|0|0|0|1|1|1|0|0|0|1|0|2|2|3|0|4|1|1|1|3|2|1|2|1|1|0|1|2|0|0|1|1|0|3|2|1|2|0|2|2|0|1|2|1|0|1|1|3|0|1|1|0|0|1|0|2|1|0|0|0|1|1|0|0|1|2|2|0|0|0|0|1|0|1|2|0|0|0|2|0|0|2|0|2|2|0|2|0|2|2|1|2|4|6|3|6|4|5|6|7|6|7|4|1|1|2|1|1|2|3|3|1|0|0|1|0|1|0|1|1|1|0|0|0|0|1</HistCounts>
      </HistItem>
    </Histograms>
    <Metadata>
      <MDI key="STATISTICS_MINIMUM">290</MDI>
      <MDI key="STATISTICS_MAXIMUM">1228</MDI>
      <MDI key="STATISTICS_MEAN">849.91111111111</MDI>
      <MDI key="STATISTICS_STDDEV">292.33455888928</MDI>
      <MDI key="STATISTICS_VALID_PERCENT">100</MDI>
    </Metadata>
  </PAMRasterBand>
</PAMDataset>
