<PAMDataset>
  <PAMRasterBand band="1">
    <Histograms>
      <HistItem>
        <HistMin>288.0977777777778</HistMin>
        <HistMax>695.9022222222222</HistMax>
        <BucketCount>225</BucketCount>
        <IncludeOutOfRange>0</IncludeOutOfRange>
        <Approximate>0</Approximate>
        <HistCounts>1|0|1|1|0|0|2|1|2|0|2|0|2|2|4|5|0|5|8|6|2|4|10|7|4|2|4|2|3|6|2|2|2|2|3|0|0|1|1|2|3|2|4|0|3|3|1|0|0|0|1|1|1|0|2|0|0|1|0|1|2|1|2|2|0|4|1|1|1|0|2|0|0|1|2|0|0|0|1|0|2|0|0|0|0|0|0|1|0|1|0|0|1|0|0|0|0|1|0|1|0|0|1|0|0|2|0|0|0|0|0|0|0|1|0|0|0|0|1|0|1|0|1|0|0|0|0|0|0|1|1|1|0|0|0|0|1|0|1|0|0|2|1|0|0|3|0|1|0|0|0|2|0|0|1|1|0|0|2|1|0|1|2|1|0|1|0|2|0|1|1|3|2|1|1|1|0|3|1|1|0|1|0|1|0|1|2|1|0|1|0|0|0|1|2|0|0|0|1|0|1|0|1|1|1|4|0|0|0|0|0|0|0|0|0|0|1|1|3|0|0|0|1|0|1</HistCounts>
      </HistItem>
    </Histograms>
    <Metadata>
      <MDI key="STATISTICS_MINIMUM">289</MDI>
      <MDI key="STATISTICS_MAXIMUM">695</MDI>
      <MDI key="STATISTICS_MEAN">431.60888888889</MDI>
      <MDI key="STATISTICS_STDDEV">123.49628122556</MDI>
      <MDI key="STATISTICS_VALID_PERCENT">100</MDI>
    </Metadata>
  </PAMRasterBand>
  <PAMRasterBand band="2">
    <Histograms>
      <HistItem>
        <HistMin>265.8266666666667</HistMin>
        <HistMax>796.1733333333333</HistMax>
        <BucketCount>225</BucketCount>
        <IncludeOutOfRange>0</IncludeOutOfRange>
        <Approximate>0</Approximate>
        <HistCounts>1|1|1|4|4|8|8|9|9|4|6|3|4|7|4|3|4|6|0|1|5|3|1|4|0|1|2|0|0|3|2|0|2|1|2|1|3|0|2|1|2|3|2|0|3|2|2|1|2|0|1|0|0|0|0|1|0|0|0|0|1|1|0|0|1|0|0|0|1|0|0|0|1|0|0|1|1|0|0|0|2|0|0|1|0|0|0|0|0|0|0|0|0|0|1|3|0|0|0|0|0|1|0|1|1|0|0|0|0|0|0|0|0|0|1|1|0|0|0|0|0|0|0|0|0|0|0|0|1|1|0|0|1|0|1|1|1|0|0|0|1|0|0|0|0|2|0|0|0|0|0|0|1|0|0|0|2|1|1|0|3|0|3|2|0|1|1|1|0|2|0|1|2|0|1|0|2|1|2|1|1|0|0|1|2|3|0|1|2|0|2|0|1|0|0|0|3|0|0|2|1|0|1|0|1|2|1|0|1|0|1|0|1|0|0|0|0|0|1|0|1|0|0|0|1</HistCounts>
      </HistItem>
    </Histograms>
    <Metadata>
      <MDI key="STATISTICS_MINIMUM">267</MDI>
      <MDI key="STATISTICS_MAXIMUM">795</MDI>
      <MDI key="STATISTICS_MEAN">434.76</MDI>
      <MDI key="STATISTICS_STDDEV">171.89814865528</MDI>
      <MDI key="STATISTICS_VALID_PERCENT">100</MDI>
    </Metadata>
  </PAMRasterBand>
  <PAMRasterBand band="3">
    <Histograms>
      <HistItem>
        <HistMin>349.0355555555556</HistMin>
        <HistMax>1236.964444444445</HistMax>
        <BucketCount>225</BucketCount>
        <IncludeOutOfRange>0</IncludeOutOfRange>
        <Approximate>0</Approximate>
        <HistCounts>2|0|0|0|2|2|1|10|11|11|16|8|5|6|3|2|3|2|4|1|1|0|1|2|3|3|3|1|3|2|0|2|1|0|3|1|1|1|2|2|2|1|2|2|1|3|1|1|1|1|0|0|2|0|0|0|0|0|0|0|0|0|1|1|0|1|1|0|1|1|0|0|1|0|1|1|0|0|0|0|1|0|0|0|0|1|0|0|0|0|0|2|0|0|0|0|0|0|0|1|0|0|0|1|1|0|0|0|0|0|0|1|0|1|0|0|0|0|0|0|1|0|0|1|2|0|0|1|0|1|0|0|0|0|0|0|0|1|1|0|0|0|1|1|0|0|0|1|1|0|1|0|0|0|2|0|2|0|1|2|0|3|1|0|0|1|0|1|0|3|0|1|3|0|2|0|1|2|1|1|3|1|1|0|0|1|4|0|2|0|3|0|1|0|1|1|0|0|0|1|1|0|0|2|1|1|0|0|1|0|0|1|0|0|0|0|0|0|1|0|0|1|0|0|1</HistCounts>
      </HistItem>
    </Histograms>
    <Metadata>
      <MDI key="STATISTICS_MINIMUM">351</MDI>
      <MDI key="STATISTICS_MAXIMUM">1235</MDI>
      <MDI key="STATISTICS_MEAN">632.00444444444</MDI>
      <MDI key="STATISTICS_STDDEV">283.21102454652</MDI>
      <MDI key="STATISTICS_VALID_PERCENT">100</MDI>
    </Metadata>
  </PAMRasterBand>
</PAMDataset>
