<PAMDataset>
  <PAMRasterBand band="1">
    <Histograms>
      <HistItem>
        <HistMin>235.5038759689922</HistMin>
        <HistMax>364.4961240310078</HistMax>
        <BucketCount>129</BucketCount>
        <IncludeOutOfRange>0</IncludeOutOfRange>
        <Approximate>0</Approximate>
        <HistCounts>1|0|0|0|0|0|0|0|1|0|0|0|1|0|0|0|0|0|0|0|0|0|2|0|0|0|0|0|0|0|0|0|0|0|0|0|0|0|0|0|0|1|0|1|4|0|3|1|2|5|2|3|5|6|2|4|3|6|2|4|2|0|5|4|4|3|4|5|3|2|2|3|6|4|5|4|2|6|1|3|3|4|4|3|3|2|3|3|0|3|3|0|5|3|3|2|3|1|2|2|6|1|4|4|4|3|1|1|2|2|4|2|1|0|0|2|6|0|1|0|0|0|0|0|1|0|0|0|1</HistCounts>
      </HistItem>
    </Histograms>
    <Metadata>
      <MDI key="STATISTICS_MINIMUM">236</MDI>
      <MDI key="STATISTICS_MAXIMUM">364</MDI>
      <MDI key="STATISTICS_MEAN">312.44</MDI>
      <MDI key="STATISTICS_STDDEV">22.751160165778</MDI>
      <MDI key="STATISTICS_VALID_PERCENT">100</MDI>
    </Metadata>
  </PAMRasterBand>
  <PAMRasterBand band="2">
    <Histograms>
      <HistItem>
        <HistMin>193.5040650406504</HistMin>
        <HistMax>316.4959349593496</HistMax>
        <BucketCount>123</BucketCount>
        <IncludeOutOfRange>0</IncludeOutOfRange>
        <Approximate>0</Approximate>
        <HistCounts>1|0|0|0|0|0|0|0|1|0|0|0|0|0|0|1|0|0|0|0|0|2|0|0|0|0|1|1|0|1|0|0|1|1|2|3|0|4|2|4|1|2|0|4|5|4|6|6|2|5|5|3|7|4|1|4|5|6|6|5|9|5|3|2|1|6|1|2|2|2|2|3|3|2|0|1|3|2|5|4|1|5|3|2|1|2|2|4|1|5|4|4|2|4|2|1|0|2|0|1|1|3|1|0|2|1|1|1|1|2|1|0|0|0|0|0|0|0|0|0|0|0|1</HistCounts>
      </HistItem>
    </Histograms>
    <Metadata>
      <MDI key="STATISTICS_MINIMUM">194</MDI>
      <MDI key="STATISTICS_MAXIMUM">316</MDI>
      <MDI key="STATISTICS_MEAN">258.39111111111</MDI>
      <MDI key="STATISTICS_STDDEV">21.660776863284</MDI>
      <MDI key="STATISTICS_VALID_PERCENT">100</MDI>
    </Metadata>
  </PAMRasterBand>
  <PAMRasterBand band="3">
    <Histograms>
      <HistItem>
        <HistMin>210.502427184466</HistMin>
        <HistMax>416.497572815534</HistMax>
        <BucketCount>206</BucketCount>
        <IncludeOutOfRange>0</IncludeOutOfRange>
        <Approximate>0</Approximate>
        <HistCounts>1|0|0|0|0|0|0|0|0|0|0|0|0|0|0|0|0|0|0|1|0|0|0|0|0|0|0|0|1|0|0|2|0|0|0|0|0|0|0|0|0|0|0|0|0|0|0|0|0|0|0|0|0|0|0|0|0|0|0|1|0|0|1|0|1|1|1|0|0|1|1|2|2|0|0|0|1|1|1|1|0|1|0|0|0|0|1|0|1|2|1|3|1|0|2|0|0|1|3|0|1|0|0|0|0|1|0|0|1|1|1|0|1|0|0|0|1|1|0|2|0|2|2|1|6|7|2|2|4|4|4|0|3|5|2|7|3|4|5|6|5|6|2|2|2|4|0|3|5|2|4|2|2|5|2|2|2|3|3|0|0|2|0|2|1|2|0|4|1|1|2|1|1|0|2|1|1|3|3|0|1|2|3|3|1|0|1|4|0|1|0|2|1|0|3|0|1|0|0|0|0|2|1|0|0|1</HistCounts>
      </HistItem>
    </Histograms>
    <Metadata>
      <MDI key="STATISTICS_MINIMUM">211</MDI>
      <MDI key="STATISTICS_MAXIMUM">416</MDI>
      <MDI key="STATISTICS_MEAN">347.82666666667</MDI>
      <MDI key="STATISTICS_STDDEV">36.121907172487</MDI>
      <MDI key="STATISTICS_VALID_PERCENT">100</MDI>
    </Metadata>
  </PAMRasterBand>
</PAMDataset>
