<PAMDataset>
  <PAMRasterBand band="1">
    <Histograms>
      <HistItem>
        <HistMin>215.5034246575343</HistMin>
        <HistMax>361.4965753424657</HistMax>
        <BucketCount>146</BucketCount>
        <IncludeOutOfRange>0</IncludeOutOfRange>
        <Approximate>0</Approximate>
        <HistCounts>1|0|0|0|0|0|0|0|0|1|0|0|0|1|0|1|0|0|0|1|0|1|0|1|0|1|0|1|0|1|3|3|0|1|1|2|0|1|2|2|4|2|5|1|2|1|1|4|1|0|2|2|1|1|4|1|6|4|4|1|4|1|1|3|6|5|4|4|3|5|1|3|10|2|1|2|2|0|4|3|1|1|5|5|2|2|4|3|3|2|5|2|2|5|1|1|5|3|3|1|1|4|1|2|1|1|1|0|2|1|2|0|0|1|4|1|1|0|0|0|1|0|1|1|0|1|0|0|1|0|2|0|0|0|0|0|1|0|0|0|1|0|0|0|0|1</HistCounts>
      </HistItem>
    </Histograms>
    <Metadata>
      <MDI key="STATISTICS_MINIMUM">216</MDI>
      <MDI key="STATISTICS_MAXIMUM">361</MDI>
      <MDI key="STATISTICS_MEAN">288.12</MDI>
      <MDI key="STATISTICS_STDDEV">26.763969145933</MDI>
      <MDI key="STATISTICS_VALID_PERCENT">100</MDI>
    </Metadata>
  </PAMRasterBand>
  <PAMRasterBand band="2">
    <Histograms>
      <HistItem>
        <HistMin>162.5047169811321</HistMin>
        <HistMax>268.495283018868</HistMax>
        <BucketCount>106</BucketCount>
        <IncludeOutOfRange>0</IncludeOutOfRange>
        <Approximate>0</Approximate>
        <HistCounts>1|0|0|0|0|0|1|0|0|1|0|1|0|1|1|0|0|2|1|0|1|2|2|1|2|1|3|2|7|2|1|5|2|3|1|2|2|2|4|4|3|1|5|3|3|6|2|3|3|8|2|3|7|4|3|4|4|5|4|5|3|2|2|6|6|3|2|0|4|5|4|4|5|4|6|2|1|1|3|0|1|2|1|2|2|2|2|0|0|2|1|2|1|1|1|0|2|1|1|1|0|0|0|0|0|1</HistCounts>
      </HistItem>
    </Histograms>
    <Metadata>
      <MDI key="STATISTICS_MINIMUM">163</MDI>
      <MDI key="STATISTICS_MAXIMUM">268</MDI>
      <MDI key="STATISTICS_MEAN">217.07111111111</MDI>
      <MDI key="STATISTICS_STDDEV">20.776788568253</MDI>
      <MDI key="STATISTICS_VALID_PERCENT">100</MDI>
    </Metadata>
  </PAMRasterBand>
  <PAMRasterBand band="3">
    <Histograms>
      <HistItem>
        <HistMin>169.504</HistMin>
        <HistMax>294.496</HistMax>
        <BucketCount>125</BucketCount>
        <IncludeOutOfRange>0</IncludeOutOfRange>
        <Approximate>0</Approximate>
        <HistCounts>1|1|1|0|0|2|1|1|1|1|1|5|0|1|0|2|2|0|2|2|0|1|1|0|0|1|1|2|3|1|0|4|2|1|1|1|0|1|1|0|1|6|5|1|3|2|2|2|1|5|4|3|5|2|5|1|3|6|0|2|3|4|4|2|3|4|2|1|6|4|2|2|3|1|3|4|5|0|2|1|3|4|2|3|4|3|0|7|1|4|3|4|1|2|4|3|0|1|1|1|1|0|2|0|2|0|0|0|2|1|0|1|0|0|2|1|0|0|0|0|0|0|0|1|1</HistCounts>
      </HistItem>
    </Histograms>
    <Metadata>
      <MDI key="STATISTICS_MINIMUM">170</MDI>
      <MDI key="STATISTICS_MAXIMUM">294</MDI>
      <MDI key="STATISTICS_MEAN">230.72</MDI>
      <MDI key="STATISTICS_STDDEV">27.463378443949</MDI>
      <MDI key="STATISTICS_VALID_PERCENT">100</MDI>
    </Metadata>
  </PAMRasterBand>
</PAMDataset>
