<PAMDataset>
  <PAMRasterBand band="1">
    <Histograms>
      <HistItem>
        <HistMin>221.0777777777778</HistMin>
        <HistMax>637.9222222222222</HistMax>
        <BucketCount>225</BucketCount>
        <IncludeOutOfRange>0</IncludeOutOfRange>
        <Approximate>0</Approximate>
        <HistCounts>2|2|0|2|2|3|0|1|3|0|3|1|2|2|0|3|2|2|0|1|0|3|3|0|1|1|1|1|1|2|1|2|1|2|0|1|1|3|2|1|1|2|0|0|0|1|5|2|0|2|1|3|3|1|0|3|4|3|1|4|4|2|6|12|2|6|7|4|3|4|4|2|1|0|3|0|1|1|1|1|2|0|4|1|1|0|2|0|1|1|0|0|0|0|0|0|0|0|0|2|0|0|0|0|1|0|0|1|0|0|0|1|0|0|0|0|0|0|0|0|1|0|0|0|0|1|0|0|0|0|0|0|0|2|0|0|0|1|0|0|0|1|0|0|0|0|0|0|0|0|0|2|0|0|1|0|0|0|0|0|1|0|1|0|0|0|1|0|0|1|0|1|0|0|0|0|0|1|0|0|0|0|0|0|1|0|0|0|1|0|0|1|1|0|0|0|0|0|0|1|0|2|1|3|2|3|0|5|1|2|1|2|0|0|2|0|1|0|0|3|0|0|0|0|2</HistCounts>
      </HistItem>
    </Histograms>
    <Metadata>
      <MDI key="STATISTICS_MINIMUM">222</MDI>
      <MDI key="STATISTICS_MAXIMUM">637</MDI>
      <MDI key="STATISTICS_MEAN">371.76</MDI>
      <MDI key="STATISTICS_STDDEV">118.09041808904</MDI>
      <MDI key="STATISTICS_VALID_PERCENT">100</MDI>
    </Metadata>
  </PAMRasterBand>
  <PAMRasterBand band="2">
    <Histograms>
      <HistItem>
        <HistMin>184.0355555555556</HistMin>
        <HistMax>619.9644444444444</HistMax>
        <BucketCount>225</BucketCount>
        <IncludeOutOfRange>0</IncludeOutOfRange>
        <Approximate>0</Approximate>
        <HistCounts>2|3|4|3|2|3|2|2|1|2|3|3|2|1|0|1|1|1|3|3|1|1|1|0|1|3|0|1|1|1|4|0|1|0|2|6|3|4|2|4|4|1|4|5|3|4|3|2|0|5|5|5|4|2|7|2|3|1|3|3|4|3|4|2|2|0|1|0|0|0|0|1|2|1|1|1|2|1|0|0|0|0|0|0|0|0|0|0|0|1|2|1|0|0|0|0|0|0|0|1|1|0|0|0|0|1|0|0|0|0|0|0|0|0|0|0|0|1|0|0|0|0|1|2|0|0|0|0|0|0|0|0|0|0|1|0|0|0|0|1|0|0|0|0|0|1|1|0|0|1|0|0|0|0|0|0|0|1|1|0|0|0|1|1|0|0|0|1|0|0|0|0|0|0|0|0|0|0|0|0|0|0|1|1|1|0|0|0|0|0|0|0|1|1|1|0|0|0|0|1|0|1|1|1|1|0|2|2|0|2|0|2|2|1|0|2|2|4|1|0|1|0|2|0|1</HistCounts>
      </HistItem>
    </Histograms>
    <Metadata>
      <MDI key="STATISTICS_MINIMUM">185</MDI>
      <MDI key="STATISTICS_MAXIMUM">619</MDI>
      <MDI key="STATISTICS_MEAN">326</MDI>
      <MDI key="STATISTICS_STDDEV">128.893961586</MDI>
      <MDI key="STATISTICS_VALID_PERCENT">100</MDI>
    </Metadata>
  </PAMRasterBand>
  <PAMRasterBand band="3">
    <Histograms>
      <HistItem>
        <HistMin>218.4111111111111</HistMin>
        <HistMax>936.5888888888888</HistMax>
        <BucketCount>225</BucketCount>
        <IncludeOutOfRange>0</IncludeOutOfRange>
        <Approximate>0</Approximate>
        <HistCounts>2|0|3|4|3|2|3|3|2|2|4|2|0|0|3|0|1|3|2|3|0|2|0|2|1|4|1|4|0|2|3|1|0|3|0|2|1|1|2|6|1|1|0|0|4|2|1|3|5|4|1|1|6|7|1|5|4|1|0|1|3|4|3|4|1|2|1|0|2|1|0|2|1|2|5|4|0|0|0|1|3|0|1|0|1|0|1|1|1|0|2|0|1|0|0|0|1|1|1|0|0|0|1|0|0|0|0|0|0|0|0|0|0|0|0|0|0|2|0|0|1|0|1|0|0|0|0|0|0|1|0|0|0|0|0|0|1|0|1|0|0|0|0|0|1|0|0|0|1|0|0|0|0|1|0|0|0|2|0|0|0|0|0|0|0|2|0|0|0|0|0|0|0|0|0|0|0|0|0|0|1|0|1|0|2|1|0|0|0|0|0|0|0|0|0|1|0|0|0|0|1|1|0|1|1|1|1|0|1|1|2|3|1|1|1|3|0|0|1|3|0|1|2|2|1</HistCounts>
      </HistItem>
    </Histograms>
    <Metadata>
      <MDI key="STATISTICS_MINIMUM">220</MDI>
      <MDI key="STATISTICS_MAXIMUM">935</MDI>
      <MDI key="STATISTICS_MEAN">459.84444444444</MDI>
      <MDI key="STATISTICS_STDDEV">210.88256400772</MDI>
      <MDI key="STATISTICS_VALID_PERCENT">100</MDI>
    </Metadata>
  </PAMRasterBand>
</PAMDataset>
