<PAMDataset>
  <PAMRasterBand band="1">
    <Histograms>
      <HistItem>
        <HistMin>230.5047619047619</HistMin>
        <HistMax>335.4952380952381</HistMax>
        <BucketCount>105</BucketCount>
        <IncludeOutOfRange>0</IncludeOutOfRange>
        <Approximate>0</Approximate>
        <HistCounts>1|1|0|0|0|1|1|0|0|1|1|1|0|0|2|4|4|2|1|3|2|2|2|6|3|1|0|4|5|5|5|1|1|4|1|3|5|4|1|5|3|2|2|5|3|2|3|2|3|3|3|4|3|4|6|5|3|1|5|2|4|7|2|6|4|6|3|1|1|3|3|0|2|1|3|2|5|0|3|1|3|0|2|3|0|2|2|2|0|2|1|0|0|1|0|2|0|0|0|0|0|0|0|0|1</HistCounts>
      </HistItem>
    </Histograms>
    <Metadata>
      <MDI key="STATISTICS_MINIMUM">231</MDI>
      <MDI key="STATISTICS_MAXIMUM">335</MDI>
      <MDI key="STATISTICS_MEAN">279.76888888889</MDI>
      <MDI key="STATISTICS_STDDEV">21.924312453147</MDI>
      <MDI key="STATISTICS_VALID_PERCENT">100</MDI>
    </Metadata>
  </PAMRasterBand>
  <PAMRasterBand band="2">
    <Histograms>
      <HistItem>
        <HistMin>170.5057471264368</HistMin>
        <HistMax>257.4942528735632</HistMax>
        <BucketCount>87</BucketCount>
        <IncludeOutOfRange>0</IncludeOutOfRange>
        <Approximate>0</Approximate>
        <HistCounts>1|0|1|0|0|0|0|0|1|0|2|0|0|1|5|2|1|3|4|3|1|2|2|7|1|6|4|6|6|6|4|3|1|4|3|2|3|4|6|6|0|10|0|4|5|6|5|4|3|1|5|5|9|11|5|5|3|1|3|0|5|3|3|1|3|0|3|1|4|2|1|1|2|1|1|2|1|1|0|1|1|0|1|0|0|0|1</HistCounts>
      </HistItem>
    </Histograms>
    <Metadata>
      <MDI key="STATISTICS_MINIMUM">171</MDI>
      <MDI key="STATISTICS_MAXIMUM">257</MDI>
      <MDI key="STATISTICS_MEAN">213.21777777778</MDI>
      <MDI key="STATISTICS_STDDEV">17.346191242382</MDI>
      <MDI key="STATISTICS_VALID_PERCENT">100</MDI>
    </Metadata>
  </PAMRasterBand>
  <PAMRasterBand band="3">
    <Histograms>
      <HistItem>
        <HistMin>176.5045045045045</HistMin>
        <HistMax>287.4954954954955</HistMax>
        <BucketCount>111</BucketCount>
        <IncludeOutOfRange>0</IncludeOutOfRange>
        <Approximate>0</Approximate>
        <HistCounts>2|0|0|0|0|0|0|0|1|1|1|1|1|2|2|1|0|4|4|0|2|1|5|1|2|1|1|1|3|4|3|4|6|1|7|0|4|2|2|3|5|0|6|4|1|4|6|4|4|4|3|0|1|4|4|3|0|3|3|1|4|2|3|2|5|3|2|6|3|0|3|3|4|5|1|0|2|4|3|0|2|1|2|3|1|0|0|2|4|1|1|2|1|0|1|1|3|1|0|1|0|1|4|2|1|0|1|0|0|0|1</HistCounts>
      </HistItem>
    </Histograms>
    <Metadata>
      <MDI key="STATISTICS_MINIMUM">177</MDI>
      <MDI key="STATISTICS_MAXIMUM">287</MDI>
      <MDI key="STATISTICS_MEAN">230.16444444444</MDI>
      <MDI key="STATISTICS_STDDEV">24.939474783346</MDI>
      <MDI key="STATISTICS_VALID_PERCENT">100</MDI>
    </Metadata>
  </PAMRasterBand>
</PAMDataset>
