<PAMDataset>
  <PAMRasterBand band="1">
    <Histograms>
      <HistItem>
        <HistMin>226.5049504950495</HistMin>
        <HistMax>327.4950495049505</HistMax>
        <BucketCount>101</BucketCount>
        <IncludeOutOfRange>0</IncludeOutOfRange>
        <Approximate>0</Approximate>
        <HistCounts>1|0|0|0|0|1|0|0|0|1|0|0|0|1|1|0|2|2|1|0|0|0|1|0|4|2|0|1|2|2|1|4|1|1|0|2|1|2|1|1|2|1|1|3|2|2|1|2|0|5|2|7|3|3|8|2|4|6|4|7|2|6|6|6|3|5|7|5|8|5|5|5|9|4|4|2|3|5|4|2|3|2|4|2|1|2|2|1|1|2|0|1|1|2|1|0|2|0|0|0|1</HistCounts>
      </HistItem>
    </Histograms>
    <Metadata>
      <MDI key="STATISTICS_MINIMUM">227</MDI>
      <MDI key="STATISTICS_MAXIMUM">327</MDI>
      <MDI key="STATISTICS_MEAN">286.25777777778</MDI>
      <MDI key="STATISTICS_STDDEV">19.286731062099</MDI>
      <MDI key="STATISTICS_VALID_PERCENT">100</MDI>
    </Metadata>
  </PAMRasterBand>
  <PAMRasterBand band="2">
    <Histograms>
      <HistItem>
        <HistMin>179.5071428571429</HistMin>
        <HistMax>249.4928571428571</HistMax>
        <BucketCount>70</BucketCount>
        <IncludeOutOfRange>0</IncludeOutOfRange>
        <Approximate>0</Approximate>
        <HistCounts>1|1|1|0|0|0|1|3|3|1|1|2|1|0|5|2|2|3|1|2|2|1|2|3|3|3|1|2|2|6|0|2|3|5|10|3|2|12|4|3|5|5|5|3|7|9|7|8|8|9|4|8|12|3|4|6|2|2|2|2|3|2|2|4|2|0|0|1|0|1</HistCounts>
      </HistItem>
    </Histograms>
    <Metadata>
      <MDI key="STATISTICS_MINIMUM">180</MDI>
      <MDI key="STATISTICS_MAXIMUM">249</MDI>
      <MDI key="STATISTICS_MEAN">219.32888888889</MDI>
      <MDI key="STATISTICS_STDDEV">14.942803875255</MDI>
      <MDI key="STATISTICS_VALID_PERCENT">100</MDI>
    </Metadata>
  </PAMRasterBand>
  <PAMRasterBand band="3">
    <Histograms>
      <HistItem>
        <HistMin>194.505</HistMin>
        <HistMax>294.495</HistMax>
        <BucketCount>100</BucketCount>
        <IncludeOutOfRange>0</IncludeOutOfRange>
        <Approximate>0</Approximate>
        <HistCounts>1|0|0|0|0|0|0|0|1|1|0|0|1|3|0|2|0|1|1|1|0|4|3|1|0|0|1|1|3|4|4|0|1|2|3|2|0|1|0|3|5|4|3|3|4|3|4|4|4|1|2|7|3|2|6|3|6|7|1|4|5|8|9|3|2|6|6|3|4|5|5|3|6|1|8|2|2|2|2|2|1|1|1|3|0|0|2|3|2|1|1|0|1|0|1|1|1|0|0|1</HistCounts>
      </HistItem>
    </Histograms>
    <Metadata>
      <MDI key="STATISTICS_MINIMUM">195</MDI>
      <MDI key="STATISTICS_MAXIMUM">294</MDI>
      <MDI key="STATISTICS_MEAN">249.91111111111</MDI>
      <MDI key="STATISTICS_STDDEV">19.726825753805</MDI>
      <MDI key="STATISTICS_VALID_PERCENT">100</MDI>
    </Metadata>
  </PAMRasterBand>
</PAMDataset>
