<PAMDataset>
  <PAMRasterBand band="1">
    <Histograms>
      <HistItem>
        <HistMin>197.8044444444444</HistMin>
        <HistMax>738.1955555555555</HistMax>
        <BucketCount>225</BucketCount>
        <IncludeOutOfRange>0</IncludeOutOfRange>
        <Approximate>0</Approximate>
        <HistCounts>1|0|0|1|1|1|0|1|0|0|0|3|0|2|0|1|0|0|0|3|0|1|0|0|0|0|2|3|1|2|1|4|4|2|3|1|1|5|1|5|3|0|2|3|6|5|2|3|2|2|1|1|2|2|4|4|3|3|3|1|2|4|3|1|1|1|2|0|0|0|0|0|1|1|0|0|1|0|1|0|0|0|1|0|1|3|0|4|3|0|7|0|2|3|2|1|2|2|1|1|2|1|4|3|3|1|0|2|1|1|2|1|1|0|1|2|1|0|2|3|2|1|0|3|1|0|0|1|1|0|0|0|0|0|0|0|0|1|0|0|0|0|1|0|1|0|0|0|0|1|1|0|0|0|1|0|0|0|1|0|0|1|1|0|1|0|0|0|1|0|0|1|0|0|0|0|0|0|1|0|0|0|0|0|0|1|0|1|0|2|0|0|0|1|0|0|1|1|0|1|1|1|0|0|0|0|2|0|0|0|1|0|1|1|2|0|0|0|0|0|0|0|1|0|1</HistCounts>
      </HistItem>
    </Histograms>
    <Metadata>
      <MDI key="STATISTICS_MINIMUM">199</MDI>
      <MDI key="STATISTICS_MAXIMUM">737</MDI>
      <MDI key="STATISTICS_MEAN">395.74222222222</MDI>
      <MDI key="STATISTICS_STDDEV">125.89355378235</MDI>
      <MDI key="STATISTICS_VALID_PERCENT">100</MDI>
    </Metadata>
  </PAMRasterBand>
  <PAMRasterBand band="2">
    <Histograms>
      <HistItem>
        <HistMin>214.8288888888889</HistMin>
        <HistMax>744.1711111111111</HistMax>
        <BucketCount>225</BucketCount>
        <IncludeOutOfRange>0</IncludeOutOfRange>
        <Approximate>0</Approximate>
        <HistCounts>2|0|3|6|3|3|3|3|5|2|2|2|4|9|5|1|4|7|3|1|4|4|1|3|1|3|1|0|1|0|0|2|4|0|3|4|3|6|0|1|2|0|0|1|0|0|1|2|1|1|0|0|0|0|1|0|1|1|0|0|1|2|0|1|1|2|0|0|1|4|2|2|3|0|4|4|4|3|3|0|2|1|4|2|0|1|0|1|2|3|2|2|0|2|1|0|3|0|0|1|0|1|0|0|0|0|1|0|2|0|0|0|0|0|0|0|1|0|0|0|0|0|2|0|1|1|1|1|0|1|0|0|1|0|1|0|1|0|0|1|1|0|0|1|1|0|0|1|1|0|0|0|0|0|0|0|0|0|0|1|0|1|0|0|0|0|0|0|0|0|0|0|1|0|0|0|0|0|0|0|1|0|0|0|1|0|2|0|0|0|0|0|0|0|0|1|0|1|0|1|0|0|0|1|0|0|1|2|1|0|1|0|2|0|0|0|0|0|0|0|1|0|0|0|1</HistCounts>
      </HistItem>
    </Histograms>
    <Metadata>
      <MDI key="STATISTICS_MINIMUM">216</MDI>
      <MDI key="STATISTICS_MAXIMUM">743</MDI>
      <MDI key="STATISTICS_MEAN">363.01777777778</MDI>
      <MDI key="STATISTICS_STDDEV">132.77851112768</MDI>
      <MDI key="STATISTICS_VALID_PERCENT">100</MDI>
    </Metadata>
  </PAMRasterBand>
  <PAMRasterBand band="3">
    <Histograms>
      <HistItem>
        <HistMin>220.7844444444444</HistMin>
        <HistMax>1222.215555555556</HistMax>
        <BucketCount>225</BucketCount>
        <IncludeOutOfRange>0</IncludeOutOfRange>
        <Approximate>0</Approximate>
        <HistCounts>1|7|7|4|4|4|2|3|3|2|4|6|3|2|0|1|0|1|2|2|1|1|2|1|4|0|1|5|2|1|2|3|1|1|0|5|4|0|0|1|0|3|1|3|3|2|0|2|2|1|1|1|0|0|0|0|2|1|3|1|1|0|0|1|1|1|0|2|1|1|0|5|0|1|2|1|0|0|2|1|3|3|4|3|1|3|2|1|3|4|3|7|1|2|1|2|0|0|2|0|2|0|0|0|0|0|1|1|0|0|1|0|0|0|0|0|0|1|0|0|0|0|0|0|0|0|1|0|0|2|3|1|1|1|0|2|0|0|1|0|0|0|0|0|0|0|0|0|2|0|0|2|0|0|0|0|0|0|0|0|0|0|0|0|0|0|1|0|0|1|0|0|0|0|1|1|0|0|0|0|0|0|0|0|0|0|1|0|0|0|0|0|1|0|2|0|1|1|1|0|0|1|0|0|0|1|0|0|1|1|2|0|0|0|0|0|0|0|0|1|0|0|0|0|1</HistCounts>
      </HistItem>
    </Histograms>
    <Metadata>
      <MDI key="STATISTICS_MINIMUM">223</MDI>
      <MDI key="STATISTICS_MAXIMUM">1220</MDI>
      <MDI key="STATISTICS_MEAN">511.75111111111</MDI>
      <MDI key="STATISTICS_STDDEV">247.95200308144</MDI>
      <MDI key="STATISTICS_VALID_PERCENT">100</MDI>
    </Metadata>
  </PAMRasterBand>
</PAMDataset>
