<PAMDataset>
  <PAMRasterBand band="1">
    <Histograms>
      <HistItem>
        <HistMin>278.5049504950495</HistMin>
        <HistMax>379.4950495049505</HistMax>
        <BucketCount>101</BucketCount>
        <IncludeOutOfRange>0</IncludeOutOfRange>
        <Approximate>0</Approximate>
        <HistCounts>1|1|0|0|0|1|0|1|0|0|0|1|0|0|1|0|0|1|0|0|1|1|1|1|2|0|1|0|1|0|0|2|3|0|2|2|3|2|0|3|3|5|7|4|5|3|4|4|3|2|6|6|8|6|3|7|7|1|7|0|5|2|5|5|4|2|5|2|4|1|1|5|2|3|2|2|3|2|5|3|2|4|4|4|2|2|1|3|2|0|0|4|3|1|1|3|0|1|1|0|1</HistCounts>
      </HistItem>
    </Histograms>
    <Metadata>
      <MDI key="STATISTICS_MINIMUM">279</MDI>
      <MDI key="STATISTICS_MAXIMUM">379</MDI>
      <MDI key="STATISTICS_MEAN">337.15555555556</MDI>
      <MDI key="STATISTICS_STDDEV">20.076913834945</MDI>
      <MDI key="STATISTICS_VALID_PERCENT">100</MDI>
    </Metadata>
  </PAMRasterBand>
  <PAMRasterBand band="2">
    <Histograms>
      <HistItem>
        <HistMin>237.5060975609756</HistMin>
        <HistMax>319.4939024390244</HistMax>
        <BucketCount>82</BucketCount>
        <IncludeOutOfRange>0</IncludeOutOfRange>
        <Approximate>0</Approximate>
        <HistCounts>1|2|0|0|0|1|1|0|0|1|0|0|1|0|1|0|0|1|3|0|3|1|2|4|2|3|4|2|7|4|4|5|4|2|4|3|7|10|8|6|2|3|4|4|4|4|5|7|5|5|5|4|5|3|5|4|4|2|1|3|2|2|2|4|3|4|5|1|3|4|1|2|2|3|1|3|3|0|1|2|0|1</HistCounts>
      </HistItem>
    </Histograms>
    <Metadata>
      <MDI key="STATISTICS_MINIMUM">238</MDI>
      <MDI key="STATISTICS_MAXIMUM">319</MDI>
      <MDI key="STATISTICS_MEAN">282.64</MDI>
      <MDI key="STATISTICS_STDDEV">17.097607369974</MDI>
      <MDI key="STATISTICS_VALID_PERCENT">100</MDI>
    </Metadata>
  </PAMRasterBand>
  <PAMRasterBand band="3">
    <Histograms>
      <HistItem>
        <HistMin>295.50390625</HistMin>
        <HistMax>423.49609375</HistMax>
        <BucketCount>128</BucketCount>
        <IncludeOutOfRange>0</IncludeOutOfRange>
        <Approximate>0</Approximate>
        <HistCounts>1|0|0|0|0|1|1|0|0|2|0|0|0|0|0|1|0|0|0|0|2|0|1|0|1|0|0|1|0|1|1|1|1|1|2|0|0|0|1|3|1|2|2|1|6|3|4|3|2|5|3|3|3|2|2|3|4|3|7|4|5|2|4|6|4|5|5|2|4|3|5|3|5|5|0|1|6|1|5|3|2|1|1|5|2|1|5|2|3|1|4|0|2|1|1|1|4|2|0|2|0|2|3|1|1|1|4|0|1|1|1|3|1|1|0|1|0|1|1|0|1|0|1|0|0|0|0|1</HistCounts>
      </HistItem>
    </Histograms>
    <Metadata>
      <MDI key="STATISTICS_MINIMUM">296</MDI>
      <MDI key="STATISTICS_MAXIMUM">423</MDI>
      <MDI key="STATISTICS_MEAN">363.63111111111</MDI>
      <MDI key="STATISTICS_STDDEV">24.324142759564</MDI>
      <MDI key="STATISTICS_VALID_PERCENT">100</MDI>
    </Metadata>
  </PAMRasterBand>
</PAMDataset>
