<PAMDataset>
  <PAMRasterBand band="1">
    <Histograms>
      <HistItem>
        <HistMin>237.9355555555556</HistMin>
        <HistMax>719.0644444444445</HistMax>
        <BucketCount>225</BucketCount>
        <IncludeOutOfRange>0</IncludeOutOfRange>
        <Approximate>0</Approximate>
        <HistCounts>1|0|1|0|0|0|1|1|0|1|0|1|0|2|1|4|3|2|4|6|4|1|13|1|2|4|3|5|1|5|3|4|5|3|3|2|5|1|7|5|2|1|1|5|2|3|0|3|1|2|1|1|2|2|2|0|1|4|4|1|0|1|2|1|5|1|3|0|4|3|0|2|1|0|2|2|1|2|0|1|2|2|2|0|0|1|1|1|0|0|1|0|2|1|0|3|1|1|0|0|1|0|1|0|2|0|1|1|0|0|0|0|1|1|0|0|1|0|0|0|2|0|0|0|1|0|1|0|0|0|0|1|1|2|0|0|0|0|0|0|2|0|0|1|0|1|1|0|1|0|0|0|1|0|0|0|1|0|0|1|0|2|0|0|0|0|0|0|0|0|0|0|0|1|0|0|0|0|0|1|0|1|0|0|0|0|0|0|0|0|0|0|0|1|0|0|0|0|0|0|0|0|0|0|0|0|0|0|0|0|0|0|0|0|0|0|0|0|0|0|0|0|0|0|1</HistCounts>
      </HistItem>
    </Histograms>
    <Metadata>
      <MDI key="STATISTICS_MINIMUM">239</MDI>
      <MDI key="STATISTICS_MAXIMUM">718</MDI>
      <MDI key="STATISTICS_MEAN">361.24444444444</MDI>
      <MDI key="STATISTICS_STDDEV">88.832165234485</MDI>
      <MDI key="STATISTICS_VALID_PERCENT">100</MDI>
    </Metadata>
  </PAMRasterBand>
  <PAMRasterBand band="2">
    <Histograms>
      <HistItem>
        <HistMin>204.0133333333333</HistMin>
        <HistMax>649.9866666666667</HistMax>
        <BucketCount>225</BucketCount>
        <IncludeOutOfRange>0</IncludeOutOfRange>
        <Approximate>0</Approximate>
        <HistCounts>1|0|1|1|1|0|0|4|1|0|1|1|4|2|1|1|4|5|2|3|1|4|6|4|1|2|5|5|3|2|5|4|2|1|3|3|1|2|3|5|4|2|0|4|2|0|1|1|1|3|2|5|0|2|0|1|3|2|2|2|3|0|2|1|2|3|2|1|0|1|2|2|2|0|1|0|2|3|1|1|0|3|2|1|1|2|1|2|0|0|0|1|3|0|3|1|0|0|0|1|1|0|1|1|1|0|1|0|0|2|2|1|0|0|0|0|2|0|0|0|1|0|2|2|0|0|1|2|0|0|1|1|0|0|0|2|0|1|1|0|0|0|0|0|1|0|0|0|0|3|0|1|0|0|0|0|0|0|0|0|0|0|0|0|0|0|0|0|0|0|0|1|0|0|1|0|0|0|0|0|0|0|1|1|0|1|0|0|0|1|0|0|0|2|1|0|1|1|0|0|0|0|0|0|0|0|0|0|0|0|0|0|0|0|0|0|0|0|0|0|0|0|0|0|1</HistCounts>
      </HistItem>
    </Histograms>
    <Metadata>
      <MDI key="STATISTICS_MINIMUM">205</MDI>
      <MDI key="STATISTICS_MAXIMUM">649</MDI>
      <MDI key="STATISTICS_MEAN">328.31111111111</MDI>
      <MDI key="STATISTICS_STDDEV">93.331814802462</MDI>
      <MDI key="STATISTICS_VALID_PERCENT">100</MDI>
    </Metadata>
  </PAMRasterBand>
  <PAMRasterBand band="3">
    <Histograms>
      <HistItem>
        <HistMin>278.6022222222222</HistMin>
        <HistMax>910.3977777777778</HistMax>
        <BucketCount>225</BucketCount>
        <IncludeOutOfRange>0</IncludeOutOfRange>
        <Approximate>0</Approximate>
        <HistCounts>1|0|0|0|1|1|1|2|0|2|3|1|3|1|4|1|2|2|3|4|3|1|0|2|7|0|3|4|2|0|7|2|2|6|4|7|3|0|3|1|2|0|2|2|3|0|6|2|3|3|0|5|3|1|3|1|4|1|0|0|0|2|0|2|2|1|0|2|3|0|1|2|2|1|2|4|2|2|1|2|2|1|2|1|1|1|2|0|0|2|1|0|1|1|0|4|0|0|1|1|0|0|0|0|1|2|1|1|0|0|0|2|0|1|1|2|0|0|2|0|0|1|0|0|2|0|1|1|0|0|0|1|4|0|0|0|1|1|0|0|0|1|0|0|1|1|0|0|0|1|0|1|0|1|0|0|0|0|0|0|0|0|0|0|0|0|0|0|0|0|0|0|0|0|0|0|0|0|1|0|0|1|0|0|0|0|0|0|0|0|0|1|1|0|0|2|1|1|0|0|1|1|0|0|0|1|0|0|0|0|0|0|0|0|0|0|0|0|0|0|0|0|0|0|1</HistCounts>
      </HistItem>
    </Histograms>
    <Metadata>
      <MDI key="STATISTICS_MINIMUM">280</MDI>
      <MDI key="STATISTICS_MAXIMUM">909</MDI>
      <MDI key="STATISTICS_MEAN">459.80444444444</MDI>
      <MDI key="STATISTICS_STDDEV">134.01272569019</MDI>
      <MDI key="STATISTICS_VALID_PERCENT">100</MDI>
    </Metadata>
  </PAMRasterBand>
</PAMDataset>
