<PAMDataset>
  <PAMRasterBand band="1">
    <Histograms>
      <HistItem>
        <HistMin>260.5036764705882</HistMin>
        <HistMax>396.4963235294118</HistMax>
        <BucketCount>136</BucketCount>
        <IncludeOutOfRange>0</IncludeOutOfRange>
        <Approximate>0</Approximate>
        <HistCounts>1|0|0|0|1|0|1|1|1|2|0|2|0|1|1|0|1|1|2|0|1|0|1|3|2|3|3|3|1|3|2|5|4|2|4|3|5|5|1|1|4|3|5|3|5|4|2|3|1|1|1|1|2|2|7|2|3|4|0|3|1|8|3|5|2|3|3|1|2|2|4|1|3|1|2|4|1|4|4|0|6|3|3|3|1|2|2|1|1|2|0|1|2|1|1|1|1|0|2|1|1|1|1|0|1|1|0|0|1|0|0|2|1|0|0|0|0|0|1|0|1|0|1|0|0|0|1|0|0|0|0|0|0|0|0|1</HistCounts>
      </HistItem>
    </Histograms>
    <Metadata>
      <MDI key="STATISTICS_MINIMUM">261</MDI>
      <MDI key="STATISTICS_MAXIMUM">396</MDI>
      <MDI key="STATISTICS_MEAN">317.44444444444</MDI>
      <MDI key="STATISTICS_STDDEV">26.668796211266</MDI>
      <MDI key="STATISTICS_VALID_PERCENT">100</MDI>
    </Metadata>
  </PAMRasterBand>
  <PAMRasterBand band="2">
    <Histograms>
      <HistItem>
        <HistMin>201.5035714285714</HistMin>
        <HistMax>341.4964285714286</HistMax>
        <BucketCount>140</BucketCount>
        <IncludeOutOfRange>0</IncludeOutOfRange>
        <Approximate>0</Approximate>
        <HistCounts>1|0|0|0|0|0|0|0|0|0|0|0|1|0|0|2|0|0|5|4|1|0|4|1|2|2|7|9|1|2|5|4|0|4|5|2|3|3|3|4|4|3|1|5|4|3|0|3|3|4|3|1|3|0|3|1|2|2|3|4|2|3|2|4|3|2|1|1|1|3|1|1|2|0|0|1|1|2|3|1|3|0|2|0|3|0|4|1|3|2|0|1|2|1|3|1|4|5|1|3|2|1|2|2|2|0|0|0|0|2|1|1|0|1|0|1|0|0|1|1|1|1|0|1|0|1|0|0|0|0|0|1|1|0|1|0|0|0|0|1</HistCounts>
      </HistItem>
    </Histograms>
    <Metadata>
      <MDI key="STATISTICS_MINIMUM">202</MDI>
      <MDI key="STATISTICS_MAXIMUM">341</MDI>
      <MDI key="STATISTICS_MEAN">261.21333333333</MDI>
      <MDI key="STATISTICS_STDDEV">30.398666637426</MDI>
      <MDI key="STATISTICS_VALID_PERCENT">100</MDI>
    </Metadata>
  </PAMRasterBand>
  <PAMRasterBand band="3">
    <Histograms>
      <HistItem>
        <HistMin>189.5023041474655</HistMin>
        <HistMax>406.4976958525345</HistMax>
        <BucketCount>217</BucketCount>
        <IncludeOutOfRange>0</IncludeOutOfRange>
        <Approximate>0</Approximate>
        <HistCounts>1|0|0|0|0|0|0|0|0|0|0|0|0|0|0|0|0|1|1|1|0|2|0|1|2|3|1|0|1|2|2|0|2|1|2|1|4|4|2|1|4|2|3|4|2|2|2|0|1|3|3|2|2|5|3|1|1|3|5|3|5|1|1|3|3|1|2|4|2|0|1|3|3|1|3|2|1|0|0|1|0|1|0|0|1|1|0|2|0|0|1|3|3|0|0|3|0|0|3|1|0|2|3|1|1|0|0|2|0|1|1|2|1|0|0|2|1|1|1|1|1|1|0|0|1|1|1|1|0|1|1|0|3|1|1|1|1|0|2|2|0|1|1|0|0|1|0|1|1|0|2|1|0|1|0|1|0|0|1|2|1|1|1|1|4|0|0|2|0|0|1|2|1|0|1|2|1|0|0|1|1|0|0|0|0|0|0|0|1|0|0|2|1|1|0|1|0|0|0|1|1|0|0|1|0|0|0|0|0|0|0|1|0|0|0|0|1</HistCounts>
      </HistItem>
    </Histograms>
    <Metadata>
      <MDI key="STATISTICS_MINIMUM">190</MDI>
      <MDI key="STATISTICS_MAXIMUM">406</MDI>
      <MDI key="STATISTICS_MEAN">278.84888888889</MDI>
      <MDI key="STATISTICS_STDDEV">50.759864382194</MDI>
      <MDI key="STATISTICS_VALID_PERCENT">100</MDI>
    </Metadata>
  </PAMRasterBand>
</PAMDataset>
