<PAMDataset>
  <PAMRasterBand band="1">
    <Histograms>
      <HistItem>
        <HistMin>223.1466666666667</HistMin>
        <HistMax>608.8533333333334</HistMax>
        <BucketCount>225</BucketCount>
        <IncludeOutOfRange>0</IncludeOutOfRange>
        <Approximate>0</Approximate>
        <HistCounts>1|1|1|2|0|0|1|0|2|1|3|0|2|2|2|2|1|1|2|0|1|0|2|0|0|0|2|0|0|0|3|0|1|2|1|1|2|1|0|2|0|1|2|1|0|1|1|1|2|0|0|1|2|0|0|1|0|1|0|0|1|1|1|0|0|4|1|0|0|1|0|0|1|1|0|0|2|0|0|1|0|0|1|3|1|0|0|2|0|1|0|0|0|1|0|0|0|0|0|1|1|0|0|0|0|1|1|1|1|1|0|0|1|1|0|0|2|1|0|1|1|1|0|3|0|0|1|2|1|0|1|1|2|1|2|2|0|0|1|1|1|1|0|0|3|2|1|3|2|2|2|2|0|3|1|2|5|1|3|2|2|3|0|1|0|2|6|3|1|4|1|0|2|4|2|1|0|2|1|2|2|1|1|0|1|1|0|1|1|0|2|4|2|1|3|2|0|0|1|0|0|2|3|0|1|1|0|1|0|1|0|0|2|0|1|0|0|0|1|0|1|0|0|2|1</HistCounts>
      </HistItem>
    </Histograms>
    <Metadata>
      <MDI key="STATISTICS_MINIMUM">224</MDI>
      <MDI key="STATISTICS_MAXIMUM">608</MDI>
      <MDI key="STATISTICS_MEAN">428.53777777778</MDI>
      <MDI key="STATISTICS_STDDEV">110.55946472151</MDI>
      <MDI key="STATISTICS_VALID_PERCENT">100</MDI>
    </Metadata>
  </PAMRasterBand>
  <PAMRasterBand band="2">
    <Histograms>
      <HistItem>
        <HistMin>186.8977777777778</HistMin>
        <HistMax>685.1022222222222</HistMax>
        <BucketCount>225</BucketCount>
        <IncludeOutOfRange>0</IncludeOutOfRange>
        <Approximate>0</Approximate>
        <HistCounts>3|0|0|1|2|3|0|0|0|1|2|1|0|2|3|0|2|3|0|3|2|4|3|0|1|3|2|2|2|4|2|1|0|2|1|0|0|1|0|1|0|0|0|1|0|1|0|2|3|1|0|0|1|0|0|0|0|0|0|1|0|0|0|0|1|1|0|1|1|0|0|0|0|0|0|0|0|0|4|1|0|0|0|0|2|1|1|1|0|1|0|0|0|0|0|1|0|2|0|1|0|0|0|2|0|1|2|2|0|0|1|0|1|2|1|1|0|0|3|1|1|1|1|2|0|1|0|0|4|2|1|0|0|0|1|5|1|2|1|1|3|0|1|1|3|1|1|0|3|4|3|0|1|4|4|1|0|3|1|3|2|1|1|1|1|1|0|1|5|3|2|3|2|3|3|2|1|2|1|0|0|2|3|1|1|2|0|0|1|0|0|1|3|1|1|0|2|2|0|0|0|1|0|0|1|0|0|0|0|0|0|0|0|1|0|0|0|0|0|1|0|0|0|1|1</HistCounts>
      </HistItem>
    </Histograms>
    <Metadata>
      <MDI key="STATISTICS_MINIMUM">188</MDI>
      <MDI key="STATISTICS_MAXIMUM">684</MDI>
      <MDI key="STATISTICS_MEAN">431.42666666667</MDI>
      <MDI key="STATISTICS_STDDEV">141.36884836798</MDI>
      <MDI key="STATISTICS_VALID_PERCENT">100</MDI>
    </Metadata>
  </PAMRasterBand>
  <PAMRasterBand band="3">
    <Histograms>
      <HistItem>
        <HistMin>209.0822222222222</HistMin>
        <HistMax>1075.917777777778</HistMax>
        <BucketCount>225</BucketCount>
        <IncludeOutOfRange>0</IncludeOutOfRange>
        <Approximate>0</Approximate>
        <HistCounts>3|1|3|3|10|6|1|2|3|2|1|0|1|2|0|2|1|1|2|0|1|1|1|3|0|0|0|1|2|0|1|1|0|0|0|0|0|1|0|0|1|0|0|0|1|0|2|3|1|0|0|1|0|1|0|0|0|0|0|1|0|0|0|0|0|2|1|1|0|0|0|0|1|0|1|0|1|0|0|1|2|1|0|1|1|1|1|0|1|1|0|0|0|0|0|1|0|1|2|0|1|0|1|2|1|1|0|1|1|1|0|0|1|0|1|0|2|2|1|4|2|0|0|1|0|1|1|4|1|0|2|1|1|2|2|5|2|0|0|2|3|0|4|0|2|0|0|2|4|1|2|1|0|1|1|3|1|3|3|0|2|1|2|2|1|1|2|2|1|4|0|3|3|1|1|3|1|3|4|1|0|2|0|1|0|1|0|1|1|0|0|1|0|1|2|1|2|1|0|0|1|1|0|1|0|0|0|0|0|0|0|0|0|1|0|0|0|1|0|0|0|0|0|1|1</HistCounts>
      </HistItem>
    </Histograms>
    <Metadata>
      <MDI key="STATISTICS_MINIMUM">211</MDI>
      <MDI key="STATISTICS_MAXIMUM">1074</MDI>
      <MDI key="STATISTICS_MEAN">619.38666666667</MDI>
      <MDI key="STATISTICS_STDDEV">254.14862982996</MDI>
      <MDI key="STATISTICS_VALID_PERCENT">100</MDI>
    </Metadata>
  </PAMRasterBand>
</PAMDataset>
