<PAMDataset>
  <PAMRasterBand band="1">
    <Histograms>
      <HistItem>
        <HistMin>222.3755555555556</HistMin>
        <HistMax>504.6244444444445</HistMax>
        <BucketCount>225</BucketCount>
        <IncludeOutOfRange>0</IncludeOutOfRange>
        <Approximate>0</Approximate>
        <HistCounts>1|0|0|0|0|0|0|0|2|1|2|2|0|0|0|1|1|1|1|0|1|0|0|0|0|1|4|1|0|5|4|0|1|4|0|1|1|4|1|3|2|2|4|1|0|2|3|4|3|2|1|1|3|5|2|2|4|2|5|0|0|4|1|4|5|3|4|4|1|4|2|5|3|1|0|1|0|7|0|2|1|2|0|2|4|3|3|1|6|1|0|0|0|0|1|1|7|0|0|0|2|0|2|0|1|1|0|0|1|0|0|0|0|0|1|0|1|1|0|0|0|2|1|0|1|1|0|0|3|1|1|0|1|1|0|0|0|0|0|0|1|0|1|0|1|0|0|0|0|0|0|0|0|0|0|0|0|0|0|1|0|0|1|2|0|0|0|2|0|0|0|1|0|1|0|0|0|0|0|0|0|1|0|0|1|0|0|0|0|2|0|0|0|0|0|0|0|0|1|0|0|0|1|1|0|1|0|0|0|1|0|0|1|0|0|1|0|1|2|1|0|1|1|0|1</HistCounts>
      </HistItem>
    </Histograms>
    <Metadata>
      <MDI key="STATISTICS_MINIMUM">223</MDI>
      <MDI key="STATISTICS_MAXIMUM">504</MDI>
      <MDI key="STATISTICS_MEAN">322.83111111111</MDI>
      <MDI key="STATISTICS_STDDEV">63.918405703321</MDI>
      <MDI key="STATISTICS_VALID_PERCENT">100</MDI>
    </Metadata>
  </PAMRasterBand>
  <PAMRasterBand band="2">
    <Histograms>
      <HistItem>
        <HistMin>172.3622222222222</HistMin>
        <HistMax>460.6377777777778</HistMax>
        <BucketCount>225</BucketCount>
        <IncludeOutOfRange>0</IncludeOutOfRange>
        <Approximate>0</Approximate>
        <HistCounts>1|0|0|1|1|1|0|1|0|3|0|1|1|0|1|0|0|3|1|1|1|2|0|4|1|1|1|6|2|1|9|1|2|2|5|2|2|11|6|6|3|12|0|4|5|4|4|6|5|5|1|5|4|2|0|3|5|3|2|4|2|3|5|1|0|2|1|2|0|0|1|1|2|2|0|1|2|0|0|0|1|1|0|0|0|0|0|1|0|0|0|1|1|0|3|2|0|0|0|0|0|1|0|0|0|1|0|0|1|0|0|0|0|0|0|0|0|0|1|0|0|0|0|0|0|0|0|1|0|0|0|0|0|0|0|0|0|1|0|0|0|0|0|0|1|0|1|0|0|0|1|1|0|2|0|0|0|1|0|1|0|0|0|0|1|0|0|0|0|0|0|0|0|1|0|0|1|0|0|0|2|0|0|0|1|0|0|0|1|0|0|0|0|0|0|0|0|1|2|0|0|0|0|0|2|0|1|0|0|0|0|0|1|1|0|1|0|0|0|0|0|0|1|0|1</HistCounts>
      </HistItem>
    </Histograms>
    <Metadata>
      <MDI key="STATISTICS_MINIMUM">173</MDI>
      <MDI key="STATISTICS_MAXIMUM">460</MDI>
      <MDI key="STATISTICS_MEAN">252.71555555556</MDI>
      <MDI key="STATISTICS_STDDEV">62.930218692544</MDI>
      <MDI key="STATISTICS_VALID_PERCENT">100</MDI>
    </Metadata>
  </PAMRasterBand>
  <PAMRasterBand band="3">
    <Histograms>
      <HistItem>
        <HistMin>177.9622222222222</HistMin>
        <HistMax>647.0377777777778</HistMax>
        <BucketCount>225</BucketCount>
        <IncludeOutOfRange>0</IncludeOutOfRange>
        <Approximate>0</Approximate>
        <HistCounts>1|2|0|1|1|1|2|2|3|0|1|2|3|1|4|3|2|2|5|2|3|4|6|5|11|6|4|8|1|5|5|6|4|5|6|5|2|2|2|7|3|4|4|4|1|0|5|4|3|2|1|1|0|0|2|0|1|0|3|1|0|1|3|0|3|0|3|1|0|1|1|0|0|0|1|0|0|0|0|0|0|0|1|0|0|1|1|0|0|0|0|0|1|0|0|0|1|1|1|1|1|0|0|1|0|1|0|0|0|0|0|0|0|0|0|0|0|0|0|0|0|0|1|0|1|1|0|0|0|0|0|0|0|0|0|0|0|0|0|0|0|0|0|0|1|0|0|0|0|0|1|1|0|2|0|0|0|2|0|1|0|0|0|0|0|0|0|0|0|0|0|0|0|0|0|0|0|3|0|0|0|1|0|0|0|0|0|0|0|0|1|0|1|0|0|0|1|0|0|1|1|0|0|1|0|0|0|0|0|0|0|0|1|1|1|0|0|0|0|0|0|0|1|0|1</HistCounts>
      </HistItem>
    </Histograms>
    <Metadata>
      <MDI key="STATISTICS_MINIMUM">179</MDI>
      <MDI key="STATISTICS_MAXIMUM">646</MDI>
      <MDI key="STATISTICS_MEAN">286.45777777778</MDI>
      <MDI key="STATISTICS_STDDEV">104.6462793072</MDI>
      <MDI key="STATISTICS_VALID_PERCENT">100</MDI>
    </Metadata>
  </PAMRasterBand>
</PAMDataset>
