<PAMDataset>
  <PAMRasterBand band="1">
    <Histograms>
      <HistItem>
        <HistMin>196.5027027027027</HistMin>
        <HistMax>381.4972972972973</HistMax>
        <BucketCount>185</BucketCount>
        <IncludeOutOfRange>0</IncludeOutOfRange>
        <Approximate>0</Approximate>
        <HistCounts>1|0|1|0|1|0|0|0|1|0|0|0|0|2|0|0|0|1|1|1|0|0|0|0|0|1|3|1|1|1|2|1|0|0|1|4|1|1|0|0|2|0|1|0|0|1|1|0|1|0|0|1|2|1|0|1|0|1|0|0|1|0|0|1|0|0|0|1|0|1|1|0|1|0|2|1|0|3|0|0|1|1|0|1|0|0|1|0|0|0|1|0|3|2|1|0|0|1|0|4|1|0|1|0|3|7|2|7|6|3|1|6|4|6|8|5|5|8|6|6|9|3|4|9|4|3|3|8|5|2|3|3|3|1|2|2|1|1|1|1|1|0|0|0|2|0|0|0|0|0|0|0|0|0|0|0|0|0|0|0|0|0|0|0|0|0|0|0|0|0|0|0|0|1|0|0|0|0|0|0|0|0|0|1|1</HistCounts>
      </HistItem>
    </Histograms>
    <Metadata>
      <MDI key="STATISTICS_MINIMUM">197</MDI>
      <MDI key="STATISTICS_MAXIMUM">381</MDI>
      <MDI key="STATISTICS_MEAN">297.46666666667</MDI>
      <MDI key="STATISTICS_STDDEV">35.684543806341</MDI>
      <MDI key="STATISTICS_VALID_PERCENT">100</MDI>
    </Metadata>
  </PAMRasterBand>
  <PAMRasterBand band="2">
    <Histograms>
      <HistItem>
        <HistMin>177.5027624309392</HistMin>
        <HistMax>358.4972375690608</HistMax>
        <BucketCount>181</BucketCount>
        <IncludeOutOfRange>0</IncludeOutOfRange>
        <Approximate>0</Approximate>
        <HistCounts>1|1|0|0|0|0|0|0|0|1|3|0|1|1|0|0|2|1|1|1|0|0|2|1|2|0|2|1|1|1|2|1|1|3|1|3|1|1|0|2|1|3|0|6|1|1|2|4|5|3|4|10|7|3|9|5|14|6|16|9|9|5|6|4|13|6|5|6|1|5|4|0|2|1|1|0|1|0|2|1|0|0|0|0|1|0|0|0|0|0|0|0|0|0|0|0|0|0|0|0|0|0|0|0|0|0|0|0|0|0|0|0|0|0|0|0|0|0|0|0|0|0|0|0|1|0|0|0|0|0|0|0|0|0|0|0|1|0|0|0|0|0|0|0|0|0|0|0|0|0|0|0|0|0|0|0|0|0|0|0|0|0|0|0|0|1|0|0|0|0|0|0|0|0|1|0|0|0|0|0|1</HistCounts>
      </HistItem>
    </Histograms>
    <Metadata>
      <MDI key="STATISTICS_MINIMUM">178</MDI>
      <MDI key="STATISTICS_MAXIMUM">358</MDI>
      <MDI key="STATISTICS_MEAN">232.44888888889</MDI>
      <MDI key="STATISTICS_STDDEV">21.839786549855</MDI>
      <MDI key="STATISTICS_VALID_PERCENT">100</MDI>
    </Metadata>
  </PAMRasterBand>
  <PAMRasterBand band="3">
    <Histograms>
      <HistItem>
        <HistMin>199.3844444444445</HistMin>
        <HistMax>477.6155555555555</HistMax>
        <BucketCount>225</BucketCount>
        <IncludeOutOfRange>0</IncludeOutOfRange>
        <Approximate>0</Approximate>
        <HistCounts>1|2|6|1|3|1|8|4|7|6|8|15|6|11|8|12|9|7|5|14|7|5|5|10|6|1|6|5|2|2|2|2|3|2|2|2|5|1|3|3|1|0|1|0|1|0|0|0|0|1|0|0|0|1|0|0|0|1|0|1|0|0|0|1|0|0|0|0|0|0|0|0|0|0|0|0|0|0|0|0|0|0|0|0|0|0|1|0|0|1|0|0|0|0|0|0|0|0|0|0|0|0|0|0|0|0|0|0|0|0|0|0|1|0|1|0|0|0|0|0|0|0|0|0|0|0|0|0|0|0|0|0|0|0|0|0|0|0|0|0|0|0|0|0|0|0|0|0|0|0|0|0|0|0|0|0|0|0|0|0|0|0|0|1|0|0|0|0|0|0|0|0|0|1|0|0|0|0|0|0|0|0|0|0|0|0|0|0|0|0|0|0|0|0|0|0|0|0|0|0|0|0|0|0|0|0|0|0|0|0|0|1|0|0|0|0|0|0|0|0|0|0|0|0|2</HistCounts>
      </HistItem>
    </Histograms>
    <Metadata>
      <MDI key="STATISTICS_MINIMUM">200</MDI>
      <MDI key="STATISTICS_MAXIMUM">477</MDI>
      <MDI key="STATISTICS_MEAN">229.82222222222</MDI>
      <MDI key="STATISTICS_STDDEV">38.044003112705</MDI>
      <MDI key="STATISTICS_VALID_PERCENT">100</MDI>
    </Metadata>
  </PAMRasterBand>
</PAMDataset>
