<PAMDataset>
  <PAMRasterBand band="1">
    <Histograms>
      <HistItem>
        <HistMin>228.50625</HistMin>
        <HistMax>308.49375</HistMax>
        <BucketCount>80</BucketCount>
        <IncludeOutOfRange>0</IncludeOutOfRange>
        <Approximate>0</Approximate>
        <HistCounts>1|0|1|1|1|0|0|0|1|0|0|0|0|0|1|0|0|0|0|1|1|3|2|0|1|1|0|0|1|1|2|1|5|1|2|1|2|4|4|2|1|7|6|5|3|3|5|8|9|5|11|7|8|8|11|4|8|9|7|6|2|5|5|5|2|4|6|5|3|4|2|2|1|2|1|1|1|0|1|1</HistCounts>
      </HistItem>
    </Histograms>
    <Metadata>
      <MDI key="STATISTICS_MINIMUM">229</MDI>
      <MDI key="STATISTICS_MAXIMUM">308</MDI>
      <MDI key="STATISTICS_MEAN">279.12</MDI>
      <MDI key="STATISTICS_STDDEV">14.230446233341</MDI>
      <MDI key="STATISTICS_VALID_PERCENT">100</MDI>
    </Metadata>
  </PAMRasterBand>
  <PAMRasterBand band="2">
    <Histograms>
      <HistItem>
        <HistMin>178.5075757575758</HistMin>
        <HistMax>244.4924242424242</HistMax>
        <BucketCount>66</BucketCount>
        <IncludeOutOfRange>0</IncludeOutOfRange>
        <Approximate>0</Approximate>
        <HistCounts>2|1|0|1|1|0|0|0|0|0|0|1|0|0|1|3|1|2|0|1|0|1|1|1|6|4|1|1|2|5|4|4|5|4|10|7|4|11|3|4|5|8|11|10|9|6|5|5|5|13|11|9|5|5|2|4|7|2|2|2|3|2|0|1|0|1</HistCounts>
      </HistItem>
    </Histograms>
    <Metadata>
      <MDI key="STATISTICS_MINIMUM">179</MDI>
      <MDI key="STATISTICS_MAXIMUM">244</MDI>
      <MDI key="STATISTICS_MEAN">219.50222222222</MDI>
      <MDI key="STATISTICS_STDDEV">12.233696432193</MDI>
      <MDI key="STATISTICS_VALID_PERCENT">100</MDI>
    </Metadata>
  </PAMRasterBand>
  <PAMRasterBand band="3">
    <Histograms>
      <HistItem>
        <HistMin>216.5050505050505</HistMin>
        <HistMax>315.4949494949495</HistMax>
        <BucketCount>99</BucketCount>
        <IncludeOutOfRange>0</IncludeOutOfRange>
        <Approximate>0</Approximate>
        <HistCounts>1|2|0|0|1|0|1|0|0|0|0|0|0|0|1|2|0|0|1|0|0|0|1|3|1|0|1|0|1|0|2|0|0|1|2|3|0|2|2|1|0|5|0|3|3|6|3|5|6|8|4|7|3|9|2|6|4|10|5|5|5|11|9|9|2|5|5|2|1|5|3|0|2|4|8|1|3|3|4|3|4|2|1|2|1|0|0|0|2|1|0|1|1|0|1|0|0|0|1</HistCounts>
      </HistItem>
    </Histograms>
    <Metadata>
      <MDI key="STATISTICS_MINIMUM">217</MDI>
      <MDI key="STATISTICS_MAXIMUM">315</MDI>
      <MDI key="STATISTICS_MEAN">273.42222222222</MDI>
      <MDI key="STATISTICS_STDDEV">17.469578496332</MDI>
      <MDI key="STATISTICS_VALID_PERCENT">100</MDI>
    </Metadata>
  </PAMRasterBand>
</PAMDataset>
