<PAMDataset>
  <PAMRasterBand band="1">
    <Histograms>
      <HistItem>
        <HistMin>233.7955555555556</HistMin>
        <HistMax>778.2044444444444</HistMax>
        <BucketCount>225</BucketCount>
        <IncludeOutOfRange>0</IncludeOutOfRange>
        <Approximate>0</Approximate>
        <HistCounts>1|2|0|4|2|0|0|2|2|3|4|2|1|2|0|2|2|4|2|1|2|4|1|2|0|1|3|3|0|4|1|2|0|1|2|1|2|0|5|3|0|4|1|1|2|1|1|0|3|1|2|2|0|2|3|2|1|4|3|4|5|6|3|1|5|2|1|6|4|5|2|6|2|2|2|3|4|0|1|2|2|1|0|2|1|1|3|1|1|0|0|1|2|1|1|2|1|1|1|0|0|2|0|0|1|2|0|0|1|1|0|1|1|0|1|1|0|0|2|0|0|0|0|0|0|0|1|1|0|0|0|0|0|1|2|0|1|1|0|0|0|0|0|0|0|0|0|1|0|0|0|2|0|1|1|0|0|0|0|0|0|0|0|0|0|0|0|0|0|1|0|0|0|0|0|1|0|0|0|0|0|0|0|1|0|0|0|1|0|0|0|0|0|0|0|0|0|0|0|0|0|0|0|0|0|0|0|0|0|0|0|0|0|0|0|0|0|0|0|0|0|1|0|0|1</HistCounts>
      </HistItem>
    </Histograms>
    <Metadata>
      <MDI key="STATISTICS_MINIMUM">235</MDI>
      <MDI key="STATISTICS_MAXIMUM">777</MDI>
      <MDI key="STATISTICS_MEAN">383.23555555556</MDI>
      <MDI key="STATISTICS_STDDEV">98.682577896237</MDI>
      <MDI key="STATISTICS_VALID_PERCENT">100</MDI>
    </Metadata>
  </PAMRasterBand>
  <PAMRasterBand band="2">
    <Histograms>
      <HistItem>
        <HistMin>227.8377777777778</HistMin>
        <HistMax>753.1622222222222</HistMax>
        <BucketCount>225</BucketCount>
        <IncludeOutOfRange>0</IncludeOutOfRange>
        <Approximate>0</Approximate>
        <HistCounts>1|0|10|2|3|0|5|5|5|5|1|1|9|2|3|4|4|3|3|2|1|6|0|5|4|2|0|0|1|0|4|0|0|1|1|1|1|1|2|1|3|2|1|3|1|3|1|2|6|2|0|1|0|1|4|0|4|4|2|1|7|2|1|6|5|1|6|1|4|3|1|0|2|1|0|0|0|1|1|2|1|0|2|0|0|1|0|2|2|0|2|0|1|3|0|0|0|0|1|0|1|0|0|0|0|2|1|0|1|2|1|0|0|1|1|0|1|0|1|0|0|0|0|1|2|0|1|0|0|0|0|0|0|0|0|0|0|0|0|0|0|1|0|0|0|0|0|0|0|1|0|0|0|0|0|1|0|1|0|0|0|2|0|0|0|0|0|0|0|0|0|0|0|0|0|1|0|0|0|0|0|0|0|0|0|1|0|0|0|0|0|0|0|0|0|0|0|0|0|0|0|0|0|0|0|1|0|0|0|0|0|0|0|0|0|0|0|0|0|0|0|0|0|0|1</HistCounts>
      </HistItem>
    </Histograms>
    <Metadata>
      <MDI key="STATISTICS_MINIMUM">229</MDI>
      <MDI key="STATISTICS_MAXIMUM">752</MDI>
      <MDI key="STATISTICS_MEAN">346.06666666667</MDI>
      <MDI key="STATISTICS_STDDEV">96.64321554621</MDI>
      <MDI key="STATISTICS_VALID_PERCENT">100</MDI>
    </Metadata>
  </PAMRasterBand>
  <PAMRasterBand band="3">
    <Histograms>
      <HistItem>
        <HistMin>225.26</HistMin>
        <HistMax>1011.74</HistMax>
        <BucketCount>225</BucketCount>
        <IncludeOutOfRange>0</IncludeOutOfRange>
        <Approximate>0</Approximate>
        <HistCounts>1|0|1|1|0|0|2|3|1|1|4|5|7|5|4|5|0|6|4|5|1|5|5|3|1|2|1|3|0|0|1|3|1|2|0|1|3|0|1|2|1|3|0|1|0|1|1|0|3|0|2|4|1|2|2|1|1|4|3|0|3|1|1|3|3|2|2|1|0|2|2|1|2|0|4|0|5|0|2|0|4|1|4|3|0|1|2|5|3|1|3|1|2|1|2|1|2|0|0|2|1|0|0|0|3|0|2|1|0|0|0|0|2|1|1|0|0|1|0|1|0|0|3|0|0|0|2|1|1|0|1|0|0|0|1|1|0|0|0|0|0|0|0|1|0|0|0|0|0|0|1|0|0|1|0|0|0|0|0|0|1|0|0|0|1|0|0|0|0|0|0|1|0|1|0|0|0|0|0|0|0|0|0|0|0|0|0|0|0|1|0|0|0|0|0|0|0|0|0|0|0|0|0|0|0|0|0|0|0|0|0|0|0|0|0|0|0|1|0|0|0|0|0|0|1</HistCounts>
      </HistItem>
    </Histograms>
    <Metadata>
      <MDI key="STATISTICS_MINIMUM">227</MDI>
      <MDI key="STATISTICS_MAXIMUM">1010</MDI>
      <MDI key="STATISTICS_MEAN">433.53333333333</MDI>
      <MDI key="STATISTICS_STDDEV">149.97507941136</MDI>
      <MDI key="STATISTICS_VALID_PERCENT">100</MDI>
    </Metadata>
  </PAMRasterBand>
</PAMDataset>
