<PAMDataset>
  <PAMRasterBand band="1">
    <Histograms>
      <HistItem>
        <HistMin>253.9333333333333</HistMin>
        <HistMax>736.0666666666667</HistMax>
        <BucketCount>225</BucketCount>
        <IncludeOutOfRange>0</IncludeOutOfRange>
        <Approximate>0</Approximate>
        <HistCounts>1|2|0|0|0|1|1|0|2|1|0|0|2|3|1|3|3|2|2|1|3|4|2|2|4|2|1|0|5|1|3|2|1|2|1|9|6|3|5|6|3|3|6|5|8|5|6|3|2|5|2|1|3|4|2|3|1|3|2|2|2|2|1|5|4|1|4|0|1|0|3|1|1|1|0|0|2|2|0|1|1|0|3|0|1|3|1|1|2|0|1|2|1|0|0|6|0|2|1|1|0|1|0|1|0|1|0|0|1|1|0|0|1|1|0|0|0|0|0|1|0|0|0|0|0|0|0|0|0|0|1|0|0|0|1|0|0|0|0|0|0|0|0|0|0|0|0|0|0|0|0|0|0|0|0|0|0|0|0|0|0|0|0|0|0|0|0|0|0|0|0|0|0|0|0|0|0|0|1|0|0|0|0|0|0|0|0|0|0|0|0|0|0|0|0|0|0|0|0|0|0|0|0|0|0|0|0|0|0|0|0|0|0|0|0|0|0|0|0|0|0|0|0|0|1</HistCounts>
      </HistItem>
    </Histograms>
    <Metadata>
      <MDI key="STATISTICS_MINIMUM">255</MDI>
      <MDI key="STATISTICS_MAXIMUM">735</MDI>
      <MDI key="STATISTICS_MEAN">364.36888888889</MDI>
      <MDI key="STATISTICS_STDDEV">64.632719000767</MDI>
      <MDI key="STATISTICS_VALID_PERCENT">100</MDI>
    </Metadata>
  </PAMRasterBand>
  <PAMRasterBand band="2">
    <Histograms>
      <HistItem>
        <HistMin>200.7911111111111</HistMin>
        <HistMax>747.2088888888889</HistMax>
        <BucketCount>225</BucketCount>
        <IncludeOutOfRange>0</IncludeOutOfRange>
        <Approximate>0</Approximate>
        <HistCounts>1|2|0|0|0|3|2|2|1|5|2|2|2|2|2|3|3|3|2|3|4|7|2|7|5|3|6|4|6|7|5|4|2|10|5|5|3|5|3|3|4|1|5|1|3|4|1|4|2|7|2|1|0|2|2|1|2|1|2|0|1|1|0|1|1|3|4|1|2|1|0|1|3|0|1|2|0|1|2|0|0|2|2|1|1|0|0|1|0|0|0|1|1|0|0|0|0|0|2|1|0|1|0|1|0|1|0|0|0|0|0|0|0|0|0|0|0|0|0|0|0|0|1|0|0|0|0|0|0|0|0|0|0|0|0|1|0|0|0|0|0|0|0|0|0|0|0|0|0|0|0|0|0|0|0|0|0|0|0|0|0|0|0|0|0|0|0|0|0|0|0|1|0|0|0|0|0|0|0|0|0|0|0|0|0|0|0|0|0|0|0|0|0|0|0|0|0|0|0|0|0|0|0|0|0|0|0|0|0|0|0|0|0|0|0|0|0|0|0|0|0|0|0|0|1</HistCounts>
      </HistItem>
    </Histograms>
    <Metadata>
      <MDI key="STATISTICS_MINIMUM">202</MDI>
      <MDI key="STATISTICS_MAXIMUM">746</MDI>
      <MDI key="STATISTICS_MEAN">300.64</MDI>
      <MDI key="STATISTICS_STDDEV">68.844360375818</MDI>
      <MDI key="STATISTICS_VALID_PERCENT">100</MDI>
    </Metadata>
  </PAMRasterBand>
  <PAMRasterBand band="3">
    <Histograms>
      <HistItem>
        <HistMin>218.06</HistMin>
        <HistMax>1094.94</HistMax>
        <BucketCount>225</BucketCount>
        <IncludeOutOfRange>0</IncludeOutOfRange>
        <Approximate>0</Approximate>
        <HistCounts>1|2|0|0|3|5|2|4|0|4|2|3|4|1|1|3|7|5|7|6|7|5|7|8|5|7|5|4|4|5|5|5|6|1|3|6|4|4|2|1|4|1|2|4|1|4|1|0|1|2|2|2|5|2|2|1|3|4|1|3|0|0|1|1|2|1|0|0|0|3|0|1|1|1|1|0|1|0|0|0|0|0|1|0|1|0|0|0|0|1|1|1|0|0|0|1|1|0|0|0|2|0|0|0|0|0|0|0|0|0|0|0|0|0|0|0|0|0|0|0|0|0|0|0|1|0|0|0|0|0|0|0|0|0|0|1|0|0|0|0|0|0|0|0|0|0|0|0|0|0|0|0|0|0|0|0|0|0|0|0|0|0|0|0|0|0|0|0|0|0|0|1|0|0|0|0|0|0|0|0|0|0|0|0|0|0|0|0|0|0|0|0|0|0|0|0|0|0|0|0|0|0|0|0|0|0|0|0|0|0|0|0|0|0|0|0|0|0|0|0|0|0|0|0|1</HistCounts>
      </HistItem>
    </Histograms>
    <Metadata>
      <MDI key="STATISTICS_MINIMUM">220</MDI>
      <MDI key="STATISTICS_MAXIMUM">1093</MDI>
      <MDI key="STATISTICS_MEAN">357.71555555556</MDI>
      <MDI key="STATISTICS_STDDEV">106.54138049615</MDI>
      <MDI key="STATISTICS_VALID_PERCENT">100</MDI>
    </Metadata>
  </PAMRasterBand>
</PAMDataset>
