<PAMDataset>
  <PAMRasterBand band="1">
    <Histograms>
      <HistItem>
        <HistMin>258.5046728971963</HistMin>
        <HistMax>365.4953271028037</HistMax>
        <BucketCount>107</BucketCount>
        <IncludeOutOfRange>0</IncludeOutOfRange>
        <Approximate>0</Approximate>
        <HistCounts>1|0|0|0|0|2|0|1|1|4|2|4|1|2|4|4|3|0|1|7|4|8|4|1|9|7|3|6|4|5|5|5|1|9|5|8|4|5|7|1|2|3|5|2|10|4|7|3|2|4|2|3|4|2|0|0|0|2|0|0|2|3|2|1|2|2|0|1|0|0|2|2|1|1|1|1|0|2|0|0|0|0|1|0|0|0|0|1|0|1|0|1|0|0|0|0|1|0|0|1|1|1|0|0|0|0|1</HistCounts>
      </HistItem>
    </Histograms>
    <Metadata>
      <MDI key="STATISTICS_MINIMUM">259</MDI>
      <MDI key="STATISTICS_MAXIMUM">365</MDI>
      <MDI key="STATISTICS_MEAN">296.30666666667</MDI>
      <MDI key="STATISTICS_STDDEV">19.902857416294</MDI>
      <MDI key="STATISTICS_VALID_PERCENT">100</MDI>
    </Metadata>
  </PAMRasterBand>
  <PAMRasterBand band="2">
    <Histograms>
      <HistItem>
        <HistMin>195.506329113924</HistMin>
        <HistMax>274.493670886076</HistMax>
        <BucketCount>79</BucketCount>
        <IncludeOutOfRange>0</IncludeOutOfRange>
        <Approximate>0</Approximate>
        <HistCounts>1|0|0|0|0|0|2|0|3|3|0|5|8|5|5|6|3|3|8|7|9|5|8|3|11|3|7|9|6|12|7|4|4|6|3|4|3|5|2|6|1|4|2|2|5|4|1|1|2|1|0|2|1|3|2|1|1|1|0|1|0|0|1|3|2|1|0|1|2|0|0|0|0|0|0|3|0|0|1</HistCounts>
      </HistItem>
    </Histograms>
    <Metadata>
      <MDI key="STATISTICS_MINIMUM">196</MDI>
      <MDI key="STATISTICS_MAXIMUM">274</MDI>
      <MDI key="STATISTICS_MEAN">225.95555555556</MDI>
      <MDI key="STATISTICS_STDDEV">15.250436140292</MDI>
      <MDI key="STATISTICS_VALID_PERCENT">100</MDI>
    </Metadata>
  </PAMRasterBand>
  <PAMRasterBand band="3">
    <Histograms>
      <HistItem>
        <HistMin>180.5052631578947</HistMin>
        <HistMax>275.4947368421053</HistMax>
        <BucketCount>95</BucketCount>
        <IncludeOutOfRange>0</IncludeOutOfRange>
        <Approximate>0</Approximate>
        <HistCounts>1|0|0|0|0|0|1|1|2|1|0|5|4|8|2|3|3|7|2|9|6|8|6|7|8|6|8|6|10|4|11|2|8|2|6|6|5|6|3|5|3|3|2|1|3|2|3|3|2|2|2|0|1|3|2|1|1|1|0|1|1|1|3|0|1|0|0|1|0|0|1|0|3|2|0|0|1|0|1|0|0|1|0|0|0|0|0|0|0|0|0|0|0|0|1</HistCounts>
      </HistItem>
    </Histograms>
    <Metadata>
      <MDI key="STATISTICS_MINIMUM">181</MDI>
      <MDI key="STATISTICS_MAXIMUM">275</MDI>
      <MDI key="STATISTICS_MEAN">212.68888888889</MDI>
      <MDI key="STATISTICS_STDDEV">16.020850611656</MDI>
      <MDI key="STATISTICS_VALID_PERCENT">100</MDI>
    </Metadata>
  </PAMRasterBand>
</PAMDataset>
