<PAMDataset>
  <PAMRasterBand band="1">
    <Histograms>
      <HistItem>
        <HistMin>289.50390625</HistMin>
        <HistMax>417.49609375</HistMax>
        <BucketCount>128</BucketCount>
        <IncludeOutOfRange>0</IncludeOutOfRange>
        <Approximate>0</Approximate>
        <HistCounts>1|1|1|1|1|1|1|0|1|1|0|0|1|2|0|2|3|2|1|2|1|5|3|7|7|6|4|3|3|9|7|3|3|3|2|7|2|7|7|3|10|2|1|0|0|4|4|3|4|1|2|3|5|3|3|3|3|2|4|0|2|1|2|0|1|1|1|1|2|0|2|3|2|2|1|1|2|2|0|1|1|0|2|2|1|2|4|0|0|0|0|0|0|2|0|0|2|1|0|0|1|0|1|0|0|0|1|1|0|2|0|0|1|0|0|0|0|0|0|0|1|0|0|0|1|0|0|1</HistCounts>
      </HistItem>
    </Histograms>
    <Metadata>
      <MDI key="STATISTICS_MINIMUM">290</MDI>
      <MDI key="STATISTICS_MAXIMUM">417</MDI>
      <MDI key="STATISTICS_MEAN">335.47111111111</MDI>
      <MDI key="STATISTICS_STDDEV">25.534470141988</MDI>
      <MDI key="STATISTICS_VALID_PERCENT">100</MDI>
    </Metadata>
  </PAMRasterBand>
  <PAMRasterBand band="2">
    <Histograms>
      <HistItem>
        <HistMin>232.504347826087</HistMin>
        <HistMax>347.495652173913</HistMax>
        <BucketCount>115</BucketCount>
        <IncludeOutOfRange>0</IncludeOutOfRange>
        <Approximate>0</Approximate>
        <HistCounts>1|2|0|0|0|1|3|2|1|3|1|2|2|1|4|3|6|3|4|8|2|2|7|2|2|7|10|7|8|4|5|3|2|2|5|2|5|4|2|2|1|2|4|6|1|3|0|3|1|2|3|2|2|0|7|2|2|2|1|1|0|2|5|0|4|0|3|1|4|2|1|0|0|0|1|2|1|1|1|1|1|1|2|1|0|1|1|1|1|0|0|0|3|0|0|1|0|1|0|2|1|0|0|1|0|0|0|0|0|1|0|0|0|0|2</HistCounts>
      </HistItem>
    </Histograms>
    <Metadata>
      <MDI key="STATISTICS_MINIMUM">233</MDI>
      <MDI key="STATISTICS_MAXIMUM">347</MDI>
      <MDI key="STATISTICS_MEAN">273.58666666667</MDI>
      <MDI key="STATISTICS_STDDEV">24.773512737061</MDI>
      <MDI key="STATISTICS_VALID_PERCENT">100</MDI>
    </Metadata>
  </PAMRasterBand>
  <PAMRasterBand band="3">
    <Histograms>
      <HistItem>
        <HistMin>285.5030864197531</HistMin>
        <HistMax>447.4969135802469</HistMax>
        <BucketCount>162</BucketCount>
        <IncludeOutOfRange>0</IncludeOutOfRange>
        <Approximate>0</Approximate>
        <HistCounts>1|0|0|0|0|2|1|1|1|1|0|2|1|1|1|1|2|0|4|3|1|1|0|5|4|2|3|5|3|5|3|5|5|7|8|4|4|4|4|3|3|4|1|3|3|2|1|2|2|1|1|1|3|1|2|1|1|4|1|1|3|1|0|1|2|1|1|1|3|1|2|1|5|0|1|1|1|1|4|0|1|0|1|2|0|2|1|1|3|1|2|1|0|0|2|0|4|2|1|1|2|1|2|0|0|0|1|0|0|2|0|0|0|0|0|2|2|0|0|1|1|1|2|0|1|0|1|1|2|0|0|0|0|2|0|0|2|1|0|1|0|1|0|0|1|1|0|0|0|0|0|1|0|0|0|0|0|0|0|0|1|1</HistCounts>
      </HistItem>
    </Histograms>
    <Metadata>
      <MDI key="STATISTICS_MINIMUM">286</MDI>
      <MDI key="STATISTICS_MAXIMUM">447</MDI>
      <MDI key="STATISTICS_MEAN">344.02666666667</MDI>
      <MDI key="STATISTICS_STDDEV">36.588877484224</MDI>
      <MDI key="STATISTICS_VALID_PERCENT">100</MDI>
    </Metadata>
  </PAMRasterBand>
</PAMDataset>
