<PAMDataset>
  <PAMRasterBand band="1">
    <Histograms>
      <HistItem>
        <HistMin>284.2177777777778</HistMin>
        <HistMax>637.7822222222222</HistMax>
        <BucketCount>225</BucketCount>
        <IncludeOutOfRange>0</IncludeOutOfRange>
        <Approximate>0</Approximate>
        <HistCounts>1|0|0|0|0|0|0|0|0|0|0|0|0|0|0|0|0|0|0|0|0|0|1|0|0|0|0|0|0|0|0|0|1|1|0|0|0|0|0|0|0|0|0|0|0|0|0|0|0|0|0|0|0|0|0|0|0|0|0|1|0|0|0|0|0|0|1|3|1|0|0|6|5|9|11|5|7|2|4|2|5|7|0|8|3|8|4|9|5|6|3|4|3|3|5|3|1|6|1|5|3|4|3|1|2|1|1|0|1|0|0|0|2|0|0|1|2|0|1|0|2|1|0|1|0|1|2|1|0|3|0|1|0|0|2|3|4|1|1|0|0|1|1|2|2|0|2|2|2|0|1|2|0|1|1|3|0|2|1|0|1|0|0|0|0|0|0|1|1|0|0|0|1|0|0|0|0|0|0|0|0|0|0|0|0|0|0|0|0|0|1|0|0|0|0|0|0|0|0|0|0|0|0|0|0|0|0|0|0|0|0|0|0|0|0|0|0|0|0|0|0|0|0|0|2</HistCounts>
      </HistItem>
    </Histograms>
    <Metadata>
      <MDI key="STATISTICS_MINIMUM">285</MDI>
      <MDI key="STATISTICS_MAXIMUM">637</MDI>
      <MDI key="STATISTICS_MEAN">440.08</MDI>
      <MDI key="STATISTICS_STDDEV">48.872558080515</MDI>
      <MDI key="STATISTICS_VALID_PERCENT">100</MDI>
    </Metadata>
  </PAMRasterBand>
  <PAMRasterBand band="2">
    <Histograms>
      <HistItem>
        <HistMin>273.3044444444445</HistMin>
        <HistMax>587.6955555555555</HistMax>
        <BucketCount>225</BucketCount>
        <IncludeOutOfRange>0</IncludeOutOfRange>
        <Approximate>0</Approximate>
        <HistCounts>1|0|0|0|0|0|0|0|0|0|0|0|0|0|0|0|0|0|0|0|0|0|1|0|0|0|0|0|0|0|0|2|0|0|0|0|0|0|0|0|0|0|0|0|0|0|1|0|0|1|1|1|1|2|3|0|0|4|1|9|1|2|2|2|3|3|6|3|5|9|6|8|5|1|12|3|6|9|4|11|3|2|5|6|4|0|0|2|2|2|0|0|1|1|0|0|0|1|0|1|0|0|0|1|2|1|1|0|0|2|0|1|1|0|0|1|0|0|0|1|2|0|0|1|2|1|2|1|1|2|1|0|1|1|0|1|0|1|0|1|1|1|1|0|0|0|0|0|0|0|0|0|1|0|3|1|0|2|1|0|1|0|1|1|1|0|0|0|1|1|4|1|0|1|0|1|1|0|1|0|2|0|0|1|0|2|0|0|0|1|0|0|0|1|0|0|0|0|1|0|0|0|0|0|0|0|0|0|0|0|0|0|0|0|0|0|0|0|0|0|0|1|0|0|2</HistCounts>
      </HistItem>
    </Histograms>
    <Metadata>
      <MDI key="STATISTICS_MINIMUM">274</MDI>
      <MDI key="STATISTICS_MAXIMUM">587</MDI>
      <MDI key="STATISTICS_MEAN">404.88888888889</MDI>
      <MDI key="STATISTICS_STDDEV">57.311554864509</MDI>
      <MDI key="STATISTICS_VALID_PERCENT">100</MDI>
    </Metadata>
  </PAMRasterBand>
  <PAMRasterBand band="3">
    <Histograms>
      <HistItem>
        <HistMin>382.9955555555555</HistMin>
        <HistMax>837.0044444444444</HistMax>
        <BucketCount>225</BucketCount>
        <IncludeOutOfRange>0</IncludeOutOfRange>
        <Approximate>0</Approximate>
        <HistCounts>1|0|0|0|0|0|0|0|0|0|0|0|0|0|0|0|0|0|1|0|0|1|0|2|1|4|6|2|2|3|6|2|2|1|2|1|2|6|2|6|3|3|2|3|2|4|2|5|5|7|2|4|4|7|0|5|6|5|4|4|4|1|3|2|3|1|1|1|1|2|0|0|4|0|0|2|0|1|1|0|1|1|0|1|1|1|1|1|2|0|0|1|2|0|0|0|1|0|0|0|0|1|0|3|1|0|0|0|1|2|0|1|0|0|0|0|0|0|1|0|3|0|1|0|0|1|0|1|0|1|0|0|0|1|0|0|0|0|0|0|1|0|0|0|1|0|0|1|0|0|1|1|1|0|1|0|0|1|1|1|0|0|0|1|1|2|0|1|2|0|0|1|1|0|4|0|0|1|1|0|0|0|0|1|2|0|0|2|0|1|0|0|0|0|0|1|0|0|0|0|1|0|0|0|0|0|1|0|0|0|0|0|0|0|0|0|0|0|0|2|0|0|0|0|1</HistCounts>
      </HistItem>
    </Histograms>
    <Metadata>
      <MDI key="STATISTICS_MINIMUM">384</MDI>
      <MDI key="STATISTICS_MAXIMUM">836</MDI>
      <MDI key="STATISTICS_MEAN">535.81333333333</MDI>
      <MDI key="STATISTICS_STDDEV">101.76841160203</MDI>
      <MDI key="STATISTICS_VALID_PERCENT">100</MDI>
    </Metadata>
  </PAMRasterBand>
</PAMDataset>
