<PAMDataset>
  <PAMRasterBand band="1">
    <Histograms>
      <HistItem>
        <HistMin>291.5030674846626</HistMin>
        <HistMax>454.4969325153374</HistMax>
        <BucketCount>163</BucketCount>
        <IncludeOutOfRange>0</IncludeOutOfRange>
        <Approximate>0</Approximate>
        <HistCounts>2|2|0|1|1|0|0|1|2|1|0|1|1|2|3|4|0|2|4|0|8|1|1|3|0|2|3|7|2|1|4|7|2|6|2|8|0|2|2|1|4|7|5|5|4|8|4|2|1|4|1|4|8|2|4|0|4|1|5|3|4|4|2|3|4|2|1|2|0|0|4|1|0|1|0|2|2|1|0|2|0|2|1|0|2|2|0|0|1|1|0|1|0|0|0|0|0|0|1|2|1|0|0|0|1|0|0|1|0|0|1|0|0|0|1|0|0|0|1|0|0|1|0|0|0|0|0|0|1|0|0|0|0|0|0|1|0|1|0|0|0|0|0|0|0|1|0|0|0|0|0|0|0|0|0|0|0|0|0|0|0|0|1</HistCounts>
      </HistItem>
    </Histograms>
    <Metadata>
      <MDI key="STATISTICS_MINIMUM">292</MDI>
      <MDI key="STATISTICS_MAXIMUM">454</MDI>
      <MDI key="STATISTICS_MEAN">339.77333333333</MDI>
      <MDI key="STATISTICS_STDDEV">27.61701890743</MDI>
      <MDI key="STATISTICS_VALID_PERCENT">100</MDI>
    </Metadata>
  </PAMRasterBand>
  <PAMRasterBand band="2">
    <Histograms>
      <HistItem>
        <HistMin>238.5032894736842</HistMin>
        <HistMax>390.4967105263158</HistMax>
        <BucketCount>152</BucketCount>
        <IncludeOutOfRange>0</IncludeOutOfRange>
        <Approximate>0</Approximate>
        <HistCounts>1|0|1|2|0|0|1|3|1|1|2|0|4|2|3|4|1|1|4|0|4|7|5|1|3|6|2|2|2|3|1|5|3|7|4|2|4|1|3|3|3|1|3|2|7|4|1|8|6|8|3|4|1|3|4|4|1|5|2|1|2|4|4|3|0|5|3|0|2|0|0|0|2|3|1|2|1|1|2|1|0|2|0|0|0|1|2|0|0|0|0|0|2|1|0|0|2|1|0|0|0|0|0|0|0|0|0|0|0|0|0|0|0|0|3|0|0|0|0|1|0|0|0|0|0|1|0|0|0|0|0|0|1|1|0|0|0|0|0|0|0|0|0|0|0|0|0|0|0|0|0|1</HistCounts>
      </HistItem>
    </Histograms>
    <Metadata>
      <MDI key="STATISTICS_MINIMUM">239</MDI>
      <MDI key="STATISTICS_MAXIMUM">390</MDI>
      <MDI key="STATISTICS_MEAN">284.40444444444</MDI>
      <MDI key="STATISTICS_STDDEV">26.115827091849</MDI>
      <MDI key="STATISTICS_VALID_PERCENT">100</MDI>
    </Metadata>
  </PAMRasterBand>
  <PAMRasterBand band="3">
    <Histograms>
      <HistItem>
        <HistMin>287.502380952381</HistMin>
        <HistMax>497.497619047619</HistMax>
        <BucketCount>210</BucketCount>
        <IncludeOutOfRange>0</IncludeOutOfRange>
        <Approximate>0</Approximate>
        <HistCounts>1|0|0|0|0|0|0|1|0|0|2|1|0|2|2|1|0|1|0|4|0|1|3|0|2|2|2|2|0|1|1|3|5|0|2|3|3|3|1|3|5|4|2|2|2|3|3|1|2|2|5|6|2|3|5|5|1|2|3|2|2|1|2|3|3|2|1|3|4|7|4|5|3|5|1|0|2|1|3|2|4|0|2|2|1|2|2|1|4|2|0|1|4|0|1|2|0|1|1|0|0|1|3|1|2|2|0|0|1|1|0|0|0|1|1|0|0|2|0|1|0|0|1|0|2|0|0|1|0|0|1|0|0|0|0|0|0|0|0|0|0|0|0|0|0|0|0|0|0|0|0|0|0|0|0|0|0|0|0|0|1|0|0|1|1|1|0|0|0|0|0|0|0|0|1|0|0|0|0|0|0|0|0|1|0|1|0|0|0|0|0|0|0|0|0|0|0|0|0|0|0|0|0|0|0|0|0|0|0|1</HistCounts>
      </HistItem>
    </Histograms>
    <Metadata>
      <MDI key="STATISTICS_MINIMUM">288</MDI>
      <MDI key="STATISTICS_MAXIMUM">497</MDI>
      <MDI key="STATISTICS_MEAN">352.20888888889</MDI>
      <MDI key="STATISTICS_STDDEV">34.434296999889</MDI>
      <MDI key="STATISTICS_VALID_PERCENT">100</MDI>
    </Metadata>
  </PAMRasterBand>
</PAMDataset>
