<PAMDataset>
  <PAMRasterBand band="1">
    <Histograms>
      <HistItem>
        <HistMin>246.4288888888889</HistMin>
        <HistMax>504.5711111111111</HistMax>
        <BucketCount>225</BucketCount>
        <IncludeOutOfRange>0</IncludeOutOfRange>
        <Approximate>0</Approximate>
        <HistCounts>1|1|0|0|0|0|0|0|0|0|0|0|0|1|0|1|0|0|0|0|1|0|0|0|1|0|0|1|2|0|1|0|3|1|0|0|1|4|0|1|0|0|0|1|2|1|0|0|1|0|0|1|0|1|2|1|1|1|2|1|2|3|2|2|6|1|3|1|5|2|1|2|0|3|4|0|4|3|5|2|0|2|2|1|1|5|2|1|2|1|4|2|3|0|3|3|1|1|6|2|1|1|1|2|3|2|3|2|0|0|1|3|8|1|3|2|3|0|4|4|3|5|3|2|2|1|4|1|2|0|0|0|3|0|0|0|1|2|0|2|0|0|1|0|0|1|1|0|0|0|2|0|0|1|0|0|0|0|1|0|0|0|0|0|0|0|0|1|0|1|0|1|0|1|1|0|0|0|0|1|0|0|0|2|0|0|1|0|0|0|0|0|0|1|0|0|0|0|0|0|0|0|0|0|0|0|0|1|0|0|1|0|2|0|0|0|0|0|0|0|0|0|0|0|1</HistCounts>
      </HistItem>
    </Histograms>
    <Metadata>
      <MDI key="STATISTICS_MINIMUM">247</MDI>
      <MDI key="STATISTICS_MAXIMUM">504</MDI>
      <MDI key="STATISTICS_MEAN">355.96444444444</MDI>
      <MDI key="STATISTICS_STDDEV">46.128502423149</MDI>
      <MDI key="STATISTICS_VALID_PERCENT">100</MDI>
    </Metadata>
  </PAMRasterBand>
  <PAMRasterBand band="2">
    <Histograms>
      <HistItem>
        <HistMin>215.44</HistMin>
        <HistMax>468.56</HistMax>
        <BucketCount>225</BucketCount>
        <IncludeOutOfRange>0</IncludeOutOfRange>
        <Approximate>0</Approximate>
        <HistCounts>1|0|0|1|1|0|0|1|0|0|2|0|2|0|0|0|0|0|0|0|1|0|0|1|2|0|1|0|1|0|0|2|1|2|1|0|3|2|0|0|3|1|2|2|5|3|3|1|1|3|4|2|3|6|1|3|2|4|1|4|3|3|1|0|0|2|1|2|1|0|3|3|3|3|0|3|6|2|0|1|1|1|2|1|2|3|0|2|0|2|0|2|5|0|3|0|0|0|2|1|0|1|1|3|2|3|0|1|0|0|1|2|1|3|2|0|5|1|3|2|0|4|0|1|1|0|6|2|1|0|0|1|4|1|3|0|1|4|1|2|1|1|0|0|1|0|0|1|0|0|0|0|0|0|0|0|1|0|0|1|0|0|1|0|2|0|1|1|1|0|0|0|1|0|0|0|0|0|1|1|0|0|0|0|0|0|0|0|0|1|0|0|0|0|0|0|0|0|0|0|0|0|0|0|0|0|0|1|1|0|0|0|0|0|0|0|0|0|0|0|0|0|0|0|1</HistCounts>
      </HistItem>
    </Histograms>
    <Metadata>
      <MDI key="STATISTICS_MINIMUM">216</MDI>
      <MDI key="STATISTICS_MAXIMUM">468</MDI>
      <MDI key="STATISTICS_MEAN">311.55111111111</MDI>
      <MDI key="STATISTICS_STDDEV">48.251547458074</MDI>
      <MDI key="STATISTICS_VALID_PERCENT">100</MDI>
    </Metadata>
  </PAMRasterBand>
  <PAMRasterBand band="3">
    <Histograms>
      <HistItem>
        <HistMin>253.1333333333333</HistMin>
        <HistMax>644.8666666666667</HistMax>
        <BucketCount>225</BucketCount>
        <IncludeOutOfRange>0</IncludeOutOfRange>
        <Approximate>0</Approximate>
        <HistCounts>1|1|0|0|0|0|1|0|0|0|0|1|0|0|1|0|1|2|1|0|1|0|0|1|0|0|0|1|1|2|0|2|0|1|1|0|3|2|2|1|4|1|0|1|2|0|1|0|0|4|1|2|2|4|1|2|4|2|1|1|3|3|1|1|4|1|1|5|3|2|0|1|3|0|2|3|6|1|1|3|3|3|5|2|2|3|2|2|1|0|4|1|0|0|1|1|0|0|0|0|1|0|2|2|0|5|2|2|0|2|2|4|2|4|0|1|1|4|4|2|2|4|1|0|2|0|0|2|1|3|1|1|2|1|2|0|1|2|4|0|2|0|1|0|0|1|0|0|2|2|1|0|0|0|0|1|0|0|1|1|0|1|1|0|1|0|0|0|0|0|0|0|0|2|0|0|0|1|0|0|0|0|0|0|0|0|0|0|0|1|0|0|0|0|0|0|0|0|0|0|0|1|0|0|1|0|0|0|0|0|0|0|0|0|0|0|0|0|0|0|0|0|0|0|1</HistCounts>
      </HistItem>
    </Histograms>
    <Metadata>
      <MDI key="STATISTICS_MINIMUM">254</MDI>
      <MDI key="STATISTICS_MAXIMUM">644</MDI>
      <MDI key="STATISTICS_MEAN">406.83111111111</MDI>
      <MDI key="STATISTICS_STDDEV">72.079942724796</MDI>
      <MDI key="STATISTICS_VALID_PERCENT">100</MDI>
    </Metadata>
  </PAMRasterBand>
</PAMDataset>
