<PAMDataset>
  <PAMRasterBand band="1">
    <Histograms>
      <HistItem>
        <HistMin>274.1066666666667</HistMin>
        <HistMax>677.8933333333333</HistMax>
        <BucketCount>225</BucketCount>
        <IncludeOutOfRange>0</IncludeOutOfRange>
        <Approximate>0</Approximate>
        <HistCounts>1|1|1|0|2|0|0|1|0|0|1|6|1|0|2|1|7|6|3|1|4|5|0|2|1|3|1|2|1|0|1|2|3|2|1|1|1|1|3|1|1|3|0|0|4|4|2|2|4|1|2|3|4|2|2|1|6|5|1|7|3|5|3|2|1|2|3|1|1|1|2|5|1|0|0|1|5|1|1|0|1|1|1|1|0|2|1|0|1|1|2|1|0|2|1|0|1|0|3|1|0|1|0|0|0|0|1|0|0|0|1|1|0|2|0|0|0|0|0|1|0|0|0|0|1|0|0|0|0|0|0|0|0|0|3|1|0|0|0|0|1|0|1|1|1|1|0|0|0|0|0|0|0|2|0|1|0|0|2|1|0|0|0|0|0|0|0|0|0|2|1|1|0|0|0|0|0|0|1|1|1|0|0|2|0|0|0|1|0|0|0|0|2|1|0|0|1|1|0|1|0|1|0|1|1|0|0|0|1|0|0|0|0|0|0|0|0|0|0|0|0|0|0|0|1</HistCounts>
      </HistItem>
    </Histograms>
    <Metadata>
      <MDI key="STATISTICS_MINIMUM">275</MDI>
      <MDI key="STATISTICS_MAXIMUM">677</MDI>
      <MDI key="STATISTICS_MEAN">399.62222222222</MDI>
      <MDI key="STATISTICS_STDDEV">93.540838113958</MDI>
      <MDI key="STATISTICS_VALID_PERCENT">100</MDI>
    </Metadata>
  </PAMRasterBand>
  <PAMRasterBand band="2">
    <Histograms>
      <HistItem>
        <HistMin>196.1311111111111</HistMin>
        <HistMax>588.8688888888889</HistMax>
        <BucketCount>225</BucketCount>
        <IncludeOutOfRange>0</IncludeOutOfRange>
        <Approximate>0</Approximate>
        <HistCounts>1|0|0|0|0|1|1|1|1|4|4|3|1|4|3|4|3|3|6|1|1|3|3|3|0|2|2|2|1|2|3|2|2|2|0|0|2|2|3|0|4|1|2|0|0|3|3|1|3|1|6|2|6|2|2|6|7|4|2|2|5|4|2|1|3|1|2|2|3|1|0|1|2|0|1|1|2|3|2|1|1|1|2|1|0|2|0|0|1|2|0|0|1|3|1|0|0|0|0|0|0|0|0|0|1|0|0|0|0|0|0|0|0|1|0|0|0|0|0|0|0|0|1|0|1|0|0|0|0|0|0|0|0|0|0|0|0|0|0|0|1|0|0|0|0|0|0|0|0|0|1|0|0|0|1|1|0|0|1|1|1|1|0|1|0|1|1|1|0|0|0|0|0|0|1|0|0|1|1|1|1|0|1|0|0|0|1|0|1|0|0|0|1|0|0|0|0|1|2|2|1|2|1|0|0|0|0|1|0|1|0|1|0|0|0|1|0|1|0|0|0|0|0|0|1</HistCounts>
      </HistItem>
    </Histograms>
    <Metadata>
      <MDI key="STATISTICS_MINIMUM">197</MDI>
      <MDI key="STATISTICS_MAXIMUM">588</MDI>
      <MDI key="STATISTICS_MEAN">315.92444444444</MDI>
      <MDI key="STATISTICS_STDDEV">98.283981187296</MDI>
      <MDI key="STATISTICS_VALID_PERCENT">100</MDI>
    </Metadata>
  </PAMRasterBand>
  <PAMRasterBand band="3">
    <Histograms>
      <HistItem>
        <HistMin>172.6311111111111</HistMin>
        <HistMax>791.3688888888889</HistMax>
        <BucketCount>225</BucketCount>
        <IncludeOutOfRange>0</IncludeOutOfRange>
        <Approximate>0</Approximate>
        <HistCounts>1|0|1|1|3|6|1|8|9|5|2|6|0|0|3|1|2|3|1|1|1|2|1|1|0|4|2|0|1|1|3|2|6|4|2|4|3|7|2|5|6|6|5|6|7|1|3|6|5|3|1|0|2|0|3|3|0|2|1|1|1|1|1|0|1|0|0|1|1|2|1|1|1|0|1|0|0|0|0|4|0|0|0|1|1|0|0|0|0|0|0|0|0|0|0|0|0|2|0|0|0|0|0|0|0|0|0|0|0|1|0|0|0|0|0|1|0|0|0|0|0|0|0|0|0|0|0|0|0|1|1|0|0|0|0|1|0|0|0|1|0|0|0|0|0|0|1|0|0|0|0|0|0|0|0|0|0|0|0|0|0|0|0|0|0|1|0|1|1|0|0|1|0|0|0|2|0|2|1|1|1|2|2|1|0|1|1|1|0|0|1|1|1|0|0|2|1|0|0|0|0|0|0|1|1|0|0|0|0|0|1|0|0|0|0|1|0|0|0|1|0|1|0|0|1</HistCounts>
      </HistItem>
    </Histograms>
    <Metadata>
      <MDI key="STATISTICS_MINIMUM">174</MDI>
      <MDI key="STATISTICS_MAXIMUM">790</MDI>
      <MDI key="STATISTICS_MEAN">337.54222222222</MDI>
      <MDI key="STATISTICS_STDDEV">161.04754092971</MDI>
      <MDI key="STATISTICS_VALID_PERCENT">100</MDI>
    </Metadata>
  </PAMRasterBand>
</PAMDataset>
