<PAMDataset>
  <PAMRasterBand band="1">
    <Histograms>
      <HistItem>
        <HistMin>278.5023474178404</HistMin>
        <HistMax>491.4976525821596</HistMax>
        <BucketCount>213</BucketCount>
        <IncludeOutOfRange>0</IncludeOutOfRange>
        <Approximate>0</Approximate>
        <HistCounts>1|0|0|1|0|0|0|0|0|0|1|1|0|0|0|0|0|0|0|0|1|0|0|0|0|0|0|0|1|3|0|1|0|3|4|0|1|1|3|2|4|1|4|4|7|6|5|7|5|3|10|11|6|3|8|9|4|7|4|5|6|4|1|3|10|3|0|5|2|0|4|1|0|3|3|0|1|0|1|2|0|1|3|0|0|0|0|1|1|2|1|0|2|0|0|1|0|1|0|0|0|0|0|0|0|0|0|1|1|0|0|0|0|0|0|0|0|0|0|1|0|0|1|0|0|0|0|1|1|0|0|0|0|0|0|0|1|0|0|0|0|0|0|0|0|1|0|0|1|0|0|0|0|0|0|0|0|0|0|0|1|1|0|1|0|1|2|1|0|0|1|0|0|0|0|1|0|0|0|0|0|0|0|0|0|0|0|0|0|0|0|0|0|1|1|0|0|1|0|0|0|2|0|0|0|0|0|2|0|0|0|0|1</HistCounts>
      </HistItem>
    </Histograms>
    <Metadata>
      <MDI key="STATISTICS_MINIMUM">279</MDI>
      <MDI key="STATISTICS_MAXIMUM">491</MDI>
      <MDI key="STATISTICS_MEAN">345.75555555556</MDI>
      <MDI key="STATISTICS_STDDEV">39.299960732554</MDI>
      <MDI key="STATISTICS_VALID_PERCENT">100</MDI>
    </Metadata>
  </PAMRasterBand>
  <PAMRasterBand band="2">
    <Histograms>
      <HistItem>
        <HistMin>244.4577777777778</HistMin>
        <HistMax>489.5422222222222</HistMax>
        <BucketCount>225</BucketCount>
        <IncludeOutOfRange>0</IncludeOutOfRange>
        <Approximate>0</Approximate>
        <HistCounts>2|0|0|0|2|2|1|1|1|4|1|7|3|10|1|8|4|13|5|9|9|9|1|5|6|11|7|3|4|1|1|5|2|2|2|1|1|1|1|3|1|1|1|0|1|0|3|1|1|0|2|2|0|0|0|2|0|0|2|1|0|1|5|1|0|3|0|1|1|1|2|1|2|0|0|2|0|2|0|0|0|0|0|0|1|1|0|0|0|0|1|0|0|1|0|0|0|0|0|1|0|0|1|0|0|1|1|1|1|0|0|0|0|0|0|0|0|0|0|0|1|0|0|0|0|0|1|0|0|0|0|0|0|0|0|0|0|0|0|0|2|0|0|0|0|0|0|0|1|1|0|0|0|0|1|0|0|0|0|0|0|0|1|0|0|0|0|0|0|0|1|0|0|0|0|0|0|0|1|0|1|0|0|1|1|2|1|1|0|0|0|0|0|0|0|0|1|0|0|0|0|0|0|0|0|1|0|0|0|0|0|0|0|0|0|1|0|0|0|2|1|0|0|2|1</HistCounts>
      </HistItem>
    </Histograms>
    <Metadata>
      <MDI key="STATISTICS_MINIMUM">245</MDI>
      <MDI key="STATISTICS_MAXIMUM">489</MDI>
      <MDI key="STATISTICS_MEAN">298.54666666667</MDI>
      <MDI key="STATISTICS_STDDEV">58.592443957296</MDI>
      <MDI key="STATISTICS_VALID_PERCENT">100</MDI>
    </Metadata>
  </PAMRasterBand>
  <PAMRasterBand band="3">
    <Histograms>
      <HistItem>
        <HistMin>295.2533333333333</HistMin>
        <HistMax>632.7466666666667</HistMax>
        <BucketCount>225</BucketCount>
        <IncludeOutOfRange>0</IncludeOutOfRange>
        <Approximate>0</Approximate>
        <HistCounts>1|0|1|1|1|1|3|1|0|3|3|12|4|4|2|8|4|5|2|10|5|7|5|7|4|8|4|5|4|8|4|3|3|5|0|2|2|1|1|2|0|3|0|1|1|3|2|2|3|1|0|0|1|0|0|1|0|2|1|0|1|3|1|2|0|4|1|3|1|1|0|1|0|2|0|0|0|2|0|0|0|1|0|0|0|0|0|2|0|0|1|0|0|0|0|0|0|2|0|0|0|1|0|0|0|1|1|0|0|1|0|0|0|0|0|1|0|0|0|1|0|0|0|0|0|0|0|0|0|1|0|0|0|1|0|0|0|0|1|0|0|0|0|0|0|0|0|0|0|1|1|0|0|0|0|1|0|0|0|0|0|0|0|1|0|0|0|0|0|0|1|0|0|1|0|0|1|1|0|0|0|1|1|0|0|2|0|0|0|0|0|0|1|0|0|0|0|1|0|0|0|0|2|0|0|1|0|0|0|0|0|0|0|0|0|1|0|0|0|0|0|1|0|0|2</HistCounts>
      </HistItem>
    </Histograms>
    <Metadata>
      <MDI key="STATISTICS_MINIMUM">296</MDI>
      <MDI key="STATISTICS_MAXIMUM">632</MDI>
      <MDI key="STATISTICS_MEAN">369.40888888889</MDI>
      <MDI key="STATISTICS_STDDEV">77.484403655681</MDI>
      <MDI key="STATISTICS_VALID_PERCENT">100</MDI>
    </Metadata>
  </PAMRasterBand>
</PAMDataset>
