<PAMDataset>
  <PAMRasterBand band="1">
    <Histograms>
      <HistItem>
        <HistMin>355.5023474178404</HistMin>
        <HistMax>568.4976525821596</HistMax>
        <BucketCount>213</BucketCount>
        <IncludeOutOfRange>0</IncludeOutOfRange>
        <Approximate>0</Approximate>
        <HistCounts>1|0|0|0|0|0|1|0|0|1|0|0|0|1|0|1|1|0|1|0|0|1|1|0|0|1|0|2|1|0|0|2|1|1|2|2|1|0|1|2|1|2|2|1|1|1|1|3|0|2|3|0|2|0|2|4|1|1|2|0|1|2|1|0|2|1|1|0|1|1|1|0|0|0|1|0|0|1|1|0|1|6|3|1|1|1|0|1|2|3|2|2|3|1|3|5|0|1|9|4|7|6|4|7|3|3|1|5|5|2|4|2|3|1|1|2|0|1|1|1|0|0|0|0|1|0|0|0|0|1|0|1|0|0|1|2|2|0|1|2|1|0|0|0|0|0|2|0|0|0|0|0|0|1|1|0|1|0|1|1|0|1|0|0|0|1|0|3|1|1|1|0|3|0|0|1|2|1|1|1|0|1|0|0|0|0|0|2|1|2|0|1|1|1|1|0|0|1|0|0|0|0|0|1|0|0|0|0|0|0|0|0|1</HistCounts>
      </HistItem>
    </Histograms>
    <Metadata>
      <MDI key="STATISTICS_MINIMUM">356</MDI>
      <MDI key="STATISTICS_MAXIMUM">568</MDI>
      <MDI key="STATISTICS_MEAN">453.09333333333</MDI>
      <MDI key="STATISTICS_STDDEV">45.830462455542</MDI>
      <MDI key="STATISTICS_VALID_PERCENT">100</MDI>
    </Metadata>
  </PAMRasterBand>
  <PAMRasterBand band="2">
    <Histograms>
      <HistItem>
        <HistMin>319.5024390243902</HistMin>
        <HistMax>524.4975609756098</HistMax>
        <BucketCount>205</BucketCount>
        <IncludeOutOfRange>0</IncludeOutOfRange>
        <Approximate>0</Approximate>
        <HistCounts>1|0|0|0|2|0|0|0|1|1|1|0|0|1|0|2|1|0|1|1|1|0|2|1|2|0|2|0|0|0|0|0|0|0|0|0|1|1|1|1|2|0|1|0|0|0|0|0|1|1|0|1|0|2|1|4|0|2|1|2|4|1|1|2|0|2|2|4|5|2|2|0|6|5|1|4|6|5|5|7|6|5|5|1|9|5|3|4|4|2|1|7|2|0|1|1|0|1|0|2|2|0|0|0|0|1|0|1|0|0|0|0|0|0|0|1|0|1|1|0|0|0|2|0|0|1|1|0|1|0|1|0|0|0|2|1|0|1|0|0|0|0|1|0|0|0|0|0|0|3|0|1|0|0|2|0|1|0|2|0|2|0|1|2|0|0|1|0|1|2|1|0|0|0|0|0|2|0|2|1|1|0|0|0|1|1|0|0|1|1|1|1|0|1|0|2|2|2|1|0|0|0|2|0|1</HistCounts>
      </HistItem>
    </Histograms>
    <Metadata>
      <MDI key="STATISTICS_MINIMUM">320</MDI>
      <MDI key="STATISTICS_MAXIMUM">524</MDI>
      <MDI key="STATISTICS_MEAN">411.92888888889</MDI>
      <MDI key="STATISTICS_STDDEV">47.995873073617</MDI>
      <MDI key="STATISTICS_VALID_PERCENT">100</MDI>
    </Metadata>
  </PAMRasterBand>
  <PAMRasterBand band="3">
    <Histograms>
      <HistItem>
        <HistMin>397.2933333333334</HistMin>
        <HistMax>716.7066666666667</HistMax>
        <BucketCount>225</BucketCount>
        <IncludeOutOfRange>0</IncludeOutOfRange>
        <Approximate>0</Approximate>
        <HistCounts>1|0|1|0|1|0|0|0|1|0|1|1|1|0|2|2|0|1|1|0|3|1|0|0|0|0|2|0|0|1|1|0|1|0|1|0|0|1|0|1|2|0|1|0|1|1|0|0|2|0|0|0|2|0|2|1|1|4|1|5|1|1|1|3|3|1|5|1|9|4|4|3|2|8|1|6|10|6|2|1|7|4|1|1|4|0|0|3|0|1|0|1|2|1|4|0|3|2|0|2|2|0|3|1|1|0|0|1|0|0|0|1|0|0|1|0|1|0|1|0|0|0|0|0|0|0|1|0|1|1|0|0|0|0|0|1|1|0|0|1|0|0|0|1|1|0|1|1|0|2|0|1|0|1|2|0|1|0|1|0|1|0|0|0|1|1|2|0|0|0|0|0|0|0|1|2|0|1|0|0|1|1|0|2|2|0|0|2|0|1|2|0|1|0|1|0|1|0|1|1|0|2|1|1|1|0|1|0|1|0|0|1|0|1|0|0|2|1|1|0|0|0|0|0|1</HistCounts>
      </HistItem>
    </Histograms>
    <Metadata>
      <MDI key="STATISTICS_MINIMUM">398</MDI>
      <MDI key="STATISTICS_MAXIMUM">716</MDI>
      <MDI key="STATISTICS_MEAN">532.48</MDI>
      <MDI key="STATISTICS_STDDEV">76.908492812346</MDI>
      <MDI key="STATISTICS_VALID_PERCENT">100</MDI>
    </Metadata>
  </PAMRasterBand>
</PAMDataset>
