<PAMDataset>
  <PAMRasterBand band="1">
    <Histograms>
      <HistItem>
        <HistMin>288.1644444444444</HistMin>
        <HistMax>665.8355555555555</HistMax>
        <BucketCount>225</BucketCount>
        <IncludeOutOfRange>0</IncludeOutOfRange>
        <Approximate>0</Approximate>
        <HistCounts>2|0|0|0|0|0|0|0|0|0|0|0|1|0|0|1|1|1|0|0|0|0|0|0|0|0|0|0|0|1|0|1|0|0|0|0|2|2|0|0|0|2|0|0|1|0|3|2|1|0|3|2|1|0|5|3|2|5|1|3|5|3|2|1|2|1|3|6|1|4|6|3|0|9|7|2|9|10|5|7|4|6|4|4|2|1|2|0|3|3|1|1|1|3|1|2|0|0|1|2|0|1|0|0|0|0|0|0|1|2|0|0|0|0|3|0|0|0|0|0|1|0|1|0|0|0|0|0|0|0|0|1|1|0|0|1|1|0|0|0|1|0|1|0|0|1|0|1|0|0|0|0|1|0|1|1|0|1|0|1|1|1|2|0|0|0|1|1|0|0|0|0|2|1|0|0|2|1|0|0|0|1|1|0|0|1|0|0|1|3|1|1|3|1|0|1|0|1|0|0|0|0|0|0|0|0|1|0|0|0|0|0|0|1|0|0|0|0|0|0|0|0|0|0|1</HistCounts>
      </HistItem>
    </Histograms>
    <Metadata>
      <MDI key="STATISTICS_MINIMUM">289</MDI>
      <MDI key="STATISTICS_MAXIMUM">665</MDI>
      <MDI key="STATISTICS_MEAN">439.51555555556</MDI>
      <MDI key="STATISTICS_STDDEV">75.586659480083</MDI>
      <MDI key="STATISTICS_VALID_PERCENT">100</MDI>
    </Metadata>
  </PAMRasterBand>
  <PAMRasterBand band="2">
    <Histograms>
      <HistItem>
        <HistMin>222.0911111111111</HistMin>
        <HistMax>632.9088888888889</HistMax>
        <BucketCount>225</BucketCount>
        <IncludeOutOfRange>0</IncludeOutOfRange>
        <Approximate>0</Approximate>
        <HistCounts>1|0|0|0|1|0|0|0|0|0|0|1|1|1|0|0|0|0|1|0|0|0|0|0|0|0|0|0|0|0|0|0|0|1|0|1|0|0|0|0|0|0|0|0|0|1|0|1|0|0|0|1|3|0|1|1|2|0|3|0|1|0|1|0|0|0|1|0|4|2|5|7|4|6|9|3|14|8|10|4|6|5|7|8|5|5|1|0|6|3|2|9|0|1|3|0|0|0|1|1|2|0|0|0|2|2|1|0|0|0|0|2|1|0|1|0|0|1|0|1|1|1|1|0|1|0|0|1|1|1|0|1|2|1|3|0|0|0|0|1|1|0|1|0|0|1|0|0|1|1|1|0|0|1|1|1|0|1|0|0|0|1|0|0|0|0|0|1|0|1|0|0|0|0|0|0|1|0|0|1|0|0|1|1|1|1|0|2|0|1|0|0|0|0|2|0|1|1|1|0|2|0|0|1|1|0|0|0|0|0|0|1|0|0|0|0|0|0|0|1|0|0|0|0|1</HistCounts>
      </HistItem>
    </Histograms>
    <Metadata>
      <MDI key="STATISTICS_MINIMUM">223</MDI>
      <MDI key="STATISTICS_MAXIMUM">632</MDI>
      <MDI key="STATISTICS_MEAN">397.49777777778</MDI>
      <MDI key="STATISTICS_STDDEV">76.466819206151</MDI>
      <MDI key="STATISTICS_VALID_PERCENT">100</MDI>
    </Metadata>
  </PAMRasterBand>
  <PAMRasterBand band="3">
    <Histograms>
      <HistItem>
        <HistMin>231.7355555555555</HistMin>
        <HistMax>803.2644444444444</HistMax>
        <BucketCount>225</BucketCount>
        <IncludeOutOfRange>0</IncludeOutOfRange>
        <Approximate>0</Approximate>
        <HistCounts>1|1|0|0|0|0|0|0|1|0|0|0|0|2|0|1|0|0|0|0|0|0|0|0|0|0|0|0|0|0|0|0|0|0|0|0|0|1|0|0|0|0|0|0|1|0|0|1|0|0|1|0|0|0|0|0|0|1|1|0|0|0|1|0|2|0|3|0|1|0|1|3|0|1|0|1|8|4|8|10|14|12|8|8|7|14|8|8|6|7|3|4|0|1|0|1|2|0|1|0|1|0|1|0|1|0|1|2|2|0|0|0|1|1|0|1|0|3|3|0|1|0|2|0|1|1|1|0|2|0|1|0|1|1|0|2|0|0|0|0|0|2|1|3|2|0|0|1|0|0|0|0|1|0|0|0|0|0|0|0|0|1|0|0|1|1|0|1|0|0|0|0|0|0|0|1|0|0|0|0|0|1|0|0|0|3|1|0|0|0|1|1|1|1|2|0|1|1|0|0|1|1|0|0|0|0|0|1|1|0|0|1|0|0|1|0|1|0|0|0|0|0|0|0|1</HistCounts>
      </HistItem>
    </Histograms>
    <Metadata>
      <MDI key="STATISTICS_MINIMUM">233</MDI>
      <MDI key="STATISTICS_MAXIMUM">802</MDI>
      <MDI key="STATISTICS_MEAN">485.54666666667</MDI>
      <MDI key="STATISTICS_STDDEV">104.03716771744</MDI>
      <MDI key="STATISTICS_VALID_PERCENT">100</MDI>
    </Metadata>
  </PAMRasterBand>
</PAMDataset>
