<PAMDataset>
  <PAMRasterBand band="1">
    <Histograms>
      <HistItem>
        <HistMin>325.0755555555556</HistMin>
        <HistMax>742.9244444444445</HistMax>
        <BucketCount>225</BucketCount>
        <IncludeOutOfRange>0</IncludeOutOfRange>
        <Approximate>0</Approximate>
        <HistCounts>1|0|1|0|1|1|0|1|0|0|0|0|0|1|1|0|1|0|2|0|1|1|0|2|2|0|2|1|3|2|2|4|7|6|6|4|13|8|10|7|8|15|3|4|6|7|6|4|4|1|4|5|5|4|2|5|1|5|5|1|0|1|1|0|0|1|1|0|0|0|0|1|0|0|0|1|1|0|0|0|0|0|1|0|0|0|0|0|1|0|1|0|0|0|0|0|0|1|0|0|0|0|0|0|0|0|2|0|0|1|0|0|0|0|0|0|0|0|1|0|0|0|1|0|0|0|1|1|1|0|0|0|0|0|0|0|0|0|0|0|0|0|0|0|0|0|1|1|0|1|1|0|0|0|0|0|0|0|0|0|0|1|0|0|0|0|1|0|0|2|1|0|1|0|0|1|0|0|0|0|0|0|0|1|0|0|0|0|1|0|0|1|1|0|1|0|1|0|0|0|0|0|1|0|1|0|0|0|0|0|0|0|0|0|0|0|0|0|0|0|0|0|0|0|1</HistCounts>
      </HistItem>
    </Histograms>
    <Metadata>
      <MDI key="STATISTICS_MINIMUM">326</MDI>
      <MDI key="STATISTICS_MAXIMUM">742</MDI>
      <MDI key="STATISTICS_MEAN">430.49777777778</MDI>
      <MDI key="STATISTICS_STDDEV">79.722358466783</MDI>
      <MDI key="STATISTICS_VALID_PERCENT">100</MDI>
    </Metadata>
  </PAMRasterBand>
  <PAMRasterBand band="2">
    <Histograms>
      <HistItem>
        <HistMin>297.22</HistMin>
        <HistMax>649.78</HistMax>
        <BucketCount>225</BucketCount>
        <IncludeOutOfRange>0</IncludeOutOfRange>
        <Approximate>0</Approximate>
        <HistCounts>1|1|0|0|4|2|1|2|7|0|3|7|3|12|2|13|5|3|3|8|14|6|12|1|10|5|10|10|1|5|2|5|1|3|7|2|5|1|1|1|2|3|0|0|1|0|0|1|0|0|0|0|0|0|1|0|1|0|0|0|1|0|0|2|1|0|0|0|0|2|0|0|0|1|0|0|0|0|0|0|0|0|0|0|0|0|0|0|0|0|1|1|0|0|0|0|0|0|1|0|1|0|0|0|0|0|0|0|0|0|1|0|1|1|0|0|0|0|1|0|0|0|0|0|0|0|0|0|0|0|2|0|0|0|0|1|0|0|0|0|0|0|0|0|0|0|1|0|0|0|1|0|1|0|1|0|0|0|1|0|0|0|0|0|0|1|1|1|0|0|1|0|1|0|0|0|0|0|0|0|0|0|0|1|1|0|1|0|0|0|0|0|0|0|0|1|1|1|1|0|0|0|1|0|0|0|0|0|0|0|0|0|0|0|0|0|0|0|0|0|0|0|0|0|1</HistCounts>
      </HistItem>
    </Histograms>
    <Metadata>
      <MDI key="STATISTICS_MINIMUM">298</MDI>
      <MDI key="STATISTICS_MAXIMUM">649</MDI>
      <MDI key="STATISTICS_MEAN">361.56444444444</MDI>
      <MDI key="STATISTICS_STDDEV">74.60983895664</MDI>
      <MDI key="STATISTICS_VALID_PERCENT">100</MDI>
    </Metadata>
  </PAMRasterBand>
  <PAMRasterBand band="3">
    <Histograms>
      <HistItem>
        <HistMin>343.9088888888889</HistMin>
        <HistMax>837.0911111111111</HistMax>
        <BucketCount>225</BucketCount>
        <IncludeOutOfRange>0</IncludeOutOfRange>
        <Approximate>0</Approximate>
        <HistCounts>1|1|3|1|0|2|3|3|7|7|16|12|8|8|6|8|8|6|5|5|2|8|6|2|5|3|14|2|2|2|1|4|4|0|2|2|0|1|1|0|3|0|1|1|1|0|0|2|0|0|0|1|2|0|0|0|2|0|1|0|0|1|1|0|0|0|0|1|0|0|0|0|0|0|2|0|1|0|0|0|1|1|0|1|0|0|0|1|0|0|0|0|0|0|1|0|0|0|0|1|0|0|0|0|0|0|0|0|0|1|0|0|0|1|0|0|1|1|0|1|0|0|0|0|0|0|0|0|0|1|0|0|0|0|0|0|0|0|0|1|0|0|1|0|1|0|0|0|0|0|0|1|0|1|1|0|0|0|1|1|0|0|0|0|0|0|1|0|0|0|0|1|1|1|0|0|0|0|1|0|0|0|0|0|0|0|0|0|3|0|0|0|0|0|0|0|1|0|1|0|1|0|0|0|1|0|1|0|0|0|0|0|0|0|0|0|0|0|0|0|0|0|0|0|1</HistCounts>
      </HistItem>
    </Histograms>
    <Metadata>
      <MDI key="STATISTICS_MINIMUM">345</MDI>
      <MDI key="STATISTICS_MAXIMUM">836</MDI>
      <MDI key="STATISTICS_MEAN">433.22222222222</MDI>
      <MDI key="STATISTICS_STDDEV">110.51903584429</MDI>
      <MDI key="STATISTICS_VALID_PERCENT">100</MDI>
    </Metadata>
  </PAMRasterBand>
</PAMDataset>
