<PAMDataset>
  <PAMRasterBand band="1">
    <Histograms>
      <HistItem>
        <HistMin>249.5050505050505</HistMin>
        <HistMax>348.4949494949495</HistMax>
        <BucketCount>99</BucketCount>
        <IncludeOutOfRange>0</IncludeOutOfRange>
        <Approximate>0</Approximate>
        <HistCounts>1|0|0|1|0|0|0|1|0|0|3|0|2|0|2|2|2|1|1|1|1|1|1|4|0|4|1|1|2|2|3|1|4|5|1|4|3|1|1|5|7|7|3|1|2|5|10|1|4|6|4|6|4|4|3|3|6|4|4|6|3|3|7|2|1|5|2|3|3|4|3|1|2|1|3|0|1|4|1|1|0|2|2|3|0|2|2|1|2|1|0|1|0|2|1|1|0|2|1</HistCounts>
      </HistItem>
    </Histograms>
    <Metadata>
      <MDI key="STATISTICS_MINIMUM">250</MDI>
      <MDI key="STATISTICS_MAXIMUM">348</MDI>
      <MDI key="STATISTICS_MEAN">300.90666666667</MDI>
      <MDI key="STATISTICS_STDDEV">20.753263732617</MDI>
      <MDI key="STATISTICS_VALID_PERCENT">100</MDI>
    </Metadata>
  </PAMRasterBand>
  <PAMRasterBand band="2">
    <Histograms>
      <HistItem>
        <HistMin>201.5053191489362</HistMin>
        <HistMax>295.4946808510638</HistMax>
        <BucketCount>94</BucketCount>
        <IncludeOutOfRange>0</IncludeOutOfRange>
        <Approximate>0</Approximate>
        <HistCounts>1|0|1|1|0|1|0|1|0|1|2|0|3|0|3|2|5|4|1|5|1|5|0|0|1|1|4|1|1|0|3|2|2|4|4|1|1|5|6|6|2|1|2|3|5|6|6|3|9|6|3|4|9|2|5|5|5|2|5|6|2|3|3|1|1|2|3|1|1|2|2|0|3|2|1|2|1|3|4|0|3|1|2|5|1|1|1|2|0|2|0|1|0|1</HistCounts>
      </HistItem>
    </Histograms>
    <Metadata>
      <MDI key="STATISTICS_MINIMUM">202</MDI>
      <MDI key="STATISTICS_MAXIMUM">295</MDI>
      <MDI key="STATISTICS_MEAN">249.47111111111</MDI>
      <MDI key="STATISTICS_STDDEV">21.069204722873</MDI>
      <MDI key="STATISTICS_VALID_PERCENT">100</MDI>
    </Metadata>
  </PAMRasterBand>
  <PAMRasterBand band="3">
    <Histograms>
      <HistItem>
        <HistMin>249.5032679738562</HistMin>
        <HistMax>402.4967320261438</HistMax>
        <BucketCount>153</BucketCount>
        <IncludeOutOfRange>0</IncludeOutOfRange>
        <Approximate>0</Approximate>
        <HistCounts>2|0|0|0|2|2|0|1|1|2|0|2|0|2|0|1|2|2|2|0|0|0|1|0|2|2|1|2|1|0|2|2|4|2|0|1|1|1|2|5|3|0|0|1|1|2|1|2|2|1|0|0|1|4|2|2|3|2|1|2|0|1|1|0|3|1|4|1|2|6|2|1|3|2|3|2|4|3|1|6|3|3|3|1|1|3|2|2|2|2|1|4|2|2|2|1|1|0|1|0|1|0|2|1|3|1|2|4|0|3|1|1|1|2|1|0|0|0|1|0|1|2|1|0|1|0|2|1|1|1|3|2|0|0|1|3|0|2|3|1|0|2|2|2|0|0|1|2|0|2|2|0|1</HistCounts>
      </HistItem>
    </Histograms>
    <Metadata>
      <MDI key="STATISTICS_MINIMUM">250</MDI>
      <MDI key="STATISTICS_MAXIMUM">402</MDI>
      <MDI key="STATISTICS_MEAN">325.52</MDI>
      <MDI key="STATISTICS_STDDEV">39.139645146861</MDI>
      <MDI key="STATISTICS_VALID_PERCENT">100</MDI>
    </Metadata>
  </PAMRasterBand>
</PAMDataset>
