<PAMDataset>
  <PAMRasterBand band="1">
    <Histograms>
      <HistItem>
        <HistMin>345.5038759689922</HistMin>
        <HistMax>474.4961240310078</HistMax>
        <BucketCount>129</BucketCount>
        <IncludeOutOfRange>0</IncludeOutOfRange>
        <Approximate>0</Approximate>
        <HistCounts>1|0|0|0|0|0|0|0|1|0|1|0|0|0|0|0|1|0|0|0|0|0|0|2|1|1|0|0|0|0|0|0|1|3|0|1|0|0|2|3|2|0|0|2|0|3|3|1|1|3|3|0|2|1|1|1|0|2|5|1|1|1|3|0|0|0|2|1|1|1|2|0|3|0|0|1|1|2|5|4|0|2|2|4|2|3|6|6|5|4|4|9|8|5|5|8|7|8|4|6|3|4|6|1|3|3|3|1|3|2|2|1|1|1|4|1|1|0|2|3|2|0|0|0|1|0|1|0|1</HistCounts>
      </HistItem>
    </Histograms>
    <Metadata>
      <MDI key="STATISTICS_MINIMUM">346</MDI>
      <MDI key="STATISTICS_MAXIMUM">474</MDI>
      <MDI key="STATISTICS_MEAN">428.15111111111</MDI>
      <MDI key="STATISTICS_STDDEV">25.298999736241</MDI>
      <MDI key="STATISTICS_VALID_PERCENT">100</MDI>
    </Metadata>
  </PAMRasterBand>
  <PAMRasterBand band="2">
    <Histograms>
      <HistItem>
        <HistMin>302.5038461538462</HistMin>
        <HistMax>432.4961538461538</HistMax>
        <BucketCount>130</BucketCount>
        <IncludeOutOfRange>0</IncludeOutOfRange>
        <Approximate>0</Approximate>
        <HistCounts>1|0|0|0|0|0|0|0|1|0|1|0|0|0|0|0|0|0|0|0|0|0|0|2|0|1|0|1|0|0|0|1|0|0|1|2|1|0|1|0|1|1|1|1|1|0|2|2|0|2|0|1|1|1|2|2|3|3|2|0|4|1|0|2|2|1|1|3|2|1|1|1|3|2|2|0|1|2|1|1|1|2|2|3|2|2|0|3|1|8|6|2|3|4|2|7|4|4|5|2|6|5|3|5|4|5|4|6|6|2|4|5|3|3|3|0|4|3|2|4|6|2|2|1|2|1|0|0|0|1</HistCounts>
      </HistItem>
    </Histograms>
    <Metadata>
      <MDI key="STATISTICS_MINIMUM">303</MDI>
      <MDI key="STATISTICS_MAXIMUM">432</MDI>
      <MDI key="STATISTICS_MEAN">390.48444444444</MDI>
      <MDI key="STATISTICS_STDDEV">26.369527493812</MDI>
      <MDI key="STATISTICS_VALID_PERCENT">100</MDI>
    </Metadata>
  </PAMRasterBand>
  <PAMRasterBand band="3">
    <Histograms>
      <HistItem>
        <HistMin>394.48</HistMin>
        <HistMax>629.52</HistMax>
        <BucketCount>225</BucketCount>
        <IncludeOutOfRange>0</IncludeOutOfRange>
        <Approximate>0</Approximate>
        <HistCounts>1|0|0|0|0|0|0|0|0|0|1|1|0|0|0|0|0|0|0|0|0|0|0|0|0|1|0|0|0|0|1|0|1|0|0|1|0|0|0|0|0|2|1|0|0|0|0|0|0|1|1|0|0|1|0|0|3|0|0|0|3|0|1|1|1|1|0|0|0|1|2|0|2|1|1|0|1|0|2|1|0|0|1|1|0|1|1|2|0|1|1|0|1|1|0|3|0|1|1|0|0|0|1|0|1|0|1|0|0|2|2|0|2|1|1|0|1|0|0|1|1|1|1|2|1|1|0|0|2|2|1|2|0|0|1|4|1|2|1|2|2|1|0|0|1|0|2|1|1|1|3|0|3|1|2|1|0|3|2|1|1|4|0|1|1|1|1|2|0|1|0|2|3|3|2|3|3|0|3|3|5|1|0|3|3|2|3|2|2|1|3|3|5|2|2|3|4|4|5|0|3|2|2|1|2|2|2|1|0|1|2|2|2|0|1|1|0|1|0|0|0|0|0|0|1</HistCounts>
      </HistItem>
    </Histograms>
    <Metadata>
      <MDI key="STATISTICS_MINIMUM">395</MDI>
      <MDI key="STATISTICS_MAXIMUM">629</MDI>
      <MDI key="STATISTICS_MEAN">547.92</MDI>
      <MDI key="STATISTICS_STDDEV">53.978784309723</MDI>
      <MDI key="STATISTICS_VALID_PERCENT">100</MDI>
    </Metadata>
  </PAMRasterBand>
</PAMDataset>
