<PAMDataset>
  <PAMRasterBand band="1">
    <Histograms>
      <HistItem>
        <HistMin>338.5030487804878</HistMin>
        <HistMax>502.4969512195122</HistMax>
        <BucketCount>164</BucketCount>
        <IncludeOutOfRange>0</IncludeOutOfRange>
        <Approximate>0</Approximate>
        <HistCounts>1|0|0|0|0|1|2|0|0|1|2|1|1|1|2|0|0|0|0|0|0|0|0|0|1|0|2|2|0|1|0|1|1|2|0|1|0|1|2|0|2|1|1|2|1|3|1|2|5|1|3|2|2|1|0|3|1|1|1|3|5|0|2|2|4|1|2|3|3|0|4|1|1|4|4|5|3|3|4|3|2|4|4|10|7|5|5|6|6|4|4|5|8|5|5|8|3|3|2|1|1|1|0|0|0|1|1|0|1|0|0|0|0|0|0|0|0|1|1|0|1|0|0|1|0|0|0|0|0|0|0|0|0|0|0|0|0|0|0|0|1|0|0|0|0|0|0|0|0|0|0|0|0|0|0|0|0|1|0|0|0|0|0|1</HistCounts>
      </HistItem>
    </Histograms>
    <Metadata>
      <MDI key="STATISTICS_MINIMUM">339</MDI>
      <MDI key="STATISTICS_MAXIMUM">502</MDI>
      <MDI key="STATISTICS_MEAN">410.98222222222</MDI>
      <MDI key="STATISTICS_STDDEV">26.405212354877</MDI>
      <MDI key="STATISTICS_VALID_PERCENT">100</MDI>
    </Metadata>
  </PAMRasterBand>
  <PAMRasterBand band="2">
    <Histograms>
      <HistItem>
        <HistMin>291.5035714285714</HistMin>
        <HistMax>431.4964285714286</HistMax>
        <BucketCount>140</BucketCount>
        <IncludeOutOfRange>0</IncludeOutOfRange>
        <Approximate>0</Approximate>
        <HistCounts>1|1|0|0|0|2|0|1|1|1|0|0|1|0|2|3|0|0|2|0|3|0|0|2|1|1|1|1|1|1|1|1|0|2|4|0|0|1|3|2|3|0|1|2|2|4|3|2|3|1|1|0|5|1|0|2|5|3|2|3|2|1|1|2|0|0|2|1|3|6|5|3|2|4|1|2|3|1|2|2|3|4|2|2|0|1|2|2|7|2|2|2|3|2|4|7|4|9|8|4|5|5|5|1|3|0|2|3|2|0|0|1|0|0|0|0|0|0|0|0|0|0|0|0|0|0|0|0|0|0|0|0|0|0|0|0|0|0|1|1</HistCounts>
      </HistItem>
    </Histograms>
    <Metadata>
      <MDI key="STATISTICS_MINIMUM">292</MDI>
      <MDI key="STATISTICS_MAXIMUM">431</MDI>
      <MDI key="STATISTICS_MEAN">361.27555555556</MDI>
      <MDI key="STATISTICS_STDDEV">28.95321249154</MDI>
      <MDI key="STATISTICS_VALID_PERCENT">100</MDI>
    </Metadata>
  </PAMRasterBand>
  <PAMRasterBand band="3">
    <Histograms>
      <HistItem>
        <HistMin>375.5022624434389</HistMin>
        <HistMax>596.4977375565611</HistMax>
        <BucketCount>221</BucketCount>
        <IncludeOutOfRange>0</IncludeOutOfRange>
        <Approximate>0</Approximate>
        <HistCounts>1|0|0|0|1|0|0|0|0|0|0|0|1|0|0|1|0|0|0|0|0|0|2|0|0|1|0|1|0|1|1|0|0|0|2|0|0|0|0|0|0|0|2|2|0|1|0|0|1|2|1|0|2|2|1|0|2|0|0|2|0|3|0|0|1|0|0|0|0|0|0|2|1|0|2|0|2|0|1|1|1|1|0|0|1|3|0|2|0|1|0|2|5|3|2|0|1|1|1|2|1|1|4|7|0|4|1|2|1|0|1|0|2|4|0|1|3|1|0|1|1|1|3|0|3|1|1|2|0|6|5|3|0|1|0|2|2|1|1|1|0|1|0|1|0|2|1|1|2|2|3|0|1|3|1|0|6|1|0|1|0|4|3|3|2|1|2|6|5|4|4|5|1|5|2|2|3|1|0|1|3|0|1|1|0|0|0|1|0|0|0|0|0|0|0|0|0|0|0|0|0|0|0|0|0|0|0|0|0|0|0|1|0|0|0|0|0|0|0|0|1</HistCounts>
      </HistItem>
    </Histograms>
    <Metadata>
      <MDI key="STATISTICS_MINIMUM">376</MDI>
      <MDI key="STATISTICS_MAXIMUM">596</MDI>
      <MDI key="STATISTICS_MEAN">496.25777777778</MDI>
      <MDI key="STATISTICS_STDDEV">45.628891865128</MDI>
      <MDI key="STATISTICS_VALID_PERCENT">100</MDI>
    </Metadata>
  </PAMRasterBand>
</PAMDataset>
