<PAMDataset>
  <PAMRasterBand band="1">
    <Histograms>
      <HistItem>
        <HistMin>271.5035211267606</HistMin>
        <HistMax>413.4964788732394</HistMax>
        <BucketCount>142</BucketCount>
        <IncludeOutOfRange>0</IncludeOutOfRange>
        <Approximate>0</Approximate>
        <HistCounts>1|0|0|0|0|0|0|0|0|0|0|0|0|0|0|0|0|0|0|0|0|0|0|0|0|0|0|2|0|0|0|0|0|0|0|0|0|0|0|0|0|1|0|1|1|0|1|1|0|0|0|2|2|1|2|3|1|0|0|0|0|0|0|0|0|1|1|1|3|1|0|3|2|1|1|3|1|2|1|2|4|0|5|4|1|5|0|1|2|3|3|4|5|7|4|4|5|2|3|7|3|1|5|7|6|2|5|4|3|3|3|6|1|3|2|1|4|0|4|4|1|3|2|2|3|1|2|1|2|1|3|3|1|3|4|3|5|3|2|0|1|1</HistCounts>
      </HistItem>
    </Histograms>
    <Metadata>
      <MDI key="STATISTICS_MINIMUM">272</MDI>
      <MDI key="STATISTICS_MAXIMUM">413</MDI>
      <MDI key="STATISTICS_MEAN">370.69333333333</MDI>
      <MDI key="STATISTICS_STDDEV">24.805540599722</MDI>
      <MDI key="STATISTICS_VALID_PERCENT">100</MDI>
    </Metadata>
  </PAMRasterBand>
  <PAMRasterBand band="2">
    <Histograms>
      <HistItem>
        <HistMin>229.5037037037037</HistMin>
        <HistMax>364.4962962962963</HistMax>
        <BucketCount>135</BucketCount>
        <IncludeOutOfRange>0</IncludeOutOfRange>
        <Approximate>0</Approximate>
        <HistCounts>1|0|0|0|0|0|0|0|0|0|0|0|0|0|0|0|0|0|0|0|0|1|0|0|1|0|0|0|0|0|0|0|0|0|0|1|0|1|0|0|2|1|1|1|2|2|0|1|1|1|2|1|0|1|0|1|0|1|0|1|2|2|1|2|2|4|3|2|2|2|2|1|4|6|6|4|4|3|1|2|1|6|7|3|4|1|3|2|4|5|6|9|4|2|5|1|2|5|3|2|3|3|2|2|2|2|7|1|4|5|2|3|3|4|4|0|2|1|2|2|3|1|1|1|1|4|2|0|2|1|0|0|0|0|1</HistCounts>
      </HistItem>
    </Histograms>
    <Metadata>
      <MDI key="STATISTICS_MINIMUM">230</MDI>
      <MDI key="STATISTICS_MAXIMUM">364</MDI>
      <MDI key="STATISTICS_MEAN">317.02222222222</MDI>
      <MDI key="STATISTICS_STDDEV">23.294146989118</MDI>
      <MDI key="STATISTICS_VALID_PERCENT">100</MDI>
    </Metadata>
  </PAMRasterBand>
  <PAMRasterBand band="3">
    <Histograms>
      <HistItem>
        <HistMin>270.5023148148148</HistMin>
        <HistMax>486.4976851851852</HistMax>
        <BucketCount>216</BucketCount>
        <IncludeOutOfRange>0</IncludeOutOfRange>
        <Approximate>0</Approximate>
        <HistCounts>1|0|0|0|0|0|0|0|0|0|0|0|0|0|0|0|0|0|0|0|0|0|0|0|1|0|0|1|0|0|0|0|0|0|0|0|0|0|0|1|0|0|0|0|0|0|1|1|1|1|1|1|0|0|1|0|0|0|1|1|0|3|1|1|0|1|0|0|1|1|1|0|0|1|0|2|1|0|1|0|0|1|1|1|1|0|1|0|0|0|0|1|0|0|1|1|2|0|1|0|1|2|2|0|1|1|0|1|1|4|3|2|3|2|3|1|1|1|2|2|1|2|2|3|8|2|1|4|3|1|4|1|1|1|1|2|0|2|0|3|1|0|4|4|2|2|1|2|2|1|2|5|2|6|3|2|4|2|1|1|1|3|1|0|2|3|3|0|0|1|2|3|1|2|1|1|3|1|2|3|3|1|1|0|4|1|1|3|0|0|0|1|0|1|3|2|0|1|1|1|1|2|1|1|0|1|1|0|0|0|0|0|0|0|0|1</HistCounts>
      </HistItem>
    </Histograms>
    <Metadata>
      <MDI key="STATISTICS_MINIMUM">271</MDI>
      <MDI key="STATISTICS_MAXIMUM">486</MDI>
      <MDI key="STATISTICS_MEAN">405.79111111111</MDI>
      <MDI key="STATISTICS_STDDEV">41.404089020945</MDI>
      <MDI key="STATISTICS_VALID_PERCENT">100</MDI>
    </Metadata>
  </PAMRasterBand>
</PAMDataset>
