<PAMDataset>
  <PAMRasterBand band="1">
    <Histograms>
      <HistItem>
        <HistMin>346.5045871559633</HistMin>
        <HistMax>455.4954128440367</HistMax>
        <BucketCount>109</BucketCount>
        <IncludeOutOfRange>0</IncludeOutOfRange>
        <Approximate>0</Approximate>
        <HistCounts>1|1|0|0|1|2|1|0|0|0|0|2|0|0|1|3|2|1|1|4|5|5|4|1|0|1|2|4|6|2|3|1|4|5|10|4|8|2|4|4|6|5|7|3|3|5|9|5|6|2|4|2|6|0|3|2|1|2|2|3|2|3|3|2|3|0|3|1|2|2|1|1|0|1|1|1|4|1|1|1|1|1|1|1|3|1|1|2|1|1|1|0|1|0|0|1|1|0|1|0|0|1|0|0|0|0|1|0|1</HistCounts>
      </HistItem>
    </Histograms>
    <Metadata>
      <MDI key="STATISTICS_MINIMUM">347</MDI>
      <MDI key="STATISTICS_MAXIMUM">455</MDI>
      <MDI key="STATISTICS_MEAN">392.68</MDI>
      <MDI key="STATISTICS_STDDEV">21.632584475996</MDI>
      <MDI key="STATISTICS_VALID_PERCENT">100</MDI>
    </Metadata>
  </PAMRasterBand>
  <PAMRasterBand band="2">
    <Histograms>
      <HistItem>
        <HistMin>280.5042016806723</HistMin>
        <HistMax>399.4957983193277</HistMax>
        <BucketCount>119</BucketCount>
        <IncludeOutOfRange>0</IncludeOutOfRange>
        <Approximate>0</Approximate>
        <HistCounts>1|0|0|1|1|0|0|0|0|0|0|0|1|0|0|1|0|1|0|3|0|0|1|2|2|0|3|1|4|2|1|5|4|2|2|5|8|3|4|4|5|1|5|3|5|7|5|4|2|7|3|1|2|5|2|2|3|6|5|3|2|3|4|2|0|2|5|4|2|3|2|3|2|4|3|1|5|2|0|3|0|2|3|2|2|1|1|1|0|0|3|0|2|0|2|2|0|1|2|2|0|0|2|0|0|0|1|1|1|0|1|0|1|0|0|0|0|1|1</HistCounts>
      </HistItem>
    </Histograms>
    <Metadata>
      <MDI key="STATISTICS_MINIMUM">281</MDI>
      <MDI key="STATISTICS_MAXIMUM">399</MDI>
      <MDI key="STATISTICS_MEAN">336.44444444444</MDI>
      <MDI key="STATISTICS_STDDEV">23.182709606329</MDI>
      <MDI key="STATISTICS_VALID_PERCENT">100</MDI>
    </Metadata>
  </PAMRasterBand>
  <PAMRasterBand band="3">
    <Histograms>
      <HistItem>
        <HistMin>329.5033333333333</HistMin>
        <HistMax>479.4966666666667</HistMax>
        <BucketCount>150</BucketCount>
        <IncludeOutOfRange>0</IncludeOutOfRange>
        <Approximate>0</Approximate>
        <HistCounts>1|1|0|0|0|0|0|0|1|0|0|0|0|0|0|1|0|1|1|0|0|0|2|1|0|0|2|0|1|1|0|1|1|1|0|4|3|2|3|0|4|1|2|4|3|3|1|3|4|4|1|2|2|4|4|4|2|1|3|2|3|2|2|2|2|5|2|2|3|5|2|2|3|2|2|5|2|1|1|1|1|1|4|1|5|1|0|4|5|2|5|0|2|1|1|1|1|2|2|2|3|1|2|2|1|6|3|0|1|1|3|2|0|0|1|1|1|2|1|1|1|2|2|0|0|0|2|1|0|2|0|1|1|0|0|1|2|0|1|1|0|0|1|1|0|1|0|0|0|1</HistCounts>
      </HistItem>
    </Histograms>
    <Metadata>
      <MDI key="STATISTICS_MINIMUM">330</MDI>
      <MDI key="STATISTICS_MAXIMUM">479</MDI>
      <MDI key="STATISTICS_MEAN">404.06222222222</MDI>
      <MDI key="STATISTICS_STDDEV">31.327455398235</MDI>
      <MDI key="STATISTICS_VALID_PERCENT">100</MDI>
    </Metadata>
  </PAMRasterBand>
</PAMDataset>
