<PAMDataset>
  <PAMRasterBand band="1">
    <Histograms>
      <HistItem>
        <HistMin>290.5057471264368</HistMin>
        <HistMax>377.4942528735632</HistMax>
        <BucketCount>87</BucketCount>
        <IncludeOutOfRange>0</IncludeOutOfRange>
        <Approximate>0</Approximate>
        <HistCounts>1|0|0|2|2|2|2|1|1|3|3|3|1|2|4|7|3|9|0|2|5|2|7|4|3|2|0|3|4|2|2|2|2|2|6|3|3|3|4|4|2|2|4|1|6|2|3|2|2|1|5|4|1|4|3|2|3|5|2|1|1|1|5|1|6|6|5|5|4|3|3|0|3|1|2|1|2|2|0|1|1|0|1|3|0|1|1</HistCounts>
      </HistItem>
    </Histograms>
    <Metadata>
      <MDI key="STATISTICS_MINIMUM">291</MDI>
      <MDI key="STATISTICS_MAXIMUM">377</MDI>
      <MDI key="STATISTICS_MEAN">332.11555555556</MDI>
      <MDI key="STATISTICS_STDDEV">21.971597378389</MDI>
      <MDI key="STATISTICS_VALID_PERCENT">100</MDI>
    </Metadata>
  </PAMRasterBand>
  <PAMRasterBand band="2">
    <Histograms>
      <HistItem>
        <HistMin>235.5052631578947</HistMin>
        <HistMax>330.4947368421053</HistMax>
        <BucketCount>95</BucketCount>
        <IncludeOutOfRange>0</IncludeOutOfRange>
        <Approximate>0</Approximate>
        <HistCounts>1|0|1|0|0|1|0|1|2|3|0|3|0|4|2|1|6|2|4|5|4|4|5|4|4|3|3|4|5|6|7|6|4|3|7|7|3|2|4|7|1|6|4|1|3|2|3|4|5|6|2|4|3|5|3|1|4|0|2|4|1|1|3|3|1|1|2|1|2|0|1|1|3|1|1|1|1|0|0|2|0|1|1|1|0|0|0|0|1|0|0|1|1|1|1</HistCounts>
      </HistItem>
    </Histograms>
    <Metadata>
      <MDI key="STATISTICS_MINIMUM">236</MDI>
      <MDI key="STATISTICS_MAXIMUM">330</MDI>
      <MDI key="STATISTICS_MEAN">275.13777777778</MDI>
      <MDI key="STATISTICS_STDDEV">19.522605573925</MDI>
      <MDI key="STATISTICS_VALID_PERCENT">100</MDI>
    </Metadata>
  </PAMRasterBand>
  <PAMRasterBand band="3">
    <Histograms>
      <HistItem>
        <HistMin>295.5034482758621</HistMin>
        <HistMax>440.4965517241379</HistMax>
        <BucketCount>145</BucketCount>
        <IncludeOutOfRange>0</IncludeOutOfRange>
        <Approximate>0</Approximate>
        <HistCounts>1|0|0|1|1|0|0|0|1|0|0|3|0|0|1|1|1|1|3|4|3|2|0|1|5|6|6|1|2|4|2|5|6|5|3|1|6|3|1|1|1|5|2|6|5|6|6|4|4|2|2|2|4|3|4|3|5|3|1|4|3|0|1|0|5|1|2|2|2|0|3|2|0|2|7|3|2|2|1|0|2|0|1|1|0|0|1|0|2|1|1|2|2|0|2|0|1|1|0|0|1|1|1|2|1|0|1|0|1|0|0|0|1|1|0|0|1|1|0|0|0|0|0|0|0|0|0|0|0|0|0|1|0|0|1|0|1|0|0|0|1|0|0|0|1</HistCounts>
      </HistItem>
    </Histograms>
    <Metadata>
      <MDI key="STATISTICS_MINIMUM">296</MDI>
      <MDI key="STATISTICS_MAXIMUM">440</MDI>
      <MDI key="STATISTICS_MEAN">348.29333333333</MDI>
      <MDI key="STATISTICS_STDDEV">27.779180053494</MDI>
      <MDI key="STATISTICS_VALID_PERCENT">100</MDI>
    </Metadata>
  </PAMRasterBand>
</PAMDataset>
