<PAMDataset>
  <PAMRasterBand band="1">
    <Histograms>
      <HistItem>
        <HistMin>231.3955555555555</HistMin>
        <HistMax>504.6044444444444</HistMax>
        <BucketCount>225</BucketCount>
        <IncludeOutOfRange>0</IncludeOutOfRange>
        <Approximate>0</Approximate>
        <HistCounts>1|0|1|0|0|1|0|1|0|0|1|0|0|1|2|0|1|1|1|0|0|1|1|0|1|2|0|2|1|0|1|0|2|1|2|1|0|2|2|0|0|1|3|0|0|1|0|2|0|4|4|2|0|1|0|2|0|0|1|2|0|0|1|0|3|1|0|0|2|0|0|0|0|0|1|0|0|3|1|0|1|0|3|0|1|1|2|0|0|0|0|0|1|0|0|0|1|1|1|2|2|0|0|0|1|2|0|2|1|0|2|0|1|0|0|0|1|0|2|3|1|3|2|1|4|3|2|3|6|4|5|2|3|5|5|10|2|2|6|3|2|3|4|0|1|2|1|3|1|1|2|1|3|2|0|1|1|2|0|0|1|3|1|0|1|0|1|1|0|0|1|0|1|0|0|1|1|1|1|1|1|0|1|0|0|0|0|0|0|0|0|0|1|0|1|1|0|0|0|0|1|1|0|0|1|0|0|0|0|0|0|0|0|0|0|2|1|0|0|0|0|0|0|0|1</HistCounts>
      </HistItem>
    </Histograms>
    <Metadata>
      <MDI key="STATISTICS_MINIMUM">232</MDI>
      <MDI key="STATISTICS_MAXIMUM">504</MDI>
      <MDI key="STATISTICS_MEAN">364.75555555556</MDI>
      <MDI key="STATISTICS_STDDEV">61.224162098728</MDI>
      <MDI key="STATISTICS_VALID_PERCENT">100</MDI>
    </Metadata>
  </PAMRasterBand>
  <PAMRasterBand band="2">
    <Histograms>
      <HistItem>
        <HistMin>184.5026315789474</HistMin>
        <HistMax>374.4973684210526</HistMax>
        <BucketCount>190</BucketCount>
        <IncludeOutOfRange>0</IncludeOutOfRange>
        <Approximate>0</Approximate>
        <HistCounts>2|0|0|1|0|0|1|0|0|0|0|0|1|1|3|1|3|2|0|1|0|1|0|0|1|0|3|4|3|0|1|0|2|3|5|0|1|0|0|1|1|0|4|2|2|3|0|1|0|0|1|1|0|0|0|0|1|1|0|0|0|1|0|1|0|0|1|0|2|1|3|3|0|0|1|0|0|1|1|2|0|1|0|0|1|1|2|0|0|0|1|1|1|0|2|0|0|0|0|0|0|1|0|1|2|1|0|0|0|0|0|0|0|1|0|0|0|1|0|0|0|1|1|0|0|0|2|0|0|1|0|0|2|0|2|0|2|0|1|2|1|4|1|4|2|1|4|6|2|7|3|3|5|3|5|4|3|5|3|5|4|2|5|4|3|4|4|3|3|1|1|2|0|1|1|0|1|1|0|1|1|1|1|2|0|0|0|1|0|1</HistCounts>
      </HistItem>
    </Histograms>
    <Metadata>
      <MDI key="STATISTICS_MINIMUM">185</MDI>
      <MDI key="STATISTICS_MAXIMUM">374</MDI>
      <MDI key="STATISTICS_MEAN">296.92</MDI>
      <MDI key="STATISTICS_STDDEV">56.128446343088</MDI>
      <MDI key="STATISTICS_VALID_PERCENT">100</MDI>
    </Metadata>
  </PAMRasterBand>
  <PAMRasterBand band="3">
    <Histograms>
      <HistItem>
        <HistMin>206.3688888888889</HistMin>
        <HistMax>491.6311111111111</HistMax>
        <BucketCount>225</BucketCount>
        <IncludeOutOfRange>0</IncludeOutOfRange>
        <Approximate>0</Approximate>
        <HistCounts>1|0|0|0|1|1|1|1|0|0|1|4|0|3|1|1|0|3|2|1|1|2|1|4|3|0|1|0|6|3|1|2|0|0|0|2|2|0|1|3|0|0|1|1|2|0|0|0|1|0|0|0|0|1|0|0|0|0|0|0|2|1|1|1|0|0|2|0|2|3|0|1|0|0|2|0|0|1|0|2|1|0|1|2|1|1|0|0|1|0|0|1|0|0|0|2|0|1|0|0|0|1|0|0|0|0|0|0|0|0|1|0|1|1|1|0|0|0|0|0|0|0|0|0|0|2|0|1|0|0|0|0|0|0|1|0|1|0|0|1|0|1|0|0|0|0|0|0|0|1|1|0|0|0|0|3|0|1|0|1|1|1|0|0|1|3|4|0|1|1|4|2|2|2|7|1|4|3|2|1|3|3|4|0|0|3|3|0|3|6|2|1|3|5|2|0|5|0|4|3|4|2|3|5|4|1|1|3|1|1|1|1|0|0|0|0|0|0|0|0|0|0|0|0|1</HistCounts>
      </HistItem>
    </Histograms>
    <Metadata>
      <MDI key="STATISTICS_MINIMUM">207</MDI>
      <MDI key="STATISTICS_MAXIMUM">491</MDI>
      <MDI key="STATISTICS_MEAN">366.32888888889</MDI>
      <MDI key="STATISTICS_STDDEV">91.156365346639</MDI>
      <MDI key="STATISTICS_VALID_PERCENT">100</MDI>
    </Metadata>
  </PAMRasterBand>
</PAMDataset>
