<PAMDataset>
  <PAMRasterBand band="1">
    <Histograms>
      <HistItem>
        <HistMin>316.5024509803922</HistMin>
        <HistMax>520.4975490196078</HistMax>
        <BucketCount>204</BucketCount>
        <IncludeOutOfRange>0</IncludeOutOfRange>
        <Approximate>0</Approximate>
        <HistCounts>1|0|0|0|0|2|0|1|1|1|1|0|2|2|3|4|2|2|3|2|2|1|1|4|1|0|2|3|4|5|1|3|1|6|3|3|4|2|2|2|2|0|2|3|2|1|3|1|2|3|0|2|0|0|1|3|0|1|2|1|1|0|2|0|2|2|2|0|0|0|0|0|0|0|2|0|1|1|1|1|2|0|1|1|0|2|2|0|1|0|1|0|0|0|0|0|0|0|0|0|0|0|1|1|0|2|1|1|0|1|0|1|0|0|2|0|0|0|0|1|0|0|0|0|1|0|1|1|0|1|0|0|0|0|0|0|0|2|1|0|1|2|2|3|2|0|0|3|1|0|1|0|1|0|0|0|2|1|3|1|2|0|2|3|1|1|1|2|2|0|0|1|1|1|2|2|4|1|3|2|1|1|1|0|0|1|4|0|2|1|1|2|1|0|4|0|0|0|0|1|1|0|0|1</HistCounts>
      </HistItem>
    </Histograms>
    <Metadata>
      <MDI key="STATISTICS_MINIMUM">317</MDI>
      <MDI key="STATISTICS_MAXIMUM">520</MDI>
      <MDI key="STATISTICS_MEAN">406.56444444444</MDI>
      <MDI key="STATISTICS_STDDEV">63.809971897661</MDI>
      <MDI key="STATISTICS_VALID_PERCENT">100</MDI>
    </Metadata>
  </PAMRasterBand>
  <PAMRasterBand band="2">
    <Histograms>
      <HistItem>
        <HistMin>249.4755555555556</HistMin>
        <HistMax>486.5244444444444</HistMax>
        <BucketCount>225</BucketCount>
        <IncludeOutOfRange>0</IncludeOutOfRange>
        <Approximate>0</Approximate>
        <HistCounts>2|0|0|2|0|1|0|1|1|2|1|1|2|1|1|1|1|1|2|0|3|3|3|5|2|3|3|3|12|2|2|1|2|4|1|1|4|4|3|2|2|2|3|1|4|2|1|4|0|2|0|1|2|2|0|0|0|0|1|2|2|0|1|1|2|4|0|2|0|0|0|1|0|0|1|0|0|0|1|0|1|0|1|1|2|0|1|0|1|0|0|0|0|1|0|1|1|0|0|2|0|0|0|2|0|0|0|0|2|0|0|0|0|0|0|1|1|1|1|0|0|1|0|1|0|1|0|0|1|0|0|3|1|0|0|0|0|0|2|0|2|0|1|0|0|2|0|0|0|1|0|0|2|0|0|1|0|0|1|1|0|1|0|0|1|1|0|0|1|1|0|2|0|0|0|0|1|3|0|0|1|0|0|0|0|0|1|1|0|0|0|0|1|2|0|0|3|2|1|3|1|1|3|1|0|1|1|1|1|1|1|3|2|5|0|4|0|0|0|1|2|1|0|0|1</HistCounts>
      </HistItem>
    </Histograms>
    <Metadata>
      <MDI key="STATISTICS_MINIMUM">250</MDI>
      <MDI key="STATISTICS_MAXIMUM">486</MDI>
      <MDI key="STATISTICS_MEAN">346.36888888889</MDI>
      <MDI key="STATISTICS_STDDEV">76.204356312403</MDI>
      <MDI key="STATISTICS_VALID_PERCENT">100</MDI>
    </Metadata>
  </PAMRasterBand>
  <PAMRasterBand band="3">
    <Histograms>
      <HistItem>
        <HistMin>305.1777777777778</HistMin>
        <HistMax>676.8222222222222</HistMax>
        <BucketCount>225</BucketCount>
        <IncludeOutOfRange>0</IncludeOutOfRange>
        <Approximate>0</Approximate>
        <HistCounts>1|1|1|0|0|1|0|2|5|1|3|0|2|3|4|7|2|2|6|2|2|5|0|1|0|2|1|3|0|1|4|2|3|2|1|4|1|0|2|2|1|1|2|2|1|3|1|2|1|1|1|1|1|3|3|0|1|2|2|3|2|0|1|0|0|0|0|0|2|0|0|4|0|0|2|1|0|5|0|0|0|0|1|1|1|1|0|0|0|0|0|2|1|0|1|0|1|0|0|1|2|1|0|1|0|0|0|1|0|0|0|1|0|0|1|1|0|2|0|0|1|0|1|0|1|0|0|1|2|0|0|1|0|0|0|0|3|1|0|0|1|0|1|0|0|2|0|1|0|0|2|2|0|0|0|0|0|0|0|0|0|0|5|1|0|0|1|0|1|0|0|1|0|0|0|0|0|1|1|1|1|0|0|0|1|1|1|0|1|1|0|1|0|0|0|0|1|3|0|0|2|2|2|2|0|1|0|0|1|2|1|2|2|2|4|5|3|1|0|0|0|0|1|0|1</HistCounts>
      </HistItem>
    </Histograms>
    <Metadata>
      <MDI key="STATISTICS_MINIMUM">306</MDI>
      <MDI key="STATISTICS_MAXIMUM">676</MDI>
      <MDI key="STATISTICS_MEAN">455.81777777778</MDI>
      <MDI key="STATISTICS_STDDEV">119.71691663418</MDI>
      <MDI key="STATISTICS_VALID_PERCENT">100</MDI>
    </Metadata>
  </PAMRasterBand>
</PAMDataset>
