<PAMDataset>
  <PAMRasterBand band="1">
    <Histograms>
      <HistItem>
        <HistMin>298.50625</HistMin>
        <HistMax>378.49375</HistMax>
        <BucketCount>80</BucketCount>
        <IncludeOutOfRange>0</IncludeOutOfRange>
        <Approximate>0</Approximate>
        <HistCounts>1|0|1|1|0|0|2|3|4|0|5|2|1|1|4|10|6|2|2|11|3|5|4|6|7|5|5|12|11|6|5|3|4|7|5|6|7|11|6|3|6|7|5|6|2|4|5|0|3|2|2|1|0|0|0|0|0|0|0|0|2|0|0|0|0|0|0|0|0|0|0|0|0|1|0|0|1|0|0|1</HistCounts>
      </HistItem>
    </Histograms>
    <Metadata>
      <MDI key="STATISTICS_MINIMUM">299</MDI>
      <MDI key="STATISTICS_MAXIMUM">378</MDI>
      <MDI key="STATISTICS_MEAN">328.28</MDI>
      <MDI key="STATISTICS_STDDEV">12.85255875951</MDI>
      <MDI key="STATISTICS_VALID_PERCENT">100</MDI>
    </Metadata>
  </PAMRasterBand>
  <PAMRasterBand band="2">
    <Histograms>
      <HistItem>
        <HistMin>242.5075757575758</HistMin>
        <HistMax>308.4924242424242</HistMax>
        <BucketCount>66</BucketCount>
        <IncludeOutOfRange>0</IncludeOutOfRange>
        <Approximate>0</Approximate>
        <HistCounts>1|0|0|0|2|1|0|1|1|4|5|5|3|5|6|9|6|8|4|10|8|7|4|9|10|10|11|11|5|6|8|6|10|5|6|3|2|5|4|2|5|3|1|4|1|2|0|0|1|0|0|1|1|0|0|0|0|0|0|0|0|1|0|0|1|1</HistCounts>
      </HistItem>
    </Histograms>
    <Metadata>
      <MDI key="STATISTICS_MINIMUM">243</MDI>
      <MDI key="STATISTICS_MAXIMUM">308</MDI>
      <MDI key="STATISTICS_MEAN">268.29333333333</MDI>
      <MDI key="STATISTICS_STDDEV">10.678876345384</MDI>
      <MDI key="STATISTICS_VALID_PERCENT">100</MDI>
    </Metadata>
  </PAMRasterBand>
  <PAMRasterBand band="3">
    <Histograms>
      <HistItem>
        <HistMin>298.5057471264368</HistMin>
        <HistMax>385.4942528735632</HistMax>
        <BucketCount>87</BucketCount>
        <IncludeOutOfRange>0</IncludeOutOfRange>
        <Approximate>0</Approximate>
        <HistCounts>1|2|3|0|1|4|4|3|3|0|2|3|0|7|5|5|5|8|1|3|7|3|3|8|11|3|5|8|5|2|8|6|8|5|9|4|7|7|5|6|5|3|4|4|3|2|3|3|1|1|2|0|4|0|1|0|2|1|0|1|0|1|0|0|0|0|0|0|0|0|1|0|0|0|1|0|0|0|0|0|0|0|0|0|1|0|1</HistCounts>
      </HistItem>
    </Histograms>
    <Metadata>
      <MDI key="STATISTICS_MINIMUM">299</MDI>
      <MDI key="STATISTICS_MAXIMUM">385</MDI>
      <MDI key="STATISTICS_MEAN">327.76</MDI>
      <MDI key="STATISTICS_STDDEV">14.668642291182</MDI>
      <MDI key="STATISTICS_VALID_PERCENT">100</MDI>
    </Metadata>
  </PAMRasterBand>
</PAMDataset>
