<PAMDataset>
  <PAMRasterBand band="1">
    <Histograms>
      <HistItem>
        <HistMin>460.503355704698</HistMin>
        <HistMax>609.496644295302</HistMax>
        <BucketCount>149</BucketCount>
        <IncludeOutOfRange>0</IncludeOutOfRange>
        <Approximate>0</Approximate>
        <HistCounts>1|1|0|1|1|0|0|0|0|1|1|0|0|0|0|2|0|0|2|1|1|2|0|3|2|0|0|1|2|2|1|2|0|0|2|2|1|3|1|0|0|1|1|0|0|1|1|0|1|0|0|1|4|1|1|0|3|1|0|3|0|0|1|0|1|1|0|1|2|0|1|1|4|1|1|0|0|1|1|2|1|1|0|0|1|0|1|4|2|2|4|0|0|1|2|4|1|2|5|1|4|1|4|4|1|1|7|5|6|4|4|3|3|4|2|3|4|2|4|6|3|3|2|2|1|2|0|4|3|0|1|4|2|5|1|2|2|1|0|2|1|0|1|1|1|0|2|1|1</HistCounts>
      </HistItem>
    </Histograms>
    <Metadata>
      <MDI key="STATISTICS_MINIMUM">461</MDI>
      <MDI key="STATISTICS_MAXIMUM">609</MDI>
      <MDI key="STATISTICS_MEAN">551.09333333333</MDI>
      <MDI key="STATISTICS_STDDEV">37.404993130745</MDI>
      <MDI key="STATISTICS_VALID_PERCENT">100</MDI>
    </Metadata>
  </PAMRasterBand>
  <PAMRasterBand band="2">
    <Histograms>
      <HistItem>
        <HistMin>454.5035460992908</HistMin>
        <HistMax>595.4964539007092</HistMax>
        <BucketCount>141</BucketCount>
        <IncludeOutOfRange>0</IncludeOutOfRange>
        <Approximate>0</Approximate>
        <HistCounts>2|1|2|1|0|0|0|0|1|0|0|2|0|0|0|1|1|1|0|0|0|3|0|3|0|1|1|0|2|0|0|3|5|4|0|3|3|0|1|0|0|0|0|0|0|0|0|1|0|1|2|0|1|1|0|0|0|2|1|0|1|1|0|2|1|1|1|0|0|0|1|1|2|0|1|1|0|2|0|5|3|0|2|2|2|0|7|1|3|5|2|4|3|4|8|6|4|1|10|4|3|3|3|3|5|3|3|2|3|5|1|2|0|2|2|2|0|4|4|2|0|2|4|1|2|1|2|2|5|1|1|0|2|1|2|1|1|1|2|0|1</HistCounts>
      </HistItem>
    </Histograms>
    <Metadata>
      <MDI key="STATISTICS_MINIMUM">455</MDI>
      <MDI key="STATISTICS_MAXIMUM">595</MDI>
      <MDI key="STATISTICS_MEAN">540.04</MDI>
      <MDI key="STATISTICS_STDDEV">34.869830321736</MDI>
      <MDI key="STATISTICS_VALID_PERCENT">100</MDI>
    </Metadata>
  </PAMRasterBand>
  <PAMRasterBand band="3">
    <Histograms>
      <HistItem>
        <HistMin>642.5024038461538</HistMin>
        <HistMax>850.4975961538462</HistMax>
        <BucketCount>208</BucketCount>
        <IncludeOutOfRange>0</IncludeOutOfRange>
        <Approximate>0</Approximate>
        <HistCounts>1|0|1|1|0|1|0|1|1|0|1|0|1|0|1|1|0|0|0|1|1|0|0|1|1|0|0|1|1|1|0|0|1|1|0|2|1|1|1|0|0|1|1|0|0|1|1|1|0|1|0|1|0|0|0|1|0|0|0|0|0|1|0|3|1|1|2|0|0|1|0|0|0|0|0|0|0|0|1|0|0|1|0|0|1|0|2|2|1|0|2|0|1|0|1|0|1|0|0|1|1|0|1|1|1|2|0|2|0|0|1|0|1|1|0|2|2|1|4|4|1|0|1|2|2|2|4|0|2|3|2|3|1|1|0|3|3|3|5|7|3|6|3|4|5|2|2|3|2|2|0|2|2|1|0|1|1|0|0|2|2|2|3|1|0|1|2|1|1|0|1|2|1|0|1|4|3|1|0|3|1|3|0|0|1|1|1|2|2|0|3|2|2|2|1|1|0|0|1|1|2|0|1|0|2|1|0|1</HistCounts>
      </HistItem>
    </Histograms>
    <Metadata>
      <MDI key="STATISTICS_MINIMUM">643</MDI>
      <MDI key="STATISTICS_MAXIMUM">850</MDI>
      <MDI key="STATISTICS_MEAN">768.28444444444</MDI>
      <MDI key="STATISTICS_STDDEV">51.447224114969</MDI>
      <MDI key="STATISTICS_VALID_PERCENT">100</MDI>
    </Metadata>
  </PAMRasterBand>
</PAMDataset>
