<PAMDataset>
  <PAMRasterBand band="1">
    <Histograms>
      <HistItem>
        <HistMin>261.0266666666666</HistMin>
        <HistMax>700.9733333333334</HistMax>
        <BucketCount>225</BucketCount>
        <IncludeOutOfRange>0</IncludeOutOfRange>
        <Approximate>0</Approximate>
        <HistCounts>1|0|0|0|0|1|3|0|0|3|0|2|1|0|0|0|0|1|0|1|1|1|0|1|1|0|0|1|1|0|1|2|0|0|0|0|1|3|0|2|4|0|0|0|0|2|0|1|3|0|1|1|0|0|0|0|1|1|1|0|0|0|3|2|5|1|0|1|0|2|1|0|1|1|1|0|4|0|1|0|1|2|0|1|1|0|1|2|1|0|0|2|1|1|0|3|2|2|3|3|3|0|1|0|2|0|1|5|0|2|3|2|4|2|2|1|1|2|2|1|1|0|0|0|2|1|1|1|0|2|2|1|1|1|1|0|1|3|2|0|2|3|2|1|1|3|2|4|5|2|0|2|4|1|1|1|0|0|3|3|3|1|1|0|1|1|2|2|2|0|0|0|1|3|1|1|0|0|0|0|0|0|1|1|0|0|0|1|1|1|0|1|1|0|0|1|2|0|0|0|0|0|1|0|0|0|2|0|0|0|1|1|0|3|0|0|0|0|1|0|0|0|0|0|1</HistCounts>
      </HistItem>
    </Histograms>
    <Metadata>
      <MDI key="STATISTICS_MINIMUM">262</MDI>
      <MDI key="STATISTICS_MAXIMUM">700</MDI>
      <MDI key="STATISTICS_MEAN">477.10666666667</MDI>
      <MDI key="STATISTICS_STDDEV">104.06829894086</MDI>
      <MDI key="STATISTICS_VALID_PERCENT">100</MDI>
    </Metadata>
  </PAMRasterBand>
  <PAMRasterBand band="2">
    <Histograms>
      <HistItem>
        <HistMin>247.0044444444444</HistMin>
        <HistMax>696.9955555555556</HistMax>
        <BucketCount>225</BucketCount>
        <IncludeOutOfRange>0</IncludeOutOfRange>
        <Approximate>0</Approximate>
        <HistCounts>2|1|1|0|2|1|2|1|1|1|2|0|1|3|1|1|1|2|0|1|0|2|1|1|0|2|0|0|1|2|0|3|0|2|0|1|1|0|0|0|0|0|0|2|2|0|1|0|2|0|2|3|1|2|0|1|4|0|0|1|3|1|0|0|2|2|2|1|0|0|0|0|1|0|1|0|0|1|1|1|1|0|0|1|1|1|0|0|1|1|0|0|0|0|1|0|2|1|1|0|1|1|0|0|2|1|7|1|2|0|2|0|2|1|2|2|2|1|2|1|2|1|2|0|0|3|2|3|0|2|1|3|0|1|1|1|0|1|0|1|2|2|1|1|2|0|3|0|0|1|3|0|1|0|2|1|5|2|3|2|1|2|0|1|2|4|2|3|2|3|0|1|0|1|2|1|1|1|1|1|0|0|2|3|1|1|0|1|0|0|1|1|0|0|0|0|1|0|0|1|0|2|0|1|1|0|1|0|1|0|0|0|1|1|0|1|0|0|0|0|0|1|0|0|1</HistCounts>
      </HistItem>
    </Histograms>
    <Metadata>
      <MDI key="STATISTICS_MINIMUM">248</MDI>
      <MDI key="STATISTICS_MAXIMUM">696</MDI>
      <MDI key="STATISTICS_MEAN">463.90666666667</MDI>
      <MDI key="STATISTICS_STDDEV">119.08594543438</MDI>
      <MDI key="STATISTICS_VALID_PERCENT">100</MDI>
    </Metadata>
  </PAMRasterBand>
  <PAMRasterBand band="3">
    <Histograms>
      <HistItem>
        <HistMin>302.5755555555556</HistMin>
        <HistMax>946.4244444444445</HistMax>
        <BucketCount>225</BucketCount>
        <IncludeOutOfRange>0</IncludeOutOfRange>
        <Approximate>0</Approximate>
        <HistCounts>1|0|0|1|1|1|0|1|2|1|1|2|0|1|3|0|1|2|0|2|2|2|2|0|0|1|1|0|0|1|0|0|2|0|3|0|0|2|2|0|0|0|0|0|1|1|1|1|0|1|2|1|0|1|4|2|2|1|1|0|1|3|1|1|0|1|2|1|2|1|1|0|0|0|2|1|0|1|0|0|0|0|1|0|1|0|3|0|0|0|2|1|0|1|1|0|2|1|1|3|1|2|1|2|4|0|1|1|2|4|1|3|0|1|3|2|1|2|0|1|1|0|0|2|3|2|1|1|1|1|1|3|1|1|0|0|1|2|2|0|2|3|0|2|0|0|0|1|1|0|0|0|1|3|1|1|1|2|4|2|1|1|4|0|2|2|2|4|3|1|2|1|2|0|0|1|3|0|0|1|0|2|3|1|0|1|2|0|0|0|2|0|0|0|0|1|0|2|0|0|0|1|2|0|0|1|0|0|1|0|0|0|2|0|1|0|0|0|0|0|0|1|0|0|1</HistCounts>
      </HistItem>
    </Histograms>
    <Metadata>
      <MDI key="STATISTICS_MINIMUM">304</MDI>
      <MDI key="STATISTICS_MAXIMUM">945</MDI>
      <MDI key="STATISTICS_MEAN">613.60888888889</MDI>
      <MDI key="STATISTICS_STDDEV">165.8982497024</MDI>
      <MDI key="STATISTICS_VALID_PERCENT">100</MDI>
    </Metadata>
  </PAMRasterBand>
</PAMDataset>
