<PAMDataset>
  <PAMRasterBand band="1">
    <Histograms>
      <HistItem>
        <HistMin>254.08</HistMin>
        <HistMax>669.92</HistMax>
        <BucketCount>225</BucketCount>
        <IncludeOutOfRange>0</IncludeOutOfRange>
        <Approximate>0</Approximate>
        <HistCounts>1|1|0|0|0|0|1|2|0|0|4|1|0|1|1|2|1|1|4|2|1|0|0|3|1|2|3|0|4|1|0|3|4|2|2|11|2|5|4|5|2|5|2|2|0|4|1|6|0|2|3|6|0|2|4|2|4|3|3|1|2|1|2|2|3|2|2|3|1|1|2|6|6|3|2|0|2|2|2|1|0|1|0|1|1|0|1|1|1|0|3|1|0|0|0|0|0|0|0|1|1|0|0|0|0|0|0|1|0|0|0|1|0|0|1|0|1|0|0|0|0|1|0|0|0|0|0|0|0|0|2|0|0|0|0|0|0|0|0|0|0|2|1|0|0|0|1|2|0|0|0|1|0|0|1|0|0|0|1|0|1|0|1|0|0|0|0|1|0|0|0|0|0|0|0|0|1|1|1|1|0|0|0|0|0|0|0|1|0|0|0|0|1|0|1|0|0|2|0|1|1|0|0|0|0|1|1|0|1|0|0|0|0|0|0|1|0|0|2|1|0|2|1|0|1</HistCounts>
      </HistItem>
    </Histograms>
    <Metadata>
      <MDI key="STATISTICS_MINIMUM">255</MDI>
      <MDI key="STATISTICS_MAXIMUM">669</MDI>
      <MDI key="STATISTICS_MEAN">385.39111111111</MDI>
      <MDI key="STATISTICS_STDDEV">100.59281136724</MDI>
      <MDI key="STATISTICS_VALID_PERCENT">100</MDI>
    </Metadata>
  </PAMRasterBand>
  <PAMRasterBand band="2">
    <Histograms>
      <HistItem>
        <HistMin>212.1755555555555</HistMin>
        <HistMax>584.8244444444445</HistMax>
        <BucketCount>225</BucketCount>
        <IncludeOutOfRange>0</IncludeOutOfRange>
        <Approximate>0</Approximate>
        <HistCounts>1|1|0|0|0|1|0|0|2|2|0|0|5|4|7|0|5|0|1|2|1|6|5|1|3|7|2|2|5|2|6|3|2|1|4|0|3|1|1|8|4|2|4|7|0|6|2|2|5|0|4|3|3|5|6|2|8|0|2|8|0|0|1|1|1|4|1|0|1|0|1|1|1|0|1|1|0|0|0|0|0|0|0|0|0|1|2|0|0|0|0|0|0|0|0|0|0|0|0|0|0|0|0|0|0|0|0|0|0|0|2|0|0|0|0|1|0|0|0|0|0|2|0|0|0|0|0|0|0|0|0|0|1|1|0|0|0|0|0|0|0|0|1|0|0|0|0|1|0|2|0|0|0|0|0|0|1|0|0|1|0|1|0|0|0|1|0|1|1|0|0|1|0|1|0|0|1|0|0|0|0|0|2|0|0|0|0|0|2|1|0|0|0|1|0|0|0|1|1|0|1|0|0|0|2|0|1|1|1|1|1|3|0|0|0|0|0|0|0|0|0|0|0|1|1</HistCounts>
      </HistItem>
    </Histograms>
    <Metadata>
      <MDI key="STATISTICS_MINIMUM">213</MDI>
      <MDI key="STATISTICS_MAXIMUM">584</MDI>
      <MDI key="STATISTICS_MEAN">317.89777777778</MDI>
      <MDI key="STATISTICS_STDDEV">94.340156381961</MDI>
      <MDI key="STATISTICS_VALID_PERCENT">100</MDI>
    </Metadata>
  </PAMRasterBand>
  <PAMRasterBand band="3">
    <Histograms>
      <HistItem>
        <HistMin>202.7066666666667</HistMin>
        <HistMax>787.2933333333333</HistMax>
        <BucketCount>225</BucketCount>
        <IncludeOutOfRange>0</IncludeOutOfRange>
        <Approximate>0</Approximate>
        <HistCounts>2|0|1|1|1|2|1|1|4|3|9|1|5|4|0|7|7|6|6|0|5|1|3|4|1|2|2|5|2|3|1|4|3|4|0|4|3|2|1|3|2|0|4|4|0|4|4|3|6|2|4|2|3|3|1|6|1|4|2|1|1|1|2|0|1|1|0|0|0|2|1|0|0|1|0|0|0|1|0|0|0|0|0|0|1|0|0|0|0|0|0|0|0|0|0|0|1|0|0|0|1|0|0|0|0|0|0|1|0|0|0|0|0|1|0|0|0|0|0|0|0|0|1|0|0|1|1|0|0|0|0|0|1|0|0|0|0|0|0|0|2|0|1|0|0|1|0|0|0|0|1|0|1|0|0|0|0|0|0|0|0|0|0|0|0|0|0|1|1|0|0|1|3|0|0|1|1|1|0|0|0|0|1|1|0|0|1|0|0|0|0|1|1|0|0|0|1|0|0|1|0|1|0|0|0|0|1|2|0|0|0|4|0|0|0|0|3|0|1|0|0|0|0|0|1</HistCounts>
      </HistItem>
    </Histograms>
    <Metadata>
      <MDI key="STATISTICS_MINIMUM">204</MDI>
      <MDI key="STATISTICS_MAXIMUM">786</MDI>
      <MDI key="STATISTICS_MEAN">357.39555555556</MDI>
      <MDI key="STATISTICS_STDDEV">155.22158778205</MDI>
      <MDI key="STATISTICS_VALID_PERCENT">100</MDI>
    </Metadata>
  </PAMRasterBand>
</PAMDataset>
