<PAMDataset>
  <PAMRasterBand band="1">
    <Histograms>
      <HistItem>
        <HistMin>231.0022222222222</HistMin>
        <HistMax>681.9977777777777</HistMax>
        <BucketCount>225</BucketCount>
        <IncludeOutOfRange>0</IncludeOutOfRange>
        <Approximate>0</Approximate>
        <HistCounts>1|0|0|0|0|0|1|1|1|1|1|0|1|3|2|2|4|1|2|2|3|3|6|3|5|2|4|2|5|4|3|3|4|5|3|5|6|7|5|3|3|6|0|4|1|3|4|3|5|1|3|3|0|6|2|0|4|6|1|4|0|1|1|2|4|0|2|0|2|3|1|1|1|1|2|1|2|1|0|2|0|2|0|2|0|1|2|0|0|0|1|0|1|0|1|0|0|0|0|0|0|0|0|0|0|0|0|0|0|1|0|0|1|0|1|0|1|0|0|0|0|1|0|0|0|0|0|0|0|0|0|0|0|0|0|0|0|0|0|0|0|0|0|0|0|1|0|1|0|1|0|0|0|0|0|0|0|1|0|1|0|0|0|0|1|0|0|0|0|0|1|1|0|0|0|0|0|0|0|0|0|0|1|0|0|0|0|0|0|1|0|0|0|0|0|0|0|1|1|1|0|1|1|0|0|0|1|0|0|2|0|0|0|0|0|0|0|0|0|0|1|0|0|0|1</HistCounts>
      </HistItem>
    </Histograms>
    <Metadata>
      <MDI key="STATISTICS_MINIMUM">232</MDI>
      <MDI key="STATISTICS_MAXIMUM">681</MDI>
      <MDI key="STATISTICS_MEAN">345.12888888889</MDI>
      <MDI key="STATISTICS_STDDEV">92.443262171927</MDI>
      <MDI key="STATISTICS_VALID_PERCENT">100</MDI>
    </Metadata>
  </PAMRasterBand>
  <PAMRasterBand band="2">
    <Histograms>
      <HistItem>
        <HistMin>167.0244444444444</HistMin>
        <HistMax>607.9755555555555</HistMax>
        <BucketCount>225</BucketCount>
        <IncludeOutOfRange>0</IncludeOutOfRange>
        <Approximate>0</Approximate>
        <HistCounts>1|0|0|0|2|1|0|2|2|2|2|2|0|4|1|1|11|11|5|4|6|4|2|4|5|4|6|4|5|4|6|6|4|5|3|2|5|5|3|5|1|3|5|1|2|3|3|2|3|3|0|4|2|4|1|4|4|2|1|2|2|3|2|0|0|1|2|0|0|0|0|0|0|0|0|1|0|0|0|0|0|0|0|1|0|0|0|1|0|0|0|0|1|0|0|0|0|0|0|0|0|0|0|0|1|0|0|0|0|0|0|0|0|0|1|0|1|0|0|0|0|0|0|0|1|1|0|0|0|1|1|0|0|0|1|0|0|0|0|0|0|0|0|0|0|0|0|0|0|0|0|0|0|0|0|0|0|0|0|0|0|1|0|0|1|0|0|0|0|0|0|0|1|1|0|0|0|0|0|1|0|0|0|0|0|0|1|0|0|0|0|0|0|0|1|0|0|1|0|0|1|0|0|0|0|0|1|1|0|0|0|0|0|0|0|1|0|0|0|0|1|0|0|0|1</HistCounts>
      </HistItem>
    </Histograms>
    <Metadata>
      <MDI key="STATISTICS_MINIMUM">168</MDI>
      <MDI key="STATISTICS_MAXIMUM">607</MDI>
      <MDI key="STATISTICS_MEAN">258.60444444444</MDI>
      <MDI key="STATISTICS_STDDEV">87.199943821479</MDI>
      <MDI key="STATISTICS_VALID_PERCENT">100</MDI>
    </Metadata>
  </PAMRasterBand>
  <PAMRasterBand band="3">
    <Histograms>
      <HistItem>
        <HistMin>183.5533333333333</HistMin>
        <HistMax>837.4466666666667</HistMax>
        <BucketCount>225</BucketCount>
        <IncludeOutOfRange>0</IncludeOutOfRange>
        <Approximate>0</Approximate>
        <HistCounts>2|7|1|6|14|4|8|8|6|11|3|3|6|5|5|4|2|3|1|2|1|2|3|5|1|2|0|2|3|2|4|3|1|5|1|1|3|0|3|2|1|2|3|2|4|0|3|4|2|4|2|2|2|2|3|1|0|3|0|3|0|1|1|2|1|1|1|0|0|0|1|1|1|1|0|0|0|0|0|1|0|0|0|0|0|0|0|0|1|0|0|1|0|0|0|0|0|0|0|1|0|0|0|0|0|0|0|1|0|0|0|0|0|0|0|0|0|0|0|1|0|0|1|0|0|0|0|0|2|0|0|0|0|0|1|0|1|0|0|0|0|0|0|1|0|0|0|0|0|0|0|0|0|0|0|0|0|0|0|0|0|0|0|0|0|0|1|0|1|0|0|0|0|0|0|0|0|1|1|0|0|0|0|0|0|0|1|0|0|0|0|0|1|0|0|0|0|0|0|1|0|0|1|0|0|0|1|0|0|1|0|0|0|0|0|0|0|0|0|0|2|0|0|1|1</HistCounts>
      </HistItem>
    </Histograms>
    <Metadata>
      <MDI key="STATISTICS_MINIMUM">185</MDI>
      <MDI key="STATISTICS_MAXIMUM">836</MDI>
      <MDI key="STATISTICS_MEAN">302.46222222222</MDI>
      <MDI key="STATISTICS_STDDEV">143.58573016206</MDI>
      <MDI key="STATISTICS_VALID_PERCENT">100</MDI>
    </Metadata>
  </PAMRasterBand>
</PAMDataset>
