<PAMDataset>
  <PAMRasterBand band="1">
    <Histograms>
      <HistItem>
        <HistMin>252.36</HistMin>
        <HistMax>541.64</HistMax>
        <BucketCount>225</BucketCount>
        <IncludeOutOfRange>0</IncludeOutOfRange>
        <Approximate>0</Approximate>
        <HistCounts>1|0|0|1|0|0|0|0|0|0|0|0|0|1|0|1|1|0|0|0|1|0|0|0|2|0|0|0|1|0|0|0|0|0|1|0|1|0|0|1|0|1|0|2|4|0|2|1|4|0|2|2|3|2|3|1|1|3|3|2|1|1|1|3|1|2|2|2|2|1|2|1|1|1|0|2|2|1|1|2|1|4|5|1|3|1|3|0|2|4|2|3|3|4|3|2|5|4|0|0|4|1|3|2|1|1|2|1|2|1|1|1|2|0|1|0|1|1|2|1|1|0|3|1|3|1|0|2|3|1|0|4|0|0|1|2|2|1|1|0|1|2|3|0|1|1|1|0|2|1|1|2|1|0|0|0|1|1|0|1|1|0|0|1|1|0|5|1|0|1|0|1|1|2|0|0|3|0|0|0|0|0|0|1|1|0|0|0|0|0|0|0|0|0|1|0|0|0|1|0|0|1|1|0|0|1|0|0|0|0|0|0|0|0|0|0|0|0|0|0|0|0|0|0|1</HistCounts>
      </HistItem>
    </Histograms>
    <Metadata>
      <MDI key="STATISTICS_MINIMUM">253</MDI>
      <MDI key="STATISTICS_MAXIMUM">541</MDI>
      <MDI key="STATISTICS_MEAN">379.77777777778</MDI>
      <MDI key="STATISTICS_STDDEV">56.074192475045</MDI>
      <MDI key="STATISTICS_VALID_PERCENT">100</MDI>
    </Metadata>
  </PAMRasterBand>
  <PAMRasterBand band="2">
    <Histograms>
      <HistItem>
        <HistMin>224.4088888888889</HistMin>
        <HistMax>491.5911111111111</HistMax>
        <BucketCount>225</BucketCount>
        <IncludeOutOfRange>0</IncludeOutOfRange>
        <Approximate>0</Approximate>
        <HistCounts>1|0|0|1|1|1|1|1|1|2|1|1|0|0|1|1|0|2|0|0|3|0|0|1|0|0|0|3|2|0|0|0|0|1|0|3|0|2|3|1|2|2|1|0|1|2|0|1|1|0|1|1|3|2|3|2|3|1|2|2|5|2|2|2|3|3|3|5|1|2|4|1|5|1|0|4|2|0|2|1|2|0|0|2|1|0|1|0|3|1|1|5|2|4|2|0|1|1|1|0|0|1|1|1|3|0|1|1|2|1|1|2|2|0|0|1|3|2|0|0|0|2|3|1|0|2|2|1|0|0|0|4|1|2|0|3|1|1|1|0|1|1|3|0|0|2|2|1|1|1|0|0|1|1|0|1|1|3|0|0|1|1|0|1|0|0|0|1|1|2|0|0|1|0|0|0|1|0|1|2|0|0|0|2|0|1|0|1|0|0|0|0|0|0|0|0|0|1|0|0|1|0|1|1|0|0|0|0|0|0|0|0|0|0|0|0|0|0|0|0|0|0|0|0|1</HistCounts>
      </HistItem>
    </Histograms>
    <Metadata>
      <MDI key="STATISTICS_MINIMUM">225</MDI>
      <MDI key="STATISTICS_MAXIMUM">491</MDI>
      <MDI key="STATISTICS_MEAN">330.98222222222</MDI>
      <MDI key="STATISTICS_STDDEV">57.633860760605</MDI>
      <MDI key="STATISTICS_VALID_PERCENT">100</MDI>
    </Metadata>
  </PAMRasterBand>
  <PAMRasterBand band="3">
    <Histograms>
      <HistItem>
        <HistMin>254.9177777777778</HistMin>
        <HistMax>744.0822222222222</HistMax>
        <BucketCount>225</BucketCount>
        <IncludeOutOfRange>0</IncludeOutOfRange>
        <Approximate>0</Approximate>
        <HistCounts>1|1|1|0|1|0|2|1|0|0|0|0|1|0|1|1|2|1|1|1|2|1|0|0|1|2|0|1|1|1|1|2|0|0|2|1|5|1|2|0|3|1|1|1|0|0|1|3|1|1|2|1|4|1|0|6|4|4|2|1|1|4|1|7|3|1|0|0|1|3|0|1|4|2|4|3|2|2|0|3|5|2|1|4|2|1|3|1|1|1|2|1|1|3|2|4|1|0|2|3|2|2|1|2|1|1|0|2|2|1|3|0|0|0|2|1|2|1|2|1|5|1|1|0|2|1|1|2|1|0|1|0|2|1|1|2|1|0|2|3|0|0|0|0|2|1|0|1|2|0|0|1|0|1|0|0|0|0|0|1|0|0|0|0|1|0|0|0|0|1|0|0|0|0|0|0|0|0|0|0|0|1|0|0|0|0|0|0|0|0|0|0|0|0|0|0|0|0|0|1|0|1|0|0|0|0|0|0|0|0|0|0|0|0|0|0|0|0|0|0|0|0|0|0|1</HistCounts>
      </HistItem>
    </Histograms>
    <Metadata>
      <MDI key="STATISTICS_MINIMUM">256</MDI>
      <MDI key="STATISTICS_MAXIMUM">743</MDI>
      <MDI key="STATISTICS_MEAN">430.07111111111</MDI>
      <MDI key="STATISTICS_STDDEV">89.231555510175</MDI>
      <MDI key="STATISTICS_VALID_PERCENT">100</MDI>
    </Metadata>
  </PAMRasterBand>
</PAMDataset>
