<PAMDataset>
  <PAMRasterBand band="1">
    <Histograms>
      <HistItem>
        <HistMin>269.5058139534884</HistMin>
        <HistMax>355.4941860465116</HistMax>
        <BucketCount>86</BucketCount>
        <IncludeOutOfRange>0</IncludeOutOfRange>
        <Approximate>0</Approximate>
        <HistCounts>1|0|0|2|0|1|0|0|0|4|4|0|0|3|1|3|5|1|2|4|5|1|1|4|3|5|1|3|5|2|1|2|3|4|6|0|6|9|6|5|2|4|9|4|2|9|5|8|6|4|5|4|3|4|6|2|2|5|7|4|1|2|1|5|1|0|3|3|1|0|1|1|3|1|0|0|0|1|0|1|0|0|1|0|0|1</HistCounts>
      </HistItem>
    </Histograms>
    <Metadata>
      <MDI key="STATISTICS_MINIMUM">270</MDI>
      <MDI key="STATISTICS_MAXIMUM">355</MDI>
      <MDI key="STATISTICS_MEAN">310.63111111111</MDI>
      <MDI key="STATISTICS_STDDEV">17.121056849807</MDI>
      <MDI key="STATISTICS_VALID_PERCENT">100</MDI>
    </Metadata>
  </PAMRasterBand>
  <PAMRasterBand band="2">
    <Histograms>
      <HistItem>
        <HistMin>208.5071428571429</HistMin>
        <HistMax>278.4928571428571</HistMax>
        <BucketCount>70</BucketCount>
        <IncludeOutOfRange>0</IncludeOutOfRange>
        <Approximate>0</Approximate>
        <HistCounts>1|0|0|0|0|0|0|1|2|3|1|0|3|2|1|2|6|5|4|4|4|4|3|3|7|3|2|5|2|1|5|5|5|6|5|6|6|9|2|7|9|6|4|4|4|4|1|5|5|6|8|6|1|4|5|6|3|1|3|2|1|3|2|1|1|3|0|1|0|1</HistCounts>
      </HistItem>
    </Histograms>
    <Metadata>
      <MDI key="STATISTICS_MINIMUM">209</MDI>
      <MDI key="STATISTICS_MAXIMUM">278</MDI>
      <MDI key="STATISTICS_MEAN">245.79555555556</MDI>
      <MDI key="STATISTICS_STDDEV">14.721200970868</MDI>
      <MDI key="STATISTICS_VALID_PERCENT">100</MDI>
    </Metadata>
  </PAMRasterBand>
  <PAMRasterBand band="3">
    <Histograms>
      <HistItem>
        <HistMin>255.5053191489362</HistMin>
        <HistMax>349.4946808510638</HistMax>
        <BucketCount>94</BucketCount>
        <IncludeOutOfRange>0</IncludeOutOfRange>
        <Approximate>0</Approximate>
        <HistCounts>1|0|0|0|0|0|1|2|2|3|2|0|1|2|0|3|0|1|1|3|3|3|2|4|3|1|3|6|2|2|5|8|2|5|8|7|4|5|5|7|6|9|4|5|3|5|4|2|4|1|1|4|4|3|3|2|8|3|12|1|2|0|2|4|2|0|3|2|1|0|3|2|0|0|1|3|1|0|2|0|0|1|0|0|0|2|1|0|0|0|0|1|0|1</HistCounts>
      </HistItem>
    </Histograms>
    <Metadata>
      <MDI key="STATISTICS_MINIMUM">256</MDI>
      <MDI key="STATISTICS_MAXIMUM">349</MDI>
      <MDI key="STATISTICS_MEAN">298.07555555556</MDI>
      <MDI key="STATISTICS_STDDEV">18.058142583894</MDI>
      <MDI key="STATISTICS_VALID_PERCENT">100</MDI>
    </Metadata>
  </PAMRasterBand>
</PAMDataset>
