<PAMDataset>
  <PAMRasterBand band="1">
    <Histograms>
      <HistItem>
        <HistMin>225.5033333333333</HistMin>
        <HistMax>375.4966666666667</HistMax>
        <BucketCount>150</BucketCount>
        <IncludeOutOfRange>0</IncludeOutOfRange>
        <Approximate>0</Approximate>
        <HistCounts>1|1|1|1|0|0|0|0|0|0|1|1|1|0|1|2|1|4|1|1|0|0|0|2|2|6|3|0|2|0|1|0|3|0|1|1|1|1|2|1|3|2|2|2|2|1|0|5|1|1|4|0|3|4|3|2|3|0|2|0|0|1|4|5|2|3|5|3|3|3|3|3|3|2|3|4|3|2|6|4|1|3|5|5|2|1|0|4|1|6|1|1|0|4|2|2|1|1|1|2|1|0|2|2|1|1|2|1|4|1|2|2|4|0|1|2|2|1|0|0|0|1|0|0|0|1|1|0|0|1|0|2|0|0|0|0|0|0|0|0|0|1|0|0|0|0|0|0|0|1</HistCounts>
      </HistItem>
    </Histograms>
    <Metadata>
      <MDI key="STATISTICS_MINIMUM">226</MDI>
      <MDI key="STATISTICS_MAXIMUM">375</MDI>
      <MDI key="STATISTICS_MEAN">293.97333333333</MDI>
      <MDI key="STATISTICS_STDDEV">30.75363320903</MDI>
      <MDI key="STATISTICS_VALID_PERCENT">100</MDI>
    </Metadata>
  </PAMRasterBand>
  <PAMRasterBand band="2">
    <Histograms>
      <HistItem>
        <HistMin>172.5046296296296</HistMin>
        <HistMax>280.4953703703704</HistMax>
        <BucketCount>108</BucketCount>
        <IncludeOutOfRange>0</IncludeOutOfRange>
        <Approximate>0</Approximate>
        <HistCounts>2|0|0|2|0|0|0|0|0|2|3|0|1|2|3|1|1|1|1|0|3|0|3|2|2|2|3|6|1|2|2|1|3|5|3|1|4|1|3|4|1|3|3|3|3|5|6|4|5|5|2|1|3|6|4|1|4|4|2|5|7|2|5|2|4|4|4|5|4|3|4|2|3|1|4|2|1|0|1|1|3|2|1|0|1|2|0|1|2|1|0|0|0|0|2|1|2|1|2|1|0|1|1|0|0|0|1|1</HistCounts>
      </HistItem>
    </Histograms>
    <Metadata>
      <MDI key="STATISTICS_MINIMUM">173</MDI>
      <MDI key="STATISTICS_MAXIMUM">280</MDI>
      <MDI key="STATISTICS_MEAN">224.35111111111</MDI>
      <MDI key="STATISTICS_STDDEV">22.956118741075</MDI>
      <MDI key="STATISTICS_VALID_PERCENT">100</MDI>
    </Metadata>
  </PAMRasterBand>
  <PAMRasterBand band="3">
    <Histograms>
      <HistItem>
        <HistMin>180.5027777777778</HistMin>
        <HistMax>360.4972222222222</HistMax>
        <BucketCount>180</BucketCount>
        <IncludeOutOfRange>0</IncludeOutOfRange>
        <Approximate>0</Approximate>
        <HistCounts>1|1|1|0|1|0|0|2|1|1|0|0|0|0|0|0|1|0|1|0|1|0|1|1|2|0|2|0|1|2|1|1|0|1|2|2|1|0|2|1|2|1|0|1|1|2|2|3|1|1|2|0|3|2|3|1|2|3|2|2|0|1|2|5|2|4|5|3|1|2|2|4|1|4|1|4|2|11|8|5|4|5|0|3|2|1|2|2|3|0|1|3|7|1|3|2|3|3|2|0|3|0|1|0|1|1|0|1|0|1|1|2|0|2|4|3|1|0|1|0|0|2|1|2|1|1|0|0|1|0|0|1|2|0|0|0|1|0|1|0|0|0|0|0|1|1|1|0|0|1|0|0|1|0|1|0|0|1|0|0|0|0|0|0|1|0|0|0|0|0|1|0|0|0|1|0|0|0|0|1</HistCounts>
      </HistItem>
    </Histograms>
    <Metadata>
      <MDI key="STATISTICS_MINIMUM">181</MDI>
      <MDI key="STATISTICS_MAXIMUM">360</MDI>
      <MDI key="STATISTICS_MEAN">257.57333333333</MDI>
      <MDI key="STATISTICS_STDDEV">34.243899051104</MDI>
      <MDI key="STATISTICS_VALID_PERCENT">100</MDI>
    </Metadata>
  </PAMRasterBand>
</PAMDataset>
