<PAMDataset>
  <PAMRasterBand band="1">
    <Histograms>
      <HistItem>
        <HistMin>264.4555555555556</HistMin>
        <HistMax>510.5444444444444</HistMax>
        <BucketCount>225</BucketCount>
        <IncludeOutOfRange>0</IncludeOutOfRange>
        <Approximate>0</Approximate>
        <HistCounts>2|1|0|0|0|1|0|0|0|0|0|0|0|0|0|1|1|4|3|1|1|2|1|1|0|1|2|3|1|2|0|2|0|1|2|2|1|4|2|4|1|3|0|4|1|1|2|3|7|2|0|1|2|0|0|1|2|1|0|4|3|1|0|2|3|1|0|3|1|0|0|1|1|0|1|0|2|1|1|2|0|0|2|1|0|2|1|0|0|2|1|2|0|1|0|1|2|1|0|1|1|0|0|0|0|0|0|0|0|1|0|0|0|1|1|1|0|0|0|0|0|1|1|3|1|1|0|0|0|1|0|0|0|2|0|0|0|2|1|1|0|1|1|1|1|1|0|1|3|1|0|0|1|0|0|2|0|0|1|1|0|2|0|1|1|1|0|1|0|0|1|0|0|1|1|0|3|0|0|1|0|0|1|1|0|1|3|1|3|0|2|3|3|1|3|2|0|9|1|2|1|0|2|1|0|0|1|1|3|1|1|2|1|1|1|2|1|0|0|0|0|0|0|1|1</HistCounts>
      </HistItem>
    </Histograms>
    <Metadata>
      <MDI key="STATISTICS_MINIMUM">265</MDI>
      <MDI key="STATISTICS_MAXIMUM">510</MDI>
      <MDI key="STATISTICS_MEAN">382.25777777778</MDI>
      <MDI key="STATISTICS_STDDEV">74.489642796503</MDI>
      <MDI key="STATISTICS_VALID_PERCENT">100</MDI>
    </Metadata>
  </PAMRasterBand>
  <PAMRasterBand band="2">
    <Histograms>
      <HistItem>
        <HistMin>229.3422222222222</HistMin>
        <HistMax>526.6577777777778</HistMax>
        <BucketCount>225</BucketCount>
        <IncludeOutOfRange>0</IncludeOutOfRange>
        <Approximate>0</Approximate>
        <HistCounts>1|0|3|0|1|3|1|1|3|2|2|2|0|1|4|0|2|3|0|0|4|3|3|4|0|1|1|3|0|2|5|3|4|2|4|4|3|2|1|1|0|2|2|2|1|2|1|1|0|1|0|2|2|2|1|0|0|1|0|1|0|4|0|2|2|0|0|0|0|0|1|0|0|1|1|0|1|0|2|0|0|0|2|2|0|2|0|1|0|3|0|2|1|0|0|0|0|0|1|0|0|0|0|2|3|0|0|1|1|0|1|0|0|0|1|0|0|1|0|0|0|0|0|1|0|1|2|0|0|2|0|2|1|1|0|2|0|0|0|0|0|0|1|0|0|2|0|0|0|1|1|1|0|1|0|0|0|0|1|1|2|0|0|0|1|1|1|2|0|0|1|0|1|1|1|0|1|0|2|0|0|2|2|0|1|1|1|1|2|3|3|3|1|2|4|1|2|1|3|1|0|1|0|0|4|0|0|1|1|1|1|0|0|2|0|1|0|1|2|1|0|1|0|0|1</HistCounts>
      </HistItem>
    </Histograms>
    <Metadata>
      <MDI key="STATISTICS_MINIMUM">230</MDI>
      <MDI key="STATISTICS_MAXIMUM">526</MDI>
      <MDI key="STATISTICS_MEAN">356.64444444444</MDI>
      <MDI key="STATISTICS_STDDEV">95.296206186712</MDI>
      <MDI key="STATISTICS_VALID_PERCENT">100</MDI>
    </Metadata>
  </PAMRasterBand>
  <PAMRasterBand band="3">
    <Histograms>
      <HistItem>
        <HistMin>291.9622222222222</HistMin>
        <HistMax>761.0377777777778</HistMax>
        <BucketCount>225</BucketCount>
        <IncludeOutOfRange>0</IncludeOutOfRange>
        <Approximate>0</Approximate>
        <HistCounts>2|0|2|1|0|1|0|2|0|3|0|0|2|1|0|1|4|0|1|0|2|1|1|1|3|0|3|1|1|0|2|3|1|0|2|2|2|4|2|1|2|4|0|5|2|2|0|6|1|1|1|1|4|1|1|1|2|1|1|1|0|1|1|3|2|0|0|2|0|1|0|1|0|4|1|1|0|1|2|1|2|0|1|2|0|1|1|1|1|0|1|0|1|0|0|0|0|1|2|1|0|0|0|0|1|0|0|2|1|1|0|1|0|2|0|0|1|1|0|1|0|1|0|0|1|2|1|0|1|0|0|0|0|0|0|0|0|0|1|0|3|0|0|0|1|1|0|1|0|2|1|1|0|0|0|0|1|1|0|0|1|0|0|0|0|0|0|1|0|1|1|2|1|0|1|1|1|0|0|0|0|0|3|1|1|1|1|1|0|0|0|2|1|1|1|0|2|4|3|3|4|3|5|3|3|2|2|0|1|0|0|1|3|3|1|0|0|1|0|0|0|1|1|0|1</HistCounts>
      </HistItem>
    </Histograms>
    <Metadata>
      <MDI key="STATISTICS_MINIMUM">293</MDI>
      <MDI key="STATISTICS_MAXIMUM">760</MDI>
      <MDI key="STATISTICS_MEAN">509.46222222222</MDI>
      <MDI key="STATISTICS_STDDEV">148.48233608209</MDI>
      <MDI key="STATISTICS_VALID_PERCENT">100</MDI>
    </Metadata>
  </PAMRasterBand>
</PAMDataset>
