<PAMDataset>
  <PAMRasterBand band="1">
    <Histograms>
      <HistItem>
        <HistMin>253.505376344086</HistMin>
        <HistMax>346.494623655914</HistMax>
        <BucketCount>93</BucketCount>
        <IncludeOutOfRange>0</IncludeOutOfRange>
        <Approximate>0</Approximate>
        <HistCounts>1|2|0|0|0|1|0|0|0|0|0|0|1|1|3|1|2|2|1|1|2|1|3|2|1|3|2|1|1|1|2|2|5|4|5|4|2|2|1|4|3|7|4|5|4|6|3|0|7|1|4|5|6|5|9|5|6|7|7|3|6|8|6|2|7|1|0|4|3|2|5|2|0|2|0|0|1|1|1|3|2|0|0|0|4|0|1|2|0|0|0|0|1</HistCounts>
      </HistItem>
    </Histograms>
    <Metadata>
      <MDI key="STATISTICS_MINIMUM">254</MDI>
      <MDI key="STATISTICS_MAXIMUM">346</MDI>
      <MDI key="STATISTICS_MEAN">302.69777777778</MDI>
      <MDI key="STATISTICS_STDDEV">18.161430302079</MDI>
      <MDI key="STATISTICS_VALID_PERCENT">100</MDI>
    </Metadata>
  </PAMRasterBand>
  <PAMRasterBand band="2">
    <Histograms>
      <HistItem>
        <HistMin>191.5070422535211</HistMin>
        <HistMax>262.4929577464789</HistMax>
        <BucketCount>71</BucketCount>
        <IncludeOutOfRange>0</IncludeOutOfRange>
        <Approximate>0</Approximate>
        <HistCounts>1|0|0|1|0|0|1|0|0|1|0|2|1|1|2|4|0|0|0|3|3|3|3|2|3|2|4|4|5|3|1|4|1|6|8|9|4|3|5|6|5|11|6|3|7|4|5|8|3|4|4|4|7|10|4|3|3|2|5|4|6|4|0|3|2|2|2|3|3|1|1</HistCounts>
      </HistItem>
    </Histograms>
    <Metadata>
      <MDI key="STATISTICS_MINIMUM">192</MDI>
      <MDI key="STATISTICS_MAXIMUM">262</MDI>
      <MDI key="STATISTICS_MEAN">233.49333333333</MDI>
      <MDI key="STATISTICS_STDDEV">14.690622859498</MDI>
      <MDI key="STATISTICS_VALID_PERCENT">100</MDI>
    </Metadata>
  </PAMRasterBand>
  <PAMRasterBand band="3">
    <Histograms>
      <HistItem>
        <HistMin>205.5055555555556</HistMin>
        <HistMax>295.4944444444445</HistMax>
        <BucketCount>90</BucketCount>
        <IncludeOutOfRange>0</IncludeOutOfRange>
        <Approximate>0</Approximate>
        <HistCounts>1|0|0|0|0|0|0|2|1|2|1|0|0|2|0|2|2|2|3|1|3|5|2|2|1|1|1|1|1|5|2|2|0|4|4|3|2|7|0|5|3|3|4|4|2|2|7|5|3|1|2|4|10|3|5|3|11|3|4|4|4|4|2|5|5|1|2|0|3|5|3|4|3|3|1|1|4|3|3|7|0|0|0|5|1|1|0|1|0|1</HistCounts>
      </HistItem>
    </Histograms>
    <Metadata>
      <MDI key="STATISTICS_MINIMUM">206</MDI>
      <MDI key="STATISTICS_MAXIMUM">295</MDI>
      <MDI key="STATISTICS_MEAN">255.46222222222</MDI>
      <MDI key="STATISTICS_STDDEV">19.81581062226</MDI>
      <MDI key="STATISTICS_VALID_PERCENT">100</MDI>
    </Metadata>
  </PAMRasterBand>
</PAMDataset>
