<PAMDataset>
  <PAMRasterBand band="1">
    <Histograms>
      <HistItem>
        <HistMin>222.3155555555556</HistMin>
        <HistMax>531.6844444444445</HistMax>
        <BucketCount>225</BucketCount>
        <IncludeOutOfRange>0</IncludeOutOfRange>
        <Approximate>0</Approximate>
        <HistCounts>1|0|0|0|0|0|0|3|0|0|0|1|1|0|0|0|1|0|2|1|1|0|3|1|4|1|2|1|2|1|1|2|2|2|1|0|5|2|1|4|3|7|0|3|4|1|2|7|4|7|1|1|6|4|2|5|3|4|2|4|7|5|3|7|2|2|1|6|0|3|2|4|1|7|1|2|3|1|1|0|2|2|2|1|2|1|0|0|1|0|0|2|0|1|0|2|0|0|0|0|1|1|0|1|1|2|0|0|1|0|0|1|0|0|1|0|0|0|1|2|0|0|0|0|0|1|0|1|0|1|0|0|1|0|0|0|0|0|0|1|1|0|0|0|1|0|0|0|0|0|0|1|0|0|0|0|1|0|1|0|0|0|1|0|0|0|1|0|0|0|1|0|0|0|0|0|0|1|0|0|2|0|1|0|0|0|0|0|0|0|1|0|1|0|0|0|0|0|0|0|0|1|0|0|0|0|0|0|0|0|0|0|0|0|0|0|0|0|1|0|0|0|1|0|1</HistCounts>
      </HistItem>
    </Histograms>
    <Metadata>
      <MDI key="STATISTICS_MINIMUM">223</MDI>
      <MDI key="STATISTICS_MAXIMUM">531</MDI>
      <MDI key="STATISTICS_MEAN">315.44888888889</MDI>
      <MDI key="STATISTICS_STDDEV">57.148759575232</MDI>
      <MDI key="STATISTICS_VALID_PERCENT">100</MDI>
    </Metadata>
  </PAMRasterBand>
  <PAMRasterBand band="2">
    <Histograms>
      <HistItem>
        <HistMin>164.42</HistMin>
        <HistMax>426.58</HistMax>
        <BucketCount>225</BucketCount>
        <IncludeOutOfRange>0</IncludeOutOfRange>
        <Approximate>0</Approximate>
        <HistCounts>1|0|0|0|0|0|0|0|1|2|1|0|2|1|2|6|1|0|4|2|2|5|3|1|0|1|0|4|4|2|2|5|5|2|1|3|2|1|3|2|3|3|4|2|4|9|3|4|2|3|0|2|4|3|4|1|5|3|3|4|3|2|4|4|3|3|0|2|4|2|3|1|2|1|2|2|2|2|3|0|3|0|2|1|1|0|0|2|1|0|2|0|1|0|0|1|0|0|1|0|0|0|0|1|0|2|0|0|0|0|0|0|1|0|0|1|1|0|0|1|0|0|0|0|0|1|0|0|0|1|0|1|0|0|0|0|0|0|2|0|0|0|0|0|0|0|1|0|1|0|0|0|0|0|0|0|0|0|0|0|1|0|0|0|1|0|1|1|0|0|0|0|0|0|0|0|0|0|1|0|0|0|1|2|0|0|0|0|0|0|0|1|0|0|0|0|2|0|0|0|0|0|0|0|0|0|0|0|0|1|0|0|0|0|0|0|0|1|0|0|0|0|0|0|1</HistCounts>
      </HistItem>
    </Histograms>
    <Metadata>
      <MDI key="STATISTICS_MINIMUM">165</MDI>
      <MDI key="STATISTICS_MAXIMUM">426</MDI>
      <MDI key="STATISTICS_MEAN">235.94222222222</MDI>
      <MDI key="STATISTICS_STDDEV">49.785952900119</MDI>
      <MDI key="STATISTICS_VALID_PERCENT">100</MDI>
    </Metadata>
  </PAMRasterBand>
  <PAMRasterBand band="3">
    <Histograms>
      <HistItem>
        <HistMin>182.2755555555555</HistMin>
        <HistMax>509.7244444444444</HistMax>
        <BucketCount>225</BucketCount>
        <IncludeOutOfRange>0</IncludeOutOfRange>
        <Approximate>0</Approximate>
        <HistCounts>2|3|0|4|3|4|0|4|6|0|3|3|5|2|6|4|7|4|5|3|1|8|2|2|2|4|1|3|2|5|5|5|4|6|6|1|5|0|5|6|2|1|1|1|3|6|1|5|0|4|2|0|1|0|1|0|3|2|4|2|4|0|1|1|0|2|1|1|0|0|0|0|0|1|0|1|0|0|0|1|0|0|0|1|0|2|0|1|1|0|0|0|0|0|0|0|0|0|0|0|1|0|1|0|0|0|0|0|1|1|0|0|0|0|0|0|2|1|0|0|0|0|0|0|0|0|1|0|1|0|1|0|0|0|0|0|0|0|0|0|1|0|0|0|1|0|1|0|0|1|0|0|0|0|0|0|0|0|0|1|0|0|0|0|0|0|1|0|1|0|0|0|1|0|0|0|0|0|0|2|0|0|1|0|0|0|0|0|1|0|0|0|2|0|0|0|0|0|0|0|0|0|0|0|0|0|0|0|0|0|0|1|0|0|0|0|0|1|0|0|0|0|0|0|1</HistCounts>
      </HistItem>
    </Histograms>
    <Metadata>
      <MDI key="STATISTICS_MINIMUM">183</MDI>
      <MDI key="STATISTICS_MAXIMUM">509</MDI>
      <MDI key="STATISTICS_MEAN">249.76</MDI>
      <MDI key="STATISTICS_STDDEV">66.629624375682</MDI>
      <MDI key="STATISTICS_VALID_PERCENT">100</MDI>
    </Metadata>
  </PAMRasterBand>
</PAMDataset>
