<PAMDataset>
  <PAMRasterBand band="1">
    <Histograms>
      <HistItem>
        <HistMin>254.4422222222222</HistMin>
        <HistMax>958.5577777777778</HistMax>
        <BucketCount>225</BucketCount>
        <IncludeOutOfRange>0</IncludeOutOfRange>
        <Approximate>0</Approximate>
        <HistCounts>2|0|1|1|0|1|1|3|2|1|3|0|4|5|3|4|6|10|3|10|5|5|4|4|5|4|5|10|8|5|3|5|4|7|4|8|0|2|3|4|1|1|0|2|1|0|0|0|0|0|2|2|4|1|1|2|1|2|1|4|1|1|2|1|1|1|1|3|0|4|1|1|2|0|1|1|0|0|2|0|0|0|0|0|0|1|0|0|1|0|0|0|0|0|0|0|3|0|0|1|2|0|0|0|0|0|0|1|1|1|0|0|0|0|0|0|0|0|0|0|0|0|0|0|0|0|0|0|0|0|0|1|0|0|0|0|0|0|0|0|0|0|0|0|0|0|0|0|1|1|0|0|0|0|0|0|0|0|0|0|1|0|0|0|0|0|1|0|0|0|0|0|0|0|1|0|0|0|0|1|0|0|1|0|0|0|0|0|0|0|0|0|0|0|0|0|0|1|0|0|0|0|0|0|0|0|0|0|0|0|0|0|0|1|0|0|0|0|0|0|0|0|0|0|1</HistCounts>
      </HistItem>
    </Histograms>
    <Metadata>
      <MDI key="STATISTICS_MINIMUM">256</MDI>
      <MDI key="STATISTICS_MAXIMUM">957</MDI>
      <MDI key="STATISTICS_MEAN">387.24888888889</MDI>
      <MDI key="STATISTICS_STDDEV">119.28680773147</MDI>
      <MDI key="STATISTICS_VALID_PERCENT">100</MDI>
    </Metadata>
  </PAMRasterBand>
  <PAMRasterBand band="2">
    <Histograms>
      <HistItem>
        <HistMin>188.7688888888889</HistMin>
        <HistMax>745.2311111111111</HistMax>
        <BucketCount>225</BucketCount>
        <IncludeOutOfRange>0</IncludeOutOfRange>
        <Approximate>0</Approximate>
        <HistCounts>1|0|2|0|0|1|0|2|0|1|1|2|1|6|0|1|2|5|1|4|3|13|5|12|2|12|5|4|5|2|7|5|8|5|10|4|10|1|6|1|3|2|2|0|0|2|0|1|1|0|0|0|0|0|1|0|0|1|0|0|0|1|2|3|0|0|0|0|1|0|1|1|1|2|2|1|2|4|1|0|0|2|3|1|3|1|0|0|1|2|1|2|0|1|1|0|0|1|0|1|2|0|0|0|1|0|1|0|0|0|0|0|0|0|0|0|0|0|1|0|1|1|1|0|0|0|0|0|0|0|0|0|1|0|0|0|0|1|0|0|0|0|0|0|0|0|0|0|0|0|1|0|1|0|0|0|0|1|0|0|0|0|0|0|0|0|0|0|0|2|0|0|0|0|0|0|0|0|0|0|0|0|0|0|0|0|0|0|0|1|0|0|0|0|1|0|0|0|0|0|0|0|0|0|0|1|0|0|0|1|0|0|0|0|0|0|0|0|0|0|0|0|0|0|1</HistCounts>
      </HistItem>
    </Histograms>
    <Metadata>
      <MDI key="STATISTICS_MINIMUM">190</MDI>
      <MDI key="STATISTICS_MAXIMUM">744</MDI>
      <MDI key="STATISTICS_MEAN">307.47555555556</MDI>
      <MDI key="STATISTICS_STDDEV">99.53893968483</MDI>
      <MDI key="STATISTICS_VALID_PERCENT">100</MDI>
    </Metadata>
  </PAMRasterBand>
  <PAMRasterBand band="3">
    <Histograms>
      <HistItem>
        <HistMin>209.2066666666667</HistMin>
        <HistMax>1019.793333333333</HistMax>
        <BucketCount>225</BucketCount>
        <IncludeOutOfRange>0</IncludeOutOfRange>
        <Approximate>0</Approximate>
        <HistCounts>1|0|1|2|0|0|4|2|6|8|4|2|2|2|3|4|9|8|6|8|2|6|10|11|7|3|4|2|4|6|3|6|5|5|1|2|4|2|0|2|2|0|0|0|0|0|1|0|1|2|0|2|0|2|0|0|0|0|0|1|0|1|0|0|0|0|0|0|1|0|0|1|1|1|0|1|1|0|1|2|1|1|1|1|0|1|0|1|1|1|0|1|1|0|2|2|0|0|1|1|1|2|1|2|1|0|0|1|0|0|0|0|1|0|0|2|0|1|1|1|0|0|1|1|0|0|0|0|0|0|0|1|0|0|0|0|1|0|1|0|1|0|1|0|1|0|0|1|0|0|0|0|0|0|0|0|0|0|0|0|0|0|0|0|0|0|0|1|0|0|1|0|0|0|0|0|0|0|0|0|0|0|0|0|1|1|0|0|0|0|0|0|0|0|0|0|0|1|0|1|0|0|0|0|0|0|0|0|0|0|0|0|0|0|0|0|0|0|0|0|1|0|0|0|1</HistCounts>
      </HistItem>
    </Histograms>
    <Metadata>
      <MDI key="STATISTICS_MINIMUM">211</MDI>
      <MDI key="STATISTICS_MAXIMUM">1018</MDI>
      <MDI key="STATISTICS_MEAN">375.01333333333</MDI>
      <MDI key="STATISTICS_STDDEV">162.32279171796</MDI>
      <MDI key="STATISTICS_VALID_PERCENT">100</MDI>
    </Metadata>
  </PAMRasterBand>
</PAMDataset>
