<PAMDataset>
  <PAMRasterBand band="1">
    <Histograms>
      <HistItem>
        <HistMin>218.0688888888889</HistMin>
        <HistMax>638.9311111111111</HistMax>
        <BucketCount>225</BucketCount>
        <IncludeOutOfRange>0</IncludeOutOfRange>
        <Approximate>0</Approximate>
        <HistCounts>1|1|1|1|0|3|1|0|1|0|0|0|0|3|1|0|1|0|2|1|1|4|3|1|2|0|3|3|2|2|2|1|3|2|6|1|1|2|0|1|3|4|1|1|1|4|2|2|1|1|3|4|1|5|4|2|3|1|1|0|0|2|0|1|0|1|5|1|0|2|0|1|2|1|1|1|1|0|2|3|3|3|0|0|3|0|0|0|1|0|1|0|0|1|2|2|2|3|3|0|0|1|2|3|1|0|1|3|0|3|1|2|2|0|0|0|0|1|2|5|3|1|0|0|0|3|0|1|0|3|2|1|1|1|0|2|4|0|1|0|1|1|0|1|0|1|0|0|0|1|0|1|0|0|0|1|0|0|1|0|0|1|0|0|0|0|0|1|0|1|0|0|1|0|1|0|0|1|0|0|1|0|1|0|1|0|0|1|0|1|0|0|1|0|0|0|1|0|1|1|0|0|0|0|0|0|0|0|0|0|0|1|0|0|0|0|0|0|0|0|0|0|0|1|1</HistCounts>
      </HistItem>
    </Histograms>
    <Metadata>
      <MDI key="STATISTICS_MINIMUM">219</MDI>
      <MDI key="STATISTICS_MAXIMUM">638</MDI>
      <MDI key="STATISTICS_MEAN">367.30222222222</MDI>
      <MDI key="STATISTICS_STDDEV">94.668860277141</MDI>
      <MDI key="STATISTICS_VALID_PERCENT">100</MDI>
    </Metadata>
  </PAMRasterBand>
  <PAMRasterBand band="2">
    <Histograms>
      <HistItem>
        <HistMin>183.2044444444444</HistMin>
        <HistMax>542.7955555555556</HistMax>
        <BucketCount>225</BucketCount>
        <IncludeOutOfRange>0</IncludeOutOfRange>
        <Approximate>0</Approximate>
        <HistCounts>1|1|0|2|1|0|1|2|2|2|1|1|2|3|4|1|4|1|1|3|5|3|2|4|3|2|3|2|2|3|1|5|0|3|1|1|2|1|3|2|0|5|0|0|3|2|5|1|2|2|0|2|0|3|2|0|1|0|1|1|1|3|1|1|2|0|2|1|1|0|1|0|1|2|3|2|2|0|0|0|0|1|0|1|7|0|1|0|1|2|2|0|0|3|2|1|5|1|2|1|1|1|0|1|2|1|2|0|2|1|1|1|1|1|3|3|0|1|0|0|0|1|0|0|2|2|2|1|1|0|2|1|1|0|0|0|1|0|0|0|1|0|0|1|0|0|1|1|0|0|0|2|1|0|0|0|0|0|0|0|0|0|1|0|0|0|0|2|0|2|1|0|0|0|0|1|0|0|0|0|1|0|0|0|0|0|0|0|0|0|0|3|0|0|0|1|0|0|0|0|0|0|0|1|1|1|0|0|0|1|0|0|0|1|0|0|0|0|0|0|0|0|0|0|1</HistCounts>
      </HistItem>
    </Histograms>
    <Metadata>
      <MDI key="STATISTICS_MINIMUM">184</MDI>
      <MDI key="STATISTICS_MAXIMUM">542</MDI>
      <MDI key="STATISTICS_MEAN">298.11111111111</MDI>
      <MDI key="STATISTICS_STDDEV">83.18531446842</MDI>
      <MDI key="STATISTICS_VALID_PERCENT">100</MDI>
    </Metadata>
  </PAMRasterBand>
  <PAMRasterBand band="3">
    <Histograms>
      <HistItem>
        <HistMin>194.6088888888889</HistMin>
        <HistMax>823.3911111111111</HistMax>
        <BucketCount>225</BucketCount>
        <IncludeOutOfRange>0</IncludeOutOfRange>
        <Approximate>0</Approximate>
        <HistCounts>1|2|0|4|0|4|2|2|2|3|5|6|6|9|5|8|7|6|5|3|0|2|1|0|2|2|3|0|4|0|1|3|0|1|2|0|2|1|2|0|3|1|2|0|3|2|2|0|1|1|1|0|3|1|1|1|1|1|3|3|2|1|1|1|1|1|2|2|2|3|0|1|1|1|1|0|1|2|2|2|1|1|0|1|0|0|4|1|2|1|1|2|3|1|0|0|0|2|0|1|0|4|0|0|0|0|0|0|1|1|1|1|2|0|1|2|1|1|1|0|1|0|1|0|1|0|1|1|0|0|1|0|0|1|1|1|1|0|0|0|1|1|1|1|0|0|0|0|0|0|0|0|0|0|0|0|0|1|0|0|0|0|1|0|1|0|0|0|0|0|0|0|0|0|0|0|0|0|0|0|0|0|0|0|0|0|1|0|0|0|0|0|0|1|0|0|0|0|0|1|0|1|0|0|0|1|0|1|1|0|0|0|0|0|0|0|0|0|0|0|0|0|0|0|1</HistCounts>
      </HistItem>
    </Histograms>
    <Metadata>
      <MDI key="STATISTICS_MINIMUM">196</MDI>
      <MDI key="STATISTICS_MAXIMUM">822</MDI>
      <MDI key="STATISTICS_MEAN">353.48888888889</MDI>
      <MDI key="STATISTICS_STDDEV">137.39888762646</MDI>
      <MDI key="STATISTICS_VALID_PERCENT">100</MDI>
    </Metadata>
  </PAMRasterBand>
</PAMDataset>
