<PAMDataset>
  <PAMRasterBand band="1">
    <Histograms>
      <HistItem>
        <HistMin>214.2088888888889</HistMin>
        <HistMax>571.7911111111111</HistMax>
        <BucketCount>225</BucketCount>
        <IncludeOutOfRange>0</IncludeOutOfRange>
        <Approximate>0</Approximate>
        <HistCounts>1|1|3|2|1|0|3|1|2|0|0|2|0|1|2|0|2|1|4|0|1|2|1|2|2|2|2|2|3|1|4|6|1|6|4|4|5|2|0|1|5|1|0|2|0|2|0|0|1|0|3|2|0|1|0|0|2|1|2|2|2|0|2|0|1|4|0|2|0|2|3|1|1|0|3|2|2|1|0|0|1|0|1|0|1|0|1|0|0|0|1|3|0|0|1|0|2|0|0|0|1|0|3|1|1|0|1|1|0|0|1|1|1|5|1|1|2|0|0|0|1|0|3|1|0|1|1|0|1|2|0|1|1|2|0|3|3|2|0|0|0|0|2|2|1|3|0|1|2|1|3|1|0|0|2|0|0|1|0|1|0|0|0|0|2|0|1|1|0|1|0|3|2|1|1|0|0|0|0|0|2|0|0|0|2|0|0|0|0|0|0|0|0|0|0|0|0|0|2|0|0|0|1|1|1|1|0|0|0|0|0|1|0|0|0|0|0|0|0|0|0|1|0|0|1</HistCounts>
      </HistItem>
    </Histograms>
    <Metadata>
      <MDI key="STATISTICS_MINIMUM">215</MDI>
      <MDI key="STATISTICS_MAXIMUM">571</MDI>
      <MDI key="STATISTICS_MEAN">344.84444444444</MDI>
      <MDI key="STATISTICS_STDDEV">90.965232810382</MDI>
      <MDI key="STATISTICS_VALID_PERCENT">100</MDI>
    </Metadata>
  </PAMRasterBand>
  <PAMRasterBand band="2">
    <Histograms>
      <HistItem>
        <HistMin>165.3466666666667</HistMin>
        <HistMax>460.6533333333333</HistMax>
        <BucketCount>225</BucketCount>
        <IncludeOutOfRange>0</IncludeOutOfRange>
        <Approximate>0</Approximate>
        <HistCounts>1|1|0|2|1|1|0|3|1|1|0|2|2|3|1|0|0|1|3|0|0|6|1|3|5|1|3|7|2|3|5|5|1|2|2|0|2|4|2|0|2|4|0|0|0|0|2|0|2|1|0|0|0|0|0|1|2|0|2|1|0|1|2|0|0|1|1|2|1|5|1|1|2|1|2|0|1|1|3|2|2|2|0|1|1|0|0|1|0|1|0|1|0|0|2|1|0|1|1|1|0|3|0|0|0|0|0|0|1|0|2|2|0|4|1|0|1|1|0|1|3|0|0|2|0|0|1|0|2|0|1|0|0|1|0|3|3|0|0|1|1|2|0|0|1|1|2|1|1|3|0|0|2|2|1|1|2|0|0|0|1|0|2|2|1|1|2|1|3|0|2|2|2|1|3|0|1|0|0|0|0|0|0|0|0|0|1|0|0|1|1|0|0|0|0|1|1|1|0|0|0|0|0|0|1|1|1|0|0|0|0|0|0|1|0|0|0|0|0|0|0|0|0|1|1</HistCounts>
      </HistItem>
    </Histograms>
    <Metadata>
      <MDI key="STATISTICS_MINIMUM">166</MDI>
      <MDI key="STATISTICS_MAXIMUM">460</MDI>
      <MDI key="STATISTICS_MEAN">278.28888888889</MDI>
      <MDI key="STATISTICS_STDDEV">78.084746617512</MDI>
      <MDI key="STATISTICS_VALID_PERCENT">100</MDI>
    </Metadata>
  </PAMRasterBand>
  <PAMRasterBand band="3">
    <Histograms>
      <HistItem>
        <HistMin>161.08</HistMin>
        <HistMax>576.92</HistMax>
        <BucketCount>225</BucketCount>
        <IncludeOutOfRange>0</IncludeOutOfRange>
        <Approximate>0</Approximate>
        <HistCounts>1|0|0|0|0|2|1|0|0|2|2|1|3|1|3|3|3|3|5|4|1|2|2|2|2|1|1|0|1|4|4|2|2|0|2|1|1|3|2|1|0|0|0|1|1|4|2|1|2|0|2|0|0|2|2|1|3|0|1|1|1|1|1|0|1|0|0|3|3|1|2|1|0|1|0|0|0|2|1|0|1|3|0|0|0|1|0|0|3|2|1|0|0|0|2|3|0|1|1|4|1|1|1|0|1|0|0|1|0|0|2|3|0|0|1|2|0|2|1|0|2|1|1|0|2|0|1|0|0|1|0|2|0|0|1|0|0|1|0|1|1|0|1|0|0|0|2|1|2|1|0|1|1|1|1|0|0|0|1|0|0|5|1|1|2|0|0|1|1|3|0|1|1|0|2|3|1|0|1|1|3|1|1|1|1|1|0|1|0|2|3|0|0|0|1|1|0|1|2|0|0|0|1|0|0|0|4|0|0|0|0|0|0|0|1|1|0|0|0|1|0|0|0|0|1</HistCounts>
      </HistItem>
    </Histograms>
    <Metadata>
      <MDI key="STATISTICS_MINIMUM">162</MDI>
      <MDI key="STATISTICS_MAXIMUM">576</MDI>
      <MDI key="STATISTICS_MEAN">332.40888888889</MDI>
      <MDI key="STATISTICS_STDDEV">117.19439467487</MDI>
      <MDI key="STATISTICS_VALID_PERCENT">100</MDI>
    </Metadata>
  </PAMRasterBand>
</PAMDataset>
