<PAMDataset>
  <PAMRasterBand band="1">
    <Histograms>
      <HistItem>
        <HistMin>270.4977777777778</HistMin>
        <HistMax>497.5022222222222</HistMax>
        <BucketCount>225</BucketCount>
        <IncludeOutOfRange>0</IncludeOutOfRange>
        <Approximate>0</Approximate>
        <HistCounts>1|0|0|0|0|0|0|0|0|2|0|1|1|1|0|1|0|1|2|0|0|2|1|0|0|2|0|3|0|0|1|1|1|1|1|0|0|0|0|2|0|2|0|0|0|0|1|0|1|1|0|2|2|2|1|1|1|0|1|3|2|1|1|0|0|2|1|1|1|0|0|0|0|0|1|1|0|1|0|0|0|1|2|0|1|0|0|0|0|1|0|0|0|2|0|0|2|0|0|0|0|1|0|2|1|0|1|0|1|1|0|2|2|0|0|0|1|1|1|0|0|1|0|0|0|0|0|1|0|0|0|0|1|1|1|0|0|1|0|1|1|1|2|0|2|0|2|1|0|1|1|0|2|2|1|3|0|2|1|0|5|1|2|5|4|1|2|3|3|1|0|1|2|1|3|2|2|3|1|2|2|0|0|3|4|2|0|1|2|2|0|2|3|1|2|3|4|1|2|0|2|3|1|4|3|3|0|3|4|2|0|2|1|3|1|2|1|1|0|1|2|0|0|0|1</HistCounts>
      </HistItem>
    </Histograms>
    <Metadata>
      <MDI key="STATISTICS_MINIMUM">271</MDI>
      <MDI key="STATISTICS_MAXIMUM">497</MDI>
      <MDI key="STATISTICS_MEAN">410.22666666667</MDI>
      <MDI key="STATISTICS_STDDEV">64.161928483071</MDI>
      <MDI key="STATISTICS_VALID_PERCENT">100</MDI>
    </Metadata>
  </PAMRasterBand>
  <PAMRasterBand band="2">
    <Histograms>
      <HistItem>
        <HistMin>208.4555555555555</HistMin>
        <HistMax>454.5444444444444</HistMax>
        <BucketCount>225</BucketCount>
        <IncludeOutOfRange>0</IncludeOutOfRange>
        <Approximate>0</Approximate>
        <HistCounts>1|0|1|1|0|0|0|1|0|0|0|0|0|0|2|2|0|0|1|2|1|0|0|2|0|0|1|4|0|1|0|2|2|0|1|2|1|0|1|0|0|0|1|1|0|2|0|0|5|1|0|0|1|0|0|3|1|2|2|4|1|1|0|0|1|1|1|1|1|1|1|0|0|1|0|0|2|0|1|1|0|0|0|0|0|1|0|0|0|0|0|0|0|1|0|0|0|1|1|2|0|1|2|0|1|0|3|0|0|0|0|0|1|0|1|0|0|0|1|0|0|0|0|0|0|0|0|1|0|0|0|1|1|0|0|0|1|0|1|1|0|1|1|1|2|0|1|1|0|1|0|0|0|3|1|4|2|1|2|0|6|0|2|2|0|1|2|1|2|1|1|2|3|2|1|1|3|3|2|1|1|2|0|3|0|3|0|5|1|4|3|4|4|0|2|3|3|3|3|6|1|2|0|1|4|1|1|3|1|3|1|2|0|1|2|1|1|0|0|0|2|2|0|0|1</HistCounts>
      </HistItem>
    </Histograms>
    <Metadata>
      <MDI key="STATISTICS_MINIMUM">209</MDI>
      <MDI key="STATISTICS_MAXIMUM">454</MDI>
      <MDI key="STATISTICS_MEAN">356.84444444444</MDI>
      <MDI key="STATISTICS_STDDEV">72.414288202001</MDI>
      <MDI key="STATISTICS_VALID_PERCENT">100</MDI>
    </Metadata>
  </PAMRasterBand>
  <PAMRasterBand band="3">
    <Histograms>
      <HistItem>
        <HistMin>225.0177777777778</HistMin>
        <HistMax>668.9822222222223</HistMax>
        <BucketCount>225</BucketCount>
        <IncludeOutOfRange>0</IncludeOutOfRange>
        <Approximate>0</Approximate>
        <HistCounts>1|1|0|0|0|0|0|0|0|0|0|0|0|0|3|1|2|0|0|1|1|1|2|0|0|1|0|0|2|2|2|2|2|2|1|1|2|0|1|2|0|1|3|1|1|0|1|2|1|1|0|2|1|2|0|3|0|0|1|1|1|2|1|0|1|1|0|0|0|0|1|1|1|0|2|0|1|0|0|0|0|0|0|0|1|0|0|0|0|0|1|0|2|0|0|0|1|0|2|0|1|0|1|0|1|1|0|0|0|2|0|0|0|0|2|0|0|0|0|0|0|0|1|0|2|0|0|0|0|1|0|1|0|1|0|0|0|0|1|2|0|1|1|1|1|1|2|1|1|1|2|3|1|5|2|0|1|0|1|3|2|2|3|3|1|1|0|1|7|1|1|0|1|2|1|4|1|0|1|3|2|5|1|4|4|3|0|0|2|4|2|2|2|3|6|1|1|4|0|3|0|1|0|2|1|1|3|1|0|3|0|2|2|3|1|0|0|2|0|0|0|0|0|0|1</HistCounts>
      </HistItem>
    </Histograms>
    <Metadata>
      <MDI key="STATISTICS_MINIMUM">226</MDI>
      <MDI key="STATISTICS_MAXIMUM">668</MDI>
      <MDI key="STATISTICS_MEAN">485.48444444444</MDI>
      <MDI key="STATISTICS_STDDEV">128.15040114483</MDI>
      <MDI key="STATISTICS_VALID_PERCENT">100</MDI>
    </Metadata>
  </PAMRasterBand>
</PAMDataset>
