<PAMDataset>
  <PAMRasterBand band="1">
    <Histograms>
      <HistItem>
        <HistMin>199.5022421524664</HistMin>
        <HistMax>422.4977578475336</HistMax>
        <BucketCount>223</BucketCount>
        <IncludeOutOfRange>0</IncludeOutOfRange>
        <Approximate>0</Approximate>
        <HistCounts>1|0|0|0|2|0|0|0|2|0|0|0|0|0|0|2|0|0|1|0|2|0|0|3|0|0|2|0|1|1|0|0|2|1|0|0|1|0|1|0|0|0|4|0|1|2|2|4|1|3|2|0|2|2|2|1|2|1|1|1|3|1|0|0|4|0|0|3|2|1|1|2|3|2|0|1|0|0|0|1|1|2|2|0|2|3|2|4|1|3|1|4|2|4|1|1|1|1|2|0|3|0|1|4|2|0|0|1|1|3|2|1|0|1|2|2|0|1|1|4|0|2|1|0|2|0|0|4|3|3|1|4|2|3|1|0|2|0|2|3|1|4|1|2|3|0|2|0|2|1|0|0|1|1|0|0|1|1|0|0|0|1|2|2|0|0|2|0|1|1|2|2|1|2|0|0|1|0|0|1|0|0|0|0|0|0|0|0|2|1|0|0|0|0|0|0|0|0|0|2|0|1|1|1|0|0|0|0|0|0|0|0|1|0|0|0|1|0|0|0|0|0|1</HistCounts>
      </HistItem>
    </Histograms>
    <Metadata>
      <MDI key="STATISTICS_MINIMUM">200</MDI>
      <MDI key="STATISTICS_MAXIMUM">422</MDI>
      <MDI key="STATISTICS_MEAN">300.34222222222</MDI>
      <MDI key="STATISTICS_STDDEV">48.471693865315</MDI>
      <MDI key="STATISTICS_VALID_PERCENT">100</MDI>
    </Metadata>
  </PAMRasterBand>
  <PAMRasterBand band="2">
    <Histograms>
      <HistItem>
        <HistMin>157.5029069767442</HistMin>
        <HistMax>329.4970930232558</HistMax>
        <BucketCount>172</BucketCount>
        <IncludeOutOfRange>0</IncludeOutOfRange>
        <Approximate>0</Approximate>
        <HistCounts>1|0|1|1|1|0|1|0|0|1|0|0|1|1|0|0|2|0|1|1|0|2|1|1|1|2|1|0|3|3|1|0|2|0|1|5|1|2|3|3|3|3|1|4|0|2|2|3|3|2|1|1|2|2|0|1|0|1|4|2|2|1|4|3|1|3|2|4|1|0|3|1|1|2|4|2|4|2|2|3|3|0|1|0|3|2|1|2|1|2|2|1|0|1|1|2|1|3|4|2|1|1|1|2|3|1|1|2|2|4|0|3|3|1|2|3|1|4|0|2|2|0|1|1|3|0|1|2|0|0|0|0|2|0|2|2|1|1|0|1|1|1|0|0|1|0|0|0|0|1|0|0|0|1|0|2|0|0|0|0|1|0|0|0|0|0|0|2|0|0|0|1</HistCounts>
      </HistItem>
    </Histograms>
    <Metadata>
      <MDI key="STATISTICS_MINIMUM">158</MDI>
      <MDI key="STATISTICS_MAXIMUM">329</MDI>
      <MDI key="STATISTICS_MEAN">234.35111111111</MDI>
      <MDI key="STATISTICS_STDDEV">38.070417925046</MDI>
      <MDI key="STATISTICS_VALID_PERCENT">100</MDI>
    </Metadata>
  </PAMRasterBand>
  <PAMRasterBand band="3">
    <Histograms>
      <HistItem>
        <HistMin>179.5027322404372</HistMin>
        <HistMax>362.4972677595628</HistMax>
        <BucketCount>183</BucketCount>
        <IncludeOutOfRange>0</IncludeOutOfRange>
        <Approximate>0</Approximate>
        <HistCounts>1|0|0|1|0|0|1|1|0|3|1|0|0|0|0|0|0|2|0|1|3|1|1|1|1|1|3|3|1|1|1|0|3|0|2|0|5|1|2|0|4|1|2|0|5|2|1|2|1|1|1|3|2|2|1|3|2|3|4|1|2|1|1|2|3|2|1|1|0|2|0|1|1|2|1|3|2|0|0|0|2|1|2|2|1|1|2|0|2|3|1|0|3|2|0|2|1|2|4|1|0|3|0|2|0|2|0|0|3|1|2|2|1|3|0|0|3|0|1|5|0|3|1|0|1|2|1|1|0|0|1|3|4|1|0|0|2|1|0|1|1|0|1|2|0|1|2|2|1|0|2|1|1|0|1|1|1|1|3|2|0|1|1|2|0|0|1|0|0|0|1|2|0|0|0|1|1|0|0|0|2|0|1</HistCounts>
      </HistItem>
    </Histograms>
    <Metadata>
      <MDI key="STATISTICS_MINIMUM">180</MDI>
      <MDI key="STATISTICS_MAXIMUM">362</MDI>
      <MDI key="STATISTICS_MEAN">265.49333333333</MDI>
      <MDI key="STATISTICS_STDDEV">46.145000451475</MDI>
      <MDI key="STATISTICS_VALID_PERCENT">100</MDI>
    </Metadata>
  </PAMRasterBand>
</PAMDataset>
