<PAMDataset>
  <PAMRasterBand band="1">
    <Histograms>
      <HistItem>
        <HistMin>226.9422222222222</HistMin>
        <HistMax>705.0577777777778</HistMax>
        <BucketCount>225</BucketCount>
        <IncludeOutOfRange>0</IncludeOutOfRange>
        <Approximate>0</Approximate>
        <HistCounts>1|0|1|1|0|0|2|0|0|0|2|1|1|0|3|1|3|1|0|1|2|4|0|3|4|2|2|3|2|2|0|4|5|1|3|1|1|3|1|1|1|3|1|1|1|0|1|2|1|3|3|0|0|0|1|1|4|0|3|2|2|1|0|1|2|2|5|3|2|5|4|2|18|9|5|7|1|2|1|3|0|3|3|0|0|2|0|0|2|0|1|1|0|0|1|1|2|0|0|0|1|0|1|0|0|0|0|0|0|0|2|0|1|0|0|0|0|0|0|1|0|0|0|0|1|2|1|0|0|0|1|0|0|0|1|0|1|0|1|1|0|0|1|2|2|0|0|1|0|0|0|0|1|1|1|0|0|0|1|0|0|0|2|0|0|0|0|1|0|0|0|0|0|0|0|0|1|0|0|0|0|0|0|0|1|0|0|0|0|0|1|0|2|0|1|1|0|0|0|1|0|1|0|0|0|0|0|1|0|1|0|2|0|0|0|1|0|0|0|0|0|0|1|0|1</HistCounts>
      </HistItem>
    </Histograms>
    <Metadata>
      <MDI key="STATISTICS_MINIMUM">228</MDI>
      <MDI key="STATISTICS_MAXIMUM">704</MDI>
      <MDI key="STATISTICS_MEAN">384.87555555556</MDI>
      <MDI key="STATISTICS_STDDEV">106.37774444676</MDI>
      <MDI key="STATISTICS_VALID_PERCENT">100</MDI>
    </Metadata>
  </PAMRasterBand>
  <PAMRasterBand band="2">
    <Histograms>
      <HistItem>
        <HistMin>191.9288888888889</HistMin>
        <HistMax>676.0711111111111</HistMax>
        <BucketCount>225</BucketCount>
        <IncludeOutOfRange>0</IncludeOutOfRange>
        <Approximate>0</Approximate>
        <HistCounts>1|1|1|2|0|0|1|2|4|3|1|2|0|8|5|4|1|2|3|4|0|3|0|2|1|2|3|1|0|0|0|1|1|0|0|3|1|1|2|1|4|2|2|0|2|0|1|0|2|0|1|3|1|3|3|4|6|4|2|7|3|3|7|3|3|4|6|3|2|1|5|3|3|2|5|1|1|1|5|0|1|1|0|1|0|1|0|1|0|0|2|0|2|1|1|0|0|1|1|0|0|2|0|1|1|0|1|1|1|0|1|0|1|0|0|0|1|3|0|0|0|0|0|0|0|0|0|0|0|2|0|0|0|1|0|0|2|0|0|0|1|1|0|0|0|1|1|0|1|1|0|0|0|1|0|0|0|0|0|0|0|1|0|1|2|0|0|1|0|0|0|0|0|1|1|0|0|0|1|0|0|0|0|0|0|0|0|0|0|0|0|0|0|0|0|0|0|0|0|0|0|0|0|0|0|0|0|0|0|0|0|0|1|0|1|0|0|1|0|0|0|0|0|0|1</HistCounts>
      </HistItem>
    </Histograms>
    <Metadata>
      <MDI key="STATISTICS_MINIMUM">193</MDI>
      <MDI key="STATISTICS_MAXIMUM">675</MDI>
      <MDI key="STATISTICS_MEAN">329.32</MDI>
      <MDI key="STATISTICS_STDDEV">96.138071080666</MDI>
      <MDI key="STATISTICS_VALID_PERCENT">100</MDI>
    </Metadata>
  </PAMRasterBand>
  <PAMRasterBand band="3">
    <Histograms>
      <HistItem>
        <HistMin>226.5755555555556</HistMin>
        <HistMax>870.4244444444445</HistMax>
        <BucketCount>225</BucketCount>
        <IncludeOutOfRange>0</IncludeOutOfRange>
        <Approximate>0</Approximate>
        <HistCounts>4|0|0|1|2|5|3|3|2|2|7|1|4|1|2|4|0|2|1|2|3|2|1|4|0|0|1|0|1|3|0|1|2|0|1|2|0|1|3|1|0|0|3|2|3|0|2|0|1|2|2|2|1|1|2|3|0|2|3|3|2|0|1|3|2|8|3|5|2|3|2|6|1|1|1|2|1|2|2|1|1|6|4|2|2|2|3|2|4|0|2|2|2|3|3|2|0|1|0|2|0|3|1|1|0|0|1|0|0|1|0|0|0|3|0|3|0|1|0|0|0|1|0|0|0|1|0|1|0|1|1|0|0|0|0|1|0|0|0|1|0|0|0|0|0|0|0|0|0|0|0|0|1|1|1|0|0|0|0|0|0|0|0|0|0|0|1|0|0|0|0|0|0|0|0|0|0|0|0|1|0|0|0|0|0|0|0|0|0|0|0|0|0|0|0|0|0|0|0|0|0|0|0|0|1|0|0|0|0|0|0|0|0|0|0|0|0|0|0|1|0|1|0|0|1</HistCounts>
      </HistItem>
    </Histograms>
    <Metadata>
      <MDI key="STATISTICS_MINIMUM">228</MDI>
      <MDI key="STATISTICS_MAXIMUM">869</MDI>
      <MDI key="STATISTICS_MEAN">405.76444444444</MDI>
      <MDI key="STATISTICS_STDDEV">121.46605407009</MDI>
      <MDI key="STATISTICS_VALID_PERCENT">100</MDI>
    </Metadata>
  </PAMRasterBand>
</PAMDataset>
