<PAMDataset>
  <PAMRasterBand band="1">
    <Histograms>
      <HistItem>
        <HistMin>396.2888888888889</HistMin>
        <HistMax>717.7111111111111</HistMax>
        <BucketCount>225</BucketCount>
        <IncludeOutOfRange>0</IncludeOutOfRange>
        <Approximate>0</Approximate>
        <HistCounts>1|2|0|0|1|0|1|0|0|0|0|0|0|2|0|1|0|0|0|0|1|1|1|1|0|1|0|1|0|2|1|3|0|0|1|2|1|0|2|3|2|0|0|2|3|0|1|2|3|0|1|1|1|0|2|0|0|1|0|1|1|1|1|1|5|1|1|0|0|0|1|3|3|4|1|3|1|0|1|0|2|1|1|1|1|0|2|2|3|2|1|3|2|2|1|2|1|2|1|3|0|3|2|2|3|0|4|2|2|1|0|1|0|1|0|1|2|1|3|2|5|0|0|3|0|0|0|3|1|3|3|0|0|0|3|1|1|0|0|1|0|2|2|1|1|1|3|1|2|2|0|1|1|2|1|4|0|0|1|0|0|0|1|2|0|0|2|2|0|0|0|0|1|2|2|0|0|2|0|0|0|2|0|0|0|0|0|0|1|1|1|0|2|1|0|0|0|0|0|0|0|1|1|0|0|2|1|1|1|1|0|0|0|0|0|1|2|1|0|1|0|0|0|0|1</HistCounts>
      </HistItem>
    </Histograms>
    <Metadata>
      <MDI key="STATISTICS_MINIMUM">397</MDI>
      <MDI key="STATISTICS_MAXIMUM">717</MDI>
      <MDI key="STATISTICS_MEAN">546.02222222222</MDI>
      <MDI key="STATISTICS_STDDEV">76.016749291452</MDI>
      <MDI key="STATISTICS_VALID_PERCENT">100</MDI>
    </Metadata>
  </PAMRasterBand>
  <PAMRasterBand band="2">
    <Histograms>
      <HistItem>
        <HistMin>334.16</HistMin>
        <HistMax>713.84</HistMax>
        <BucketCount>225</BucketCount>
        <IncludeOutOfRange>0</IncludeOutOfRange>
        <Approximate>0</Approximate>
        <HistCounts>1|1|1|0|0|1|0|0|0|1|0|0|0|1|0|0|0|1|0|0|0|0|0|1|0|1|0|0|1|0|1|1|0|2|0|0|0|2|0|1|0|1|1|0|1|0|1|3|0|1|1|1|2|1|2|3|3|0|2|3|1|1|3|3|1|2|2|1|1|1|0|1|2|2|0|2|3|1|0|2|0|0|1|0|3|3|1|0|1|3|2|0|4|2|2|2|1|1|2|2|3|2|0|0|3|3|0|1|3|1|3|1|1|5|3|1|3|3|0|1|1|0|2|2|3|2|1|3|0|0|2|0|3|2|0|3|0|1|1|2|2|1|1|2|0|0|2|1|2|2|0|1|2|4|1|1|1|1|1|0|1|2|0|0|0|1|1|0|2|1|0|0|0|0|0|2|1|0|2|0|0|3|2|1|1|0|0|0|1|1|0|1|1|1|0|0|0|1|0|0|0|0|0|1|1|0|0|1|1|0|0|0|0|0|0|1|0|0|0|1|0|0|0|0|1</HistCounts>
      </HistItem>
    </Histograms>
    <Metadata>
      <MDI key="STATISTICS_MINIMUM">335</MDI>
      <MDI key="STATISTICS_MAXIMUM">713</MDI>
      <MDI key="STATISTICS_MEAN">514.75111111111</MDI>
      <MDI key="STATISTICS_STDDEV">81.87372559747</MDI>
      <MDI key="STATISTICS_VALID_PERCENT">100</MDI>
    </Metadata>
  </PAMRasterBand>
  <PAMRasterBand band="3">
    <Histograms>
      <HistItem>
        <HistMin>485.6577777777778</HistMin>
        <HistMax>1092.342222222222</HistMax>
        <BucketCount>225</BucketCount>
        <IncludeOutOfRange>0</IncludeOutOfRange>
        <Approximate>0</Approximate>
        <HistCounts>1|1|0|1|0|0|1|0|0|0|0|0|0|1|0|0|0|1|0|0|0|0|1|0|0|0|1|0|1|0|1|0|0|0|0|1|0|1|0|1|1|0|1|0|1|0|1|0|0|1|0|1|1|2|0|0|2|3|0|1|5|1|2|2|0|4|2|1|3|1|4|3|0|4|0|0|0|3|2|1|2|1|2|1|0|3|0|0|0|1|0|2|3|2|0|3|3|2|3|0|0|4|2|3|1|3|0|1|1|1|1|0|1|7|1|3|0|0|1|7|0|1|7|2|1|1|2|3|1|2|0|1|0|2|1|3|0|0|2|3|0|2|2|0|1|0|1|2|5|1|1|1|0|0|2|1|0|1|0|2|2|4|1|0|1|1|0|3|1|0|1|0|1|0|1|0|1|0|1|1|0|1|0|3|1|0|0|2|1|0|0|2|0|0|0|0|1|0|1|2|0|0|0|0|1|0|1|0|1|0|1|0|1|0|0|0|0|0|0|0|1|0|0|0|1</HistCounts>
      </HistItem>
    </Histograms>
    <Metadata>
      <MDI key="STATISTICS_MINIMUM">487</MDI>
      <MDI key="STATISTICS_MAXIMUM">1091</MDI>
      <MDI key="STATISTICS_MEAN">785.95555555556</MDI>
      <MDI key="STATISTICS_STDDEV">128.55915293152</MDI>
      <MDI key="STATISTICS_VALID_PERCENT">100</MDI>
    </Metadata>
  </PAMRasterBand>
</PAMDataset>
