<PAMDataset>
  <PAMRasterBand band="1">
    <Histograms>
      <HistItem>
        <HistMin>307.9644444444444</HistMin>
        <HistMax>776.0355555555556</HistMax>
        <BucketCount>225</BucketCount>
        <IncludeOutOfRange>0</IncludeOutOfRange>
        <Approximate>0</Approximate>
        <HistCounts>1|0|0|0|0|0|1|0|0|0|0|0|1|1|0|0|0|0|0|1|3|0|0|2|1|0|1|0|0|0|2|0|0|0|1|0|0|0|0|0|1|0|1|1|0|0|0|0|0|0|2|0|3|0|1|0|0|3|1|1|0|0|0|0|0|0|0|0|0|0|0|0|0|0|0|0|0|1|0|0|0|0|0|1|2|1|0|3|1|1|2|1|1|4|0|2|2|0|4|3|6|4|5|7|5|6|6|9|9|10|8|6|4|6|2|2|1|1|3|1|1|1|0|1|1|0|1|0|1|1|0|2|0|1|3|1|0|2|1|1|2|2|1|1|0|2|2|5|2|3|1|2|2|0|1|0|0|0|1|0|0|2|4|1|1|0|0|1|1|0|0|1|0|1|1|0|0|0|0|0|0|0|0|0|1|0|0|0|1|0|0|0|0|0|0|0|0|0|0|0|0|1|1|0|0|0|0|0|0|0|0|0|1|0|1|0|0|0|0|0|0|0|0|0|2</HistCounts>
      </HistItem>
    </Histograms>
    <Metadata>
      <MDI key="STATISTICS_MINIMUM">309</MDI>
      <MDI key="STATISTICS_MAXIMUM">775</MDI>
      <MDI key="STATISTICS_MEAN">537.31555555556</MDI>
      <MDI key="STATISTICS_STDDEV">81.543460683533</MDI>
      <MDI key="STATISTICS_VALID_PERCENT">100</MDI>
    </Metadata>
  </PAMRasterBand>
  <PAMRasterBand band="2">
    <Histograms>
      <HistItem>
        <HistMin>292.0977777777778</HistMin>
        <HistMax>699.9022222222222</HistMax>
        <BucketCount>225</BucketCount>
        <IncludeOutOfRange>0</IncludeOutOfRange>
        <Approximate>0</Approximate>
        <HistCounts>1|0|0|0|0|1|0|0|0|0|0|0|1|1|0|0|0|0|0|0|0|0|0|0|1|0|1|0|2|1|0|0|0|1|1|0|0|0|1|0|0|1|1|1|0|0|0|0|0|0|0|0|2|0|0|0|1|0|0|0|0|0|0|0|0|0|0|0|0|0|1|1|0|2|1|0|1|1|2|1|1|1|0|1|1|0|0|0|0|0|0|0|0|0|2|2|0|0|0|2|1|1|3|0|6|4|2|2|2|4|2|6|0|0|9|3|2|0|4|3|2|4|6|4|2|5|3|2|3|4|3|4|5|3|4|4|3|3|1|1|0|2|3|0|1|1|2|0|1|0|2|0|1|2|2|1|2|1|2|0|1|1|0|3|2|1|1|2|0|0|3|0|2|0|2|0|0|1|2|4|2|0|1|0|1|1|0|0|2|3|0|0|1|0|1|0|0|1|0|0|0|0|0|0|1|0|0|0|0|0|0|0|0|0|1|0|0|1|0|2|0|0|0|0|1</HistCounts>
      </HistItem>
    </Histograms>
    <Metadata>
      <MDI key="STATISTICS_MINIMUM">293</MDI>
      <MDI key="STATISTICS_MAXIMUM">699</MDI>
      <MDI key="STATISTICS_MEAN">519.22222222222</MDI>
      <MDI key="STATISTICS_STDDEV">75.069594048571</MDI>
      <MDI key="STATISTICS_VALID_PERCENT">100</MDI>
    </Metadata>
  </PAMRasterBand>
  <PAMRasterBand band="3">
    <Histograms>
      <HistItem>
        <HistMin>388.7911111111111</HistMin>
        <HistMax>935.2088888888889</HistMax>
        <BucketCount>225</BucketCount>
        <IncludeOutOfRange>0</IncludeOutOfRange>
        <Approximate>0</Approximate>
        <HistCounts>1|0|0|1|0|0|0|0|1|1|0|0|0|0|0|0|0|0|0|0|0|0|0|0|0|0|0|0|1|1|0|0|1|0|0|0|1|0|0|0|0|0|0|1|0|0|0|1|0|0|1|0|1|1|0|0|0|0|2|0|1|0|0|0|0|1|0|0|0|0|0|0|0|1|0|0|1|0|0|0|0|0|1|0|0|0|1|0|0|0|0|1|0|0|0|0|0|0|2|0|4|0|1|5|2|0|2|2|2|1|2|2|3|1|5|1|1|1|2|7|9|5|5|3|8|4|4|8|4|3|5|6|4|2|0|5|1|2|1|0|1|0|1|1|0|0|2|1|1|0|0|1|0|0|1|0|0|0|0|1|1|2|1|1|1|2|0|0|1|3|1|2|1|1|1|3|0|2|1|2|2|1|1|0|1|1|1|0|1|1|0|1|2|2|3|0|1|0|2|1|0|1|0|2|3|0|1|0|0|1|3|0|2|2|0|2|0|3|0|0|0|0|0|0|1</HistCounts>
      </HistItem>
    </Histograms>
    <Metadata>
      <MDI key="STATISTICS_MINIMUM">390</MDI>
      <MDI key="STATISTICS_MAXIMUM">934</MDI>
      <MDI key="STATISTICS_MEAN">718.30666666667</MDI>
      <MDI key="STATISTICS_STDDEV">107.66544560711</MDI>
      <MDI key="STATISTICS_VALID_PERCENT">100</MDI>
    </Metadata>
  </PAMRasterBand>
</PAMDataset>
