<PAMDataset>
  <PAMRasterBand band="1">
    <Histograms>
      <HistItem>
        <HistMin>277.5070422535211</HistMin>
        <HistMax>348.4929577464789</HistMax>
        <BucketCount>71</BucketCount>
        <IncludeOutOfRange>0</IncludeOutOfRange>
        <Approximate>0</Approximate>
        <HistCounts>1|0|0|1|0|0|2|0|0|1|3|1|0|1|0|3|1|3|2|2|5|5|3|1|3|10|5|5|2|3|2|2|4|4|3|3|5|5|6|5|12|7|9|6|6|7|7|12|6|6|5|6|5|4|3|2|1|5|3|2|4|0|2|1|0|1|0|0|0|0|1</HistCounts>
      </HistItem>
    </Histograms>
    <Metadata>
      <MDI key="STATISTICS_MINIMUM">278</MDI>
      <MDI key="STATISTICS_MAXIMUM">348</MDI>
      <MDI key="STATISTICS_MEAN">316.26666666667</MDI>
      <MDI key="STATISTICS_STDDEV">13.530213104998</MDI>
      <MDI key="STATISTICS_VALID_PERCENT">100</MDI>
    </Metadata>
  </PAMRasterBand>
  <PAMRasterBand band="2">
    <Histograms>
      <HistItem>
        <HistMin>216.5090909090909</HistMin>
        <HistMax>271.4909090909091</HistMax>
        <BucketCount>55</BucketCount>
        <IncludeOutOfRange>0</IncludeOutOfRange>
        <Approximate>0</Approximate>
        <HistCounts>1|0|1|1|1|1|0|2|1|2|0|3|4|3|2|6|2|4|2|3|7|4|5|4|3|5|3|4|4|6|3|5|5|11|8|8|6|9|8|5|7|5|8|11|8|3|6|8|5|2|2|2|3|2|1</HistCounts>
      </HistItem>
    </Histograms>
    <Metadata>
      <MDI key="STATISTICS_MINIMUM">217</MDI>
      <MDI key="STATISTICS_MAXIMUM">271</MDI>
      <MDI key="STATISTICS_MEAN">249.16444444444</MDI>
      <MDI key="STATISTICS_STDDEV">12.171536113327</MDI>
      <MDI key="STATISTICS_VALID_PERCENT">100</MDI>
    </Metadata>
  </PAMRasterBand>
  <PAMRasterBand band="3">
    <Histograms>
      <HistItem>
        <HistMin>274.5064102564103</HistMin>
        <HistMax>352.4935897435897</HistMax>
        <BucketCount>78</BucketCount>
        <IncludeOutOfRange>0</IncludeOutOfRange>
        <Approximate>0</Approximate>
        <HistCounts>1|0|0|0|0|0|2|1|1|0|2|2|1|1|1|2|1|3|2|0|2|3|3|2|2|3|1|4|1|6|4|3|4|2|6|3|1|5|1|3|3|0|2|3|5|5|5|6|7|3|5|2|6|5|7|5|8|8|9|6|5|4|5|8|7|3|2|2|4|1|0|2|0|0|1|0|1|1</HistCounts>
      </HistItem>
    </Histograms>
    <Metadata>
      <MDI key="STATISTICS_MINIMUM">275</MDI>
      <MDI key="STATISTICS_MAXIMUM">352</MDI>
      <MDI key="STATISTICS_MEAN">319.97333333333</MDI>
      <MDI key="STATISTICS_STDDEV">16.716969422317</MDI>
      <MDI key="STATISTICS_VALID_PERCENT">100</MDI>
    </Metadata>
  </PAMRasterBand>
</PAMDataset>
