<PAMDataset>
  <PAMRasterBand band="1">
    <Histograms>
      <HistItem>
        <HistMin>210.5040650406504</HistMin>
        <HistMax>333.4959349593496</HistMax>
        <BucketCount>123</BucketCount>
        <IncludeOutOfRange>0</IncludeOutOfRange>
        <Approximate>0</Approximate>
        <HistCounts>1|1|0|0|0|0|1|0|0|0|1|2|2|0|1|0|1|0|0|1|0|2|0|3|2|1|5|1|0|1|2|3|1|4|3|3|2|5|4|3|0|0|0|1|3|0|2|0|2|1|3|3|6|2|0|1|5|4|7|2|1|3|3|1|2|1|4|3|4|8|7|4|4|6|1|7|4|1|5|2|4|4|1|3|5|3|5|4|1|1|3|4|2|1|0|2|1|0|3|1|1|2|1|0|0|0|0|1|0|1|0|0|0|0|0|0|0|0|1|0|0|0|1</HistCounts>
      </HistItem>
    </Histograms>
    <Metadata>
      <MDI key="STATISTICS_MINIMUM">211</MDI>
      <MDI key="STATISTICS_MAXIMUM">333</MDI>
      <MDI key="STATISTICS_MEAN">272.37333333333</MDI>
      <MDI key="STATISTICS_STDDEV">24.354660973028</MDI>
      <MDI key="STATISTICS_VALID_PERCENT">100</MDI>
    </Metadata>
  </PAMRasterBand>
  <PAMRasterBand band="2">
    <Histograms>
      <HistItem>
        <HistMin>159.5051546391753</HistMin>
        <HistMax>256.4948453608247</HistMax>
        <BucketCount>97</BucketCount>
        <IncludeOutOfRange>0</IncludeOutOfRange>
        <Approximate>0</Approximate>
        <HistCounts>1|1|1|0|3|0|2|0|0|2|1|1|0|0|0|1|2|1|3|0|1|1|3|4|5|4|1|1|3|2|3|6|5|0|3|1|2|3|1|3|1|1|6|1|5|3|3|4|9|2|3|4|3|3|2|4|5|4|7|7|3|6|3|4|3|8|1|5|2|5|1|2|2|3|2|4|2|1|5|0|4|1|2|1|2|0|2|0|0|1|0|0|0|0|1|0|1</HistCounts>
      </HistItem>
    </Histograms>
    <Metadata>
      <MDI key="STATISTICS_MINIMUM">160</MDI>
      <MDI key="STATISTICS_MAXIMUM">256</MDI>
      <MDI key="STATISTICS_MEAN">209.36444444444</MDI>
      <MDI key="STATISTICS_STDDEV">20.8833921846</MDI>
      <MDI key="STATISTICS_VALID_PERCENT">100</MDI>
    </Metadata>
  </PAMRasterBand>
  <PAMRasterBand band="3">
    <Histograms>
      <HistItem>
        <HistMin>158.5034965034965</HistMin>
        <HistMax>301.4965034965035</HistMax>
        <BucketCount>143</BucketCount>
        <IncludeOutOfRange>0</IncludeOutOfRange>
        <Approximate>0</Approximate>
        <HistCounts>1|0|0|0|1|2|0|1|2|0|0|0|0|0|0|1|0|0|1|1|3|0|0|0|0|1|1|1|0|1|1|0|1|1|1|2|4|1|2|1|3|4|2|2|1|2|1|1|0|1|2|0|5|2|4|0|1|3|1|3|1|3|1|3|1|4|4|7|4|5|3|3|3|2|2|2|3|2|5|2|4|3|4|7|5|3|0|0|4|6|1|3|2|3|1|3|1|4|2|3|3|4|3|1|1|2|1|0|2|1|1|2|2|0|0|0|1|0|1|0|0|1|0|2|0|0|0|1|0|0|2|1|0|0|1|0|0|1|0|1|0|0|2</HistCounts>
      </HistItem>
    </Histograms>
    <Metadata>
      <MDI key="STATISTICS_MINIMUM">159</MDI>
      <MDI key="STATISTICS_MAXIMUM">301</MDI>
      <MDI key="STATISTICS_MEAN">231.21333333333</MDI>
      <MDI key="STATISTICS_STDDEV">28.98104821354</MDI>
      <MDI key="STATISTICS_VALID_PERCENT">100</MDI>
    </Metadata>
  </PAMRasterBand>
</PAMDataset>
