<PAMDataset>
  <PAMRasterBand band="1">
    <Histograms>
      <HistItem>
        <HistMin>205.5040650406504</HistMin>
        <HistMax>328.4959349593496</HistMax>
        <BucketCount>123</BucketCount>
        <IncludeOutOfRange>0</IncludeOutOfRange>
        <Approximate>0</Approximate>
        <HistCounts>1|0|0|1|0|1|0|1|1|0|0|0|0|4|0|1|2|1|0|0|1|1|0|1|2|3|2|2|0|3|1|1|2|3|1|3|1|0|2|3|2|3|3|1|5|4|3|3|3|2|3|5|3|5|8|5|2|5|1|2|5|4|5|4|1|3|2|3|1|4|2|5|3|2|1|3|3|1|1|0|3|2|4|4|8|3|6|0|0|5|2|3|1|0|2|0|2|1|0|1|0|2|1|0|1|0|1|1|2|1|0|0|0|0|1|0|1|0|0|0|0|0|1</HistCounts>
      </HistItem>
    </Histograms>
    <Metadata>
      <MDI key="STATISTICS_MINIMUM">206</MDI>
      <MDI key="STATISTICS_MAXIMUM">328</MDI>
      <MDI key="STATISTICS_MEAN">265.82222222222</MDI>
      <MDI key="STATISTICS_STDDEV">24.675033615998</MDI>
      <MDI key="STATISTICS_VALID_PERCENT">100</MDI>
    </Metadata>
  </PAMRasterBand>
  <PAMRasterBand band="2">
    <Histograms>
      <HistItem>
        <HistMin>147.5047619047619</HistMin>
        <HistMax>252.4952380952381</HistMax>
        <BucketCount>105</BucketCount>
        <IncludeOutOfRange>0</IncludeOutOfRange>
        <Approximate>0</Approximate>
        <HistCounts>1|0|0|1|1|1|0|0|2|1|0|0|1|0|2|3|2|0|0|1|1|2|0|1|2|1|2|2|1|2|0|0|1|2|4|2|5|5|1|3|0|3|1|7|2|1|3|3|6|6|6|9|6|5|2|3|4|3|4|6|6|2|3|2|4|6|6|4|3|1|1|3|0|2|4|9|5|4|3|1|0|1|4|3|1|2|0|0|3|0|0|0|0|3|2|1|0|0|0|2|0|0|0|0|1</HistCounts>
      </HistItem>
    </Histograms>
    <Metadata>
      <MDI key="STATISTICS_MINIMUM">148</MDI>
      <MDI key="STATISTICS_MAXIMUM">252</MDI>
      <MDI key="STATISTICS_MEAN">202.28888888889</MDI>
      <MDI key="STATISTICS_STDDEV">21.075548994797</MDI>
      <MDI key="STATISTICS_VALID_PERCENT">100</MDI>
    </Metadata>
  </PAMRasterBand>
  <PAMRasterBand band="3">
    <Histograms>
      <HistItem>
        <HistMin>152.503355704698</HistMin>
        <HistMax>301.496644295302</HistMax>
        <BucketCount>149</BucketCount>
        <IncludeOutOfRange>0</IncludeOutOfRange>
        <Approximate>0</Approximate>
        <HistCounts>1|0|1|1|0|1|0|1|0|0|0|1|0|0|0|0|0|3|2|0|1|1|0|2|0|0|0|0|1|0|1|0|2|1|0|3|2|1|2|1|1|4|0|2|2|2|1|1|4|1|1|3|6|6|3|3|6|2|1|3|7|3|2|6|2|8|3|1|4|4|3|2|2|6|2|0|3|2|11|5|0|0|1|1|2|4|2|3|0|2|2|5|2|2|0|2|2|1|1|5|1|3|1|0|3|0|1|1|2|1|1|1|1|1|0|0|1|1|1|0|0|1|0|0|1|1|1|0|1|0|1|1|0|1|0|0|0|0|0|2|0|0|0|0|0|0|0|0|1</HistCounts>
      </HistItem>
    </Histograms>
    <Metadata>
      <MDI key="STATISTICS_MINIMUM">153</MDI>
      <MDI key="STATISTICS_MAXIMUM">301</MDI>
      <MDI key="STATISTICS_MEAN">222.21333333333</MDI>
      <MDI key="STATISTICS_STDDEV">28.113402102516</MDI>
      <MDI key="STATISTICS_VALID_PERCENT">100</MDI>
    </Metadata>
  </PAMRasterBand>
</PAMDataset>
