<PAMDataset>
  <PAMRasterBand band="1">
    <Histograms>
      <HistItem>
        <HistMin>297.5033112582781</HistMin>
        <HistMax>448.4966887417219</HistMax>
        <BucketCount>151</BucketCount>
        <IncludeOutOfRange>0</IncludeOutOfRange>
        <Approximate>0</Approximate>
        <HistCounts>1|0|0|0|0|0|0|0|0|0|1|0|0|0|0|0|0|0|0|0|0|0|0|0|0|0|0|0|0|0|0|0|0|0|0|0|0|0|0|0|0|0|0|0|0|0|0|0|0|0|0|0|0|0|0|1|0|0|0|0|0|0|0|0|0|0|0|0|0|0|0|0|0|0|0|0|1|0|0|0|0|0|1|1|0|0|0|0|0|1|1|1|2|2|3|2|0|1|1|0|1|4|5|2|5|8|4|8|4|10|2|9|9|4|6|4|9|2|7|8|4|4|5|7|8|6|5|3|8|4|4|7|4|2|6|3|2|2|0|1|1|3|0|0|1|2|0|1|0|0|1</HistCounts>
      </HistItem>
    </Histograms>
    <Metadata>
      <MDI key="STATISTICS_MINIMUM">298</MDI>
      <MDI key="STATISTICS_MAXIMUM">448</MDI>
      <MDI key="STATISTICS_MEAN">413.64888888889</MDI>
      <MDI key="STATISTICS_STDDEV">17.212561591559</MDI>
      <MDI key="STATISTICS_VALID_PERCENT">100</MDI>
    </Metadata>
  </PAMRasterBand>
  <PAMRasterBand band="2">
    <Histograms>
      <HistItem>
        <HistMin>245.5033783783784</HistMin>
        <HistMax>393.4966216216216</HistMax>
        <BucketCount>148</BucketCount>
        <IncludeOutOfRange>0</IncludeOutOfRange>
        <Approximate>0</Approximate>
        <HistCounts>1|0|0|0|0|0|0|0|0|0|0|1|0|0|0|0|0|0|0|0|0|0|0|0|0|0|0|0|0|0|0|0|0|0|0|0|0|0|0|0|0|0|0|0|0|0|0|0|0|0|0|1|0|0|0|0|0|0|0|0|0|0|2|0|0|0|0|0|0|3|3|0|3|0|2|3|0|1|1|2|0|1|1|0|1|3|0|1|1|1|0|3|4|1|4|2|6|4|6|4|2|4|3|1|5|5|5|5|2|6|5|5|7|7|3|6|4|5|8|3|6|4|5|3|3|5|3|4|4|5|4|1|2|2|4|0|3|0|1|2|1|2|1|0|1|1|0|1</HistCounts>
      </HistItem>
    </Histograms>
    <Metadata>
      <MDI key="STATISTICS_MINIMUM">246</MDI>
      <MDI key="STATISTICS_MAXIMUM">393</MDI>
      <MDI key="STATISTICS_MEAN">354.16888888889</MDI>
      <MDI key="STATISTICS_STDDEV">20.74625344728</MDI>
      <MDI key="STATISTICS_VALID_PERCENT">100</MDI>
    </Metadata>
  </PAMRasterBand>
  <PAMRasterBand band="3">
    <Histograms>
      <HistItem>
        <HistMin>251.5023809523809</HistMin>
        <HistMax>461.497619047619</HistMax>
        <BucketCount>210</BucketCount>
        <IncludeOutOfRange>0</IncludeOutOfRange>
        <Approximate>0</Approximate>
        <HistCounts>1|0|0|0|0|0|0|0|0|0|0|1|0|0|0|0|0|0|0|0|0|0|0|0|0|0|0|0|0|0|0|0|0|0|0|0|0|0|0|0|0|0|0|0|0|0|0|0|0|0|0|0|0|1|0|0|0|0|0|0|0|0|0|0|0|0|0|0|0|0|0|0|0|0|0|0|0|0|0|0|0|0|0|1|0|0|0|0|0|0|0|1|0|0|0|1|0|0|0|0|0|0|0|1|0|0|0|1|0|0|2|1|2|1|1|1|3|1|1|0|3|0|2|1|1|0|0|1|1|1|0|0|1|1|1|0|1|0|0|0|1|4|3|0|3|2|0|4|0|2|2|5|4|1|2|5|11|1|7|5|3|12|8|7|5|8|5|3|1|7|4|5|3|2|4|6|1|2|0|3|1|4|2|2|2|3|2|1|2|2|0|2|1|5|2|1|0|2|1|0|1|1|0|0|1|0|0|0|0|1</HistCounts>
      </HistItem>
    </Histograms>
    <Metadata>
      <MDI key="STATISTICS_MINIMUM">252</MDI>
      <MDI key="STATISTICS_MAXIMUM">461</MDI>
      <MDI key="STATISTICS_MEAN">409.70222222222</MDI>
      <MDI key="STATISTICS_STDDEV">27.707283349641</MDI>
      <MDI key="STATISTICS_VALID_PERCENT">100</MDI>
    </Metadata>
  </PAMRasterBand>
</PAMDataset>
