<PAMDataset>
  <PAMRasterBand band="1">
    <Histograms>
      <HistItem>
        <HistMin>219.5032894736842</HistMin>
        <HistMax>371.4967105263158</HistMax>
        <BucketCount>152</BucketCount>
        <IncludeOutOfRange>0</IncludeOutOfRange>
        <Approximate>0</Approximate>
        <HistCounts>1|0|0|0|0|0|0|1|2|0|0|0|0|0|0|0|0|0|0|1|2|0|0|1|0|0|0|2|2|1|2|3|1|2|2|0|0|0|1|2|2|0|0|2|1|2|3|2|3|0|2|0|1|2|2|0|4|2|0|1|4|0|3|3|2|6|4|1|6|2|3|6|2|3|2|3|3|1|2|5|3|0|3|5|4|3|2|1|4|3|4|3|3|3|1|5|4|4|3|2|2|1|4|2|1|4|3|3|1|1|1|0|1|2|1|1|2|1|1|1|0|1|1|1|2|0|0|0|1|0|2|1|1|0|1|1|0|0|0|0|1|0|0|1|1|0|0|0|0|0|0|1</HistCounts>
      </HistItem>
    </Histograms>
    <Metadata>
      <MDI key="STATISTICS_MINIMUM">220</MDI>
      <MDI key="STATISTICS_MAXIMUM">371</MDI>
      <MDI key="STATISTICS_MEAN">297.40888888889</MDI>
      <MDI key="STATISTICS_STDDEV">29.18130164047</MDI>
      <MDI key="STATISTICS_VALID_PERCENT">100</MDI>
    </Metadata>
  </PAMRasterBand>
  <PAMRasterBand band="2">
    <Histograms>
      <HistItem>
        <HistMin>169.5037313432836</HistMin>
        <HistMax>303.4962686567164</HistMax>
        <BucketCount>134</BucketCount>
        <IncludeOutOfRange>0</IncludeOutOfRange>
        <Approximate>0</Approximate>
        <HistCounts>1|0|0|0|1|0|1|1|0|0|0|0|0|0|0|0|0|0|0|1|3|1|3|3|0|1|2|2|1|3|0|3|1|2|0|2|0|3|1|2|1|1|3|0|3|3|2|3|3|2|1|3|3|3|1|4|3|4|5|5|3|2|8|2|4|2|6|3|5|3|6|4|1|6|3|0|6|3|4|4|2|5|4|1|2|2|2|1|3|5|4|0|1|2|2|0|1|1|3|0|2|0|0|2|1|0|1|1|2|1|0|0|0|0|2|0|0|0|0|1|1|1|1|0|1|0|0|0|0|0|0|0|0|1</HistCounts>
      </HistItem>
    </Histograms>
    <Metadata>
      <MDI key="STATISTICS_MINIMUM">170</MDI>
      <MDI key="STATISTICS_MAXIMUM">303</MDI>
      <MDI key="STATISTICS_MEAN">234.54666666667</MDI>
      <MDI key="STATISTICS_STDDEV">24.968759146849</MDI>
      <MDI key="STATISTICS_VALID_PERCENT">100</MDI>
    </Metadata>
  </PAMRasterBand>
  <PAMRasterBand band="3">
    <Histograms>
      <HistItem>
        <HistMin>180.5026315789474</HistMin>
        <HistMax>370.4973684210526</HistMax>
        <BucketCount>190</BucketCount>
        <IncludeOutOfRange>0</IncludeOutOfRange>
        <Approximate>0</Approximate>
        <HistCounts>1|0|0|0|2|0|0|0|1|0|0|0|0|0|0|0|0|2|2|0|1|0|1|0|0|4|0|1|2|1|0|0|1|3|2|0|2|1|1|0|2|0|2|2|1|1|1|0|0|1|2|0|0|2|0|1|2|2|1|1|2|2|2|5|2|2|0|1|0|0|3|1|4|1|3|4|2|0|4|4|1|1|1|4|2|2|4|3|0|1|2|4|3|3|2|3|5|4|7|3|3|6|5|4|2|1|3|1|0|1|1|2|5|0|3|0|1|3|3|3|2|0|2|2|1|2|0|3|0|0|0|1|1|0|0|2|0|0|1|0|0|0|0|0|1|0|0|1|0|0|1|0|0|1|0|0|1|2|0|0|0|1|0|1|1|0|0|0|0|0|0|1|0|0|0|0|0|0|1|0|1|1|0|0|0|0|0|0|0|1</HistCounts>
      </HistItem>
    </Histograms>
    <Metadata>
      <MDI key="STATISTICS_MINIMUM">181</MDI>
      <MDI key="STATISTICS_MAXIMUM">370</MDI>
      <MDI key="STATISTICS_MEAN">267.21333333333</MDI>
      <MDI key="STATISTICS_STDDEV">36.50849277147</MDI>
      <MDI key="STATISTICS_VALID_PERCENT">100</MDI>
    </Metadata>
  </PAMRasterBand>
</PAMDataset>
