<PAMDataset>
  <PAMRasterBand band="1">
    <Histograms>
      <HistItem>
        <HistMin>253.5027173913043</HistMin>
        <HistMax>437.4972826086956</HistMax>
        <BucketCount>184</BucketCount>
        <IncludeOutOfRange>0</IncludeOutOfRange>
        <Approximate>0</Approximate>
        <HistCounts>2|0|1|2|0|0|0|1|0|2|0|2|1|1|3|1|1|3|1|1|1|1|0|1|3|3|1|0|1|5|1|3|1|2|2|2|0|0|1|3|0|0|2|1|5|4|1|2|1|1|2|2|1|4|7|2|1|3|1|2|0|0|4|3|3|0|5|1|1|1|4|1|3|2|1|1|1|1|0|0|2|0|5|1|0|1|1|1|1|1|1|0|2|1|1|2|0|2|1|0|1|1|1|0|1|0|1|0|0|0|3|1|0|0|2|1|2|3|1|2|1|2|1|1|1|2|5|4|2|0|1|2|1|1|1|2|0|1|0|2|1|3|0|2|1|1|2|0|1|1|1|1|0|0|0|0|1|0|0|3|0|0|0|0|0|1|0|0|0|0|1|0|1|2|0|0|0|0|0|0|0|1|0|1</HistCounts>
      </HistItem>
    </Histograms>
    <Metadata>
      <MDI key="STATISTICS_MINIMUM">254</MDI>
      <MDI key="STATISTICS_MAXIMUM">437</MDI>
      <MDI key="STATISTICS_MEAN">331.6</MDI>
      <MDI key="STATISTICS_STDDEV">45.506434221498</MDI>
      <MDI key="STATISTICS_VALID_PERCENT">100</MDI>
    </Metadata>
  </PAMRasterBand>
  <PAMRasterBand band="2">
    <Histograms>
      <HistItem>
        <HistMin>194.5028735632184</HistMin>
        <HistMax>368.4971264367816</HistMax>
        <BucketCount>174</BucketCount>
        <IncludeOutOfRange>0</IncludeOutOfRange>
        <Approximate>0</Approximate>
        <HistCounts>1|1|1|0|1|1|3|2|0|2|0|1|1|3|1|1|2|2|2|0|2|2|1|1|2|3|0|2|3|1|2|3|2|2|3|2|3|2|3|3|4|4|4|0|4|0|3|2|1|3|2|3|0|2|2|1|0|3|1|2|0|1|2|0|1|1|1|2|1|3|1|0|3|1|0|2|0|0|2|2|2|1|1|1|3|1|1|1|0|0|0|1|0|0|0|2|2|1|1|0|2|1|1|1|0|0|1|2|0|0|1|1|1|1|1|1|1|3|0|0|2|1|0|1|3|0|0|0|2|1|3|1|1|0|2|0|2|1|1|0|2|5|1|1|1|2|1|0|1|3|4|2|0|3|1|0|0|3|0|0|0|0|3|0|0|0|1|1|1|0|0|0|0|1</HistCounts>
      </HistItem>
    </Histograms>
    <Metadata>
      <MDI key="STATISTICS_MINIMUM">195</MDI>
      <MDI key="STATISTICS_MAXIMUM">368</MDI>
      <MDI key="STATISTICS_MEAN">270.41333333333</MDI>
      <MDI key="STATISTICS_STDDEV">48.412329008219</MDI>
      <MDI key="STATISTICS_VALID_PERCENT">100</MDI>
    </Metadata>
  </PAMRasterBand>
  <PAMRasterBand band="3">
    <Histograms>
      <HistItem>
        <HistMin>190.4</HistMin>
        <HistMax>461.6</HistMax>
        <BucketCount>225</BucketCount>
        <IncludeOutOfRange>0</IncludeOutOfRange>
        <Approximate>0</Approximate>
        <HistCounts>1|0|1|0|0|1|0|1|0|1|1|1|0|1|1|0|0|1|0|1|2|2|2|1|0|0|1|1|3|1|0|1|1|2|1|0|1|3|1|1|3|5|1|1|2|2|1|1|1|3|0|5|2|0|3|0|1|3|4|4|0|1|0|0|1|3|2|1|0|3|0|3|0|1|1|1|0|1|1|0|1|0|3|1|0|2|0|0|0|0|0|0|2|1|0|2|1|0|0|3|1|0|3|0|0|2|2|0|1|0|5|1|0|1|1|0|0|0|1|0|1|1|0|1|0|0|1|1|0|1|0|0|1|0|0|0|3|0|0|3|0|1|2|1|1|0|0|1|0|0|0|1|0|2|0|0|1|2|0|1|1|1|1|1|3|1|1|1|0|0|0|1|0|1|0|1|1|0|2|1|1|0|0|4|1|2|1|0|2|0|0|1|0|1|0|2|0|4|0|1|0|1|5|2|3|0|1|5|3|1|0|2|3|0|0|1|0|1|0|1|0|1|1|0|1</HistCounts>
      </HistItem>
    </Histograms>
    <Metadata>
      <MDI key="STATISTICS_MINIMUM">191</MDI>
      <MDI key="STATISTICS_MAXIMUM">461</MDI>
      <MDI key="STATISTICS_MEAN">322.66666666667</MDI>
      <MDI key="STATISTICS_STDDEV">79.86009989698</MDI>
      <MDI key="STATISTICS_VALID_PERCENT">100</MDI>
    </Metadata>
  </PAMRasterBand>
</PAMDataset>
