<PAMDataset>
  <PAMRasterBand band="1">
    <Histograms>
      <HistItem>
        <HistMin>237.5040983606557</HistMin>
        <HistMax>359.4959016393443</HistMax>
        <BucketCount>122</BucketCount>
        <IncludeOutOfRange>0</IncludeOutOfRange>
        <Approximate>0</Approximate>
        <HistCounts>1|2|1|0|0|2|2|1|2|4|1|2|2|3|0|1|2|4|1|4|1|4|1|1|0|2|4|0|4|2|1|7|3|3|3|0|4|2|5|1|2|5|2|1|2|2|2|6|4|2|1|1|4|3|1|1|1|1|0|1|2|2|0|4|9|2|3|1|2|1|4|4|5|3|3|2|3|1|4|0|0|5|2|0|4|3|4|1|0|0|3|1|0|0|1|0|3|1|2|2|1|2|1|0|1|0|0|0|0|1|1|0|1|2|0|0|1|1|0|0|0|1</HistCounts>
      </HistItem>
    </Histograms>
    <Metadata>
      <MDI key="STATISTICS_MINIMUM">238</MDI>
      <MDI key="STATISTICS_MAXIMUM">359</MDI>
      <MDI key="STATISTICS_MEAN">290.89777777778</MDI>
      <MDI key="STATISTICS_STDDEV">28.970686248834</MDI>
      <MDI key="STATISTICS_VALID_PERCENT">100</MDI>
    </Metadata>
  </PAMRasterBand>
  <PAMRasterBand band="2">
    <Histograms>
      <HistItem>
        <HistMin>177.5049504950495</HistMin>
        <HistMax>278.4950495049505</HistMax>
        <BucketCount>101</BucketCount>
        <IncludeOutOfRange>0</IncludeOutOfRange>
        <Approximate>0</Approximate>
        <HistCounts>1|0|1|0|1|2|4|3|0|2|4|7|5|2|4|6|0|1|3|3|2|2|6|3|2|3|2|6|0|1|3|3|4|3|2|3|4|3|3|2|1|5|3|3|2|2|3|2|1|2|2|6|5|4|1|2|4|4|4|2|3|1|5|0|1|2|6|8|1|0|3|0|1|1|4|2|1|1|0|2|1|1|2|1|2|0|0|2|1|0|2|1|2|1|0|0|1|0|1|0|1</HistCounts>
      </HistItem>
    </Histograms>
    <Metadata>
      <MDI key="STATISTICS_MINIMUM">178</MDI>
      <MDI key="STATISTICS_MAXIMUM">278</MDI>
      <MDI key="STATISTICS_MEAN">220.98666666667</MDI>
      <MDI key="STATISTICS_STDDEV">24.450490565404</MDI>
      <MDI key="STATISTICS_VALID_PERCENT">100</MDI>
    </Metadata>
  </PAMRasterBand>
  <PAMRasterBand band="3">
    <Histograms>
      <HistItem>
        <HistMin>172.5030120481928</HistMin>
        <HistMax>338.4969879518072</HistMax>
        <BucketCount>166</BucketCount>
        <IncludeOutOfRange>0</IncludeOutOfRange>
        <Approximate>0</Approximate>
        <HistCounts>1|0|0|1|1|1|2|1|1|0|1|4|2|3|3|2|2|2|3|2|1|2|3|4|2|1|1|1|6|3|3|2|2|1|0|3|5|2|2|1|1|3|1|0|2|1|3|2|0|2|2|0|2|6|0|1|1|1|2|1|1|3|1|2|2|1|1|2|2|3|1|2|4|2|2|1|0|0|3|2|2|0|2|0|2|0|1|0|0|1|0|2|1|2|1|1|2|1|1|2|0|2|0|1|4|2|2|2|0|5|0|2|0|4|2|1|2|0|2|1|2|2|0|2|0|5|2|0|3|2|0|0|0|0|2|1|0|0|2|1|0|2|0|0|0|0|0|0|0|0|0|0|0|0|0|0|0|0|0|1|0|1|0|0|0|1</HistCounts>
      </HistItem>
    </Histograms>
    <Metadata>
      <MDI key="STATISTICS_MINIMUM">173</MDI>
      <MDI key="STATISTICS_MAXIMUM">338</MDI>
      <MDI key="STATISTICS_MEAN">239.26666666667</MDI>
      <MDI key="STATISTICS_STDDEV">40.674206951225</MDI>
      <MDI key="STATISTICS_VALID_PERCENT">100</MDI>
    </Metadata>
  </PAMRasterBand>
</PAMDataset>
