<PAMDataset>
  <PAMRasterBand band="1">
    <Histograms>
      <HistItem>
        <HistMin>228.0888888888889</HistMin>
        <HistMax>639.9111111111112</HistMax>
        <BucketCount>225</BucketCount>
        <IncludeOutOfRange>0</IncludeOutOfRange>
        <Approximate>0</Approximate>
        <HistCounts>1|0|0|0|0|0|0|1|0|0|0|0|0|0|0|1|0|1|1|3|0|0|0|2|0|1|0|5|3|0|2|4|3|1|1|3|5|6|2|3|6|0|1|2|1|4|2|2|1|4|4|1|3|1|5|3|2|1|4|2|3|1|2|5|3|2|0|3|3|3|1|0|3|4|1|1|1|0|3|0|2|1|2|1|0|1|2|2|0|3|0|1|1|0|0|0|0|0|1|1|0|1|1|0|0|0|0|0|0|0|0|0|0|0|1|1|1|0|0|1|1|1|2|1|1|1|0|0|3|1|1|1|0|0|3|1|1|2|2|1|0|0|1|0|3|4|1|0|0|0|1|0|0|1|0|0|0|0|1|1|1|1|1|2|1|0|0|1|0|0|0|1|0|0|1|0|1|0|0|0|0|0|0|1|0|1|0|0|2|0|0|0|0|1|1|0|0|3|0|0|1|2|0|1|0|0|0|1|1|0|0|1|1|0|0|0|0|0|0|0|0|0|0|0|1</HistCounts>
      </HistItem>
    </Histograms>
    <Metadata>
      <MDI key="STATISTICS_MINIMUM">229</MDI>
      <MDI key="STATISTICS_MAXIMUM">639</MDI>
      <MDI key="STATISTICS_MEAN">383.00888888889</MDI>
      <MDI key="STATISTICS_STDDEV">97.353285220427</MDI>
      <MDI key="STATISTICS_VALID_PERCENT">100</MDI>
    </Metadata>
  </PAMRasterBand>
  <PAMRasterBand band="2">
    <Histograms>
      <HistItem>
        <HistMin>190.2177777777778</HistMin>
        <HistMax>543.7822222222222</HistMax>
        <BucketCount>225</BucketCount>
        <IncludeOutOfRange>0</IncludeOutOfRange>
        <Approximate>0</Approximate>
        <HistCounts>1|0|0|0|0|0|1|0|0|0|2|1|3|3|2|2|0|1|2|0|1|0|4|0|2|3|1|0|1|4|1|1|0|1|5|3|4|1|5|6|3|3|1|5|1|5|1|0|3|3|2|1|6|3|1|1|2|1|1|4|2|1|1|2|6|1|2|0|0|2|1|2|2|0|1|1|1|0|1|0|1|1|0|1|0|0|0|1|0|0|2|0|0|0|2|1|0|1|0|0|1|3|0|0|1|1|0|0|0|0|0|0|0|0|1|0|2|0|2|1|0|0|2|0|0|1|0|0|0|0|2|0|3|2|1|0|0|1|1|0|0|0|1|1|2|1|2|0|1|0|1|2|1|2|0|2|0|3|1|0|4|0|3|3|1|2|1|4|0|3|1|3|1|2|1|0|1|0|1|1|0|1|0|0|1|0|0|0|0|0|0|0|1|0|0|0|0|0|0|0|0|0|0|0|0|0|0|0|0|0|0|0|0|0|0|0|0|0|0|0|0|0|0|0|1</HistCounts>
      </HistItem>
    </Histograms>
    <Metadata>
      <MDI key="STATISTICS_MINIMUM">191</MDI>
      <MDI key="STATISTICS_MAXIMUM">543</MDI>
      <MDI key="STATISTICS_MEAN">321.56888888889</MDI>
      <MDI key="STATISTICS_STDDEV">86.28534527877</MDI>
      <MDI key="STATISTICS_VALID_PERCENT">100</MDI>
    </Metadata>
  </PAMRasterBand>
  <PAMRasterBand band="3">
    <Histograms>
      <HistItem>
        <HistMin>182.5422222222222</HistMin>
        <HistMax>841.4577777777778</HistMax>
        <BucketCount>225</BucketCount>
        <IncludeOutOfRange>0</IncludeOutOfRange>
        <Approximate>0</Approximate>
        <HistCounts>1|0|2|0|2|1|0|2|1|0|1|3|0|1|2|3|1|1|3|0|2|0|0|1|1|1|1|1|2|0|2|7|3|4|1|4|2|5|5|3|3|5|3|2|2|2|1|1|3|2|4|0|2|7|5|3|3|4|0|1|0|1|2|0|2|1|1|1|0|1|1|0|1|1|0|0|2|1|1|2|3|0|1|0|2|1|0|0|0|0|0|0|1|1|3|1|2|0|0|0|0|1|1|1|2|1|2|0|0|2|0|0|1|2|1|0|1|1|0|1|2|2|0|1|0|1|0|2|2|0|0|2|2|1|0|1|1|2|0|2|0|3|2|2|1|2|3|0|0|1|2|2|1|3|2|1|0|1|0|0|1|1|0|0|0|1|1|0|0|0|1|0|0|0|0|0|0|0|0|0|0|0|0|0|0|0|0|0|0|0|0|0|0|0|0|0|0|0|0|0|0|0|0|0|0|0|0|0|0|0|0|0|0|0|0|0|0|0|0|0|0|0|0|0|1</HistCounts>
      </HistItem>
    </Histograms>
    <Metadata>
      <MDI key="STATISTICS_MINIMUM">184</MDI>
      <MDI key="STATISTICS_MAXIMUM">840</MDI>
      <MDI key="STATISTICS_MEAN">397.36888888889</MDI>
      <MDI key="STATISTICS_STDDEV">139.20770065261</MDI>
      <MDI key="STATISTICS_VALID_PERCENT">100</MDI>
    </Metadata>
  </PAMRasterBand>
</PAMDataset>
