<PAMDataset>
  <PAMRasterBand band="1">
    <Histograms>
      <HistItem>
        <HistMin>266.8866666666667</HistMin>
        <HistMax>770.1133333333333</HistMax>
        <BucketCount>225</BucketCount>
        <IncludeOutOfRange>0</IncludeOutOfRange>
        <Approximate>0</Approximate>
        <HistCounts>1|1|0|0|3|0|0|1|0|0|2|2|0|1|1|1|2|2|1|2|0|1|0|1|2|0|1|0|1|0|2|1|0|0|0|0|0|0|0|0|0|1|0|0|0|2|0|1|1|0|1|0|2|1|0|1|0|0|0|0|0|0|1|1|0|0|1|1|1|0|1|0|3|0|0|1|4|0|0|1|2|1|1|5|2|8|2|5|2|1|3|0|2|1|0|3|2|0|1|0|0|1|0|1|1|0|3|0|1|1|2|2|1|3|7|2|2|1|6|1|4|2|1|7|1|4|0|4|0|0|1|0|2|0|0|0|0|3|1|2|0|0|0|1|1|0|1|0|2|3|2|2|4|1|1|0|3|0|1|0|1|1|0|1|1|1|1|1|1|0|2|0|2|0|0|1|0|1|0|2|0|0|0|0|0|1|0|2|0|2|1|0|4|2|1|0|0|1|0|1|2|0|1|1|0|0|2|2|0|0|0|0|0|0|0|0|1|0|0|0|0|0|0|0|1</HistCounts>
      </HistItem>
    </Histograms>
    <Metadata>
      <MDI key="STATISTICS_MINIMUM">268</MDI>
      <MDI key="STATISTICS_MAXIMUM">769</MDI>
      <MDI key="STATISTICS_MEAN">512.21777777778</MDI>
      <MDI key="STATISTICS_STDDEV">119.39030909656</MDI>
      <MDI key="STATISTICS_VALID_PERCENT">100</MDI>
    </Metadata>
  </PAMRasterBand>
  <PAMRasterBand band="2">
    <Histograms>
      <HistItem>
        <HistMin>223.9444444444445</HistMin>
        <HistMax>701.0555555555555</HistMax>
        <BucketCount>225</BucketCount>
        <IncludeOutOfRange>0</IncludeOutOfRange>
        <Approximate>0</Approximate>
        <HistCounts>1|0|0|1|1|0|2|0|1|1|0|2|2|2|2|1|1|2|2|1|1|0|2|0|1|1|1|0|0|1|1|0|0|0|0|0|0|0|0|1|1|2|1|0|0|0|1|2|1|0|2|1|1|2|1|0|2|0|0|0|0|1|1|1|1|0|0|0|0|0|1|0|1|1|0|1|0|0|2|1|0|0|0|0|2|0|2|1|1|1|0|0|1|1|1|1|1|2|0|0|1|0|1|1|2|2|2|0|5|1|2|1|0|6|0|6|3|3|1|2|1|6|1|1|3|1|3|0|2|3|2|0|1|2|1|1|1|1|0|0|3|1|1|3|0|1|0|2|0|3|1|2|4|4|1|3|0|1|4|1|2|2|2|0|2|0|3|0|2|1|1|1|2|3|1|2|1|2|1|0|2|0|1|2|1|0|1|1|0|0|0|1|0|0|0|1|0|0|1|1|0|0|1|0|0|0|0|0|1|0|0|0|2|1|0|0|2|0|0|0|0|0|0|0|1</HistCounts>
      </HistItem>
    </Histograms>
    <Metadata>
      <MDI key="STATISTICS_MINIMUM">225</MDI>
      <MDI key="STATISTICS_MAXIMUM">700</MDI>
      <MDI key="STATISTICS_MEAN">464.93333333333</MDI>
      <MDI key="STATISTICS_STDDEV">117.15031180307</MDI>
      <MDI key="STATISTICS_VALID_PERCENT">100</MDI>
    </Metadata>
  </PAMRasterBand>
  <PAMRasterBand band="3">
    <Histograms>
      <HistItem>
        <HistMin>268.1311111111111</HistMin>
        <HistMax>1112.868888888889</HistMax>
        <BucketCount>225</BucketCount>
        <IncludeOutOfRange>0</IncludeOutOfRange>
        <Approximate>0</Approximate>
        <HistCounts>1|1|0|0|1|2|0|1|1|1|0|2|2|0|2|1|1|2|0|0|0|0|1|2|0|1|0|0|1|1|1|2|0|2|1|1|1|0|3|0|0|0|0|0|1|0|0|0|0|0|2|0|2|0|1|0|3|1|0|1|1|0|1|1|1|1|1|0|1|2|1|2|1|0|2|1|0|2|1|1|0|0|2|1|0|0|0|1|0|2|0|3|0|1|0|1|0|0|1|5|0|0|0|4|0|1|1|0|2|3|1|4|1|6|2|2|4|1|2|1|4|3|3|2|3|2|0|3|2|0|1|0|2|2|2|2|3|1|1|3|1|1|4|1|1|0|1|2|1|1|1|0|3|3|1|0|2|2|0|0|1|0|1|2|1|0|1|1|2|0|0|1|0|2|2|1|0|2|0|0|1|0|1|0|2|0|1|0|1|0|1|0|0|0|0|1|0|1|2|1|0|4|0|1|1|1|0|0|0|1|0|0|0|1|2|1|0|0|1|0|0|0|0|0|1</HistCounts>
      </HistItem>
    </Histograms>
    <Metadata>
      <MDI key="STATISTICS_MINIMUM">270</MDI>
      <MDI key="STATISTICS_MAXIMUM">1111</MDI>
      <MDI key="STATISTICS_MEAN">686.78222222222</MDI>
      <MDI key="STATISTICS_STDDEV">207.98235319254</MDI>
      <MDI key="STATISTICS_VALID_PERCENT">100</MDI>
    </Metadata>
  </PAMRasterBand>
</PAMDataset>
