<PAMDataset>
  <PAMRasterBand band="1">
    <Histograms>
      <HistItem>
        <HistMin>350.5027624309392</HistMin>
        <HistMax>531.4972375690608</HistMax>
        <BucketCount>181</BucketCount>
        <IncludeOutOfRange>0</IncludeOutOfRange>
        <Approximate>0</Approximate>
        <HistCounts>1|0|0|0|0|1|1|0|0|0|2|0|0|0|1|0|0|1|2|1|1|1|0|5|1|4|2|3|2|0|3|2|1|0|4|5|3|4|2|1|0|1|1|2|0|0|2|1|4|0|0|1|1|1|3|5|1|1|1|0|1|0|1|1|3|0|0|0|0|2|0|3|1|0|1|1|0|0|0|1|3|0|1|2|0|1|0|0|2|1|2|1|0|3|2|0|0|0|1|0|1|2|2|0|0|5|1|4|3|2|0|2|2|3|1|2|3|4|4|5|4|4|4|3|6|6|5|3|2|0|0|1|3|0|1|2|2|2|3|1|0|2|1|0|0|1|1|0|1|0|0|0|1|1|1|1|1|0|0|0|0|0|0|0|0|1|0|0|0|0|0|0|0|0|1|0|0|0|0|0|1</HistCounts>
      </HistItem>
    </Histograms>
    <Metadata>
      <MDI key="STATISTICS_MINIMUM">351</MDI>
      <MDI key="STATISTICS_MAXIMUM">531</MDI>
      <MDI key="STATISTICS_MEAN">436.78222222222</MDI>
      <MDI key="STATISTICS_STDDEV">43.086390163066</MDI>
      <MDI key="STATISTICS_VALID_PERCENT">100</MDI>
    </Metadata>
  </PAMRasterBand>
  <PAMRasterBand band="2">
    <Histograms>
      <HistItem>
        <HistMin>305.5023584905661</HistMin>
        <HistMax>517.4976415094339</HistMax>
        <BucketCount>212</BucketCount>
        <IncludeOutOfRange>0</IncludeOutOfRange>
        <Approximate>0</Approximate>
        <HistCounts>1|0|0|0|2|1|3|2|4|5|3|3|3|1|3|3|1|1|0|1|1|0|0|0|2|1|3|0|0|1|0|0|1|3|2|3|2|1|0|3|3|3|1|3|1|2|0|2|0|0|0|1|0|1|0|0|0|1|0|0|1|0|1|5|0|0|0|1|0|0|0|1|0|0|0|0|1|2|1|3|1|0|1|2|5|0|4|1|2|1|3|1|1|0|0|1|2|1|1|3|4|0|5|7|3|4|8|6|5|3|2|7|8|1|4|3|3|1|2|2|4|1|1|3|0|0|2|0|0|0|0|0|0|0|0|0|0|0|0|0|1|0|0|0|0|0|0|0|0|0|0|0|1|0|0|0|0|0|0|0|0|0|1|0|0|0|0|0|0|0|1|1|0|0|0|0|0|0|0|0|0|0|1|1|0|0|1|0|0|0|0|1|0|0|0|0|0|1|0|0|0|0|0|0|0|1|0|0|0|0|0|1</HistCounts>
      </HistItem>
    </Histograms>
    <Metadata>
      <MDI key="STATISTICS_MINIMUM">306</MDI>
      <MDI key="STATISTICS_MAXIMUM">517</MDI>
      <MDI key="STATISTICS_MEAN">384.49777777778</MDI>
      <MDI key="STATISTICS_STDDEV">45.808502310713</MDI>
      <MDI key="STATISTICS_VALID_PERCENT">100</MDI>
    </Metadata>
  </PAMRasterBand>
  <PAMRasterBand band="3">
    <Histograms>
      <HistItem>
        <HistMin>356.3333333333333</HistMin>
        <HistMax>657.6666666666666</HistMax>
        <BucketCount>225</BucketCount>
        <IncludeOutOfRange>0</IncludeOutOfRange>
        <Approximate>0</Approximate>
        <HistCounts>1|1|0|1|3|3|2|3|3|0|6|3|1|4|4|1|2|0|2|0|0|0|0|0|0|0|0|0|0|0|0|0|0|0|1|1|0|0|0|0|0|0|1|1|2|2|1|2|0|0|0|2|0|0|1|1|0|0|0|1|0|0|0|2|0|0|2|0|0|0|0|1|1|1|0|0|0|3|2|1|1|2|0|2|1|1|0|3|1|0|0|0|0|3|0|1|4|0|2|3|2|2|5|1|1|1|2|0|1|4|2|6|1|1|4|1|5|2|7|7|2|5|9|4|4|8|0|5|3|1|3|5|0|1|3|1|1|2|0|1|2|0|1|0|1|0|0|0|0|0|1|0|1|0|1|0|0|0|0|0|0|0|0|0|0|0|0|0|0|0|0|0|0|0|0|1|0|0|0|0|0|0|0|0|0|1|0|1|0|0|0|0|0|0|0|1|0|1|0|1|1|0|1|0|0|0|0|0|0|0|0|0|0|0|1|0|0|0|1|0|0|1|0|0|1</HistCounts>
      </HistItem>
    </Histograms>
    <Metadata>
      <MDI key="STATISTICS_MINIMUM">357</MDI>
      <MDI key="STATISTICS_MAXIMUM">657</MDI>
      <MDI key="STATISTICS_MEAN">483</MDI>
      <MDI key="STATISTICS_STDDEV">67.542579163073</MDI>
      <MDI key="STATISTICS_VALID_PERCENT">100</MDI>
    </Metadata>
  </PAMRasterBand>
</PAMDataset>
