<PAMDataset>
  <PAMRasterBand band="1">
    <Histograms>
      <HistItem>
        <HistMin>290.1511111111111</HistMin>
        <HistMax>673.8488888888888</HistMax>
        <BucketCount>225</BucketCount>
        <IncludeOutOfRange>0</IncludeOutOfRange>
        <Approximate>0</Approximate>
        <HistCounts>1|0|0|0|1|0|2|0|1|1|2|0|2|0|3|1|9|3|4|7|3|2|8|2|1|1|3|3|5|3|1|4|3|7|1|4|8|3|4|7|5|4|6|4|3|7|7|4|2|1|4|1|3|4|1|3|5|2|2|3|0|0|0|1|0|1|0|0|0|0|0|1|0|1|0|0|0|0|0|1|0|0|1|0|1|0|1|1|1|0|1|1|0|1|0|0|0|0|0|0|0|0|0|1|1|0|0|0|0|0|0|0|0|0|2|0|0|0|0|0|0|0|0|0|0|0|0|1|0|0|1|0|0|0|0|0|0|0|1|1|0|0|1|0|0|0|0|0|0|0|1|0|0|0|1|1|0|0|0|1|0|0|0|0|0|1|0|0|1|0|0|0|0|0|0|0|0|0|0|0|0|1|1|0|0|0|1|0|2|1|0|0|0|1|0|1|2|0|0|0|0|0|0|0|0|1|0|1|1|0|0|0|0|0|0|0|1|0|0|1|0|0|0|0|1</HistCounts>
      </HistItem>
    </Histograms>
    <Metadata>
      <MDI key="STATISTICS_MINIMUM">291</MDI>
      <MDI key="STATISTICS_MAXIMUM">673</MDI>
      <MDI key="STATISTICS_MEAN">385.57333333333</MDI>
      <MDI key="STATISTICS_STDDEV">85.32362028054</MDI>
      <MDI key="STATISTICS_VALID_PERCENT">100</MDI>
    </Metadata>
  </PAMRasterBand>
  <PAMRasterBand band="2">
    <Histograms>
      <HistItem>
        <HistMin>246.2622222222222</HistMin>
        <HistMax>579.7377777777778</HistMax>
        <BucketCount>225</BucketCount>
        <IncludeOutOfRange>0</IncludeOutOfRange>
        <Approximate>0</Approximate>
        <HistCounts>1|0|1|0|0|1|0|0|1|0|1|1|0|0|2|1|2|2|1|1|0|1|3|1|7|3|8|0|14|3|9|3|11|5|13|8|11|4|7|5|5|7|3|7|3|3|2|3|1|3|0|1|3|1|1|0|0|2|0|0|0|0|2|0|0|2|0|1|0|0|0|0|0|1|0|0|1|0|0|0|1|0|2|1|0|0|1|0|0|0|0|1|1|0|1|0|0|0|1|1|0|0|0|0|0|0|0|0|0|0|0|1|0|1|0|0|0|0|0|1|0|0|0|0|0|1|0|0|0|1|0|0|0|0|1|0|0|0|0|0|0|1|0|0|1|0|1|0|1|0|0|0|0|0|0|0|0|1|2|0|1|0|0|0|0|1|0|0|0|1|0|0|0|0|0|0|0|0|0|0|0|0|1|1|0|0|0|0|0|0|0|0|1|0|0|0|0|0|0|3|0|1|3|0|0|0|0|0|0|1|0|1|1|1|0|0|0|0|0|0|1|0|0|0|1</HistCounts>
      </HistItem>
    </Histograms>
    <Metadata>
      <MDI key="STATISTICS_MINIMUM">247</MDI>
      <MDI key="STATISTICS_MAXIMUM">579</MDI>
      <MDI key="STATISTICS_MEAN">331.04</MDI>
      <MDI key="STATISTICS_STDDEV">76.058826356095</MDI>
      <MDI key="STATISTICS_VALID_PERCENT">100</MDI>
    </Metadata>
  </PAMRasterBand>
  <PAMRasterBand band="3">
    <Histograms>
      <HistItem>
        <HistMin>293.0533333333333</HistMin>
        <HistMax>720.9466666666667</HistMax>
        <BucketCount>225</BucketCount>
        <IncludeOutOfRange>0</IncludeOutOfRange>
        <Approximate>0</Approximate>
        <HistCounts>1|1|3|3|6|4|11|7|8|9|1|10|5|7|5|7|4|3|6|6|3|2|3|2|3|6|3|5|3|3|3|0|1|3|0|2|3|4|3|0|1|0|3|1|0|1|1|0|1|3|2|0|0|0|1|0|0|1|0|0|1|0|1|1|1|0|0|1|1|0|1|0|0|0|0|0|3|0|0|0|0|0|0|0|0|0|0|0|1|2|0|1|0|0|1|0|0|1|1|1|1|0|0|0|0|0|1|0|0|0|0|0|0|0|0|0|0|0|0|0|0|0|0|0|1|1|0|0|0|1|1|0|0|0|0|0|1|0|0|0|0|0|0|0|0|0|2|0|1|0|0|0|0|0|0|0|1|1|0|0|1|1|0|0|1|0|0|0|0|1|0|0|0|0|0|0|0|0|0|0|0|1|0|0|0|0|1|0|0|0|0|0|1|0|0|1|0|0|0|3|0|0|0|0|0|1|0|0|0|2|0|1|1|0|0|1|2|0|0|0|0|1|0|0|1</HistCounts>
      </HistItem>
    </Histograms>
    <Metadata>
      <MDI key="STATISTICS_MINIMUM">294</MDI>
      <MDI key="STATISTICS_MAXIMUM">720</MDI>
      <MDI key="STATISTICS_MEAN">382.41777777778</MDI>
      <MDI key="STATISTICS_STDDEV">110.8106438708</MDI>
      <MDI key="STATISTICS_VALID_PERCENT">100</MDI>
    </Metadata>
  </PAMRasterBand>
</PAMDataset>
