<PAMDataset>
  <PAMRasterBand band="1">
    <Histograms>
      <HistItem>
        <HistMin>344.5022727272727</HistMin>
        <HistMax>564.4977272727273</HistMax>
        <BucketCount>220</BucketCount>
        <IncludeOutOfRange>0</IncludeOutOfRange>
        <Approximate>0</Approximate>
        <HistCounts>1|0|0|0|0|1|0|0|0|0|0|1|0|0|0|0|0|0|0|0|3|0|0|0|0|1|0|0|0|0|0|1|1|0|1|1|0|3|1|1|2|0|1|2|1|2|1|0|2|0|0|0|0|0|1|0|1|0|1|0|0|1|0|0|0|0|0|1|0|0|0|0|1|0|0|1|0|0|0|0|0|0|0|1|2|0|0|2|1|1|0|0|0|1|0|0|0|0|1|1|0|2|0|0|0|0|0|1|1|2|1|1|1|1|1|0|0|0|0|1|0|1|1|0|0|2|2|2|2|0|2|3|3|1|7|2|3|3|2|8|1|2|2|4|1|3|3|1|2|0|2|2|5|0|0|2|1|1|2|1|1|1|1|4|2|1|4|0|3|1|1|1|0|4|1|2|2|1|2|0|1|0|1|3|0|2|6|1|4|2|1|1|1|1|1|0|1|1|1|1|0|3|2|3|0|1|2|1|3|3|4|1|2|0|0|3|0|0|0|1</HistCounts>
      </HistItem>
    </Histograms>
    <Metadata>
      <MDI key="STATISTICS_MINIMUM">345</MDI>
      <MDI key="STATISTICS_MAXIMUM">564</MDI>
      <MDI key="STATISTICS_MEAN">485.02222222222</MDI>
      <MDI key="STATISTICS_STDDEV">52.807191803511</MDI>
      <MDI key="STATISTICS_VALID_PERCENT">100</MDI>
    </Metadata>
  </PAMRasterBand>
  <PAMRasterBand band="2">
    <Histograms>
      <HistItem>
        <HistMin>323.502380952381</HistMin>
        <HistMax>533.4976190476191</HistMax>
        <BucketCount>210</BucketCount>
        <IncludeOutOfRange>0</IncludeOutOfRange>
        <Approximate>0</Approximate>
        <HistCounts>1|0|0|1|0|0|0|0|0|0|1|0|0|0|0|0|0|0|0|0|1|0|1|0|1|0|0|0|0|0|1|1|0|0|0|0|0|0|1|1|1|0|0|0|1|0|0|1|2|3|0|1|1|5|2|0|0|0|0|1|0|0|2|0|0|0|0|0|0|1|0|0|1|1|0|0|0|0|1|0|1|0|1|2|0|0|0|0|1|0|1|0|0|0|0|0|1|1|0|1|0|2|0|1|0|1|0|1|0|0|0|0|2|1|0|1|2|1|1|0|0|1|2|4|4|3|2|3|6|4|3|0|7|4|5|2|2|1|1|3|0|3|1|2|0|2|0|1|4|3|2|2|1|2|0|4|1|0|1|1|0|3|1|3|2|1|1|1|2|1|1|1|3|2|4|1|3|3|4|3|0|2|3|0|0|1|0|0|0|0|1|4|1|5|1|1|4|3|1|1|6|1|2|0|2|2|0|0|0|1</HistCounts>
      </HistItem>
    </Histograms>
    <Metadata>
      <MDI key="STATISTICS_MINIMUM">324</MDI>
      <MDI key="STATISTICS_MAXIMUM">533</MDI>
      <MDI key="STATISTICS_MEAN">460.42222222222</MDI>
      <MDI key="STATISTICS_STDDEV">48.542530671058</MDI>
      <MDI key="STATISTICS_VALID_PERCENT">100</MDI>
    </Metadata>
  </PAMRasterBand>
  <PAMRasterBand band="3">
    <Histograms>
      <HistItem>
        <HistMin>420.3644444444444</HistMin>
        <HistMax>707.6355555555556</HistMax>
        <BucketCount>225</BucketCount>
        <IncludeOutOfRange>0</IncludeOutOfRange>
        <Approximate>0</Approximate>
        <HistCounts>1|0|1|0|0|0|0|0|0|0|0|0|1|0|0|0|0|0|0|0|0|0|0|1|0|0|1|1|0|0|0|1|0|0|0|0|0|0|1|1|0|0|0|0|0|1|1|0|0|0|0|1|0|0|0|1|0|1|0|2|1|1|0|0|0|1|0|0|1|0|4|0|2|0|2|0|1|1|1|0|0|0|0|1|0|0|0|0|1|2|0|0|2|0|0|0|1|0|0|0|0|0|0|0|0|0|0|1|1|1|2|0|1|2|0|0|1|1|0|0|0|3|0|2|3|3|3|2|5|3|3|2|5|1|2|3|5|0|1|5|3|2|5|3|1|1|2|1|2|1|1|0|0|0|1|0|2|3|2|1|1|1|0|2|2|0|2|4|0|0|2|2|3|0|1|1|1|4|0|4|3|3|2|5|4|1|1|5|1|1|3|1|2|3|0|0|3|4|1|1|2|2|3|3|3|1|2|2|2|0|0|0|0|0|0|0|0|0|0|0|0|0|0|0|1</HistCounts>
      </HistItem>
    </Histograms>
    <Metadata>
      <MDI key="STATISTICS_MINIMUM">421</MDI>
      <MDI key="STATISTICS_MAXIMUM">707</MDI>
      <MDI key="STATISTICS_MEAN">604.24</MDI>
      <MDI key="STATISTICS_STDDEV">60.572052227996</MDI>
      <MDI key="STATISTICS_VALID_PERCENT">100</MDI>
    </Metadata>
  </PAMRasterBand>
</PAMDataset>
