<PAMDataset>
  <PAMRasterBand band="1">
    <Histograms>
      <HistItem>
        <HistMin>220.5037037037037</HistMin>
        <HistMax>355.4962962962963</HistMax>
        <BucketCount>135</BucketCount>
        <IncludeOutOfRange>0</IncludeOutOfRange>
        <Approximate>0</Approximate>
        <HistCounts>1|0|2|1|0|0|0|0|1|2|0|0|0|1|0|0|0|0|0|1|0|0|1|1|0|0|1|1|1|3|1|1|1|1|0|0|1|2|0|1|1|1|1|1|1|2|5|1|2|4|1|1|0|3|0|0|3|2|0|1|3|3|1|4|3|4|4|2|6|3|1|2|3|2|1|1|6|3|3|5|3|3|2|2|4|0|1|4|2|8|3|0|2|0|4|4|1|1|1|4|2|5|0|3|5|2|0|4|2|2|2|2|7|4|2|3|0|1|0|0|2|2|3|1|0|2|0|0|1|2|0|0|0|1|1</HistCounts>
      </HistItem>
    </Histograms>
    <Metadata>
      <MDI key="STATISTICS_MINIMUM">221</MDI>
      <MDI key="STATISTICS_MAXIMUM">355</MDI>
      <MDI key="STATISTICS_MEAN">298.42222222222</MDI>
      <MDI key="STATISTICS_STDDEV">29.660365539734</MDI>
      <MDI key="STATISTICS_VALID_PERCENT">100</MDI>
    </Metadata>
  </PAMRasterBand>
  <PAMRasterBand band="2">
    <Histograms>
      <HistItem>
        <HistMin>166.504132231405</HistMin>
        <HistMax>287.495867768595</HistMax>
        <BucketCount>121</BucketCount>
        <IncludeOutOfRange>0</IncludeOutOfRange>
        <Approximate>0</Approximate>
        <HistCounts>1|0|0|2|1|1|0|0|0|0|1|1|1|0|1|0|1|0|0|0|1|0|3|0|0|0|2|2|2|3|4|1|0|0|0|2|2|0|0|3|3|3|2|0|1|1|2|2|2|3|3|2|2|6|3|2|2|3|0|4|2|2|1|2|3|2|2|2|2|2|4|2|5|4|3|2|4|0|2|3|2|1|1|3|5|5|1|3|2|0|2|2|4|7|3|2|2|3|2|4|3|6|4|2|8|4|0|0|2|1|3|4|0|0|1|0|0|1|0|0|2</HistCounts>
      </HistItem>
    </Histograms>
    <Metadata>
      <MDI key="STATISTICS_MINIMUM">167</MDI>
      <MDI key="STATISTICS_MAXIMUM">287</MDI>
      <MDI key="STATISTICS_MEAN">237.12444444444</MDI>
      <MDI key="STATISTICS_STDDEV">28.171420944366</MDI>
      <MDI key="STATISTICS_VALID_PERCENT">100</MDI>
    </Metadata>
  </PAMRasterBand>
  <PAMRasterBand band="3">
    <Histograms>
      <HistItem>
        <HistMin>160.5026178010471</HistMin>
        <HistMax>351.4973821989529</HistMax>
        <BucketCount>191</BucketCount>
        <IncludeOutOfRange>0</IncludeOutOfRange>
        <Approximate>0</Approximate>
        <HistCounts>1|0|0|0|1|0|0|0|0|0|0|0|2|2|0|2|0|2|0|0|1|1|0|0|1|0|0|0|1|2|0|1|0|2|0|1|1|0|0|2|1|1|0|0|2|0|2|1|1|0|0|1|1|3|1|1|0|1|1|3|1|2|2|1|1|2|0|1|3|2|1|1|1|0|2|0|1|0|0|1|2|1|0|0|1|0|1|0|1|0|2|1|0|1|0|4|1|0|2|1|3|1|1|5|0|0|1|1|4|0|2|1|0|1|0|2|1|0|0|3|1|1|1|6|1|1|1|2|4|2|1|0|4|1|6|3|2|2|1|0|2|2|1|2|0|4|1|2|1|1|0|4|0|3|0|3|1|0|2|1|0|1|3|3|1|4|1|2|0|1|4|1|1|1|4|1|0|1|1|2|2|1|1|4|2|0|0|1|1|1|1</HistCounts>
      </HistItem>
    </Histograms>
    <Metadata>
      <MDI key="STATISTICS_MINIMUM">161</MDI>
      <MDI key="STATISTICS_MAXIMUM">351</MDI>
      <MDI key="STATISTICS_MEAN">272.56444444444</MDI>
      <MDI key="STATISTICS_STDDEV">49.429964621362</MDI>
      <MDI key="STATISTICS_VALID_PERCENT">100</MDI>
    </Metadata>
  </PAMRasterBand>
</PAMDataset>
