<PAMDataset>
  <PAMRasterBand band="1">
    <Histograms>
      <HistItem>
        <HistMin>299.0155555555556</HistMin>
        <HistMax>743.9844444444444</HistMax>
        <BucketCount>225</BucketCount>
        <IncludeOutOfRange>0</IncludeOutOfRange>
        <Approximate>0</Approximate>
        <HistCounts>1|0|1|0|2|3|0|0|2|1|1|1|0|0|3|5|0|2|2|0|2|0|6|4|3|3|0|3|1|2|1|2|1|2|2|1|2|2|2|1|3|4|2|3|3|2|2|4|2|2|2|3|0|3|3|1|0|2|1|0|0|0|0|0|1|1|1|1|1|0|2|1|0|0|0|1|0|3|1|2|0|3|1|2|0|0|1|0|0|1|0|2|2|0|0|2|1|1|3|0|0|1|3|2|0|0|0|2|2|0|0|1|0|2|1|0|1|2|0|0|0|0|0|0|0|2|0|2|1|1|0|0|1|0|1|0|2|0|1|0|1|0|1|1|3|1|1|1|0|3|0|0|2|0|1|1|4|0|0|0|3|2|0|0|0|1|0|1|0|2|0|1|1|1|2|0|4|0|2|0|1|1|1|3|0|0|2|2|0|1|2|0|0|0|0|0|0|0|0|0|0|0|0|1|0|0|1|0|0|0|0|0|0|0|0|0|0|0|0|0|0|0|1|0|1</HistCounts>
      </HistItem>
    </Histograms>
    <Metadata>
      <MDI key="STATISTICS_MINIMUM">300</MDI>
      <MDI key="STATISTICS_MAXIMUM">743</MDI>
      <MDI key="STATISTICS_MEAN">467.78666666667</MDI>
      <MDI key="STATISTICS_STDDEV">116.77857033244</MDI>
      <MDI key="STATISTICS_VALID_PERCENT">100</MDI>
    </Metadata>
  </PAMRasterBand>
  <PAMRasterBand band="2">
    <Histograms>
      <HistItem>
        <HistMin>265.7622222222222</HistMin>
        <HistMax>825.2377777777778</HistMax>
        <BucketCount>225</BucketCount>
        <IncludeOutOfRange>0</IncludeOutOfRange>
        <Approximate>0</Approximate>
        <HistCounts>1|1|0|2|2|1|1|0|5|2|6|0|1|2|2|4|5|1|4|0|2|3|5|5|1|2|2|4|2|4|0|2|2|2|1|1|2|2|1|3|0|1|0|6|3|2|1|2|0|2|0|1|2|1|0|0|1|0|2|0|1|0|0|2|3|1|0|1|1|0|0|0|1|1|0|0|2|0|1|0|1|0|0|0|3|0|1|0|0|0|3|0|2|0|0|0|0|1|0|0|0|1|1|0|1|0|2|1|0|1|2|1|2|2|0|1|1|1|2|2|2|0|0|2|1|2|1|1|0|1|1|0|2|1|0|1|0|0|1|0|1|0|1|0|0|3|4|0|0|0|1|1|2|0|2|3|1|1|1|0|2|2|1|0|1|1|0|2|1|2|1|1|1|2|0|3|1|0|4|0|0|1|0|0|0|0|1|1|1|0|0|0|0|0|0|0|0|0|0|0|0|0|0|0|0|0|0|0|0|0|0|0|1|1|0|0|0|0|0|0|0|0|0|0|1</HistCounts>
      </HistItem>
    </Histograms>
    <Metadata>
      <MDI key="STATISTICS_MINIMUM">267</MDI>
      <MDI key="STATISTICS_MAXIMUM">824</MDI>
      <MDI key="STATISTICS_MEAN">465.54222222222</MDI>
      <MDI key="STATISTICS_STDDEV">149.12523966845</MDI>
      <MDI key="STATISTICS_VALID_PERCENT">100</MDI>
    </Metadata>
  </PAMRasterBand>
  <PAMRasterBand band="3">
    <Histograms>
      <HistItem>
        <HistMin>323.8933333333333</HistMin>
        <HistMax>1276.106666666667</HistMax>
        <BucketCount>225</BucketCount>
        <IncludeOutOfRange>0</IncludeOutOfRange>
        <Approximate>0</Approximate>
        <HistCounts>3|0|1|2|2|2|1|3|3|9|3|3|1|1|5|3|4|3|1|7|2|0|3|5|1|4|5|1|3|1|1|1|0|2|2|2|2|1|0|2|0|0|1|3|1|3|2|0|0|2|1|3|0|2|0|1|0|0|0|0|0|1|1|0|0|0|0|0|3|1|0|0|2|1|1|0|0|0|2|1|1|0|0|0|0|1|0|0|1|1|0|0|0|0|0|3|0|0|0|1|1|1|0|0|1|0|1|0|1|1|1|2|1|1|1|1|2|3|1|0|2|2|0|1|0|2|1|1|1|3|0|1|0|0|1|2|0|0|1|1|0|1|2|0|0|1|1|3|1|2|1|4|0|0|1|1|1|2|4|3|0|0|2|1|1|0|0|2|1|3|1|2|1|1|1|0|0|2|0|0|0|0|1|0|0|1|0|0|0|0|1|0|0|0|0|0|0|0|0|0|0|0|0|0|0|0|0|0|0|0|0|0|1|0|1|0|0|0|0|0|0|0|0|0|1</HistCounts>
      </HistItem>
    </Histograms>
    <Metadata>
      <MDI key="STATISTICS_MINIMUM">326</MDI>
      <MDI key="STATISTICS_MAXIMUM">1274</MDI>
      <MDI key="STATISTICS_MEAN">651.37777777778</MDI>
      <MDI key="STATISTICS_STDDEV">258.3266398177</MDI>
      <MDI key="STATISTICS_VALID_PERCENT">100</MDI>
    </Metadata>
  </PAMRasterBand>
</PAMDataset>
