<PAMDataset>
  <PAMRasterBand band="1">
    <Histograms>
      <HistItem>
        <HistMin>321.1</HistMin>
        <HistMax>727.9</HistMax>
        <BucketCount>225</BucketCount>
        <IncludeOutOfRange>0</IncludeOutOfRange>
        <Approximate>0</Approximate>
        <HistCounts>1|1|2|2|0|2|4|1|1|1|0|1|1|1|4|3|0|3|3|1|4|0|2|0|3|2|0|1|2|2|3|0|0|2|0|4|2|2|1|2|1|1|0|1|1|2|2|1|0|2|0|3|1|0|4|2|3|2|1|2|1|2|2|0|1|2|1|0|1|3|2|1|7|0|4|2|1|1|4|0|4|4|4|1|0|6|0|3|1|0|1|2|2|3|0|0|3|1|3|0|0|2|2|0|0|1|0|0|0|1|0|3|0|1|2|0|1|0|1|0|2|1|0|0|0|1|0|2|1|1|0|1|2|1|2|0|2|0|1|3|0|0|1|0|0|0|0|0|2|0|1|0|0|0|3|0|0|0|0|3|0|0|0|0|0|1|1|0|2|0|1|0|0|1|0|2|0|0|0|0|0|0|0|0|0|0|0|0|1|0|0|1|1|0|0|0|1|0|0|0|0|0|0|1|0|0|0|0|0|1|0|0|0|0|0|0|0|0|0|0|0|0|0|0|1</HistCounts>
      </HistItem>
    </Histograms>
    <Metadata>
      <MDI key="STATISTICS_MINIMUM">322</MDI>
      <MDI key="STATISTICS_MAXIMUM">727</MDI>
      <MDI key="STATISTICS_MEAN">458.60888888889</MDI>
      <MDI key="STATISTICS_STDDEV">89.632622588535</MDI>
      <MDI key="STATISTICS_VALID_PERCENT">100</MDI>
    </Metadata>
  </PAMRasterBand>
  <PAMRasterBand band="2">
    <Histograms>
      <HistItem>
        <HistMin>256.9066666666667</HistMin>
        <HistMax>751.0933333333334</HistMax>
        <BucketCount>225</BucketCount>
        <IncludeOutOfRange>0</IncludeOutOfRange>
        <Approximate>0</Approximate>
        <HistCounts>2|1|2|1|1|1|1|1|4|1|1|2|0|0|1|5|4|4|1|2|4|1|2|1|2|0|2|2|1|1|1|1|0|1|4|1|2|3|0|0|4|1|3|0|0|2|2|1|3|1|2|3|2|3|1|1|5|1|2|1|4|5|0|1|0|1|3|3|0|2|2|3|0|4|2|1|2|0|1|1|0|0|1|0|0|1|3|1|0|2|1|2|0|0|0|0|0|0|1|2|1|0|0|2|2|2|2|0|0|2|0|2|0|2|0|1|1|3|2|3|1|0|2|0|1|0|0|2|1|0|0|1|2|1|0|1|0|1|1|2|0|0|0|2|1|1|0|2|0|1|0|0|1|0|0|1|0|0|0|1|0|0|2|0|2|1|0|0|0|0|0|0|1|1|0|0|2|1|0|2|0|0|1|1|0|0|0|0|0|0|1|0|0|0|1|0|0|0|1|0|1|0|0|0|0|1|1|0|0|1|0|0|0|0|0|1|0|0|0|0|0|0|0|0|1</HistCounts>
      </HistItem>
    </Histograms>
    <Metadata>
      <MDI key="STATISTICS_MINIMUM">258</MDI>
      <MDI key="STATISTICS_MAXIMUM">750</MDI>
      <MDI key="STATISTICS_MEAN">427.27111111111</MDI>
      <MDI key="STATISTICS_STDDEV">119.23658018545</MDI>
      <MDI key="STATISTICS_VALID_PERCENT">100</MDI>
    </Metadata>
  </PAMRasterBand>
  <PAMRasterBand band="3">
    <Histograms>
      <HistItem>
        <HistMin>306.0288888888889</HistMin>
        <HistMax>1196.971111111111</HistMax>
        <BucketCount>225</BucketCount>
        <IncludeOutOfRange>0</IncludeOutOfRange>
        <Approximate>0</Approximate>
        <HistCounts>2|1|1|3|1|1|2|1|3|2|1|0|6|3|1|2|4|3|1|2|3|1|3|0|1|2|3|1|1|1|4|3|1|4|0|1|2|2|5|1|2|1|4|3|0|1|3|5|3|3|2|3|0|2|2|3|0|5|1|1|2|2|1|2|2|0|3|1|0|1|0|2|0|0|0|1|1|0|2|1|0|0|0|1|2|0|0|2|1|0|1|0|3|2|1|1|1|0|0|1|0|0|2|0|1|0|2|0|1|0|1|1|3|2|1|2|1|0|0|1|2|1|0|0|0|1|1|0|1|2|2|0|1|1|1|0|1|0|1|0|1|1|2|0|0|0|0|1|1|1|0|0|0|1|2|0|0|0|0|0|0|0|0|0|1|0|3|2|0|0|0|1|0|1|0|1|0|2|0|1|0|0|0|2|0|1|1|1|0|0|0|0|0|1|0|1|0|1|0|0|0|0|0|0|1|0|0|0|0|0|0|0|0|0|0|0|0|0|0|0|0|0|0|0|1</HistCounts>
      </HistItem>
    </Histograms>
    <Metadata>
      <MDI key="STATISTICS_MINIMUM">308</MDI>
      <MDI key="STATISTICS_MAXIMUM">1195</MDI>
      <MDI key="STATISTICS_MEAN">589.45777777778</MDI>
      <MDI key="STATISTICS_STDDEV">213.36628754733</MDI>
      <MDI key="STATISTICS_VALID_PERCENT">100</MDI>
    </Metadata>
  </PAMRasterBand>
</PAMDataset>
