<PAMDataset>
  <PAMRasterBand band="1">
    <Histograms>
      <HistItem>
        <HistMin>298.5064935064935</HistMin>
        <HistMax>375.4935064935065</HistMax>
        <BucketCount>77</BucketCount>
        <IncludeOutOfRange>0</IncludeOutOfRange>
        <Approximate>0</Approximate>
        <HistCounts>1|0|0|0|0|0|0|0|0|0|1|3|0|2|1|1|2|1|1|1|3|1|1|1|1|4|2|1|4|4|4|5|6|8|7|5|10|8|6|3|3|4|10|8|6|5|10|10|7|4|3|4|8|3|3|6|4|3|5|1|3|2|1|2|1|3|1|0|0|0|2|0|0|0|3|0|2</HistCounts>
      </HistItem>
    </Histograms>
    <Metadata>
      <MDI key="STATISTICS_MINIMUM">299</MDI>
      <MDI key="STATISTICS_MAXIMUM">375</MDI>
      <MDI key="STATISTICS_MEAN">340.68444444444</MDI>
      <MDI key="STATISTICS_STDDEV">13.620343535487</MDI>
      <MDI key="STATISTICS_VALID_PERCENT">100</MDI>
    </Metadata>
  </PAMRasterBand>
  <PAMRasterBand band="2">
    <Histograms>
      <HistItem>
        <HistMin>222.5058139534884</HistMin>
        <HistMax>308.4941860465116</HistMax>
        <BucketCount>86</BucketCount>
        <IncludeOutOfRange>0</IncludeOutOfRange>
        <Approximate>0</Approximate>
        <HistCounts>1|0|0|0|0|0|0|0|0|1|0|0|0|0|0|0|0|0|1|1|0|3|2|3|2|1|2|2|0|4|5|5|4|4|9|3|9|3|5|8|7|7|4|15|3|6|10|7|9|12|3|7|6|4|7|4|4|2|2|3|2|1|1|4|0|0|2|2|3|1|2|0|1|0|0|1|1|0|0|0|0|0|0|2|1|1</HistCounts>
      </HistItem>
    </Histograms>
    <Metadata>
      <MDI key="STATISTICS_MINIMUM">223</MDI>
      <MDI key="STATISTICS_MAXIMUM">308</MDI>
      <MDI key="STATISTICS_MEAN">267.50222222222</MDI>
      <MDI key="STATISTICS_STDDEV">13.195327268711</MDI>
      <MDI key="STATISTICS_VALID_PERCENT">100</MDI>
    </Metadata>
  </PAMRasterBand>
  <PAMRasterBand band="3">
    <Histograms>
      <HistItem>
        <HistMin>250.5038167938931</HistMin>
        <HistMax>381.4961832061069</HistMax>
        <BucketCount>131</BucketCount>
        <IncludeOutOfRange>0</IncludeOutOfRange>
        <Approximate>0</Approximate>
        <HistCounts>1|0|0|0|0|0|0|0|2|0|0|1|1|1|0|2|0|1|0|2|0|4|1|2|1|4|3|3|2|0|3|2|2|2|5|3|5|3|3|3|5|4|4|4|6|3|3|4|4|4|6|7|5|4|6|5|3|10|4|8|3|5|4|2|3|3|3|1|1|1|1|0|0|3|1|1|0|1|0|0|2|0|2|0|0|1|0|1|0|2|2|0|0|1|1|2|1|0|1|0|0|1|0|1|2|1|0|2|0|1|0|1|0|0|0|1|0|0|0|1|0|0|0|1|1|0|0|0|0|0|2</HistCounts>
      </HistItem>
    </Histograms>
    <Metadata>
      <MDI key="STATISTICS_MINIMUM">251</MDI>
      <MDI key="STATISTICS_MAXIMUM">381</MDI>
      <MDI key="STATISTICS_MEAN">304.21777777778</MDI>
      <MDI key="STATISTICS_STDDEV">24.187997839965</MDI>
      <MDI key="STATISTICS_VALID_PERCENT">100</MDI>
    </Metadata>
  </PAMRasterBand>
</PAMDataset>
