<PAMDataset>
  <PAMRasterBand band="1">
    <Histograms>
      <HistItem>
        <HistMin>262.1888888888889</HistMin>
        <HistMax>628.8111111111111</HistMax>
        <BucketCount>225</BucketCount>
        <IncludeOutOfRange>0</IncludeOutOfRange>
        <Approximate>0</Approximate>
        <HistCounts>1|0|0|1|0|0|0|3|0|0|0|0|0|0|0|0|0|0|1|0|1|0|0|0|0|0|0|0|0|0|0|1|0|0|1|0|0|0|0|1|1|0|1|0|0|0|0|0|2|0|1|1|0|0|1|1|0|0|1|0|0|0|1|0|0|0|0|0|2|0|0|0|1|0|0|1|1|1|0|1|1|1|0|1|0|1|2|2|2|0|4|1|2|2|1|1|5|1|3|3|1|2|1|1|2|3|5|4|4|3|6|0|5|2|3|6|4|7|4|1|2|3|7|6|3|3|2|2|5|6|2|5|3|3|0|0|6|3|0|4|0|0|0|0|0|2|0|3|0|2|0|0|1|0|0|2|0|0|3|0|0|0|0|1|1|0|1|0|0|0|0|3|3|0|1|1|0|1|3|1|0|0|0|2|0|0|0|0|0|0|0|0|0|0|0|0|0|0|1|0|0|0|0|0|0|0|0|2|0|0|0|0|0|0|0|1|0|0|0|0|0|0|0|0|1</HistCounts>
      </HistItem>
    </Histograms>
    <Metadata>
      <MDI key="STATISTICS_MINIMUM">263</MDI>
      <MDI key="STATISTICS_MAXIMUM">628</MDI>
      <MDI key="STATISTICS_MEAN">449.91111111111</MDI>
      <MDI key="STATISTICS_STDDEV">60.884525391094</MDI>
      <MDI key="STATISTICS_VALID_PERCENT">100</MDI>
    </Metadata>
  </PAMRasterBand>
  <PAMRasterBand band="2">
    <Histograms>
      <HistItem>
        <HistMin>234.1755555555555</HistMin>
        <HistMax>606.8244444444445</HistMax>
        <BucketCount>225</BucketCount>
        <IncludeOutOfRange>0</IncludeOutOfRange>
        <Approximate>0</Approximate>
        <HistCounts>1|1|0|0|1|1|1|0|0|0|0|0|0|0|0|0|0|0|2|0|0|0|0|0|0|0|1|0|1|0|0|0|1|1|0|0|0|1|0|0|1|1|0|0|0|1|1|1|1|0|1|1|0|0|0|0|0|0|0|0|2|0|0|1|1|0|1|0|1|0|0|1|0|1|1|3|1|1|2|0|1|1|1|2|0|0|3|1|3|1|2|2|3|1|8|4|4|7|9|2|4|9|1|4|4|4|11|4|3|3|6|3|4|2|5|4|4|3|2|2|2|2|1|2|1|1|1|0|0|0|1|0|2|0|1|1|1|0|1|1|0|0|0|0|0|0|1|0|0|0|1|0|1|1|0|1|2|0|2|0|0|0|2|0|0|1|0|0|0|0|0|0|0|0|2|1|0|0|1|0|0|0|0|1|1|0|1|4|0|0|0|1|0|0|1|0|2|2|0|0|0|2|0|0|0|1|0|0|0|0|0|0|0|0|0|0|0|0|1|0|0|0|0|0|1</HistCounts>
      </HistItem>
    </Histograms>
    <Metadata>
      <MDI key="STATISTICS_MINIMUM">235</MDI>
      <MDI key="STATISTICS_MAXIMUM">606</MDI>
      <MDI key="STATISTICS_MEAN">412.50222222222</MDI>
      <MDI key="STATISTICS_STDDEV">66.604579385067</MDI>
      <MDI key="STATISTICS_VALID_PERCENT">100</MDI>
    </Metadata>
  </PAMRasterBand>
  <PAMRasterBand band="3">
    <Histograms>
      <HistItem>
        <HistMin>290.6688888888889</HistMin>
        <HistMax>892.3311111111111</HistMax>
        <BucketCount>225</BucketCount>
        <IncludeOutOfRange>0</IncludeOutOfRange>
        <Approximate>0</Approximate>
        <HistCounts>2|2|0|0|0|0|0|0|0|1|0|0|0|0|1|0|0|0|0|1|2|0|0|1|1|0|0|1|2|0|0|1|0|0|0|0|0|1|0|1|0|1|2|0|2|0|1|0|1|1|2|2|1|1|0|1|4|0|0|1|3|3|2|1|1|2|3|5|5|8|7|8|7|7|7|5|7|4|6|7|8|6|0|4|2|2|1|1|1|1|2|0|1|0|1|0|1|1|1|0|0|0|2|1|3|0|1|0|0|3|1|1|0|0|0|0|1|0|0|1|0|0|1|1|0|1|0|0|1|0|0|1|1|0|0|1|0|1|0|3|0|0|0|0|1|1|0|0|0|1|0|0|0|2|1|1|1|0|0|0|0|0|0|2|0|0|0|1|0|0|0|0|1|0|0|1|0|1|1|1|1|1|0|1|2|0|1|0|0|0|0|1|2|1|0|1|0|0|1|0|0|0|2|0|0|0|0|0|0|0|0|0|0|0|0|0|0|0|0|1|0|0|0|0|1</HistCounts>
      </HistItem>
    </Histograms>
    <Metadata>
      <MDI key="STATISTICS_MINIMUM">292</MDI>
      <MDI key="STATISTICS_MAXIMUM">891</MDI>
      <MDI key="STATISTICS_MEAN">526.92444444444</MDI>
      <MDI key="STATISTICS_STDDEV">118.5270286204</MDI>
      <MDI key="STATISTICS_VALID_PERCENT">100</MDI>
    </Metadata>
  </PAMRasterBand>
</PAMDataset>
