<PAMDataset>
  <PAMRasterBand band="1">
    <Histograms>
      <HistItem>
        <HistMin>398.5049019607843</HistMin>
        <HistMax>500.4950980392157</HistMax>
        <BucketCount>102</BucketCount>
        <IncludeOutOfRange>0</IncludeOutOfRange>
        <Approximate>0</Approximate>
        <HistCounts>1|0|0|0|2|0|0|0|0|3|2|2|0|3|1|1|0|1|2|1|3|7|2|2|1|5|4|2|4|2|2|4|1|2|6|7|3|5|9|6|3|7|5|4|6|1|4|4|2|6|2|2|2|1|2|0|2|3|1|3|2|2|0|0|1|1|1|2|1|2|2|5|5|1|4|3|1|4|2|1|2|0|0|1|5|0|1|3|1|2|1|2|2|0|0|4|1|1|1|1|0|1</HistCounts>
      </HistItem>
    </Histograms>
    <Metadata>
      <MDI key="STATISTICS_MINIMUM">399</MDI>
      <MDI key="STATISTICS_MAXIMUM">500</MDI>
      <MDI key="STATISTICS_MEAN">447.37333333333</MDI>
      <MDI key="STATISTICS_STDDEV">23.797725381501</MDI>
      <MDI key="STATISTICS_VALID_PERCENT">100</MDI>
    </Metadata>
  </PAMRasterBand>
  <PAMRasterBand band="2">
    <Histograms>
      <HistItem>
        <HistMin>359.5052631578947</HistMin>
        <HistMax>454.4947368421053</HistMax>
        <BucketCount>95</BucketCount>
        <IncludeOutOfRange>0</IncludeOutOfRange>
        <Approximate>0</Approximate>
        <HistCounts>1|1|1|0|5|3|3|2|0|4|5|0|2|1|1|2|0|3|5|3|6|6|6|6|4|9|7|4|5|5|5|8|4|5|6|5|1|5|5|0|0|0|1|2|1|0|0|1|0|1|3|0|4|0|2|1|4|0|1|1|5|1|3|2|0|2|7|1|3|3|3|2|1|4|1|2|2|2|1|2|2|0|0|0|3|1|1|0|1|0|0|0|1|2|1</HistCounts>
      </HistItem>
    </Histograms>
    <Metadata>
      <MDI key="STATISTICS_MINIMUM">360</MDI>
      <MDI key="STATISTICS_MAXIMUM">454</MDI>
      <MDI key="STATISTICS_MEAN">398.78222222222</MDI>
      <MDI key="STATISTICS_STDDEV">23.540823065842</MDI>
      <MDI key="STATISTICS_VALID_PERCENT">100</MDI>
    </Metadata>
  </PAMRasterBand>
  <PAMRasterBand band="3">
    <Histograms>
      <HistItem>
        <HistMin>463.50390625</HistMin>
        <HistMax>591.49609375</HistMax>
        <BucketCount>128</BucketCount>
        <IncludeOutOfRange>0</IncludeOutOfRange>
        <Approximate>0</Approximate>
        <HistCounts>1|0|2|2|4|0|3|5|7|1|1|2|4|2|5|1|2|2|7|4|6|6|8|2|8|3|4|6|3|4|3|2|2|4|1|4|2|1|1|5|1|5|2|2|1|0|0|0|0|1|2|2|0|0|0|0|0|0|0|2|0|0|0|0|0|2|1|1|1|1|1|0|2|0|0|0|0|0|1|1|1|0|1|1|3|0|0|2|0|5|2|1|0|2|2|4|0|1|2|1|0|2|4|1|1|1|1|0|3|1|4|1|5|1|1|0|3|1|1|1|0|1|2|0|1|1|0|1</HistCounts>
      </HistItem>
    </Histograms>
    <Metadata>
      <MDI key="STATISTICS_MINIMUM">464</MDI>
      <MDI key="STATISTICS_MAXIMUM">591</MDI>
      <MDI key="STATISTICS_MEAN">513.07555555556</MDI>
      <MDI key="STATISTICS_STDDEV">37.950243187952</MDI>
      <MDI key="STATISTICS_VALID_PERCENT">100</MDI>
    </Metadata>
  </PAMRasterBand>
</PAMDataset>
