<PAMDataset>
  <PAMRasterBand band="1">
    <Histograms>
      <HistItem>
        <HistMin>424.5032051282051</HistMin>
        <HistMax>580.4967948717949</HistMax>
        <BucketCount>156</BucketCount>
        <IncludeOutOfRange>0</IncludeOutOfRange>
        <Approximate>0</Approximate>
        <HistCounts>3|5|4|2|1|0|6|0|1|2|1|2|4|2|6|2|2|5|1|6|2|4|0|3|3|2|6|2|4|3|0|2|1|1|2|3|1|2|5|0|0|1|0|2|1|1|2|1|1|1|1|3|1|1|2|0|0|0|1|1|2|2|0|2|2|1|2|4|1|2|1|1|1|2|0|2|0|2|0|1|3|1|1|0|2|3|1|4|2|2|1|2|2|0|2|3|1|2|1|2|1|1|2|1|3|0|3|0|2|0|0|2|3|1|2|0|1|0|0|0|0|1|0|1|1|3|0|0|2|2|2|0|0|0|0|0|2|0|0|1|2|0|0|0|0|0|1|0|0|0|0|0|0|0|0|1</HistCounts>
      </HistItem>
    </Histograms>
    <Metadata>
      <MDI key="STATISTICS_MINIMUM">425</MDI>
      <MDI key="STATISTICS_MAXIMUM">580</MDI>
      <MDI key="STATISTICS_MEAN">481.79555555556</MDI>
      <MDI key="STATISTICS_STDDEV">40.590343435932</MDI>
      <MDI key="STATISTICS_VALID_PERCENT">100</MDI>
    </Metadata>
  </PAMRasterBand>
  <PAMRasterBand band="2">
    <Histograms>
      <HistItem>
        <HistMin>366.5023584905661</HistMin>
        <HistMax>578.4976415094339</HistMax>
        <BucketCount>212</BucketCount>
        <IncludeOutOfRange>0</IncludeOutOfRange>
        <Approximate>0</Approximate>
        <HistCounts>1|0|1|0|0|0|2|0|1|2|0|1|1|0|3|3|5|2|5|4|4|3|3|3|3|4|0|1|2|4|0|0|0|3|0|3|2|2|0|7|2|0|4|2|0|1|1|0|2|1|4|4|0|1|1|1|0|0|1|2|1|1|1|3|1|1|2|0|2|0|0|1|2|1|1|2|1|0|1|1|1|1|2|0|0|1|3|4|1|1|0|0|2|2|0|3|1|3|1|1|0|2|1|3|0|1|0|2|0|2|1|4|1|2|2|1|4|3|1|2|1|3|1|1|0|0|0|0|2|3|1|3|1|1|1|1|1|0|1|0|2|1|1|3|1|0|0|1|0|0|1|0|0|0|0|0|1|0|2|0|0|0|0|0|4|0|1|0|0|0|0|0|0|0|0|0|0|0|0|0|0|0|0|0|0|0|0|0|0|0|0|0|0|0|0|0|0|1|0|0|1|0|0|0|0|0|0|0|0|0|0|1</HistCounts>
      </HistItem>
    </Histograms>
    <Metadata>
      <MDI key="STATISTICS_MINIMUM">367</MDI>
      <MDI key="STATISTICS_MAXIMUM">578</MDI>
      <MDI key="STATISTICS_MEAN">440.56888888889</MDI>
      <MDI key="STATISTICS_STDDEV">47.126457877701</MDI>
      <MDI key="STATISTICS_VALID_PERCENT">100</MDI>
    </Metadata>
  </PAMRasterBand>
  <PAMRasterBand band="3">
    <Histograms>
      <HistItem>
        <HistMin>460.3511111111111</HistMin>
        <HistMax>753.6488888888889</HistMax>
        <BucketCount>225</BucketCount>
        <IncludeOutOfRange>0</IncludeOutOfRange>
        <Approximate>0</Approximate>
        <HistCounts>1|0|3|1|1|3|0|0|2|1|2|2|4|2|0|1|0|1|0|0|4|1|1|0|3|3|3|1|4|0|0|2|0|1|3|1|1|2|1|0|2|1|0|1|6|1|1|1|4|1|2|0|3|2|2|0|1|0|3|3|0|1|1|2|0|1|0|2|3|2|0|5|2|0|1|0|0|4|0|1|0|3|1|2|5|1|4|0|0|4|2|4|1|1|3|0|3|2|2|0|3|1|0|1|2|2|1|0|1|0|1|0|0|2|2|3|1|1|0|3|1|1|0|0|1|1|0|2|0|0|3|0|0|4|0|3|1|3|0|0|0|0|0|0|2|2|4|1|1|0|0|0|0|3|0|0|0|1|0|0|0|0|0|1|0|0|0|1|0|0|1|2|0|2|0|0|1|1|1|1|0|0|0|1|0|0|0|0|0|0|0|0|0|0|0|0|0|0|0|0|0|0|0|0|0|0|0|0|0|1|0|0|0|0|1|0|0|0|0|0|0|0|0|0|1</HistCounts>
      </HistItem>
    </Histograms>
    <Metadata>
      <MDI key="STATISTICS_MINIMUM">461</MDI>
      <MDI key="STATISTICS_MAXIMUM">753</MDI>
      <MDI key="STATISTICS_MEAN">564.91111111111</MDI>
      <MDI key="STATISTICS_STDDEV">64.389102674365</MDI>
      <MDI key="STATISTICS_VALID_PERCENT">100</MDI>
    </Metadata>
  </PAMRasterBand>
</PAMDataset>
