<PAMDataset>
  <PAMRasterBand band="1">
    <Histograms>
      <HistItem>
        <HistMin>332.3755555555555</HistMin>
        <HistMax>614.6244444444444</HistMax>
        <BucketCount>225</BucketCount>
        <IncludeOutOfRange>0</IncludeOutOfRange>
        <Approximate>0</Approximate>
        <HistCounts>1|0|0|0|2|0|1|0|1|0|0|0|0|0|0|0|0|0|1|2|2|1|1|0|0|0|1|0|0|0|1|0|0|2|0|1|1|1|0|0|0|0|0|0|0|1|0|2|1|0|0|0|0|0|0|0|0|0|0|0|0|1|0|1|0|0|1|1|0|1|1|0|1|1|0|0|1|0|0|0|2|1|0|1|0|0|0|0|1|0|0|0|2|0|0|3|0|0|0|0|1|1|0|0|1|0|0|1|1|1|1|0|0|2|0|1|2|1|1|1|1|1|0|3|4|0|2|0|4|3|0|1|2|2|1|2|3|0|2|2|6|1|0|3|1|0|3|3|0|2|2|4|0|1|2|1|5|1|1|3|2|1|1|2|1|3|4|6|2|1|2|4|0|4|2|6|2|1|3|5|0|1|3|3|1|2|0|2|1|0|2|1|1|1|0|1|1|0|5|0|1|1|0|1|0|1|0|1|1|2|1|0|0|0|2|2|1|1|1|0|0|2|0|0|1</HistCounts>
      </HistItem>
    </Histograms>
    <Metadata>
      <MDI key="STATISTICS_MINIMUM">333</MDI>
      <MDI key="STATISTICS_MAXIMUM">614</MDI>
      <MDI key="STATISTICS_MEAN">508.48</MDI>
      <MDI key="STATISTICS_STDDEV">65.563409849634</MDI>
      <MDI key="STATISTICS_VALID_PERCENT">100</MDI>
    </Metadata>
  </PAMRasterBand>
  <PAMRasterBand band="2">
    <Histograms>
      <HistItem>
        <HistMin>305.2866666666667</HistMin>
        <HistMax>627.7133333333334</HistMax>
        <BucketCount>225</BucketCount>
        <IncludeOutOfRange>0</IncludeOutOfRange>
        <Approximate>0</Approximate>
        <HistCounts>1|0|1|0|0|0|0|0|0|0|0|0|0|0|1|0|0|0|1|0|0|0|0|1|1|0|0|2|0|1|1|0|2|1|1|0|3|1|0|0|0|1|0|0|0|1|0|2|0|0|0|0|1|2|3|0|0|0|0|1|1|1|0|0|2|1|0|0|2|0|1|0|0|0|1|0|0|2|0|2|0|0|2|0|0|0|2|2|0|1|0|0|0|1|3|3|1|0|2|0|1|0|2|1|0|5|0|3|1|1|2|2|1|1|2|1|0|3|1|6|2|5|1|3|4|1|3|3|5|2|2|2|1|1|3|4|1|3|1|0|2|0|3|3|1|1|0|4|0|3|1|1|2|1|2|0|2|0|2|0|1|2|1|2|2|1|0|2|0|0|3|1|2|1|4|0|3|2|0|1|1|0|1|1|0|2|4|2|0|0|0|2|0|0|0|0|1|1|1|0|1|1|0|0|1|0|1|1|0|0|0|1|1|0|0|1|2|0|0|1|1|1|0|0|1</HistCounts>
      </HistItem>
    </Histograms>
    <Metadata>
      <MDI key="STATISTICS_MINIMUM">306</MDI>
      <MDI key="STATISTICS_MAXIMUM">627</MDI>
      <MDI key="STATISTICS_MEAN">484.71555555556</MDI>
      <MDI key="STATISTICS_STDDEV">71.007160689157</MDI>
      <MDI key="STATISTICS_VALID_PERCENT">100</MDI>
    </Metadata>
  </PAMRasterBand>
  <PAMRasterBand band="3">
    <Histograms>
      <HistItem>
        <HistMin>435.8911111111111</HistMin>
        <HistMax>937.1088888888889</HistMax>
        <BucketCount>225</BucketCount>
        <IncludeOutOfRange>0</IncludeOutOfRange>
        <Approximate>0</Approximate>
        <HistCounts>1|1|0|0|0|0|0|0|0|1|0|0|0|0|0|1|0|0|0|0|0|0|0|1|2|0|1|1|2|0|0|1|1|0|0|0|0|1|0|0|1|1|1|2|0|0|0|0|1|0|1|0|2|1|0|1|0|1|1|0|2|1|0|1|0|1|0|0|2|0|2|0|0|1|1|0|0|1|0|0|0|1|1|0|0|1|0|0|1|2|0|1|0|1|0|0|2|1|0|1|0|1|0|1|2|1|0|0|2|0|3|1|0|0|1|2|0|1|0|1|1|2|3|0|0|1|1|4|1|1|1|0|1|1|0|1|3|0|2|1|1|1|1|2|2|1|1|0|2|3|4|2|3|0|0|2|4|1|1|2|1|2|1|7|2|4|2|3|1|1|4|4|3|1|1|2|2|4|0|2|3|3|0|4|6|3|1|2|1|1|3|0|3|4|0|0|0|1|0|1|3|0|1|0|0|1|1|0|0|1|2|1|0|1|0|0|1|1|1|0|1|0|1|1|1</HistCounts>
      </HistItem>
    </Histograms>
    <Metadata>
      <MDI key="STATISTICS_MINIMUM">437</MDI>
      <MDI key="STATISTICS_MAXIMUM">936</MDI>
      <MDI key="STATISTICS_MEAN">745.06666666667</MDI>
      <MDI key="STATISTICS_STDDEV">118.39283011324</MDI>
      <MDI key="STATISTICS_VALID_PERCENT">100</MDI>
    </Metadata>
  </PAMRasterBand>
</PAMDataset>
