<PAMDataset>
  <PAMRasterBand band="1">
    <Histograms>
      <HistItem>
        <HistMin>229.5037037037037</HistMin>
        <HistMax>364.4962962962963</HistMax>
        <BucketCount>135</BucketCount>
        <IncludeOutOfRange>0</IncludeOutOfRange>
        <Approximate>0</Approximate>
        <HistCounts>1|0|0|0|0|0|1|1|0|2|1|0|0|1|2|0|0|0|0|0|0|3|0|1|2|0|1|0|1|0|3|0|1|1|1|1|1|1|1|3|1|0|2|2|3|2|2|1|1|4|0|0|1|3|1|1|6|3|5|2|2|4|0|6|3|8|3|6|7|5|2|5|3|1|1|3|6|5|4|2|5|1|3|6|1|4|3|2|4|2|2|3|4|1|2|0|1|2|1|1|1|3|1|1|0|0|5|0|3|0|2|2|0|1|0|2|0|1|2|0|1|0|1|3|0|1|0|0|0|0|0|0|0|0|1</HistCounts>
      </HistItem>
    </Histograms>
    <Metadata>
      <MDI key="STATISTICS_MINIMUM">230</MDI>
      <MDI key="STATISTICS_MAXIMUM">364</MDI>
      <MDI key="STATISTICS_MEAN">299.82666666667</MDI>
      <MDI key="STATISTICS_STDDEV">26.467778314186</MDI>
      <MDI key="STATISTICS_VALID_PERCENT">100</MDI>
    </Metadata>
  </PAMRasterBand>
  <PAMRasterBand band="2">
    <Histograms>
      <HistItem>
        <HistMin>177.5046296296296</HistMin>
        <HistMax>285.4953703703704</HistMax>
        <BucketCount>108</BucketCount>
        <IncludeOutOfRange>0</IncludeOutOfRange>
        <Approximate>0</Approximate>
        <HistCounts>1|0|0|1|1|1|1|1|0|1|0|0|0|0|1|1|0|2|2|1|0|1|3|1|0|3|2|1|3|3|5|1|2|2|2|0|3|1|2|3|5|2|3|2|1|4|4|6|2|6|3|4|6|4|2|5|6|3|8|10|5|3|4|7|5|1|2|1|4|2|3|2|2|4|2|2|2|2|2|1|1|0|4|2|3|0|1|2|3|1|1|1|1|3|0|0|1|1|1|2|2|0|0|0|0|0|0|1</HistCounts>
      </HistItem>
    </Histograms>
    <Metadata>
      <MDI key="STATISTICS_MINIMUM">178</MDI>
      <MDI key="STATISTICS_MAXIMUM">285</MDI>
      <MDI key="STATISTICS_MEAN">232.57777777778</MDI>
      <MDI key="STATISTICS_STDDEV">21.74896052575</MDI>
      <MDI key="STATISTICS_VALID_PERCENT">100</MDI>
    </Metadata>
  </PAMRasterBand>
  <PAMRasterBand band="3">
    <Histograms>
      <HistItem>
        <HistMin>196.503355704698</HistMin>
        <HistMax>345.496644295302</HistMax>
        <BucketCount>149</BucketCount>
        <IncludeOutOfRange>0</IncludeOutOfRange>
        <Approximate>0</Approximate>
        <HistCounts>1|0|0|0|0|0|0|1|2|0|0|0|1|1|1|0|0|1|0|0|1|2|2|1|2|3|0|2|0|1|1|3|1|0|2|3|5|1|1|0|1|6|1|3|2|3|1|2|1|2|3|1|2|3|4|0|2|2|2|3|2|1|1|2|3|5|3|1|5|7|2|4|0|3|4|2|4|2|4|2|0|4|1|1|3|3|0|5|4|1|2|5|1|1|1|2|5|2|1|2|1|0|4|0|0|4|4|0|1|1|1|2|0|3|0|1|1|0|2|0|1|3|1|1|0|0|0|0|0|1|1|0|1|0|1|3|0|0|0|0|1|0|0|1|0|0|0|0|1</HistCounts>
      </HistItem>
    </Histograms>
    <Metadata>
      <MDI key="STATISTICS_MINIMUM">197</MDI>
      <MDI key="STATISTICS_MAXIMUM">345</MDI>
      <MDI key="STATISTICS_MEAN">267.64444444444</MDI>
      <MDI key="STATISTICS_STDDEV">31.142793391841</MDI>
      <MDI key="STATISTICS_VALID_PERCENT">100</MDI>
    </Metadata>
  </PAMRasterBand>
</PAMDataset>
