<PAMDataset>
  <PAMRasterBand band="1">
    <Histograms>
      <HistItem>
        <HistMin>234.4511111111111</HistMin>
        <HistMax>482.5488888888889</HistMax>
        <BucketCount>225</BucketCount>
        <IncludeOutOfRange>0</IncludeOutOfRange>
        <Approximate>0</Approximate>
        <HistCounts>1|0|0|0|0|1|0|1|0|0|0|0|1|0|1|3|0|2|1|1|2|0|0|1|1|1|1|0|0|2|0|1|0|2|2|3|1|2|1|0|3|1|1|2|0|2|2|1|0|0|2|3|1|2|4|2|4|1|4|4|0|2|3|6|1|1|5|4|4|2|4|4|1|7|4|6|2|5|3|0|5|2|5|2|1|3|2|2|4|1|3|2|1|3|0|0|0|1|0|1|1|1|3|1|1|1|0|0|1|0|0|0|2|0|0|1|0|0|0|1|0|0|0|0|0|0|0|0|0|0|0|2|1|0|0|1|1|0|0|0|0|0|1|0|0|0|0|0|0|0|0|2|1|0|0|0|0|0|0|2|1|2|0|0|0|0|0|1|0|0|0|0|1|1|0|1|0|0|0|1|0|0|1|0|0|1|1|1|1|2|1|0|0|0|0|0|0|0|2|0|1|1|0|0|0|2|0|0|0|0|1|0|1|0|0|0|0|1|1|0|0|1|0|0|1</HistCounts>
      </HistItem>
    </Histograms>
    <Metadata>
      <MDI key="STATISTICS_MINIMUM">235</MDI>
      <MDI key="STATISTICS_MAXIMUM">482</MDI>
      <MDI key="STATISTICS_MEAN">327.4</MDI>
      <MDI key="STATISTICS_STDDEV">54.7388141795</MDI>
      <MDI key="STATISTICS_VALID_PERCENT">100</MDI>
    </Metadata>
  </PAMRasterBand>
  <PAMRasterBand band="2">
    <Histograms>
      <HistItem>
        <HistMin>168.3533333333333</HistMin>
        <HistMax>460.6466666666666</HistMax>
        <BucketCount>225</BucketCount>
        <IncludeOutOfRange>0</IncludeOutOfRange>
        <Approximate>0</Approximate>
        <HistCounts>1|0|0|0|0|2|0|0|1|0|1|0|2|2|2|2|1|0|2|1|1|0|1|2|1|4|0|1|0|0|3|0|6|0|2|5|1|1|6|2|3|2|3|1|3|5|3|6|7|3|2|3|7|2|8|10|5|1|1|9|3|1|6|1|4|4|3|3|0|1|0|2|0|2|2|1|0|2|1|2|0|1|0|1|2|0|0|0|0|0|0|1|0|0|1|0|1|1|0|0|0|0|2|0|0|1|0|0|0|0|1|0|0|0|0|0|0|1|0|0|0|0|1|0|1|0|0|1|1|0|0|0|1|0|0|0|0|0|0|0|2|0|0|0|0|1|0|0|0|1|0|0|2|0|0|1|0|0|0|2|0|0|0|0|0|1|0|0|0|0|0|2|0|0|0|1|2|0|0|1|1|0|0|0|1|0|2|0|1|0|1|0|0|0|0|0|1|1|0|0|1|0|1|0|0|0|1|0|1|0|0|0|0|1|0|1|0|0|0|1|0|0|0|0|1</HistCounts>
      </HistItem>
    </Histograms>
    <Metadata>
      <MDI key="STATISTICS_MINIMUM">169</MDI>
      <MDI key="STATISTICS_MAXIMUM">460</MDI>
      <MDI key="STATISTICS_MEAN">260.26666666667</MDI>
      <MDI key="STATISTICS_STDDEV">65.765171464673</MDI>
      <MDI key="STATISTICS_VALID_PERCENT">100</MDI>
    </Metadata>
  </PAMRasterBand>
  <PAMRasterBand band="3">
    <Histograms>
      <HistItem>
        <HistMin>187.9888888888889</HistMin>
        <HistMax>645.0111111111111</HistMax>
        <BucketCount>225</BucketCount>
        <IncludeOutOfRange>0</IncludeOutOfRange>
        <Approximate>0</Approximate>
        <HistCounts>3|0|1|0|0|1|3|1|1|0|3|2|1|4|1|1|1|1|0|2|3|2|1|2|7|1|2|4|4|1|1|4|2|3|3|5|3|3|7|6|4|4|2|4|6|2|6|7|2|6|4|3|3|3|4|1|2|0|3|2|1|0|0|5|1|1|0|0|1|1|1|1|0|0|2|0|2|0|0|0|0|2|1|2|1|0|0|0|0|0|0|1|0|0|1|1|1|0|0|0|1|0|0|1|0|0|0|0|0|0|1|1|0|0|0|0|0|1|0|0|0|0|2|0|0|1|0|0|0|1|0|0|0|0|1|1|0|0|0|0|0|0|0|0|1|1|1|0|0|0|0|0|1|0|0|0|0|2|1|0|0|0|0|0|0|0|2|0|2|1|0|0|0|2|1|0|0|0|1|0|0|0|0|1|1|0|0|0|1|0|0|0|1|0|1|0|1|1|0|0|0|0|0|0|1|1|0|0|0|0|0|1|0|0|1|0|0|2|0|0|0|0|0|0|1</HistCounts>
      </HistItem>
    </Histograms>
    <Metadata>
      <MDI key="STATISTICS_MINIMUM">189</MDI>
      <MDI key="STATISTICS_MAXIMUM">644</MDI>
      <MDI key="STATISTICS_MEAN">317.10666666667</MDI>
      <MDI key="STATISTICS_STDDEV">107.73884969375</MDI>
      <MDI key="STATISTICS_VALID_PERCENT">100</MDI>
    </Metadata>
  </PAMRasterBand>
</PAMDataset>
