<PAMDataset>
  <PAMRasterBand band="1">
    <Histograms>
      <HistItem>
        <HistMin>267.4111111111111</HistMin>
        <HistMax>533.5888888888888</HistMax>
        <BucketCount>225</BucketCount>
        <IncludeOutOfRange>0</IncludeOutOfRange>
        <Approximate>0</Approximate>
        <HistCounts>1|2|0|0|0|0|0|0|2|1|0|0|1|1|1|0|3|2|2|2|1|2|4|5|4|4|2|1|3|5|10|4|3|3|6|1|10|3|2|3|4|6|2|6|2|2|7|1|0|3|3|2|7|4|3|4|2|4|1|3|1|3|0|4|2|1|0|1|7|1|0|1|0|0|1|0|1|3|0|1|3|2|2|1|1|2|1|0|1|0|1|0|1|2|0|0|0|1|0|0|0|0|2|0|1|0|0|2|1|0|0|1|1|0|0|1|1|0|0|1|0|0|0|0|0|0|0|0|1|0|0|0|0|0|0|0|0|0|0|0|0|0|0|0|0|0|1|0|0|0|0|0|0|0|0|0|0|0|0|0|0|0|0|0|0|1|0|0|0|0|0|0|1|1|1|0|0|0|0|0|0|0|0|0|0|0|0|0|0|0|0|0|0|0|0|0|0|0|0|0|0|0|0|1|0|0|0|0|0|0|0|0|0|0|0|0|1|0|0|0|0|0|0|0|1</HistCounts>
      </HistItem>
    </Histograms>
    <Metadata>
      <MDI key="STATISTICS_MINIMUM">268</MDI>
      <MDI key="STATISTICS_MAXIMUM">533</MDI>
      <MDI key="STATISTICS_MEAN">330.66666666667</MDI>
      <MDI key="STATISTICS_STDDEV">42.194049080146</MDI>
      <MDI key="STATISTICS_VALID_PERCENT">100</MDI>
    </Metadata>
  </PAMRasterBand>
  <PAMRasterBand band="2">
    <Histograms>
      <HistItem>
        <HistMin>205.4666666666667</HistMin>
        <HistMax>446.5333333333334</HistMax>
        <BucketCount>225</BucketCount>
        <IncludeOutOfRange>0</IncludeOutOfRange>
        <Approximate>0</Approximate>
        <HistCounts>1|0|1|0|0|1|0|3|1|0|3|2|2|0|5|1|1|2|0|4|3|9|3|3|1|4|7|3|5|2|2|4|8|3|0|4|3|2|1|3|2|4|4|4|3|1|4|5|0|4|0|2|6|3|3|3|1|1|5|2|2|1|3|5|0|3|1|2|2|0|0|0|1|2|2|1|1|4|1|1|1|0|0|2|3|0|1|1|0|3|0|1|1|0|0|0|0|0|1|0|2|1|1|0|1|3|0|0|0|1|0|0|2|0|0|0|1|1|0|0|0|0|0|1|0|0|0|0|1|0|0|0|1|0|0|0|0|0|0|0|0|0|2|0|0|0|0|0|1|0|1|0|0|0|0|0|0|0|1|0|0|0|0|0|0|0|0|0|0|0|0|0|0|0|0|0|0|0|0|0|0|0|0|0|0|0|0|0|0|1|0|0|0|0|0|0|0|0|0|0|0|0|0|0|0|0|1|0|0|0|0|0|0|0|0|1|0|0|0|0|0|0|0|0|1</HistCounts>
      </HistItem>
    </Histograms>
    <Metadata>
      <MDI key="STATISTICS_MINIMUM">206</MDI>
      <MDI key="STATISTICS_MAXIMUM">446</MDI>
      <MDI key="STATISTICS_MEAN">262.48888888889</MDI>
      <MDI key="STATISTICS_STDDEV">40.176069285209</MDI>
      <MDI key="STATISTICS_VALID_PERCENT">100</MDI>
    </Metadata>
  </PAMRasterBand>
  <PAMRasterBand band="3">
    <Histograms>
      <HistItem>
        <HistMin>249.1933333333333</HistMin>
        <HistMax>613.8066666666666</HistMax>
        <BucketCount>225</BucketCount>
        <IncludeOutOfRange>0</IncludeOutOfRange>
        <Approximate>0</Approximate>
        <HistCounts>1|1|1|2|1|0|2|2|1|0|5|0|8|2|4|3|2|6|3|7|4|2|4|5|5|2|3|9|3|0|5|6|3|3|2|4|1|4|2|6|3|3|0|3|5|0|2|0|1|1|1|0|0|1|2|0|3|5|0|2|4|0|1|0|4|1|0|3|3|0|0|0|3|1|0|0|1|1|1|0|1|3|0|1|0|1|1|1|0|4|1|1|0|1|2|0|1|2|1|0|0|2|1|1|0|1|1|0|1|0|0|0|2|0|1|1|0|2|0|1|0|0|0|0|0|0|0|1|1|0|0|0|0|0|0|0|0|0|0|0|0|0|0|0|0|2|1|0|0|1|0|0|0|0|0|0|0|0|0|0|1|0|0|0|0|0|0|0|0|0|0|0|0|0|0|0|0|0|0|0|0|0|0|0|0|0|0|0|0|0|0|1|0|0|0|0|0|0|0|0|0|0|0|0|0|1|0|0|0|0|0|0|0|0|0|1|0|0|0|0|0|0|0|0|1</HistCounts>
      </HistItem>
    </Histograms>
    <Metadata>
      <MDI key="STATISTICS_MINIMUM">250</MDI>
      <MDI key="STATISTICS_MAXIMUM">613</MDI>
      <MDI key="STATISTICS_MEAN">330.12</MDI>
      <MDI key="STATISTICS_STDDEV">64.862787139897</MDI>
      <MDI key="STATISTICS_VALID_PERCENT">100</MDI>
    </Metadata>
  </PAMRasterBand>
</PAMDataset>
