<PAMDataset>
  <PAMRasterBand band="1">
    <Histograms>
      <HistItem>
        <HistMin>314.5053191489362</HistMin>
        <HistMax>408.4946808510638</HistMax>
        <BucketCount>94</BucketCount>
        <IncludeOutOfRange>0</IncludeOutOfRange>
        <Approximate>0</Approximate>
        <HistCounts>1|0|0|0|1|0|0|0|1|1|0|2|1|0|0|0|0|0|0|0|2|2|0|1|0|1|2|1|2|1|1|4|0|0|1|4|3|1|4|1|2|4|5|4|2|2|5|2|1|3|2|7|5|2|6|4|5|4|5|6|3|8|4|3|3|4|3|1|7|3|3|3|2|4|4|2|3|4|6|2|3|5|7|9|2|3|1|4|1|3|0|0|0|1</HistCounts>
      </HistItem>
    </Histograms>
    <Metadata>
      <MDI key="STATISTICS_MINIMUM">315</MDI>
      <MDI key="STATISTICS_MAXIMUM">408</MDI>
      <MDI key="STATISTICS_MEAN">373.21333333333</MDI>
      <MDI key="STATISTICS_STDDEV">19.580688899469</MDI>
      <MDI key="STATISTICS_VALID_PERCENT">100</MDI>
    </Metadata>
  </PAMRasterBand>
  <PAMRasterBand band="2">
    <Histograms>
      <HistItem>
        <HistMin>253.5047169811321</HistMin>
        <HistMax>359.495283018868</HistMax>
        <BucketCount>106</BucketCount>
        <IncludeOutOfRange>0</IncludeOutOfRange>
        <Approximate>0</Approximate>
        <HistCounts>1|0|0|0|1|0|0|0|2|0|1|0|2|0|0|0|0|0|1|2|0|0|1|0|1|1|0|1|3|0|3|0|0|1|3|1|1|2|1|2|1|1|0|5|1|6|1|4|2|1|1|2|1|6|3|5|2|4|6|3|3|5|1|1|3|3|3|7|5|9|3|8|2|7|4|2|2|1|4|10|4|2|4|5|0|4|2|2|5|2|4|5|4|1|1|2|0|3|1|2|2|0|0|0|0|1</HistCounts>
      </HistItem>
    </Histograms>
    <Metadata>
      <MDI key="STATISTICS_MINIMUM">254</MDI>
      <MDI key="STATISTICS_MAXIMUM">359</MDI>
      <MDI key="STATISTICS_MEAN">318.03111111111</MDI>
      <MDI key="STATISTICS_STDDEV">21.528356723398</MDI>
      <MDI key="STATISTICS_VALID_PERCENT">100</MDI>
    </Metadata>
  </PAMRasterBand>
  <PAMRasterBand band="3">
    <Histograms>
      <HistItem>
        <HistMin>322.5034965034965</HistMin>
        <HistMax>465.4965034965035</HistMax>
        <BucketCount>143</BucketCount>
        <IncludeOutOfRange>0</IncludeOutOfRange>
        <Approximate>0</Approximate>
        <HistCounts>1|0|0|1|0|0|0|1|1|0|0|1|1|1|0|0|0|0|0|1|0|2|0|0|0|1|0|0|0|0|0|2|2|1|0|0|0|1|0|1|1|0|2|1|0|3|1|0|0|1|0|3|2|0|1|0|2|1|1|0|2|0|1|2|1|1|3|3|1|0|2|1|3|3|6|4|2|4|4|2|1|1|3|1|4|3|1|1|6|2|5|6|1|2|1|5|2|4|5|3|4|2|1|3|4|6|4|0|2|0|2|1|1|4|4|3|3|0|1|1|3|3|1|3|1|5|5|0|4|4|2|0|0|1|1|2|2|1|0|0|0|1|1</HistCounts>
      </HistItem>
    </Histograms>
    <Metadata>
      <MDI key="STATISTICS_MINIMUM">323</MDI>
      <MDI key="STATISTICS_MAXIMUM">465</MDI>
      <MDI key="STATISTICS_MEAN">410.97333333333</MDI>
      <MDI key="STATISTICS_STDDEV">30.777613798199</MDI>
      <MDI key="STATISTICS_VALID_PERCENT">100</MDI>
    </Metadata>
  </PAMRasterBand>
</PAMDataset>
