<PAMDataset>
  <PAMRasterBand band="1">
    <Histograms>
      <HistItem>
        <HistMin>349.5</HistMin>
        <HistMax>575.5</HistMax>
        <BucketCount>225</BucketCount>
        <IncludeOutOfRange>0</IncludeOutOfRange>
        <Approximate>0</Approximate>
        <HistCounts>1|0|0|0|0|0|0|0|0|0|0|0|0|0|0|0|1|1|2|0|0|1|0|1|2|0|3|2|0|1|1|0|2|0|2|1|1|0|1|2|3|2|2|1|1|1|2|0|2|2|2|1|2|1|3|2|1|3|2|0|6|2|1|2|1|3|3|0|3|1|0|1|2|2|0|3|1|2|1|1|2|3|0|0|0|2|5|2|2|0|0|3|3|1|2|3|5|6|5|5|4|5|3|2|2|0|2|4|2|2|6|4|4|3|2|2|3|2|2|5|0|1|2|3|1|1|2|0|3|2|2|0|0|0|0|0|0|0|0|0|1|0|0|0|1|0|0|0|1|0|0|0|0|0|0|0|0|0|0|0|0|0|0|0|0|0|0|1|0|0|0|0|0|0|0|0|0|0|0|0|1|0|0|0|0|0|0|0|0|0|0|0|0|0|0|0|0|0|0|0|0|0|0|0|0|0|0|0|0|0|1|0|0|0|0|0|0|0|0|0|0|0|0|0|1</HistCounts>
      </HistItem>
    </Histograms>
    <Metadata>
      <MDI key="STATISTICS_MINIMUM">350</MDI>
      <MDI key="STATISTICS_MAXIMUM">575</MDI>
      <MDI key="STATISTICS_MEAN">434.64</MDI>
      <MDI key="STATISTICS_STDDEV">35.062093491405</MDI>
      <MDI key="STATISTICS_VALID_PERCENT">100</MDI>
    </Metadata>
  </PAMRasterBand>
  <PAMRasterBand band="2">
    <Histograms>
      <HistItem>
        <HistMin>277.5023584905661</HistMin>
        <HistMax>489.4976415094339</HistMax>
        <BucketCount>212</BucketCount>
        <IncludeOutOfRange>0</IncludeOutOfRange>
        <Approximate>0</Approximate>
        <HistCounts>1|0|0|0|0|0|0|0|0|0|0|0|0|0|0|0|1|0|0|0|0|0|0|0|0|1|1|0|0|0|1|0|0|0|0|0|1|2|0|1|1|1|2|2|0|0|0|2|0|1|2|1|0|2|3|0|0|0|0|0|3|2|1|1|0|1|2|3|0|0|0|2|0|2|0|2|0|1|0|0|2|1|2|0|2|1|3|1|1|1|2|3|5|2|0|1|3|0|2|4|1|2|2|1|0|1|0|2|1|1|0|0|0|0|2|4|0|4|0|0|3|1|1|0|2|1|2|2|0|2|2|4|6|2|4|2|1|1|4|5|1|4|3|4|4|0|8|3|3|0|3|4|3|4|5|1|0|1|3|2|2|0|2|3|3|1|2|2|1|2|1|0|0|0|0|0|0|0|0|0|0|0|0|0|0|0|0|0|0|0|0|0|0|0|1|0|0|0|0|0|0|0|0|0|0|0|0|0|0|0|0|1</HistCounts>
      </HistItem>
    </Histograms>
    <Metadata>
      <MDI key="STATISTICS_MINIMUM">278</MDI>
      <MDI key="STATISTICS_MAXIMUM">489</MDI>
      <MDI key="STATISTICS_MEAN">392.33777777778</MDI>
      <MDI key="STATISTICS_STDDEV">39.996795921056</MDI>
      <MDI key="STATISTICS_VALID_PERCENT">100</MDI>
    </Metadata>
  </PAMRasterBand>
  <PAMRasterBand band="3">
    <Histograms>
      <HistItem>
        <HistMin>363.3155555555555</HistMin>
        <HistMax>672.6844444444445</HistMax>
        <BucketCount>225</BucketCount>
        <IncludeOutOfRange>0</IncludeOutOfRange>
        <Approximate>0</Approximate>
        <HistCounts>1|0|0|0|0|0|0|0|0|0|0|0|0|0|0|1|0|0|0|0|0|0|0|1|0|0|0|0|0|0|1|0|0|0|0|0|1|1|0|1|0|0|1|2|1|1|1|1|1|0|0|0|2|1|0|2|0|2|0|1|2|1|1|1|0|2|0|0|2|2|0|2|0|1|1|0|4|0|0|1|0|0|1|0|1|2|1|0|2|1|0|1|2|1|1|5|1|5|1|1|2|1|4|1|1|3|1|0|2|1|1|1|0|2|0|1|1|0|2|1|2|4|1|1|1|1|0|1|1|2|0|0|1|3|0|1|0|2|0|0|0|0|0|3|2|0|1|0|0|2|2|0|1|5|1|2|2|3|0|5|3|1|0|1|5|0|0|5|2|4|4|1|6|1|1|8|1|5|1|1|1|3|1|2|2|5|0|2|3|3|0|3|1|2|0|0|1|0|0|0|0|0|0|0|1|0|0|0|0|0|0|0|0|0|0|0|0|0|0|0|0|0|0|0|1</HistCounts>
      </HistItem>
    </Histograms>
    <Metadata>
      <MDI key="STATISTICS_MINIMUM">364</MDI>
      <MDI key="STATISTICS_MAXIMUM">672</MDI>
      <MDI key="STATISTICS_MEAN">540.71111111111</MDI>
      <MDI key="STATISTICS_STDDEV">65.665083643262</MDI>
      <MDI key="STATISTICS_VALID_PERCENT">100</MDI>
    </Metadata>
  </PAMRasterBand>
</PAMDataset>
