<PAMDataset>
  <PAMRasterBand band="1">
    <Histograms>
      <HistItem>
        <HistMin>234.5049504950495</HistMin>
        <HistMax>335.4950495049505</HistMax>
        <BucketCount>101</BucketCount>
        <IncludeOutOfRange>0</IncludeOutOfRange>
        <Approximate>0</Approximate>
        <HistCounts>1|1|0|0|0|0|2|0|0|0|1|1|0|0|1|0|2|1|2|2|1|0|1|3|1|2|1|2|3|2|0|3|4|4|6|2|2|6|2|4|5|2|5|7|3|5|4|3|5|9|4|3|9|3|5|5|5|6|4|2|4|5|5|0|3|1|2|2|2|2|1|0|3|2|5|1|1|1|1|4|2|1|1|0|1|1|0|0|2|2|0|2|3|0|0|2|0|1|3|0|2</HistCounts>
      </HistItem>
    </Histograms>
    <Metadata>
      <MDI key="STATISTICS_MINIMUM">235</MDI>
      <MDI key="STATISTICS_MAXIMUM">335</MDI>
      <MDI key="STATISTICS_MEAN">286.31111111111</MDI>
      <MDI key="STATISTICS_STDDEV">20.695272914066</MDI>
      <MDI key="STATISTICS_VALID_PERCENT">100</MDI>
    </Metadata>
  </PAMRasterBand>
  <PAMRasterBand band="2">
    <Histograms>
      <HistItem>
        <HistMin>190.5057471264368</HistMin>
        <HistMax>277.4942528735632</HistMax>
        <BucketCount>87</BucketCount>
        <IncludeOutOfRange>0</IncludeOutOfRange>
        <Approximate>0</Approximate>
        <HistCounts>2|0|0|0|0|1|1|0|0|3|1|2|0|0|2|1|2|4|3|4|5|3|4|0|4|3|7|0|6|4|7|4|7|5|6|8|8|5|8|4|3|5|3|2|6|5|3|3|2|6|4|4|7|3|3|3|2|3|5|3|2|1|2|0|1|2|3|1|1|0|0|1|0|2|2|2|0|1|1|0|3|0|0|0|0|0|1</HistCounts>
      </HistItem>
    </Histograms>
    <Metadata>
      <MDI key="STATISTICS_MINIMUM">191</MDI>
      <MDI key="STATISTICS_MAXIMUM">277</MDI>
      <MDI key="STATISTICS_MEAN">230.54666666667</MDI>
      <MDI key="STATISTICS_STDDEV">16.954286249271</MDI>
      <MDI key="STATISTICS_VALID_PERCENT">100</MDI>
    </Metadata>
  </PAMRasterBand>
  <PAMRasterBand band="3">
    <Histograms>
      <HistItem>
        <HistMin>207.5032679738562</HistMin>
        <HistMax>360.4967320261438</HistMax>
        <BucketCount>153</BucketCount>
        <IncludeOutOfRange>0</IncludeOutOfRange>
        <Approximate>0</Approximate>
        <HistCounts>1|0|0|0|0|0|0|0|0|0|0|2|1|2|0|0|1|1|1|2|0|1|3|0|0|0|3|6|2|2|2|2|2|5|2|3|4|2|4|2|4|1|1|1|0|2|2|3|2|3|4|2|0|4|0|3|1|0|1|0|0|2|0|1|1|2|3|2|2|3|1|1|2|2|0|1|1|1|4|0|1|1|1|2|0|1|0|0|2|9|2|1|1|3|3|3|4|4|1|1|2|2|3|1|2|2|1|1|0|4|2|1|2|2|3|1|3|2|3|1|2|0|0|3|3|1|2|1|2|0|1|0|2|1|0|0|0|2|1|2|0|1|0|0|2|1|0|0|0|0|0|0|1</HistCounts>
      </HistItem>
    </Histograms>
    <Metadata>
      <MDI key="STATISTICS_MINIMUM">208</MDI>
      <MDI key="STATISTICS_MAXIMUM">360</MDI>
      <MDI key="STATISTICS_MEAN">282.38222222222</MDI>
      <MDI key="STATISTICS_STDDEV">36.833869009009</MDI>
      <MDI key="STATISTICS_VALID_PERCENT">100</MDI>
    </Metadata>
  </PAMRasterBand>
</PAMDataset>
