<PAMDataset>
  <PAMRasterBand band="1">
    <Histograms>
      <HistItem>
        <HistMin>248.0533333333333</HistMin>
        <HistMax>675.9466666666667</HistMax>
        <BucketCount>225</BucketCount>
        <IncludeOutOfRange>0</IncludeOutOfRange>
        <Approximate>0</Approximate>
        <HistCounts>1|1|0|0|0|0|0|1|0|2|0|0|1|1|0|2|1|1|0|0|0|1|1|3|0|3|2|4|2|1|5|2|5|3|4|3|3|3|6|2|3|1|5|1|1|1|2|1|2|3|1|1|0|4|1|2|2|0|0|2|2|1|0|1|0|0|0|0|1|2|1|0|1|3|1|0|3|0|0|0|0|0|1|0|0|0|1|0|0|0|0|0|0|1|0|1|0|2|0|2|0|0|0|3|2|0|0|1|3|1|1|0|0|1|0|0|1|0|0|0|1|0|0|0|1|0|0|0|0|0|0|0|0|1|1|1|0|1|1|2|0|2|2|1|0|1|0|2|0|0|2|0|0|1|2|0|1|0|1|0|1|4|0|1|1|2|1|1|2|0|1|1|3|0|2|1|0|2|1|0|1|1|2|0|3|2|1|0|1|1|2|3|1|1|1|2|2|1|1|1|0|2|0|1|0|0|1|1|1|1|0|2|1|1|2|0|0|0|0|0|0|1|0|1|1</HistCounts>
      </HistItem>
    </Histograms>
    <Metadata>
      <MDI key="STATISTICS_MINIMUM">249</MDI>
      <MDI key="STATISTICS_MAXIMUM">675</MDI>
      <MDI key="STATISTICS_MEAN">440</MDI>
      <MDI key="STATISTICS_STDDEV">128.02822605452</MDI>
      <MDI key="STATISTICS_VALID_PERCENT">100</MDI>
    </Metadata>
  </PAMRasterBand>
  <PAMRasterBand band="2">
    <Histograms>
      <HistItem>
        <HistMin>224.8466666666667</HistMin>
        <HistMax>746.1533333333333</HistMax>
        <BucketCount>225</BucketCount>
        <IncludeOutOfRange>0</IncludeOutOfRange>
        <Approximate>0</Approximate>
        <HistCounts>1|0|1|2|2|1|5|3|1|2|2|1|0|3|3|3|3|1|2|1|2|1|1|0|1|4|5|2|3|1|3|1|4|0|2|5|4|1|0|1|2|4|0|1|3|0|0|0|1|1|1|0|1|0|2|0|0|1|0|4|1|0|1|1|0|0|0|1|1|2|0|1|1|0|1|0|1|0|3|2|0|0|0|1|0|0|0|0|1|2|0|0|0|0|1|4|1|0|0|0|0|0|0|0|0|1|0|0|0|0|2|0|0|0|2|1|2|1|0|0|0|2|0|0|1|0|0|0|1|1|0|2|1|1|2|0|1|0|0|0|1|0|0|0|1|1|1|1|1|0|0|1|1|1|0|2|0|0|2|0|1|1|1|0|1|0|0|1|0|0|0|3|0|0|2|0|2|1|0|1|2|0|0|3|2|0|3|1|2|7|0|1|2|2|2|3|0|1|1|0|1|0|2|2|1|0|1|0|1|0|0|3|0|2|0|2|3|1|0|0|0|0|0|0|1</HistCounts>
      </HistItem>
    </Histograms>
    <Metadata>
      <MDI key="STATISTICS_MINIMUM">226</MDI>
      <MDI key="STATISTICS_MAXIMUM">745</MDI>
      <MDI key="STATISTICS_MEAN">450.81777777778</MDI>
      <MDI key="STATISTICS_STDDEV">168.18917297547</MDI>
      <MDI key="STATISTICS_VALID_PERCENT">100</MDI>
    </Metadata>
  </PAMRasterBand>
  <PAMRasterBand band="3">
    <Histograms>
      <HistItem>
        <HistMin>220.04</HistMin>
        <HistMax>1105.96</HistMax>
        <BucketCount>225</BucketCount>
        <IncludeOutOfRange>0</IncludeOutOfRange>
        <Approximate>0</Approximate>
        <HistCounts>1|3|3|3|3|4|0|4|2|0|2|3|1|1|2|2|1|1|1|1|2|1|0|1|1|0|3|1|1|0|1|0|2|1|3|1|1|4|2|1|2|1|2|1|0|3|2|0|0|3|1|5|1|0|2|1|0|1|1|1|1|0|2|2|0|1|3|1|1|2|1|0|0|0|0|0|3|1|0|0|0|1|0|0|0|1|0|1|3|1|1|1|2|2|0|0|1|0|0|0|0|0|1|0|0|0|0|1|0|1|0|1|0|2|0|0|0|0|1|0|1|1|1|0|0|0|0|1|0|0|0|1|2|0|1|0|1|0|0|0|1|1|1|0|0|0|2|1|3|2|1|0|0|0|1|2|1|0|1|0|0|0|1|0|0|1|0|1|1|0|0|1|0|1|3|1|2|0|1|1|3|0|2|1|3|1|3|0|1|2|2|0|3|2|3|2|2|0|2|3|1|1|1|1|0|1|1|1|0|2|1|3|1|1|1|0|1|1|1|0|0|0|0|0|1</HistCounts>
      </HistItem>
    </Histograms>
    <Metadata>
      <MDI key="STATISTICS_MINIMUM">222</MDI>
      <MDI key="STATISTICS_MAXIMUM">1104</MDI>
      <MDI key="STATISTICS_MEAN">617.66666666667</MDI>
      <MDI key="STATISTICS_STDDEV">286.6541237566</MDI>
      <MDI key="STATISTICS_VALID_PERCENT">100</MDI>
    </Metadata>
  </PAMRasterBand>
</PAMDataset>
