<PAMDataset>
  <PAMRasterBand band="1">
    <Histograms>
      <HistItem>
        <HistMin>243.5034722222222</HistMin>
        <HistMax>387.4965277777778</HistMax>
        <BucketCount>144</BucketCount>
        <IncludeOutOfRange>0</IncludeOutOfRange>
        <Approximate>0</Approximate>
        <HistCounts>1|1|1|0|0|0|0|1|1|1|0|0|0|0|0|1|1|0|0|0|0|0|0|0|1|0|1|0|0|1|0|0|0|1|0|0|0|1|1|1|1|2|1|2|2|6|0|0|5|1|2|0|1|2|2|1|5|6|4|2|3|6|2|1|2|8|5|5|3|2|3|5|1|2|2|4|1|4|3|3|5|2|4|7|2|5|3|4|5|4|5|2|0|3|2|1|4|5|3|3|2|4|1|3|2|1|2|3|1|0|0|1|1|1|0|1|1|1|0|0|0|0|0|0|0|1|1|1|0|0|0|1|0|0|0|0|1|0|0|0|0|0|0|1</HistCounts>
      </HistItem>
    </Histograms>
    <Metadata>
      <MDI key="STATISTICS_MINIMUM">244</MDI>
      <MDI key="STATISTICS_MAXIMUM">387</MDI>
      <MDI key="STATISTICS_MEAN">317.81777777778</MDI>
      <MDI key="STATISTICS_STDDEV">25.072829817588</MDI>
      <MDI key="STATISTICS_VALID_PERCENT">100</MDI>
    </Metadata>
  </PAMRasterBand>
  <PAMRasterBand band="2">
    <Histograms>
      <HistItem>
        <HistMin>184.5033112582782</HistMin>
        <HistMax>335.4966887417219</HistMax>
        <BucketCount>151</BucketCount>
        <IncludeOutOfRange>0</IncludeOutOfRange>
        <Approximate>0</Approximate>
        <HistCounts>1|0|0|0|0|3|0|0|0|1|1|0|0|0|0|0|1|1|1|1|1|0|1|0|1|1|0|0|0|0|1|1|2|1|0|0|1|0|0|2|0|0|0|0|2|4|3|2|1|2|1|4|3|3|5|2|2|3|5|5|4|4|7|5|1|1|1|5|6|5|1|4|3|1|6|7|6|5|2|2|3|1|3|2|6|1|1|2|2|2|3|3|0|5|6|2|3|3|3|4|0|1|3|0|1|3|0|2|2|0|1|0|1|1|2|0|0|0|0|0|2|0|0|0|0|0|0|0|0|0|2|0|1|0|0|0|0|0|0|1|0|0|0|0|0|1|0|0|0|0|1</HistCounts>
      </HistItem>
    </Histograms>
    <Metadata>
      <MDI key="STATISTICS_MINIMUM">185</MDI>
      <MDI key="STATISTICS_MAXIMUM">335</MDI>
      <MDI key="STATISTICS_MEAN">256.4</MDI>
      <MDI key="STATISTICS_STDDEV">26.174457438927</MDI>
      <MDI key="STATISTICS_VALID_PERCENT">100</MDI>
    </Metadata>
  </PAMRasterBand>
  <PAMRasterBand band="3">
    <Histograms>
      <HistItem>
        <HistMin>203.5024752475248</HistMin>
        <HistMax>405.4975247524753</HistMax>
        <BucketCount>202</BucketCount>
        <IncludeOutOfRange>0</IncludeOutOfRange>
        <Approximate>0</Approximate>
        <HistCounts>3|0|0|0|0|0|1|0|0|0|0|0|0|1|0|1|0|1|0|0|1|0|1|0|1|1|0|1|1|0|0|0|1|1|1|2|0|1|1|0|0|0|0|1|0|0|0|0|1|1|0|2|0|2|1|0|1|0|0|0|0|1|0|0|0|0|1|2|1|0|1|1|2|0|1|1|0|0|1|3|2|1|1|3|2|1|1|1|0|4|2|1|2|1|1|0|1|0|2|2|2|0|4|1|4|1|4|1|1|1|3|1|1|2|1|3|3|6|1|2|3|1|1|1|0|2|5|5|2|1|3|3|3|3|3|0|4|4|1|5|2|2|3|3|0|1|2|3|6|1|4|1|3|1|1|1|1|1|1|0|2|1|0|1|0|0|0|2|0|0|0|1|1|0|1|0|1|0|4|1|0|2|0|1|0|0|0|1|0|0|1|0|0|0|0|0|1|1|1|0|0|1</HistCounts>
      </HistItem>
    </Histograms>
    <Metadata>
      <MDI key="STATISTICS_MINIMUM">204</MDI>
      <MDI key="STATISTICS_MAXIMUM">405</MDI>
      <MDI key="STATISTICS_MEAN">316.73777777778</MDI>
      <MDI key="STATISTICS_STDDEV">43.034225598232</MDI>
      <MDI key="STATISTICS_VALID_PERCENT">100</MDI>
    </Metadata>
  </PAMRasterBand>
</PAMDataset>
