<PAMDataset>
  <PAMRasterBand band="1">
    <Histograms>
      <HistItem>
        <HistMin>276.5033783783784</HistMin>
        <HistMax>424.4966216216216</HistMax>
        <BucketCount>148</BucketCount>
        <IncludeOutOfRange>0</IncludeOutOfRange>
        <Approximate>0</Approximate>
        <HistCounts>1|0|0|0|1|0|0|1|1|1|0|0|0|1|0|0|1|2|2|1|1|3|1|1|0|0|1|0|0|1|0|1|0|0|1|1|0|2|2|1|1|2|2|1|1|0|0|1|1|1|3|1|0|3|2|1|4|1|0|2|1|2|0|1|2|3|4|4|1|5|1|2|1|0|2|3|5|0|2|2|3|2|3|4|1|2|3|5|2|2|2|4|2|4|2|4|0|2|2|5|0|2|6|0|6|4|3|3|1|0|0|0|0|2|2|1|2|2|2|1|1|2|2|2|3|2|2|2|3|3|2|0|2|0|0|1|0|2|3|0|1|1|1|0|0|1|1|1</HistCounts>
      </HistItem>
    </Histograms>
    <Metadata>
      <MDI key="STATISTICS_MINIMUM">277</MDI>
      <MDI key="STATISTICS_MAXIMUM">424</MDI>
      <MDI key="STATISTICS_MEAN">359.79555555556</MDI>
      <MDI key="STATISTICS_STDDEV">34.096503278232</MDI>
      <MDI key="STATISTICS_VALID_PERCENT">100</MDI>
    </Metadata>
  </PAMRasterBand>
  <PAMRasterBand band="2">
    <Histograms>
      <HistItem>
        <HistMin>225.5036496350365</HistMin>
        <HistMax>362.4963503649635</HistMax>
        <BucketCount>137</BucketCount>
        <IncludeOutOfRange>0</IncludeOutOfRange>
        <Approximate>0</Approximate>
        <HistCounts>1|0|0|0|0|0|1|0|0|0|1|0|0|1|1|1|2|2|2|0|0|0|0|2|2|3|0|1|1|2|2|2|2|0|0|0|1|1|2|3|2|1|1|2|1|3|2|5|1|2|4|6|3|5|3|2|0|3|3|3|3|7|3|2|5|2|2|2|3|1|1|2|2|1|1|3|1|2|0|2|1|1|1|2|2|3|4|3|2|0|0|1|1|3|0|3|5|4|0|2|1|1|0|3|2|0|3|1|5|0|1|1|3|1|1|5|0|1|2|2|1|5|2|1|1|3|2|1|0|0|1|1|0|2|0|0|1</HistCounts>
      </HistItem>
    </Histograms>
    <Metadata>
      <MDI key="STATISTICS_MINIMUM">226</MDI>
      <MDI key="STATISTICS_MAXIMUM">362</MDI>
      <MDI key="STATISTICS_MEAN">298.14222222222</MDI>
      <MDI key="STATISTICS_STDDEV">32.285906721657</MDI>
      <MDI key="STATISTICS_VALID_PERCENT">100</MDI>
    </Metadata>
  </PAMRasterBand>
  <PAMRasterBand band="3">
    <Histograms>
      <HistItem>
        <HistMin>258.5023696682464</HistMin>
        <HistMax>469.4976303317536</HistMax>
        <BucketCount>211</BucketCount>
        <IncludeOutOfRange>0</IncludeOutOfRange>
        <Approximate>0</Approximate>
        <HistCounts>1|0|0|0|0|1|0|0|1|0|0|0|1|1|0|2|0|1|0|1|0|0|2|1|1|2|1|3|0|0|1|0|2|0|3|0|2|1|1|2|1|1|0|4|3|0|2|3|1|0|2|0|4|1|5|4|1|3|2|2|2|3|2|2|2|3|6|2|4|0|0|1|1|4|2|0|1|1|1|0|1|1|1|2|4|2|1|0|1|0|2|1|0|0|1|0|1|0|0|0|2|1|1|0|1|0|1|1|2|0|0|0|2|2|1|0|0|0|0|1|0|0|0|0|1|0|2|1|1|1|0|1|1|1|1|1|2|4|1|0|1|0|2|1|2|0|3|0|0|4|2|1|1|0|0|3|1|0|0|0|0|0|0|1|2|1|0|2|0|0|1|1|0|0|1|0|1|1|1|0|0|3|0|1|1|1|0|1|5|3|0|1|0|1|0|4|2|0|2|0|1|1|2|2|0|1|0|0|1|0|1</HistCounts>
      </HistItem>
    </Histograms>
    <Metadata>
      <MDI key="STATISTICS_MINIMUM">259</MDI>
      <MDI key="STATISTICS_MAXIMUM">469</MDI>
      <MDI key="STATISTICS_MEAN">359.08444444444</MDI>
      <MDI key="STATISTICS_STDDEV">57.54910543008</MDI>
      <MDI key="STATISTICS_VALID_PERCENT">100</MDI>
    </Metadata>
  </PAMRasterBand>
</PAMDataset>
