<PAMDataset>
  <PAMRasterBand band="1">
    <Histograms>
      <HistItem>
        <HistMin>223.5045871559633</HistMin>
        <HistMax>332.4954128440367</HistMax>
        <BucketCount>109</BucketCount>
        <IncludeOutOfRange>0</IncludeOutOfRange>
        <Approximate>0</Approximate>
        <HistCounts>1|0|1|1|1|1|1|1|1|0|1|0|1|0|1|3|0|1|1|4|2|4|3|0|2|2|4|2|5|3|1|3|3|2|2|0|1|5|4|2|4|5|3|2|3|2|4|5|5|4|1|3|3|2|2|3|0|4|3|6|5|2|4|8|2|2|1|2|4|2|1|6|5|2|3|4|2|1|0|3|2|1|2|2|2|1|0|3|1|0|0|2|2|3|2|0|2|0|1|1|0|1|0|0|1|0|2|0|1</HistCounts>
      </HistItem>
    </Histograms>
    <Metadata>
      <MDI key="STATISTICS_MINIMUM">224</MDI>
      <MDI key="STATISTICS_MAXIMUM">332</MDI>
      <MDI key="STATISTICS_MEAN">276.46222222222</MDI>
      <MDI key="STATISTICS_STDDEV">24.269956634937</MDI>
      <MDI key="STATISTICS_VALID_PERCENT">100</MDI>
    </Metadata>
  </PAMRasterBand>
  <PAMRasterBand band="2">
    <Histograms>
      <HistItem>
        <HistMin>170.5056818181818</HistMin>
        <HistMax>258.4943181818182</HistMax>
        <BucketCount>88</BucketCount>
        <IncludeOutOfRange>0</IncludeOutOfRange>
        <Approximate>0</Approximate>
        <HistCounts>1|0|1|2|0|0|0|1|0|2|2|0|2|3|1|2|6|4|2|2|2|0|4|6|5|4|0|2|3|7|2|4|3|4|6|3|2|6|4|2|4|8|3|7|5|8|3|6|7|7|2|3|5|5|4|4|2|2|2|0|4|6|1|2|3|3|3|2|0|1|2|0|2|0|1|2|0|0|0|1|1|0|0|0|1|2|0|1</HistCounts>
      </HistItem>
    </Histograms>
    <Metadata>
      <MDI key="STATISTICS_MINIMUM">171</MDI>
      <MDI key="STATISTICS_MAXIMUM">258</MDI>
      <MDI key="STATISTICS_MEAN">211.93333333333</MDI>
      <MDI key="STATISTICS_STDDEV">17.919821427682</MDI>
      <MDI key="STATISTICS_VALID_PERCENT">100</MDI>
    </Metadata>
  </PAMRasterBand>
  <PAMRasterBand band="3">
    <Histograms>
      <HistItem>
        <HistMin>179.5035460992908</HistMin>
        <HistMax>320.4964539007092</HistMax>
        <BucketCount>141</BucketCount>
        <IncludeOutOfRange>0</IncludeOutOfRange>
        <Approximate>0</Approximate>
        <HistCounts>1|0|1|0|0|0|0|0|0|0|0|2|1|0|0|0|0|0|0|3|1|2|0|1|3|0|2|2|1|1|2|1|1|8|4|4|6|4|1|3|0|2|3|3|1|4|2|4|3|3|4|2|0|2|4|4|1|3|2|6|1|2|1|4|2|4|1|6|4|1|2|3|1|2|10|4|7|4|3|3|2|3|2|2|4|1|1|1|3|3|3|3|0|1|0|0|0|0|1|0|0|1|1|0|2|0|0|0|0|0|1|1|0|0|0|0|3|2|2|1|0|0|1|1|0|0|1|0|0|0|0|0|1|0|1|0|0|0|1|1|1</HistCounts>
      </HistItem>
    </Histograms>
    <Metadata>
      <MDI key="STATISTICS_MINIMUM">180</MDI>
      <MDI key="STATISTICS_MAXIMUM">320</MDI>
      <MDI key="STATISTICS_MEAN">242.65777777778</MDI>
      <MDI key="STATISTICS_STDDEV">27.775980741872</MDI>
      <MDI key="STATISTICS_VALID_PERCENT">100</MDI>
    </Metadata>
  </PAMRasterBand>
</PAMDataset>
