<PAMDataset>
  <PAMRasterBand band="1">
    <Histograms>
      <HistItem>
        <HistMin>295.5045871559633</HistMin>
        <HistMax>404.4954128440367</HistMax>
        <BucketCount>109</BucketCount>
        <IncludeOutOfRange>0</IncludeOutOfRange>
        <Approximate>0</Approximate>
        <HistCounts>1|1|0|0|0|0|0|0|2|0|0|1|1|1|0|5|1|1|0|1|1|3|2|1|3|2|1|1|1|1|3|6|4|3|4|4|2|1|2|1|5|2|2|3|5|6|3|4|6|1|3|2|0|5|4|4|3|4|3|5|4|4|3|3|5|2|3|4|0|1|3|4|3|4|1|1|5|3|4|2|2|1|2|4|0|2|0|2|6|2|0|1|1|1|1|2|0|0|1|1|1|0|0|1|1|0|1|1|1</HistCounts>
      </HistItem>
    </Histograms>
    <Metadata>
      <MDI key="STATISTICS_MINIMUM">296</MDI>
      <MDI key="STATISTICS_MAXIMUM">404</MDI>
      <MDI key="STATISTICS_MEAN">350.57333333333</MDI>
      <MDI key="STATISTICS_STDDEV">23.381002734889</MDI>
      <MDI key="STATISTICS_VALID_PERCENT">100</MDI>
    </Metadata>
  </PAMRasterBand>
  <PAMRasterBand band="2">
    <Histograms>
      <HistItem>
        <HistMin>246.5048076923077</HistMin>
        <HistMax>350.4951923076923</HistMax>
        <BucketCount>104</BucketCount>
        <IncludeOutOfRange>0</IncludeOutOfRange>
        <Approximate>0</Approximate>
        <HistCounts>1|1|0|1|0|0|1|1|2|0|0|4|2|3|2|3|6|2|4|4|2|1|5|4|5|2|2|8|5|3|4|3|7|4|3|3|7|4|2|6|2|5|6|4|4|3|3|1|3|1|1|1|0|2|2|2|2|2|2|2|0|4|2|1|2|0|1|1|0|1|1|1|3|3|3|5|1|2|2|1|3|2|6|2|1|2|1|1|0|0|0|0|2|2|0|0|1|0|0|1|0|1|0|1</HistCounts>
      </HistItem>
    </Histograms>
    <Metadata>
      <MDI key="STATISTICS_MINIMUM">247</MDI>
      <MDI key="STATISTICS_MAXIMUM">350</MDI>
      <MDI key="STATISTICS_MEAN">290.74666666667</MDI>
      <MDI key="STATISTICS_STDDEV">24.017452913339</MDI>
      <MDI key="STATISTICS_VALID_PERCENT">100</MDI>
    </Metadata>
  </PAMRasterBand>
  <PAMRasterBand band="3">
    <Histograms>
      <HistItem>
        <HistMin>300.5034965034965</HistMin>
        <HistMax>443.4965034965035</HistMax>
        <BucketCount>143</BucketCount>
        <IncludeOutOfRange>0</IncludeOutOfRange>
        <Approximate>0</Approximate>
        <HistCounts>2|0|0|0|1|1|2|1|0|1|3|0|1|3|0|3|1|6|2|2|2|0|1|7|1|2|3|3|3|2|2|5|1|6|2|3|5|0|2|1|4|1|4|1|3|3|4|1|5|3|1|3|4|5|1|1|1|3|2|5|2|3|1|1|2|2|1|1|0|1|2|1|2|2|0|0|1|1|2|0|1|1|1|0|2|1|1|1|3|1|1|1|0|2|1|2|3|0|0|1|1|0|0|2|3|0|2|2|2|1|2|2|2|0|2|2|1|1|2|3|2|1|0|1|1|0|0|0|0|0|1|0|1|1|0|0|1|2|0|0|0|0|1</HistCounts>
      </HistItem>
    </Histograms>
    <Metadata>
      <MDI key="STATISTICS_MINIMUM">301</MDI>
      <MDI key="STATISTICS_MAXIMUM">443</MDI>
      <MDI key="STATISTICS_MEAN">359.74666666667</MDI>
      <MDI key="STATISTICS_STDDEV">35.45078341087</MDI>
      <MDI key="STATISTICS_VALID_PERCENT">100</MDI>
    </Metadata>
  </PAMRasterBand>
</PAMDataset>
