<PAMDataset>
  <PAMRasterBand band="1">
    <Histograms>
      <HistItem>
        <HistMin>264.5030303030303</HistMin>
        <HistMax>429.4969696969697</HistMax>
        <BucketCount>165</BucketCount>
        <IncludeOutOfRange>0</IncludeOutOfRange>
        <Approximate>0</Approximate>
        <HistCounts>1|0|0|0|0|1|0|2|2|0|1|4|2|2|2|0|1|2|1|1|0|1|5|2|1|5|1|2|2|3|2|3|2|2|1|2|2|1|6|4|0|2|3|2|2|3|7|1|3|3|3|4|3|2|5|0|0|4|1|1|5|2|5|3|2|5|4|3|3|3|4|0|3|2|3|1|0|4|1|0|0|1|1|2|2|1|2|2|0|2|2|0|1|2|0|1|2|1|0|1|0|1|0|1|0|1|1|2|0|0|0|0|1|1|0|2|0|0|1|1|0|2|0|2|0|0|0|1|0|1|0|1|0|1|0|0|1|1|0|1|0|0|1|0|0|0|0|0|0|0|1|0|0|1|1|0|0|0|0|0|0|1|1|1|1</HistCounts>
      </HistItem>
    </Histograms>
    <Metadata>
      <MDI key="STATISTICS_MINIMUM">265</MDI>
      <MDI key="STATISTICS_MAXIMUM">429</MDI>
      <MDI key="STATISTICS_MEAN">325.90222222222</MDI>
      <MDI key="STATISTICS_STDDEV">35.513118007537</MDI>
      <MDI key="STATISTICS_VALID_PERCENT">100</MDI>
    </Metadata>
  </PAMRasterBand>
  <PAMRasterBand band="2">
    <Histograms>
      <HistItem>
        <HistMin>202.5031446540881</HistMin>
        <HistMax>361.496855345912</HistMax>
        <BucketCount>159</BucketCount>
        <IncludeOutOfRange>0</IncludeOutOfRange>
        <Approximate>0</Approximate>
        <HistCounts>1|1|1|1|1|1|0|1|0|1|3|2|1|3|5|3|3|4|1|3|1|1|4|4|2|0|4|1|0|1|4|0|4|2|1|2|3|1|2|3|7|2|1|1|3|4|4|5|5|3|4|3|2|4|2|0|4|2|3|3|2|3|1|2|1|2|2|2|1|5|2|1|0|4|1|1|1|1|3|3|0|3|2|4|0|0|1|2|0|0|1|1|0|1|1|1|0|1|0|0|0|3|1|2|0|0|0|0|1|0|0|2|0|2|0|0|1|1|1|1|1|0|0|0|0|1|0|0|3|2|0|2|0|0|0|0|0|0|1|0|0|0|1|0|0|0|0|0|1|1|0|0|0|0|1|1|0|0|1</HistCounts>
      </HistItem>
    </Histograms>
    <Metadata>
      <MDI key="STATISTICS_MINIMUM">203</MDI>
      <MDI key="STATISTICS_MAXIMUM">361</MDI>
      <MDI key="STATISTICS_MEAN">259.37777777778</MDI>
      <MDI key="STATISTICS_STDDEV">35.292862916452</MDI>
      <MDI key="STATISTICS_VALID_PERCENT">100</MDI>
    </Metadata>
  </PAMRasterBand>
  <PAMRasterBand band="3">
    <Histograms>
      <HistItem>
        <HistMin>221.4622222222222</HistMin>
        <HistMax>464.5377777777778</HistMax>
        <BucketCount>225</BucketCount>
        <IncludeOutOfRange>0</IncludeOutOfRange>
        <Approximate>0</Approximate>
        <HistCounts>1|0|0|0|0|0|1|1|2|0|0|0|2|0|0|0|2|0|4|5|5|4|3|2|0|2|1|3|1|1|2|3|2|2|0|3|0|1|0|1|0|4|4|3|2|5|2|2|2|4|2|2|1|2|0|3|3|2|1|2|3|4|2|0|0|1|2|1|4|1|2|1|1|0|0|1|2|2|3|0|2|6|0|3|1|1|1|2|1|0|0|0|1|3|1|1|0|1|1|2|0|0|1|2|2|1|4|1|1|0|3|1|0|2|1|2|1|0|1|2|1|0|2|1|1|1|0|0|0|0|1|1|0|0|0|0|0|0|0|0|0|1|2|1|1|0|0|1|0|0|0|0|0|0|0|0|1|1|2|0|0|0|1|0|0|1|0|0|2|1|0|0|0|1|2|1|0|0|0|0|0|0|0|1|2|1|1|0|0|1|1|0|0|0|0|0|1|0|1|1|1|0|0|0|0|1|0|0|0|0|0|0|0|1|0|1|0|0|0|0|0|0|1|0|1</HistCounts>
      </HistItem>
    </Histograms>
    <Metadata>
      <MDI key="STATISTICS_MINIMUM">222</MDI>
      <MDI key="STATISTICS_MAXIMUM">464</MDI>
      <MDI key="STATISTICS_MEAN">307.51111111111</MDI>
      <MDI key="STATISTICS_STDDEV">56.774650924989</MDI>
      <MDI key="STATISTICS_VALID_PERCENT">100</MDI>
    </Metadata>
  </PAMRasterBand>
</PAMDataset>
