<PAMDataset>
  <PAMRasterBand band="1">
    <Histograms>
      <HistItem>
        <HistMin>248.5029239766082</HistMin>
        <HistMax>419.4970760233918</HistMax>
        <BucketCount>171</BucketCount>
        <IncludeOutOfRange>0</IncludeOutOfRange>
        <Approximate>0</Approximate>
        <HistCounts>1|0|0|0|1|0|1|0|1|0|3|1|1|0|0|1|1|1|1|1|0|0|3|3|3|3|0|2|1|2|1|1|4|2|4|3|2|1|2|1|3|3|3|4|1|4|5|4|2|1|2|2|1|6|9|5|3|3|1|1|3|3|5|4|7|5|3|2|5|3|0|4|3|6|4|5|4|3|4|2|2|2|1|2|2|0|2|1|2|1|1|2|3|3|1|0|0|0|1|1|0|0|1|1|1|0|0|0|0|1|1|0|0|0|0|0|0|0|0|0|0|0|0|0|0|0|0|0|0|0|0|0|0|0|1|0|0|0|0|0|0|0|0|0|0|0|0|0|0|0|0|0|0|0|0|0|0|0|1|0|0|0|0|0|0|0|0|0|0|0|1</HistCounts>
      </HistItem>
    </Histograms>
    <Metadata>
      <MDI key="STATISTICS_MINIMUM">249</MDI>
      <MDI key="STATISTICS_MAXIMUM">419</MDI>
      <MDI key="STATISTICS_MEAN">306.67111111111</MDI>
      <MDI key="STATISTICS_STDDEV">25.403207341001</MDI>
      <MDI key="STATISTICS_VALID_PERCENT">100</MDI>
    </Metadata>
  </PAMRasterBand>
  <PAMRasterBand band="2">
    <Histograms>
      <HistItem>
        <HistMin>182.5028409090909</HistMin>
        <HistMax>358.4971590909091</HistMax>
        <BucketCount>176</BucketCount>
        <IncludeOutOfRange>0</IncludeOutOfRange>
        <Approximate>0</Approximate>
        <HistCounts>1|0|0|0|0|0|0|0|0|2|2|1|1|1|0|2|0|3|1|3|0|1|1|1|0|4|4|5|5|0|3|5|1|7|2|2|5|3|3|4|2|1|6|3|7|2|5|1|8|3|3|2|4|0|8|6|10|4|5|3|3|2|3|3|9|4|3|3|4|3|1|2|4|5|2|3|3|0|3|0|0|0|0|1|0|0|0|1|0|0|0|0|0|0|0|1|0|0|0|0|1|0|0|0|0|0|0|0|0|0|0|0|0|1|0|0|1|0|0|0|0|0|0|0|0|0|0|0|0|0|0|0|0|0|0|0|0|0|0|1|0|0|0|0|0|0|0|0|0|0|0|0|0|0|0|0|0|0|0|0|0|0|0|0|1|0|0|0|0|0|0|0|0|0|0|1</HistCounts>
      </HistItem>
    </Histograms>
    <Metadata>
      <MDI key="STATISTICS_MINIMUM">183</MDI>
      <MDI key="STATISTICS_MAXIMUM">358</MDI>
      <MDI key="STATISTICS_MEAN">233.35555555556</MDI>
      <MDI key="STATISTICS_STDDEV">23.080877660528</MDI>
      <MDI key="STATISTICS_VALID_PERCENT">100</MDI>
    </Metadata>
  </PAMRasterBand>
  <PAMRasterBand band="3">
    <Histograms>
      <HistItem>
        <HistMin>182.4911111111111</HistMin>
        <HistMax>412.5088888888889</HistMax>
        <BucketCount>225</BucketCount>
        <IncludeOutOfRange>0</IncludeOutOfRange>
        <Approximate>0</Approximate>
        <HistCounts>2|0|1|1|0|0|1|1|1|2|0|2|0|2|1|1|0|1|1|0|1|0|0|0|0|2|1|1|0|3|1|0|2|3|1|2|0|4|1|1|1|1|1|2|2|0|0|5|3|2|2|5|0|0|2|1|1|2|1|1|3|2|2|0|1|5|2|7|1|3|2|3|0|3|3|3|2|3|1|2|3|2|1|2|2|3|1|3|4|3|2|4|2|4|0|7|0|1|2|1|3|4|7|3|4|3|1|2|0|0|2|4|6|3|1|2|0|0|0|0|1|0|0|1|2|0|1|0|0|0|0|1|0|0|0|0|0|0|1|0|1|0|0|0|0|0|0|0|1|0|0|0|0|0|0|0|0|0|1|0|0|0|0|0|0|0|0|0|0|0|0|0|0|0|0|0|0|0|0|0|0|0|1|0|0|0|0|0|0|0|0|0|0|0|0|0|0|0|0|0|0|0|0|0|0|0|0|1|0|0|0|0|0|0|0|0|0|0|0|0|0|0|0|0|1</HistCounts>
      </HistItem>
    </Histograms>
    <Metadata>
      <MDI key="STATISTICS_MINIMUM">183</MDI>
      <MDI key="STATISTICS_MAXIMUM">412</MDI>
      <MDI key="STATISTICS_MEAN">259.02222222222</MDI>
      <MDI key="STATISTICS_STDDEV">36.413726892105</MDI>
      <MDI key="STATISTICS_VALID_PERCENT">100</MDI>
    </Metadata>
  </PAMRasterBand>
</PAMDataset>
