<PAMDataset>
  <PAMRasterBand band="1">
    <Histograms>
      <HistItem>
        <HistMin>357.504</HistMin>
        <HistMax>482.496</HistMax>
        <BucketCount>125</BucketCount>
        <IncludeOutOfRange>0</IncludeOutOfRange>
        <Approximate>0</Approximate>
        <HistCounts>1|0|0|0|0|0|0|0|1|0|0|0|1|0|0|0|0|0|0|1|1|0|0|0|0|0|1|0|0|0|0|0|0|1|0|1|0|0|0|0|0|1|0|0|0|0|1|1|0|0|1|0|1|0|1|1|0|0|0|1|3|3|1|0|2|1|3|3|4|4|8|1|4|1|6|12|6|8|3|6|14|9|5|8|12|5|9|2|8|4|2|2|1|2|3|1|6|3|3|2|1|5|2|1|0|1|1|2|3|3|1|2|1|1|1|1|0|0|0|1|1|0|0|0|1</HistCounts>
      </HistItem>
    </Histograms>
    <Metadata>
      <MDI key="STATISTICS_MINIMUM">358</MDI>
      <MDI key="STATISTICS_MAXIMUM">482</MDI>
      <MDI key="STATISTICS_MEAN">438.51111111111</MDI>
      <MDI key="STATISTICS_STDDEV">18.477400276761</MDI>
      <MDI key="STATISTICS_VALID_PERCENT">100</MDI>
    </Metadata>
  </PAMRasterBand>
  <PAMRasterBand band="2">
    <Histograms>
      <HistItem>
        <HistMin>285.503937007874</HistMin>
        <HistMax>412.496062992126</HistMax>
        <BucketCount>127</BucketCount>
        <IncludeOutOfRange>0</IncludeOutOfRange>
        <Approximate>0</Approximate>
        <HistCounts>1|0|0|0|1|0|0|1|0|0|0|0|0|0|1|0|0|0|0|0|0|0|1|0|0|1|0|0|1|0|0|0|1|0|0|1|1|0|0|0|0|0|0|0|0|0|0|0|1|0|0|0|0|1|0|0|1|2|0|2|2|0|1|1|0|1|2|0|0|2|1|2|0|0|1|0|2|2|4|1|3|3|1|2|2|1|0|4|1|0|3|2|1|2|2|2|7|5|2|1|10|6|9|6|8|8|6|9|6|4|7|5|7|6|5|4|7|3|7|2|5|6|3|1|0|1|1</HistCounts>
      </HistItem>
    </Histograms>
    <Metadata>
      <MDI key="STATISTICS_MINIMUM">286</MDI>
      <MDI key="STATISTICS_MAXIMUM">412</MDI>
      <MDI key="STATISTICS_MEAN">382.63111111111</MDI>
      <MDI key="STATISTICS_STDDEV">23.285511205442</MDI>
      <MDI key="STATISTICS_VALID_PERCENT">100</MDI>
    </Metadata>
  </PAMRasterBand>
  <PAMRasterBand band="3">
    <Histograms>
      <HistItem>
        <HistMin>353.5023923444976</HistMin>
        <HistMax>562.4976076555024</HistMax>
        <BucketCount>209</BucketCount>
        <IncludeOutOfRange>0</IncludeOutOfRange>
        <Approximate>0</Approximate>
        <HistCounts>1|0|0|0|0|0|0|0|0|0|1|0|1|0|0|1|0|0|0|0|0|0|0|0|0|0|0|0|0|0|0|0|1|0|1|0|0|0|0|0|0|0|0|0|1|0|0|1|0|0|1|0|1|0|0|0|0|0|0|0|0|0|0|0|0|0|1|0|0|1|0|0|0|0|1|2|1|0|2|0|1|0|1|0|0|0|2|0|2|4|0|1|0|0|0|1|1|0|0|0|1|2|0|0|0|1|1|0|3|1|1|1|0|2|2|0|0|1|1|0|2|3|1|0|1|1|1|3|0|0|0|1|0|3|0|2|0|0|0|3|4|0|2|0|3|2|1|1|3|0|1|1|0|1|2|1|2|2|4|0|2|1|2|1|3|3|2|3|3|1|5|1|2|4|2|8|4|3|3|5|1|9|6|3|1|3|3|3|6|1|4|1|7|2|4|4|1|0|2|1|1|1|0|2|0|1|0|0|1</HistCounts>
      </HistItem>
    </Histograms>
    <Metadata>
      <MDI key="STATISTICS_MINIMUM">354</MDI>
      <MDI key="STATISTICS_MAXIMUM">562</MDI>
      <MDI key="STATISTICS_MEAN">504.53333333333</MDI>
      <MDI key="STATISTICS_STDDEV">43.256958335561</MDI>
      <MDI key="STATISTICS_VALID_PERCENT">100</MDI>
    </Metadata>
  </PAMRasterBand>
</PAMDataset>
