<PAMDataset>
  <PAMRasterBand band="1">
    <Histograms>
      <HistItem>
        <HistMin>458.5035211267606</HistMin>
        <HistMax>600.4964788732394</HistMax>
        <BucketCount>142</BucketCount>
        <IncludeOutOfRange>0</IncludeOutOfRange>
        <Approximate>0</Approximate>
        <HistCounts>1|0|0|1|1|0|3|2|0|0|0|0|1|1|1|0|2|5|3|9|8|2|3|7|7|3|7|10|4|1|1|3|4|4|3|4|3|9|3|3|5|5|4|4|3|4|7|6|6|3|0|3|3|3|4|3|0|2|6|3|1|1|3|1|1|1|0|2|2|0|0|3|0|0|1|2|0|1|0|2|1|2|0|1|1|0|0|0|0|1|0|0|0|0|0|0|0|1|0|0|0|0|0|0|1|0|0|0|0|0|0|0|0|0|0|0|0|1|0|1|0|0|0|0|0|0|0|0|0|0|0|0|0|0|0|0|0|0|0|0|0|1</HistCounts>
      </HistItem>
    </Histograms>
    <Metadata>
      <MDI key="STATISTICS_MINIMUM">459</MDI>
      <MDI key="STATISTICS_MAXIMUM">600</MDI>
      <MDI key="STATISTICS_MEAN">499.36888888889</MDI>
      <MDI key="STATISTICS_STDDEV">21.305646849</MDI>
      <MDI key="STATISTICS_VALID_PERCENT">100</MDI>
    </Metadata>
  </PAMRasterBand>
  <PAMRasterBand band="2">
    <Histograms>
      <HistItem>
        <HistMin>410.5034013605442</HistMin>
        <HistMax>557.4965986394558</HistMax>
        <BucketCount>147</BucketCount>
        <IncludeOutOfRange>0</IncludeOutOfRange>
        <Approximate>0</Approximate>
        <HistCounts>1|0|0|0|1|1|1|1|1|0|1|2|0|2|0|1|1|0|0|1|1|0|0|2|4|2|1|1|2|2|7|4|0|1|5|3|3|2|5|2|3|5|5|5|3|9|4|6|3|2|4|4|2|6|6|3|6|3|4|3|4|3|5|0|4|0|2|5|6|1|4|4|2|5|2|0|0|0|1|1|0|0|2|0|3|1|2|1|0|1|0|1|0|1|1|0|0|4|1|1|0|2|1|2|1|0|1|0|0|0|0|0|0|0|0|0|0|0|0|0|1|0|0|0|1|0|0|0|0|0|0|0|0|0|0|0|0|0|0|0|0|0|0|0|0|0|1</HistCounts>
      </HistItem>
    </Histograms>
    <Metadata>
      <MDI key="STATISTICS_MINIMUM">411</MDI>
      <MDI key="STATISTICS_MAXIMUM">557</MDI>
      <MDI key="STATISTICS_MEAN">464.19111111111</MDI>
      <MDI key="STATISTICS_STDDEV">23.830772097551</MDI>
      <MDI key="STATISTICS_VALID_PERCENT">100</MDI>
    </Metadata>
  </PAMRasterBand>
  <PAMRasterBand band="3">
    <Histograms>
      <HistItem>
        <HistMin>578.5022935779816</HistMin>
        <HistMax>796.4977064220184</HistMax>
        <BucketCount>218</BucketCount>
        <IncludeOutOfRange>0</IncludeOutOfRange>
        <Approximate>0</Approximate>
        <HistCounts>1|0|0|0|0|0|0|3|0|2|0|0|2|0|0|0|0|0|1|1|1|1|0|0|0|1|0|1|1|1|0|1|3|0|1|1|0|1|1|1|3|1|4|1|4|5|2|4|2|1|5|5|1|5|4|2|6|4|2|1|2|7|2|1|0|2|3|4|3|2|0|2|0|2|1|1|1|2|2|2|0|3|0|2|4|1|1|0|1|0|3|3|0|0|3|2|1|5|4|3|2|2|0|2|2|3|1|0|4|2|0|4|0|0|1|1|2|0|1|1|1|1|0|3|2|4|0|1|0|0|0|2|1|1|0|0|1|0|1|0|1|0|2|0|1|1|1|0|0|1|2|2|0|0|0|1|0|0|0|0|0|0|0|0|0|0|0|0|0|0|0|1|0|0|0|0|0|0|0|1|0|0|0|0|1|0|0|0|0|0|0|0|0|0|0|0|0|1|0|0|0|0|0|0|0|0|0|0|0|0|0|0|0|0|0|0|0|1</HistCounts>
      </HistItem>
    </Histograms>
    <Metadata>
      <MDI key="STATISTICS_MINIMUM">579</MDI>
      <MDI key="STATISTICS_MAXIMUM">796</MDI>
      <MDI key="STATISTICS_MEAN">657.28888888889</MDI>
      <MDI key="STATISTICS_STDDEV">38.642303946853</MDI>
      <MDI key="STATISTICS_VALID_PERCENT">100</MDI>
    </Metadata>
  </PAMRasterBand>
</PAMDataset>
