<PAMDataset>
  <PAMRasterBand band="1">
    <Histograms>
      <HistItem>
        <HistMin>336.6911111111111</HistMin>
        <HistMax>928.3088888888889</HistMax>
        <BucketCount>225</BucketCount>
        <IncludeOutOfRange>0</IncludeOutOfRange>
        <Approximate>0</Approximate>
        <HistCounts>1|0|0|0|0|1|0|0|0|1|0|0|0|0|0|1|0|1|1|0|0|1|1|0|0|0|0|0|0|0|0|0|0|0|0|0|0|0|0|1|0|0|0|1|0|0|0|0|0|0|0|0|0|0|0|0|0|0|0|0|0|0|1|0|1|0|0|0|0|0|0|0|0|0|0|1|0|0|0|0|0|1|0|0|0|0|1|0|0|0|0|0|0|0|0|1|0|0|0|0|0|1|0|0|0|1|1|0|1|0|2|0|2|1|1|0|2|1|1|0|1|0|0|0|0|0|1|0|1|2|0|0|0|1|0|0|1|0|2|2|4|3|5|4|0|3|2|1|1|3|4|2|0|5|5|3|6|6|4|3|6|1|1|1|4|4|4|4|2|5|6|3|3|7|5|3|1|1|3|0|1|0|0|3|0|1|0|1|2|0|0|4|0|0|0|4|1|1|4|3|1|1|2|3|2|4|0|2|1|0|4|0|2|2|1|1|0|0|1|1|0|1|0|0|2</HistCounts>
      </HistItem>
    </Histograms>
    <Metadata>
      <MDI key="STATISTICS_MINIMUM">338</MDI>
      <MDI key="STATISTICS_MAXIMUM">927</MDI>
      <MDI key="STATISTICS_MEAN">751.66222222222</MDI>
      <MDI key="STATISTICS_STDDEV">111.09228053768</MDI>
      <MDI key="STATISTICS_VALID_PERCENT">100</MDI>
    </Metadata>
  </PAMRasterBand>
  <PAMRasterBand band="2">
    <Histograms>
      <HistItem>
        <HistMin>443.6577777777778</HistMin>
        <HistMax>1050.342222222222</HistMax>
        <BucketCount>225</BucketCount>
        <IncludeOutOfRange>0</IncludeOutOfRange>
        <Approximate>0</Approximate>
        <HistCounts>1|0|0|0|0|0|1|0|0|1|0|0|0|2|0|0|0|0|0|1|0|1|0|0|0|0|0|1|0|0|0|0|0|0|0|0|0|0|0|0|0|0|0|0|0|0|0|1|0|1|0|0|0|0|0|0|0|0|0|0|0|0|0|0|0|0|0|0|0|0|0|1|0|1|0|0|0|1|0|0|0|0|0|0|0|1|0|3|0|2|1|0|0|1|1|0|1|0|1|0|0|1|0|0|2|0|1|1|2|3|3|3|0|1|1|4|0|3|2|6|3|0|4|2|2|2|3|3|4|2|0|4|4|2|2|6|6|1|1|5|4|5|10|1|9|3|2|6|1|3|1|4|2|0|0|1|2|0|0|0|0|1|0|1|0|0|0|2|3|1|1|1|0|1|1|1|0|2|0|2|0|0|2|1|4|1|1|2|0|0|1|2|2|0|1|0|2|1|1|0|2|1|1|0|0|3|1|1|1|0|1|0|0|0|1|2|0|3|0|1|1|0|0|0|1</HistCounts>
      </HistItem>
    </Histograms>
    <Metadata>
      <MDI key="STATISTICS_MINIMUM">445</MDI>
      <MDI key="STATISTICS_MAXIMUM">1049</MDI>
      <MDI key="STATISTICS_MEAN">820.93777777778</MDI>
      <MDI key="STATISTICS_STDDEV">111.99287931509</MDI>
      <MDI key="STATISTICS_VALID_PERCENT">100</MDI>
    </Metadata>
  </PAMRasterBand>
  <PAMRasterBand band="3">
    <Histograms>
      <HistItem>
        <HistMin>673.9</HistMin>
        <HistMax>1623.1</HistMax>
        <BucketCount>225</BucketCount>
        <IncludeOutOfRange>0</IncludeOutOfRange>
        <Approximate>0</Approximate>
        <HistCounts>1|1|0|0|0|0|0|2|0|0|0|0|0|0|1|0|1|0|0|0|0|0|0|1|0|0|0|0|0|0|0|0|1|0|0|0|0|0|0|0|0|0|0|0|0|0|0|0|0|0|1|0|1|0|0|0|0|0|0|0|0|1|0|0|0|0|0|0|0|0|0|0|1|0|1|2|2|0|1|0|1|0|0|0|0|0|2|1|0|1|0|1|1|0|0|1|2|3|3|0|3|1|2|2|3|3|2|1|2|1|2|4|1|4|2|1|1|5|1|4|3|8|3|3|5|5|7|2|7|7|5|5|7|8|1|0|0|0|2|1|0|0|0|0|0|1|0|1|1|2|0|0|1|0|1|1|0|1|0|0|0|1|1|1|0|0|0|0|1|2|3|1|0|1|1|1|1|0|1|0|1|0|0|0|2|2|0|1|2|4|1|1|1|2|1|2|1|1|3|1|0|2|1|3|0|3|0|2|1|1|0|0|2|0|0|0|0|0|0|0|0|0|0|1|1</HistCounts>
      </HistItem>
    </Histograms>
    <Metadata>
      <MDI key="STATISTICS_MINIMUM">676</MDI>
      <MDI key="STATISTICS_MAXIMUM">1621</MDI>
      <MDI key="STATISTICS_MEAN">1232.9555555556</MDI>
      <MDI key="STATISTICS_STDDEV">182.78474961374</MDI>
      <MDI key="STATISTICS_VALID_PERCENT">100</MDI>
    </Metadata>
  </PAMRasterBand>
</PAMDataset>
