<PAMDataset>
  <PAMRasterBand band="1">
    <Histograms>
      <HistItem>
        <HistMin>326.5030674846626</HistMin>
        <HistMax>489.4969325153374</HistMax>
        <BucketCount>163</BucketCount>
        <IncludeOutOfRange>0</IncludeOutOfRange>
        <Approximate>0</Approximate>
        <HistCounts>1|0|0|0|1|0|0|0|0|0|0|0|0|0|0|0|0|0|1|0|0|0|0|0|0|0|0|0|0|0|0|0|0|0|0|0|0|1|0|0|0|1|0|0|0|1|0|0|0|0|0|0|0|0|0|1|0|0|1|1|1|0|0|0|0|0|0|0|0|0|0|0|0|0|0|0|0|0|0|0|0|1|0|0|0|0|2|1|2|1|1|7|0|3|3|6|6|4|3|3|6|7|5|5|6|5|10|8|4|4|6|3|9|7|2|5|3|3|5|2|5|1|2|3|3|4|1|2|1|2|2|2|2|1|2|1|1|4|2|5|1|2|4|1|2|0|3|0|1|0|0|2|1|0|2|0|0|0|0|0|0|1|1</HistCounts>
      </HistItem>
    </Histograms>
    <Metadata>
      <MDI key="STATISTICS_MINIMUM">327</MDI>
      <MDI key="STATISTICS_MAXIMUM">489</MDI>
      <MDI key="STATISTICS_MEAN">437.32444444444</MDI>
      <MDI key="STATISTICS_STDDEV">23.265741677464</MDI>
      <MDI key="STATISTICS_VALID_PERCENT">100</MDI>
    </Metadata>
  </PAMRasterBand>
  <PAMRasterBand band="2">
    <Histograms>
      <HistItem>
        <HistMin>293.5033783783784</HistMin>
        <HistMax>441.4966216216216</HistMax>
        <BucketCount>148</BucketCount>
        <IncludeOutOfRange>0</IncludeOutOfRange>
        <Approximate>0</Approximate>
        <HistCounts>1|0|0|0|0|1|0|0|0|0|0|0|0|0|0|0|0|1|0|0|0|0|0|0|0|0|0|0|0|0|0|0|0|0|0|1|0|0|0|0|0|0|1|1|0|0|0|0|0|0|1|0|0|0|0|0|0|1|2|0|0|0|0|0|0|0|0|0|0|0|0|0|0|0|0|0|0|1|0|1|1|3|1|2|1|4|6|0|7|6|4|2|6|4|6|6|5|0|5|5|6|4|3|6|7|1|3|3|6|7|6|7|5|6|2|3|3|3|3|5|3|1|2|2|2|7|2|1|2|2|1|3|3|2|2|2|4|1|1|0|0|1|2|2|0|0|1|1</HistCounts>
      </HistItem>
    </Histograms>
    <Metadata>
      <MDI key="STATISTICS_MINIMUM">294</MDI>
      <MDI key="STATISTICS_MAXIMUM">441</MDI>
      <MDI key="STATISTICS_MEAN">398.38666666667</MDI>
      <MDI key="STATISTICS_STDDEV">22.005591208701</MDI>
      <MDI key="STATISTICS_VALID_PERCENT">100</MDI>
    </Metadata>
  </PAMRasterBand>
  <PAMRasterBand band="3">
    <Histograms>
      <HistItem>
        <HistMin>332.4511111111111</HistMin>
        <HistMax>580.5488888888889</HistMax>
        <BucketCount>225</BucketCount>
        <IncludeOutOfRange>0</IncludeOutOfRange>
        <Approximate>0</Approximate>
        <HistCounts>1|0|0|0|0|1|0|0|0|0|0|0|0|0|0|0|0|0|0|0|0|0|0|1|1|0|0|0|0|1|0|0|0|0|0|0|0|0|1|0|0|0|0|0|1|0|0|0|0|0|0|0|0|0|0|1|0|0|0|0|0|0|0|0|0|0|0|0|1|0|0|0|0|1|1|0|0|1|0|0|0|0|0|1|0|0|0|0|0|0|0|0|0|0|0|0|0|0|1|1|0|0|2|1|0|0|1|0|0|1|0|4|3|1|2|1|1|0|3|1|0|2|9|5|3|5|7|2|5|3|3|12|3|3|0|3|3|4|2|0|3|8|1|2|3|0|6|5|2|5|1|6|4|3|1|4|2|3|0|4|1|5|2|4|0|1|3|3|4|1|6|1|0|0|2|0|1|1|1|2|0|2|0|0|0|0|1|0|0|0|1|0|0|0|0|0|0|1|1|0|1|0|0|0|1|0|0|1|1|1|0|0|0|0|0|0|0|0|0|1|0|0|1|0|1</HistCounts>
      </HistItem>
    </Histograms>
    <Metadata>
      <MDI key="STATISTICS_MINIMUM">333</MDI>
      <MDI key="STATISTICS_MAXIMUM">580</MDI>
      <MDI key="STATISTICS_MEAN">486.00888888889</MDI>
      <MDI key="STATISTICS_STDDEV">36.751657995689</MDI>
      <MDI key="STATISTICS_VALID_PERCENT">100</MDI>
    </Metadata>
  </PAMRasterBand>
</PAMDataset>
