<PAMDataset>
  <PAMRasterBand band="1">
    <Histograms>
      <HistItem>
        <HistMin>216.5032467532467</HistMin>
        <HistMax>370.4967532467533</HistMax>
        <BucketCount>154</BucketCount>
        <IncludeOutOfRange>0</IncludeOutOfRange>
        <Approximate>0</Approximate>
        <HistCounts>1|0|1|1|1|0|0|2|0|0|1|0|1|1|0|0|0|1|2|1|1|1|0|0|1|3|2|2|1|2|1|1|1|0|0|0|2|3|4|1|2|0|4|3|1|0|3|3|3|2|4|3|2|2|2|2|0|4|1|3|1|5|4|2|0|4|4|3|5|3|3|3|2|3|4|5|3|3|5|2|1|10|1|3|4|3|5|1|3|1|3|6|2|4|1|3|2|2|1|0|2|2|0|1|0|1|1|0|1|1|0|2|1|0|0|1|0|0|0|1|0|1|0|1|0|0|2|0|0|0|1|1|1|0|0|0|0|0|0|0|0|0|0|0|0|0|0|0|0|0|0|0|0|1</HistCounts>
      </HistItem>
    </Histograms>
    <Metadata>
      <MDI key="STATISTICS_MINIMUM">217</MDI>
      <MDI key="STATISTICS_MAXIMUM">370</MDI>
      <MDI key="STATISTICS_MEAN">283.88888888889</MDI>
      <MDI key="STATISTICS_STDDEV">28.013506442605</MDI>
      <MDI key="STATISTICS_VALID_PERCENT">100</MDI>
    </Metadata>
  </PAMRasterBand>
  <PAMRasterBand band="2">
    <Histograms>
      <HistItem>
        <HistMin>165.5037037037037</HistMin>
        <HistMax>300.4962962962963</HistMax>
        <BucketCount>135</BucketCount>
        <IncludeOutOfRange>0</IncludeOutOfRange>
        <Approximate>0</Approximate>
        <HistCounts>1|1|1|1|0|1|1|0|0|0|1|1|1|0|0|2|1|1|1|3|1|0|0|1|3|2|1|3|2|1|2|3|3|2|1|0|1|0|2|3|2|2|3|5|2|1|1|3|4|5|2|0|3|4|3|4|1|1|3|0|4|2|4|2|5|4|2|3|2|7|3|3|7|6|5|6|6|1|6|3|6|1|5|4|5|4|4|0|1|3|0|0|0|1|1|1|1|0|1|1|0|1|1|0|1|0|0|0|0|0|0|0|0|0|1|0|0|1|0|0|0|0|0|0|1|0|1|0|0|0|0|0|0|0|1</HistCounts>
      </HistItem>
    </Histograms>
    <Metadata>
      <MDI key="STATISTICS_MINIMUM">166</MDI>
      <MDI key="STATISTICS_MAXIMUM">300</MDI>
      <MDI key="STATISTICS_MEAN">225.86666666667</MDI>
      <MDI key="STATISTICS_STDDEV">24.967178454924</MDI>
      <MDI key="STATISTICS_VALID_PERCENT">100</MDI>
    </Metadata>
  </PAMRasterBand>
  <PAMRasterBand band="3">
    <Histograms>
      <HistItem>
        <HistMin>180.4977777777778</HistMin>
        <HistMax>407.5022222222222</HistMax>
        <BucketCount>225</BucketCount>
        <IncludeOutOfRange>0</IncludeOutOfRange>
        <Approximate>0</Approximate>
        <HistCounts>1|0|0|0|1|0|0|0|0|0|1|0|0|0|1|3|0|1|1|3|2|2|3|1|2|1|1|3|2|0|1|2|0|0|2|2|1|1|1|0|1|1|0|0|1|2|1|1|0|0|2|1|2|1|1|1|1|0|0|1|1|1|0|0|0|1|1|0|0|0|0|0|1|1|0|0|0|0|0|0|1|1|0|0|0|0|2|1|1|1|0|0|1|1|0|1|0|0|1|3|0|0|2|2|0|3|0|2|1|1|2|2|3|1|3|3|2|4|1|1|2|2|2|2|2|3|2|4|2|4|2|4|4|2|0|3|7|1|3|5|1|3|1|3|2|5|6|2|4|1|2|0|1|2|1|3|1|2|0|1|0|0|0|2|2|0|0|0|1|1|0|1|1|3|0|0|0|0|0|0|0|2|0|0|0|0|0|1|0|0|0|1|0|0|0|0|0|0|0|0|0|0|0|0|1|0|0|0|0|0|0|0|0|0|0|0|1|0|1|0|0|0|0|0|1</HistCounts>
      </HistItem>
    </Histograms>
    <Metadata>
      <MDI key="STATISTICS_MINIMUM">181</MDI>
      <MDI key="STATISTICS_MAXIMUM">407</MDI>
      <MDI key="STATISTICS_MEAN">288.13333333333</MDI>
      <MDI key="STATISTICS_STDDEV">50.519347229002</MDI>
      <MDI key="STATISTICS_VALID_PERCENT">100</MDI>
    </Metadata>
  </PAMRasterBand>
</PAMDataset>
