<PAMDataset>
  <PAMRasterBand band="1">
    <Histograms>
      <HistItem>
        <HistMin>233.2355555555555</HistMin>
        <HistMax>578.7644444444444</HistMax>
        <BucketCount>225</BucketCount>
        <IncludeOutOfRange>0</IncludeOutOfRange>
        <Approximate>0</Approximate>
        <HistCounts>1|0|0|1|0|0|0|0|1|0|0|0|0|0|0|1|0|0|2|0|0|0|0|0|0|0|0|0|1|0|0|0|0|0|0|1|0|0|1|2|0|0|0|0|1|0|0|0|0|1|0|0|0|0|0|0|1|2|0|0|0|0|0|0|1|1|1|0|2|0|1|1|0|0|2|0|0|2|0|0|0|1|0|0|1|1|0|1|0|1|0|1|1|0|1|0|1|1|1|0|1|3|2|0|0|1|0|0|1|0|1|1|0|1|0|1|0|1|0|1|0|1|2|0|1|0|1|0|1|0|1|1|1|1|2|1|0|0|0|1|0|2|1|0|2|2|0|2|0|0|3|0|0|1|2|2|0|0|1|0|1|0|0|1|2|2|2|0|2|1|1|2|2|1|1|0|1|2|5|1|7|3|4|5|8|5|6|5|7|11|3|7|2|3|4|9|2|4|1|1|1|2|0|0|1|1|0|2|1|0|0|1|0|0|1|0|2|2|1|1|0|0|0|0|1</HistCounts>
      </HistItem>
    </Histograms>
    <Metadata>
      <MDI key="STATISTICS_MINIMUM">234</MDI>
      <MDI key="STATISTICS_MAXIMUM">578</MDI>
      <MDI key="STATISTICS_MEAN">471.06222222222</MDI>
      <MDI key="STATISTICS_STDDEV">78.604866371516</MDI>
      <MDI key="STATISTICS_VALID_PERCENT">100</MDI>
    </Metadata>
  </PAMRasterBand>
  <PAMRasterBand band="2">
    <Histograms>
      <HistItem>
        <HistMin>177.1511111111111</HistMin>
        <HistMax>560.8488888888888</HistMax>
        <BucketCount>225</BucketCount>
        <IncludeOutOfRange>0</IncludeOutOfRange>
        <Approximate>0</Approximate>
        <HistCounts>1|0|0|0|1|0|0|0|0|2|0|0|0|0|0|0|1|1|1|0|0|0|0|1|0|0|1|0|0|0|1|0|0|3|0|0|1|0|1|0|0|0|0|0|1|2|0|0|0|0|2|1|1|0|0|2|0|2|1|0|0|0|1|2|0|0|0|0|0|2|1|1|1|1|3|1|1|0|0|2|0|0|0|1|0|2|0|1|0|0|1|2|0|0|1|0|1|3|0|1|2|1|0|1|0|0|0|0|1|1|1|1|1|3|1|0|0|1|2|0|1|0|1|0|2|2|1|1|0|0|1|1|0|2|0|2|0|2|3|0|0|1|4|0|0|2|1|1|1|0|1|2|0|1|0|3|2|3|1|2|0|1|0|1|1|2|1|0|3|0|0|2|1|1|3|2|4|2|3|4|4|1|6|3|9|5|4|6|9|4|3|4|0|0|3|1|0|0|1|0|1|1|1|0|0|0|0|1|1|0|2|0|1|1|0|0|1|0|1|1|0|0|1|1|1</HistCounts>
      </HistItem>
    </Histograms>
    <Metadata>
      <MDI key="STATISTICS_MINIMUM">178</MDI>
      <MDI key="STATISTICS_MAXIMUM">560</MDI>
      <MDI key="STATISTICS_MEAN">417.24888888889</MDI>
      <MDI key="STATISTICS_STDDEV">93.999812345492</MDI>
      <MDI key="STATISTICS_VALID_PERCENT">100</MDI>
    </Metadata>
  </PAMRasterBand>
  <PAMRasterBand band="3">
    <Histograms>
      <HistItem>
        <HistMin>197.7688888888889</HistMin>
        <HistMax>754.2311111111111</HistMax>
        <BucketCount>225</BucketCount>
        <IncludeOutOfRange>0</IncludeOutOfRange>
        <Approximate>0</Approximate>
        <HistCounts>1|0|0|0|1|0|1|0|0|0|1|0|0|0|0|1|1|1|1|0|0|0|0|2|0|0|0|0|1|0|1|0|1|1|1|0|0|0|1|1|0|0|0|1|1|0|1|1|0|0|0|1|0|2|0|1|0|2|0|1|0|1|0|0|1|0|0|0|0|2|0|0|2|3|0|0|2|1|0|0|1|0|2|1|0|0|2|0|0|1|1|0|2|0|0|2|0|1|0|2|0|3|0|0|2|0|0|0|1|0|2|0|0|2|1|1|2|0|1|0|0|0|0|2|1|0|1|0|1|1|3|2|0|0|0|1|1|0|0|1|2|1|1|4|3|1|1|0|1|0|1|1|0|2|2|0|2|0|1|3|0|2|3|0|1|2|0|1|0|3|1|2|1|5|2|2|5|5|4|3|5|7|7|3|5|4|2|3|9|3|3|1|3|2|0|0|0|0|0|3|0|0|2|1|0|0|0|1|0|1|1|0|2|0|3|0|0|0|0|0|0|0|0|1|1</HistCounts>
      </HistItem>
    </Histograms>
    <Metadata>
      <MDI key="STATISTICS_MINIMUM">199</MDI>
      <MDI key="STATISTICS_MAXIMUM">753</MDI>
      <MDI key="STATISTICS_MEAN">546.39555555556</MDI>
      <MDI key="STATISTICS_STDDEV">136.20448345624</MDI>
      <MDI key="STATISTICS_VALID_PERCENT">100</MDI>
    </Metadata>
  </PAMRasterBand>
</PAMDataset>
