<PAMDataset>
  <PAMRasterBand band="1">
    <Histograms>
      <HistItem>
        <HistMin>373.5023474178404</HistMin>
        <HistMax>586.4976525821596</HistMax>
        <BucketCount>213</BucketCount>
        <IncludeOutOfRange>0</IncludeOutOfRange>
        <Approximate>0</Approximate>
        <HistCounts>1|0|0|0|0|0|0|0|0|1|1|1|1|0|4|0|2|1|3|0|1|4|2|0|1|1|0|4|0|1|2|0|1|3|1|2|1|2|2|0|3|2|4|0|1|1|2|2|2|2|3|0|2|3|2|4|1|1|0|1|0|0|0|1|1|1|0|2|0|0|1|0|0|1|0|0|0|0|1|1|0|0|0|0|1|0|1|0|0|1|0|0|0|1|0|0|1|1|1|0|0|0|0|0|1|0|0|1|0|0|0|0|1|1|1|1|3|0|0|0|1|0|0|2|1|0|0|2|3|0|1|1|0|1|3|3|3|1|1|2|4|4|1|1|6|4|9|6|4|3|0|4|3|2|1|2|2|4|2|2|2|1|1|1|2|2|0|1|3|0|0|1|1|1|2|2|0|1|1|0|0|2|2|0|0|1|0|0|0|0|2|0|0|0|0|0|1|0|0|0|0|0|1|0|0|0|0|0|0|0|0|0|1</HistCounts>
      </HistItem>
    </Histograms>
    <Metadata>
      <MDI key="STATISTICS_MINIMUM">374</MDI>
      <MDI key="STATISTICS_MAXIMUM">586</MDI>
      <MDI key="STATISTICS_MEAN">478.16444444444</MDI>
      <MDI key="STATISTICS_STDDEV">56.56834275873</MDI>
      <MDI key="STATISTICS_VALID_PERCENT">100</MDI>
    </Metadata>
  </PAMRasterBand>
  <PAMRasterBand band="2">
    <Histograms>
      <HistItem>
        <HistMin>365.5023474178404</HistMin>
        <HistMax>578.4976525821596</HistMax>
        <BucketCount>213</BucketCount>
        <IncludeOutOfRange>0</IncludeOutOfRange>
        <Approximate>0</Approximate>
        <HistCounts>3|2|3|2|1|2|1|7|3|3|7|3|4|5|3|6|5|2|5|1|3|1|0|0|1|1|2|0|1|0|0|1|0|0|1|0|0|0|0|0|0|0|1|0|1|0|1|0|0|0|0|0|0|0|1|0|2|1|2|0|0|1|0|0|1|1|0|1|1|1|1|1|0|0|1|0|0|0|0|0|0|1|0|1|0|0|0|0|1|1|2|0|1|2|0|0|1|2|2|1|1|1|0|1|1|2|0|2|1|1|1|0|0|1|2|0|0|2|2|1|0|1|0|0|3|0|3|2|2|1|3|2|4|4|0|1|1|1|1|2|1|0|7|3|1|2|3|3|0|2|0|1|3|2|0|3|0|1|0|0|3|2|2|0|0|1|0|2|0|0|0|0|1|1|0|1|1|1|1|1|0|1|1|1|0|2|1|1|0|0|2|1|0|1|0|0|1|0|0|0|0|0|0|0|0|0|0|0|1|0|0|0|1</HistCounts>
      </HistItem>
    </Histograms>
    <Metadata>
      <MDI key="STATISTICS_MINIMUM">366</MDI>
      <MDI key="STATISTICS_MAXIMUM">578</MDI>
      <MDI key="STATISTICS_MEAN">454.05333333333</MDI>
      <MDI key="STATISTICS_STDDEV">63.56894280141</MDI>
      <MDI key="STATISTICS_VALID_PERCENT">100</MDI>
    </Metadata>
  </PAMRasterBand>
  <PAMRasterBand band="3">
    <Histograms>
      <HistItem>
        <HistMin>420.3244444444445</HistMin>
        <HistMax>725.6755555555555</HistMax>
        <BucketCount>225</BucketCount>
        <IncludeOutOfRange>0</IncludeOutOfRange>
        <Approximate>0</Approximate>
        <HistCounts>1|2|0|1|0|0|0|2|0|0|3|0|1|0|1|1|1|0|3|2|0|3|1|0|5|3|2|8|2|9|3|1|6|1|1|4|1|2|0|1|1|1|0|0|0|0|0|1|0|0|0|0|0|1|0|0|0|2|0|0|0|0|1|0|0|0|0|1|0|0|0|0|0|0|0|1|0|0|0|1|1|1|0|1|0|0|1|0|0|0|0|1|1|0|0|0|0|2|0|1|0|0|0|0|0|1|1|0|0|0|0|1|0|1|1|0|1|0|0|0|0|1|1|0|0|2|0|0|0|1|1|0|0|2|0|0|0|0|1|1|0|2|0|0|3|0|1|3|2|1|0|2|1|1|1|6|1|1|2|3|2|6|3|2|4|5|1|1|2|6|0|0|5|0|1|6|1|1|6|1|1|0|3|3|1|2|1|0|1|1|0|3|2|0|0|0|0|1|1|2|1|0|1|0|0|0|2|1|0|0|0|3|1|1|0|0|0|1|0|0|2|0|0|0|1</HistCounts>
      </HistItem>
    </Histograms>
    <Metadata>
      <MDI key="STATISTICS_MINIMUM">421</MDI>
      <MDI key="STATISTICS_MAXIMUM">725</MDI>
      <MDI key="STATISTICS_MEAN">575.83111111111</MDI>
      <MDI key="STATISTICS_STDDEV">93.915318410251</MDI>
      <MDI key="STATISTICS_VALID_PERCENT">100</MDI>
    </Metadata>
  </PAMRasterBand>
</PAMDataset>
