<PAMDataset>
  <PAMRasterBand band="1">
    <Histograms>
      <HistItem>
        <HistMin>236.5056818181818</HistMin>
        <HistMax>324.4943181818182</HistMax>
        <BucketCount>88</BucketCount>
        <IncludeOutOfRange>0</IncludeOutOfRange>
        <Approximate>0</Approximate>
        <HistCounts>1|0|0|1|0|0|1|0|1|0|0|0|0|0|0|1|0|0|0|0|0|0|0|0|0|2|2|0|1|2|0|1|0|1|0|3|3|1|2|0|0|1|2|2|5|3|10|7|8|3|7|7|7|3|4|4|6|8|3|7|5|8|10|2|7|4|9|10|4|11|7|0|2|3|0|6|5|0|2|0|5|0|0|0|0|1|2|2</HistCounts>
      </HistItem>
    </Histograms>
    <Metadata>
      <MDI key="STATISTICS_MINIMUM">237</MDI>
      <MDI key="STATISTICS_MAXIMUM">324</MDI>
      <MDI key="STATISTICS_MEAN">293.65777777778</MDI>
      <MDI key="STATISTICS_STDDEV">14.802199369446</MDI>
      <MDI key="STATISTICS_VALID_PERCENT">100</MDI>
    </Metadata>
  </PAMRasterBand>
  <PAMRasterBand band="2">
    <Histograms>
      <HistItem>
        <HistMin>180.5069444444445</HistMin>
        <HistMax>252.4930555555555</HistMax>
        <BucketCount>72</BucketCount>
        <IncludeOutOfRange>0</IncludeOutOfRange>
        <Approximate>0</Approximate>
        <HistCounts>1|0|0|0|2|0|0|1|0|0|0|0|0|0|1|0|0|0|0|1|0|2|2|1|0|0|3|1|1|4|1|1|2|5|0|4|4|8|4|3|9|10|5|8|10|10|8|6|4|9|9|8|9|6|7|11|10|7|3|6|2|3|2|1|3|1|2|0|0|1|2|1</HistCounts>
      </HistItem>
    </Histograms>
    <Metadata>
      <MDI key="STATISTICS_MINIMUM">181</MDI>
      <MDI key="STATISTICS_MAXIMUM">252</MDI>
      <MDI key="STATISTICS_MEAN">226.84444444444</MDI>
      <MDI key="STATISTICS_STDDEV">11.797844540528</MDI>
      <MDI key="STATISTICS_VALID_PERCENT">100</MDI>
    </Metadata>
  </PAMRasterBand>
  <PAMRasterBand band="3">
    <Histograms>
      <HistItem>
        <HistMin>195.5048076923077</HistMin>
        <HistMax>299.4951923076923</HistMax>
        <BucketCount>104</BucketCount>
        <IncludeOutOfRange>0</IncludeOutOfRange>
        <Approximate>0</Approximate>
        <HistCounts>1|0|0|0|0|0|0|1|0|0|0|0|1|0|2|1|1|0|1|0|0|0|0|0|1|2|0|0|0|1|2|1|2|3|0|4|0|1|1|0|2|1|1|1|0|1|3|1|1|4|0|0|0|2|1|2|4|2|5|2|3|2|3|0|7|3|0|3|9|5|5|6|12|4|8|5|9|9|7|6|7|2|4|4|7|5|2|3|2|1|6|3|3|1|1|2|1|0|1|2|0|0|1|2</HistCounts>
      </HistItem>
    </Histograms>
    <Metadata>
      <MDI key="STATISTICS_MINIMUM">196</MDI>
      <MDI key="STATISTICS_MAXIMUM">299</MDI>
      <MDI key="STATISTICS_MEAN">263.59111111111</MDI>
      <MDI key="STATISTICS_STDDEV">19.901578075031</MDI>
      <MDI key="STATISTICS_VALID_PERCENT">100</MDI>
    </Metadata>
  </PAMRasterBand>
</PAMDataset>
