<PAMDataset>
  <PAMRasterBand band="1">
    <Histograms>
      <HistItem>
        <HistMin>246.504347826087</HistMin>
        <HistMax>361.495652173913</HistMax>
        <BucketCount>115</BucketCount>
        <IncludeOutOfRange>0</IncludeOutOfRange>
        <Approximate>0</Approximate>
        <HistCounts>1|0|0|0|0|1|1|0|0|0|1|0|2|0|1|0|2|0|0|1|1|1|0|0|0|0|0|1|0|0|0|1|2|0|0|1|0|4|2|1|2|0|2|1|0|1|4|3|0|0|1|1|1|0|2|1|1|2|1|1|3|1|3|5|4|0|2|3|3|4|1|3|3|7|5|4|9|3|2|4|4|6|7|2|2|7|6|3|3|5|5|3|1|2|6|4|1|3|6|2|11|1|2|3|4|1|2|1|1|1|0|1|0|1|1</HistCounts>
      </HistItem>
    </Histograms>
    <Metadata>
      <MDI key="STATISTICS_MINIMUM">247</MDI>
      <MDI key="STATISTICS_MAXIMUM">361</MDI>
      <MDI key="STATISTICS_MEAN">321.00444444444</MDI>
      <MDI key="STATISTICS_STDDEV">23.927389749969</MDI>
      <MDI key="STATISTICS_VALID_PERCENT">100</MDI>
    </Metadata>
  </PAMRasterBand>
  <PAMRasterBand band="2">
    <Histograms>
      <HistItem>
        <HistMin>186.504347826087</HistMin>
        <HistMax>301.495652173913</HistMax>
        <BucketCount>115</BucketCount>
        <IncludeOutOfRange>0</IncludeOutOfRange>
        <Approximate>0</Approximate>
        <HistCounts>1|0|0|0|0|0|1|0|1|2|0|0|0|0|3|0|0|0|2|0|0|1|1|2|1|0|0|1|0|0|3|0|3|0|2|3|1|0|1|3|0|2|2|0|1|2|0|0|0|3|0|4|1|0|1|4|3|2|1|2|3|4|2|1|4|4|2|5|2|4|3|1|10|6|4|5|3|8|4|4|5|4|3|3|7|2|3|1|7|3|9|1|1|2|4|4|2|5|0|1|2|4|1|1|1|2|2|0|2|0|1|1|1|0|1</HistCounts>
      </HistItem>
    </Histograms>
    <Metadata>
      <MDI key="STATISTICS_MINIMUM">187</MDI>
      <MDI key="STATISTICS_MAXIMUM">301</MDI>
      <MDI key="STATISTICS_MEAN">256.94222222222</MDI>
      <MDI key="STATISTICS_STDDEV">24.044611213223</MDI>
      <MDI key="STATISTICS_VALID_PERCENT">100</MDI>
    </Metadata>
  </PAMRasterBand>
  <PAMRasterBand band="3">
    <Histograms>
      <HistItem>
        <HistMin>217.5031055900621</HistMin>
        <HistMax>378.4968944099379</HistMax>
        <BucketCount>161</BucketCount>
        <IncludeOutOfRange>0</IncludeOutOfRange>
        <Approximate>0</Approximate>
        <HistCounts>1|0|0|1|0|2|0|1|0|0|0|1|1|1|1|0|1|0|0|1|0|2|1|0|1|0|0|1|2|2|1|1|1|3|2|0|1|0|2|1|2|2|1|1|0|0|0|3|0|3|0|1|0|2|1|4|1|0|0|1|0|1|2|4|4|2|3|3|2|2|0|2|0|1|1|0|3|1|5|2|3|2|2|1|2|5|3|1|2|8|1|3|1|1|3|4|3|4|3|1|1|5|2|2|3|2|4|2|5|1|1|3|0|2|2|0|3|2|1|1|2|1|1|0|3|2|1|0|2|0|1|1|1|2|1|1|1|3|2|1|2|0|1|1|0|1|0|2|0|0|1|1|0|0|1|0|0|0|1|0|1</HistCounts>
      </HistItem>
    </Histograms>
    <Metadata>
      <MDI key="STATISTICS_MINIMUM">218</MDI>
      <MDI key="STATISTICS_MAXIMUM">378</MDI>
      <MDI key="STATISTICS_MEAN">302.05333333333</MDI>
      <MDI key="STATISTICS_STDDEV">36.114715991007</MDI>
      <MDI key="STATISTICS_VALID_PERCENT">100</MDI>
    </Metadata>
  </PAMRasterBand>
</PAMDataset>
