<PAMDataset>
  <PAMRasterBand band="1">
    <Histograms>
      <HistItem>
        <HistMin>194.0133333333333</HistMin>
        <HistMax>639.9866666666667</HistMax>
        <BucketCount>225</BucketCount>
        <IncludeOutOfRange>0</IncludeOutOfRange>
        <Approximate>0</Approximate>
        <HistCounts>1|1|1|0|0|0|0|1|1|0|0|1|0|0|0|0|0|1|2|0|2|1|1|1|1|0|1|0|1|0|0|0|2|0|0|0|1|0|0|0|0|1|2|0|2|0|1|0|0|0|0|0|0|1|1|1|0|0|1|0|0|0|1|2|0|0|1|1|0|2|0|0|0|0|0|0|0|0|0|0|0|2|0|1|0|1|1|0|1|1|2|0|0|0|2|2|2|0|0|1|2|0|0|1|3|3|0|3|3|2|7|7|2|12|8|7|4|2|7|6|1|4|3|2|2|2|2|3|3|1|1|1|3|2|2|1|1|1|0|3|0|1|4|0|0|2|0|0|1|0|2|2|2|1|1|1|1|1|1|2|0|1|1|0|0|1|0|1|0|0|2|0|1|0|1|0|2|1|0|0|0|2|1|1|2|1|1|0|0|0|1|0|0|0|0|0|2|1|1|0|0|1|1|0|1|0|0|3|0|0|0|0|1|1|0|0|0|0|0|0|0|0|0|0|1</HistCounts>
      </HistItem>
    </Histograms>
    <Metadata>
      <MDI key="STATISTICS_MINIMUM">195</MDI>
      <MDI key="STATISTICS_MAXIMUM">639</MDI>
      <MDI key="STATISTICS_MEAN">423.96444444444</MDI>
      <MDI key="STATISTICS_STDDEV">91.84633823356</MDI>
      <MDI key="STATISTICS_VALID_PERCENT">100</MDI>
    </Metadata>
  </PAMRasterBand>
  <PAMRasterBand band="2">
    <Histograms>
      <HistItem>
        <HistMin>232.5955555555556</HistMin>
        <HistMax>867.4044444444445</HistMax>
        <BucketCount>225</BucketCount>
        <IncludeOutOfRange>0</IncludeOutOfRange>
        <Approximate>0</Approximate>
        <HistCounts>1|1|1|0|2|0|1|2|0|2|4|2|2|1|2|2|2|2|3|0|0|2|2|3|2|0|1|2|0|2|2|0|1|3|3|0|1|1|2|5|8|8|4|10|8|5|6|3|8|5|3|7|5|9|8|5|2|3|4|1|5|3|1|2|1|3|2|0|3|1|1|0|2|1|3|1|1|2|0|0|1|0|0|6|2|0|0|3|1|1|0|0|0|0|0|0|0|0|0|0|0|0|0|0|0|0|0|0|0|0|0|0|0|0|0|0|1|0|0|0|0|0|0|0|0|0|0|0|0|0|0|0|0|0|0|0|0|0|0|0|0|0|0|0|0|0|0|0|0|0|0|0|0|0|0|0|0|0|0|0|0|0|0|0|0|1|0|0|0|0|0|0|0|0|0|0|0|0|1|0|0|0|0|0|0|0|1|0|0|0|0|0|0|0|0|0|0|0|0|0|0|0|0|0|0|0|0|0|0|0|0|0|0|0|0|0|0|0|0|0|0|0|0|0|1</HistCounts>
      </HistItem>
    </Histograms>
    <Metadata>
      <MDI key="STATISTICS_MINIMUM">234</MDI>
      <MDI key="STATISTICS_MAXIMUM">866</MDI>
      <MDI key="STATISTICS_MEAN">370.68444444444</MDI>
      <MDI key="STATISTICS_STDDEV">78.34081086454</MDI>
      <MDI key="STATISTICS_VALID_PERCENT">100</MDI>
    </Metadata>
  </PAMRasterBand>
  <PAMRasterBand band="3">
    <Histograms>
      <HistItem>
        <HistMin>286.3177777777778</HistMin>
        <HistMax>1498.682222222222</HistMax>
        <BucketCount>225</BucketCount>
        <IncludeOutOfRange>0</IncludeOutOfRange>
        <Approximate>0</Approximate>
        <HistCounts>1|1|0|2|1|1|7|4|3|3|2|0|2|0|2|4|1|4|3|5|3|1|2|5|3|16|6|11|7|7|9|9|9|11|4|9|8|13|5|1|5|6|3|2|2|3|0|1|0|0|3|1|1|1|2|1|1|0|0|1|0|0|0|0|0|0|0|0|0|0|0|0|0|0|0|0|0|0|0|0|0|0|0|0|0|0|0|0|0|0|0|0|1|0|0|0|0|0|1|0|0|0|0|0|0|0|0|0|0|0|0|0|0|0|0|0|0|0|0|0|1|0|0|0|0|0|0|0|0|0|0|0|0|0|0|0|0|0|0|0|0|0|0|0|0|0|0|0|0|0|0|0|0|0|0|0|0|0|0|0|0|0|0|0|0|0|0|0|0|0|0|0|0|0|0|1|0|0|0|0|0|0|1|0|0|1|0|0|0|0|0|0|0|0|0|0|0|0|0|0|0|0|0|0|0|0|0|0|0|0|0|0|0|0|0|0|0|0|0|0|0|0|0|0|1</HistCounts>
      </HistItem>
    </Histograms>
    <Metadata>
      <MDI key="STATISTICS_MINIMUM">289</MDI>
      <MDI key="STATISTICS_MAXIMUM">1496</MDI>
      <MDI key="STATISTICS_MEAN">464.11555555556</MDI>
      <MDI key="STATISTICS_STDDEV">139.97067939879</MDI>
      <MDI key="STATISTICS_VALID_PERCENT">100</MDI>
    </Metadata>
  </PAMRasterBand>
</PAMDataset>
