<PAMDataset>
  <PAMRasterBand band="1">
    <Histograms>
      <HistItem>
        <HistMin>215.32</HistMin>
        <HistMax>974.6799999999999</HistMax>
        <BucketCount>225</BucketCount>
        <IncludeOutOfRange>0</IncludeOutOfRange>
        <Approximate>0</Approximate>
        <HistCounts>1|0|1|0|1|0|1|2|0|1|0|1|1|0|0|0|0|1|0|0|1|0|0|0|0|0|2|0|0|0|0|0|0|0|0|0|0|0|0|0|1|0|1|1|0|1|2|1|1|2|5|4|9|8|5|15|7|8|5|1|5|5|2|1|3|2|1|0|2|0|1|2|1|1|1|1|2|1|1|1|1|0|1|1|0|0|1|1|0|2|1|0|1|1|0|1|1|2|0|1|2|2|3|1|0|0|0|0|2|0|1|1|2|1|1|0|0|0|0|1|2|1|0|1|0|1|1|1|0|0|0|1|1|1|1|0|0|2|1|0|0|2|1|0|1|0|0|1|0|0|2|0|0|0|1|2|1|3|0|0|0|1|0|1|1|1|2|1|0|2|1|0|0|1|2|0|3|1|0|0|1|1|0|1|0|1|1|0|0|0|3|1|0|0|1|0|0|0|1|2|1|0|0|2|1|2|0|0|0|2|0|1|0|0|0|0|2|0|0|0|0|0|0|0|1</HistCounts>
      </HistItem>
    </Histograms>
    <Metadata>
      <MDI key="STATISTICS_MINIMUM">217</MDI>
      <MDI key="STATISTICS_MAXIMUM">973</MDI>
      <MDI key="STATISTICS_MEAN">537.88888888889</MDI>
      <MDI key="STATISTICS_STDDEV">186.5104610974</MDI>
      <MDI key="STATISTICS_VALID_PERCENT">100</MDI>
    </Metadata>
  </PAMRasterBand>
  <PAMRasterBand band="2">
    <Histograms>
      <HistItem>
        <HistMin>236.1088888888889</HistMin>
        <HistMax>1090.891111111111</HistMax>
        <BucketCount>225</BucketCount>
        <IncludeOutOfRange>0</IncludeOutOfRange>
        <Approximate>0</Approximate>
        <HistCounts>1|0|1|1|0|1|3|3|2|1|1|3|1|1|0|0|0|2|2|1|5|1|5|1|3|4|5|14|8|2|4|2|1|8|1|2|2|3|3|2|0|0|2|2|2|1|2|1|3|2|3|2|0|1|2|0|1|2|0|0|0|0|0|0|1|2|1|1|3|4|0|0|0|0|0|0|2|1|0|2|2|2|0|2|0|0|0|1|0|0|0|0|2|0|1|2|0|0|0|0|0|0|1|0|0|0|1|1|0|1|0|0|0|1|1|1|0|0|0|0|0|0|1|0|1|0|0|0|0|0|0|0|0|0|0|1|2|2|0|0|0|3|0|0|0|1|0|0|1|0|0|1|0|0|0|1|1|0|0|0|0|1|0|0|0|1|2|0|0|0|0|1|0|1|0|0|0|2|1|2|1|0|0|1|1|2|1|0|2|0|0|1|0|0|1|1|1|0|0|1|4|1|0|1|0|2|2|1|1|1|0|2|1|1|1|1|1|0|0|1|0|1|0|1|1</HistCounts>
      </HistItem>
    </Histograms>
    <Metadata>
      <MDI key="STATISTICS_MINIMUM">238</MDI>
      <MDI key="STATISTICS_MAXIMUM">1089</MDI>
      <MDI key="STATISTICS_MEAN">544.55111111111</MDI>
      <MDI key="STATISTICS_STDDEV">261.311832978</MDI>
      <MDI key="STATISTICS_VALID_PERCENT">100</MDI>
    </Metadata>
  </PAMRasterBand>
  <PAMRasterBand band="3">
    <Histograms>
      <HistItem>
        <HistMin>264.3977777777778</HistMin>
        <HistMax>1892.602222222222</HistMax>
        <BucketCount>225</BucketCount>
        <IncludeOutOfRange>0</IncludeOutOfRange>
        <Approximate>0</Approximate>
        <HistCounts>3|3|0|2|1|0|0|0|1|0|2|1|0|0|0|0|2|5|4|13|10|5|6|6|2|1|5|4|4|5|0|5|1|2|0|7|1|2|0|5|3|1|1|0|2|2|1|4|1|3|2|0|0|2|1|2|1|3|1|0|1|1|1|1|2|0|1|0|0|0|0|0|0|0|0|2|0|0|2|1|1|0|0|0|0|0|1|1|0|0|0|0|0|0|0|0|1|1|0|0|1|2|1|0|0|0|1|0|0|1|0|1|0|0|0|0|1|0|0|0|0|1|0|0|0|1|3|0|0|0|0|0|0|2|0|0|0|0|0|0|2|1|1|0|0|1|0|0|0|0|1|1|1|1|0|0|0|1|0|1|0|0|0|0|1|1|1|0|0|1|1|0|0|1|0|2|0|0|1|2|0|1|1|2|1|1|1|1|0|0|1|0|2|1|2|0|1|0|3|1|2|1|0|3|1|0|0|2|0|2|0|0|1|0|0|0|0|0|1|0|0|0|0|0|1</HistCounts>
      </HistItem>
    </Histograms>
    <Metadata>
      <MDI key="STATISTICS_MINIMUM">268</MDI>
      <MDI key="STATISTICS_MAXIMUM">1889</MDI>
      <MDI key="STATISTICS_MEAN">813.26666666667</MDI>
      <MDI key="STATISTICS_STDDEV">486.97466965838</MDI>
      <MDI key="STATISTICS_VALID_PERCENT">100</MDI>
    </Metadata>
  </PAMRasterBand>
</PAMDataset>
