<PAMDataset>
  <PAMRasterBand band="1">
    <Histograms>
      <HistItem>
        <HistMin>268.5023255813953</HistMin>
        <HistMax>483.4976744186047</HistMax>
        <BucketCount>215</BucketCount>
        <IncludeOutOfRange>0</IncludeOutOfRange>
        <Approximate>0</Approximate>
        <HistCounts>1|1|1|0|1|2|1|0|0|1|1|0|2|1|1|1|1|0|2|5|3|1|3|3|2|5|2|0|4|1|4|4|3|2|4|1|7|2|3|1|4|1|0|3|1|2|2|1|1|3|0|1|0|0|1|2|2|1|2|1|0|1|0|0|1|3|1|1|1|1|1|3|2|0|2|1|3|2|1|0|0|0|0|0|2|1|2|3|0|1|0|4|1|1|1|5|0|4|3|4|2|2|1|1|2|3|2|2|0|1|0|1|0|3|2|0|0|1|1|1|1|0|0|0|0|1|1|0|0|0|1|0|1|2|0|0|1|1|0|2|2|0|0|1|1|0|0|2|0|1|0|1|0|0|1|0|0|1|0|0|2|0|1|0|0|1|0|1|0|1|1|2|0|0|0|1|0|0|0|1|1|0|1|0|0|0|0|0|0|0|0|0|0|0|0|0|0|0|1|0|0|1|1|0|0|0|0|0|0|0|0|0|0|0|2</HistCounts>
      </HistItem>
    </Histograms>
    <Metadata>
      <MDI key="STATISTICS_MINIMUM">269</MDI>
      <MDI key="STATISTICS_MAXIMUM">483</MDI>
      <MDI key="STATISTICS_MEAN">343.57777777778</MDI>
      <MDI key="STATISTICS_STDDEV">49.724435704921</MDI>
      <MDI key="STATISTICS_VALID_PERCENT">100</MDI>
    </Metadata>
  </PAMRasterBand>
  <PAMRasterBand band="2">
    <Histograms>
      <HistItem>
        <HistMin>200.5027173913043</HistMin>
        <HistMax>384.4972826086956</HistMax>
        <BucketCount>184</BucketCount>
        <IncludeOutOfRange>0</IncludeOutOfRange>
        <Approximate>0</Approximate>
        <HistCounts>2|1|3|0|0|2|3|0|2|3|2|2|3|5|1|3|5|5|1|4|4|2|1|5|4|4|3|2|1|4|3|3|2|1|1|4|3|1|2|0|0|0|0|1|1|2|2|2|0|0|1|0|0|0|0|1|0|1|0|0|2|0|0|0|0|0|0|2|0|0|0|1|0|1|1|1|1|0|0|0|2|1|2|2|1|0|1|3|2|5|1|0|2|4|2|2|0|3|1|7|1|1|1|2|3|1|6|0|0|4|4|3|1|3|1|5|0|0|1|0|1|2|0|2|1|0|0|2|1|0|1|1|2|1|2|0|0|1|0|3|2|0|2|0|1|0|0|0|0|0|0|0|0|0|0|0|0|0|0|0|0|0|0|0|0|0|0|1|0|0|0|0|0|2|0|0|0|0|0|0|1|0|0|1</HistCounts>
      </HistItem>
    </Histograms>
    <Metadata>
      <MDI key="STATISTICS_MINIMUM">201</MDI>
      <MDI key="STATISTICS_MAXIMUM">384</MDI>
      <MDI key="STATISTICS_MEAN">267.79555555556</MDI>
      <MDI key="STATISTICS_STDDEV">46.410084898079</MDI>
      <MDI key="STATISTICS_VALID_PERCENT">100</MDI>
    </Metadata>
  </PAMRasterBand>
  <PAMRasterBand band="3">
    <Histograms>
      <HistItem>
        <HistMin>170.4511111111111</HistMin>
        <HistMax>418.5488888888889</HistMax>
        <BucketCount>225</BucketCount>
        <IncludeOutOfRange>0</IncludeOutOfRange>
        <Approximate>0</Approximate>
        <HistCounts>3|0|2|1|0|3|0|2|1|0|2|1|1|1|0|2|9|3|5|4|3|6|5|0|3|2|2|5|4|6|4|3|1|3|3|0|2|1|0|1|1|1|2|1|0|1|0|0|0|1|1|0|0|1|1|0|0|0|2|1|0|0|0|0|1|2|0|0|0|1|0|0|0|0|0|0|0|0|0|0|0|1|0|1|1|0|0|1|0|0|0|1|0|0|0|0|0|0|1|0|1|0|2|0|0|0|0|0|0|0|0|0|0|1|0|1|1|1|0|0|0|2|0|0|1|0|0|1|0|0|0|1|0|0|2|1|1|0|1|0|3|5|2|0|4|3|0|2|3|1|2|2|0|3|3|3|1|3|3|3|3|1|3|0|1|0|5|1|2|3|5|2|1|2|1|2|3|1|0|0|3|0|0|0|0|1|0|0|0|0|0|0|0|0|1|0|0|0|0|0|0|0|1|0|0|0|0|0|0|1|0|0|0|0|0|0|1|0|0|0|0|0|0|0|1</HistCounts>
      </HistItem>
    </Histograms>
    <Metadata>
      <MDI key="STATISTICS_MINIMUM">171</MDI>
      <MDI key="STATISTICS_MAXIMUM">418</MDI>
      <MDI key="STATISTICS_MEAN">269.87555555556</MDI>
      <MDI key="STATISTICS_STDDEV">73.181798452152</MDI>
      <MDI key="STATISTICS_VALID_PERCENT">100</MDI>
    </Metadata>
  </PAMRasterBand>
</PAMDataset>
