<PAMDataset>
  <PAMRasterBand band="1">
    <Histograms>
      <HistItem>
        <HistMin>373.6933333333333</HistMin>
        <HistMax>964.3066666666666</HistMax>
        <BucketCount>225</BucketCount>
        <IncludeOutOfRange>0</IncludeOutOfRange>
        <Approximate>0</Approximate>
        <HistCounts>1|0|0|1|0|0|1|0|0|0|0|0|0|1|0|0|0|0|1|0|0|0|0|0|0|0|0|0|0|0|0|0|0|1|0|0|0|0|0|0|0|0|0|0|0|0|0|0|0|0|0|0|0|0|0|0|0|0|0|0|0|0|0|0|0|0|0|0|0|0|1|0|1|0|0|0|1|0|0|0|0|0|0|0|0|0|0|0|0|0|1|1|0|0|0|0|0|0|0|0|2|0|0|0|0|0|0|0|0|0|1|1|0|0|0|2|0|0|1|2|1|0|0|0|1|0|0|3|2|4|3|5|6|13|16|11|13|6|15|11|2|11|10|4|4|2|3|3|0|4|3|2|2|0|0|1|0|0|1|0|2|0|3|1|1|0|2|0|1|0|2|2|0|0|2|0|2|1|0|0|0|1|2|0|2|0|0|1|0|1|1|0|0|0|1|0|0|1|0|2|0|2|0|0|0|0|0|1|1|0|0|2|1|1|2|0|0|0|0|1|0|0|0|0|1</HistCounts>
      </HistItem>
    </Histograms>
    <Metadata>
      <MDI key="STATISTICS_MINIMUM">375</MDI>
      <MDI key="STATISTICS_MAXIMUM">963</MDI>
      <MDI key="STATISTICS_MEAN">745.88444444444</MDI>
      <MDI key="STATISTICS_STDDEV">85.413269735525</MDI>
      <MDI key="STATISTICS_VALID_PERCENT">100</MDI>
    </Metadata>
  </PAMRasterBand>
  <PAMRasterBand band="2">
    <Histograms>
      <HistItem>
        <HistMin>210.62</HistMin>
        <HistMax>834.38</HistMax>
        <BucketCount>225</BucketCount>
        <IncludeOutOfRange>0</IncludeOutOfRange>
        <Approximate>0</Approximate>
        <HistCounts>2|0|0|0|1|0|0|0|0|1|0|0|0|1|0|0|0|0|0|0|0|0|0|1|0|0|0|0|0|0|0|0|0|0|0|0|0|0|0|0|0|0|0|0|0|0|0|0|1|0|0|0|0|0|0|0|0|0|1|0|0|0|0|0|0|0|0|0|0|1|0|0|0|0|0|0|0|0|0|0|0|0|1|0|0|0|0|0|1|0|0|0|0|0|0|0|0|0|0|0|0|0|0|0|0|0|0|0|0|1|0|0|0|0|0|0|1|0|0|0|0|0|0|0|0|0|0|0|0|0|0|1|0|0|0|0|0|0|0|0|0|1|0|0|1|0|0|0|0|0|1|0|0|1|0|0|0|0|1|0|1|0|0|0|0|0|2|0|0|0|0|1|0|0|0|1|4|0|3|2|2|3|2|4|1|4|6|1|4|1|4|1|5|3|3|3|1|3|8|4|1|3|5|9|3|5|4|7|8|7|12|11|9|6|12|12|3|2|4|4|1|0|0|0|1</HistCounts>
      </HistItem>
    </Histograms>
    <Metadata>
      <MDI key="STATISTICS_MINIMUM">212</MDI>
      <MDI key="STATISTICS_MAXIMUM">833</MDI>
      <MDI key="STATISTICS_MEAN">742.40888888889</MDI>
      <MDI key="STATISTICS_STDDEV">110.77349025471</MDI>
      <MDI key="STATISTICS_VALID_PERCENT">100</MDI>
    </Metadata>
  </PAMRasterBand>
  <PAMRasterBand band="3">
    <Histograms>
      <HistItem>
        <HistMin>205.54</HistMin>
        <HistMax>1317.46</HistMax>
        <BucketCount>225</BucketCount>
        <IncludeOutOfRange>0</IncludeOutOfRange>
        <Approximate>0</Approximate>
        <HistCounts>1|0|2|0|0|0|0|0|0|0|0|0|1|1|0|0|0|0|0|1|0|0|0|0|0|0|0|0|0|0|0|0|0|0|1|0|0|0|0|0|0|0|0|0|0|0|0|0|1|1|0|0|0|0|0|0|0|0|0|0|0|1|0|0|0|0|1|0|0|0|0|0|0|0|0|0|0|0|0|0|1|0|0|0|0|1|0|0|0|0|0|0|0|0|0|0|0|0|0|0|0|1|1|0|0|0|0|0|0|1|0|0|0|0|1|0|1|0|1|0|0|0|0|0|0|0|0|0|1|0|0|0|1|0|0|0|0|1|0|0|0|0|0|1|0|1|0|0|0|1|2|2|3|1|0|1|2|0|1|0|1|3|1|2|3|1|1|0|5|1|4|1|1|2|0|2|1|3|2|2|3|4|1|2|1|1|3|4|4|4|3|4|9|9|15|13|9|11|12|6|3|9|6|7|5|2|0|0|0|0|0|0|0|0|0|0|1|0|0|0|0|0|0|0|1</HistCounts>
      </HistItem>
    </Histograms>
    <Metadata>
      <MDI key="STATISTICS_MINIMUM">208</MDI>
      <MDI key="STATISTICS_MAXIMUM">1315</MDI>
      <MDI key="STATISTICS_MEAN">1076.7866666667</MDI>
      <MDI key="STATISTICS_STDDEV">200.70798865793</MDI>
      <MDI key="STATISTICS_VALID_PERCENT">100</MDI>
    </Metadata>
  </PAMRasterBand>
</PAMDataset>
