<PAMDataset>
  <PAMRasterBand band="1">
    <Histograms>
      <HistItem>
        <HistMin>275.5027322404372</HistMin>
        <HistMax>458.4972677595628</HistMax>
        <BucketCount>183</BucketCount>
        <IncludeOutOfRange>0</IncludeOutOfRange>
        <Approximate>0</Approximate>
        <HistCounts>2|1|0|2|0|0|0|0|0|3|1|2|1|1|1|2|1|4|3|1|5|1|2|2|4|3|5|2|2|3|3|3|5|3|5|3|6|3|3|5|1|5|6|4|4|4|7|2|4|4|3|4|5|4|5|4|4|2|2|2|1|1|2|2|2|3|5|1|1|1|3|2|3|1|2|0|1|4|1|0|1|1|1|0|0|0|0|0|0|0|0|0|0|0|0|0|1|0|0|1|0|0|0|0|0|0|1|0|2|0|0|0|0|0|0|0|0|0|0|0|0|1|0|0|1|1|0|0|0|0|1|1|0|0|1|0|0|0|0|0|0|0|0|0|0|0|1|0|0|0|0|0|0|1|0|0|0|1|0|0|1|0|0|0|0|0|0|0|1|0|0|0|0|0|0|0|0|0|0|0|0|0|1</HistCounts>
      </HistItem>
    </Histograms>
    <Metadata>
      <MDI key="STATISTICS_MINIMUM">276</MDI>
      <MDI key="STATISTICS_MAXIMUM">458</MDI>
      <MDI key="STATISTICS_MEAN">325.07111111111</MDI>
      <MDI key="STATISTICS_STDDEV">30.564384663797</MDI>
      <MDI key="STATISTICS_VALID_PERCENT">100</MDI>
    </Metadata>
  </PAMRasterBand>
  <PAMRasterBand band="2">
    <Histograms>
      <HistItem>
        <HistMin>211.5024509803922</HistMin>
        <HistMax>415.4975490196078</HistMax>
        <BucketCount>204</BucketCount>
        <IncludeOutOfRange>0</IncludeOutOfRange>
        <Approximate>0</Approximate>
        <HistCounts>2|0|2|0|0|0|0|2|0|0|0|1|3|1|0|0|2|2|4|1|5|3|2|3|3|7|3|2|3|8|10|10|7|6|7|8|5|5|3|6|1|8|3|4|5|5|6|3|4|4|2|6|3|1|2|0|1|4|4|1|1|0|2|1|0|2|0|0|0|1|2|1|1|1|0|0|0|0|0|0|0|0|0|0|0|2|0|0|0|0|0|0|0|0|0|1|1|0|0|0|0|0|0|0|0|0|1|2|0|0|0|1|1|1|0|0|0|0|0|0|1|0|0|0|0|0|0|0|0|0|0|0|0|0|1|0|0|0|0|0|1|0|0|0|0|0|0|0|0|1|1|0|0|0|0|1|0|0|0|0|0|0|0|0|0|0|0|0|0|0|0|0|0|1|0|0|1|0|0|0|0|1|0|0|0|0|0|0|0|0|0|0|0|0|0|0|0|0|0|0|0|0|0|1</HistCounts>
      </HistItem>
    </Histograms>
    <Metadata>
      <MDI key="STATISTICS_MINIMUM">212</MDI>
      <MDI key="STATISTICS_MAXIMUM">415</MDI>
      <MDI key="STATISTICS_MEAN">256.81333333333</MDI>
      <MDI key="STATISTICS_STDDEV">31.496466115705</MDI>
      <MDI key="STATISTICS_VALID_PERCENT">100</MDI>
    </Metadata>
  </PAMRasterBand>
  <PAMRasterBand band="3">
    <Histograms>
      <HistItem>
        <HistMin>197.3377777777778</HistMin>
        <HistMax>496.6622222222222</HistMax>
        <BucketCount>225</BucketCount>
        <IncludeOutOfRange>0</IncludeOutOfRange>
        <Approximate>0</Approximate>
        <HistCounts>1|0|0|0|1|0|1|1|5|3|2|3|3|1|7|2|5|8|2|3|17|6|3|8|5|4|6|3|3|8|4|6|8|5|2|10|3|1|9|0|1|5|2|1|6|4|0|4|1|0|0|2|0|0|0|2|2|0|0|0|0|1|2|0|0|0|0|1|2|1|0|1|1|0|1|0|1|0|0|0|1|0|0|0|0|1|2|0|0|0|0|0|1|0|0|0|0|1|1|0|0|0|0|0|0|0|0|0|0|0|0|1|1|0|0|1|0|0|1|0|0|0|0|0|0|0|3|0|0|0|0|0|0|0|0|1|0|0|1|0|0|0|0|0|0|0|0|0|0|0|0|0|0|1|0|0|0|0|1|1|0|0|0|0|0|0|0|0|1|0|0|0|0|0|0|0|0|0|1|0|0|0|0|0|0|0|0|0|1|0|0|0|0|0|1|0|0|0|0|0|0|0|0|0|0|0|0|1|0|0|0|0|0|0|0|0|0|0|0|0|0|0|0|0|1</HistCounts>
      </HistItem>
    </Histograms>
    <Metadata>
      <MDI key="STATISTICS_MINIMUM">198</MDI>
      <MDI key="STATISTICS_MAXIMUM">496</MDI>
      <MDI key="STATISTICS_MEAN">252.52</MDI>
      <MDI key="STATISTICS_STDDEV">50.947125532261</MDI>
      <MDI key="STATISTICS_VALID_PERCENT">100</MDI>
    </Metadata>
  </PAMRasterBand>
</PAMDataset>
