<PAMDataset>
  <PAMRasterBand band="1">
    <Histograms>
      <HistItem>
        <HistMin>291.5037313432836</HistMin>
        <HistMax>425.4962686567164</HistMax>
        <BucketCount>134</BucketCount>
        <IncludeOutOfRange>0</IncludeOutOfRange>
        <Approximate>0</Approximate>
        <HistCounts>1|0|0|0|0|0|0|1|0|2|2|2|1|3|2|2|2|3|2|2|2|4|2|5|6|2|3|6|8|5|1|9|4|8|6|3|3|5|4|6|9|6|6|1|4|5|8|7|7|2|3|3|0|4|4|1|5|1|2|2|0|4|2|0|1|1|2|2|0|1|1|1|0|2|0|0|0|0|2|0|1|0|1|0|0|0|0|0|0|0|0|0|0|1|0|2|0|0|0|0|0|0|0|0|0|0|0|0|1|0|0|0|0|0|0|0|0|1|0|0|0|0|0|0|0|0|0|1|0|0|0|0|0|1</HistCounts>
      </HistItem>
    </Histograms>
    <Metadata>
      <MDI key="STATISTICS_MINIMUM">292</MDI>
      <MDI key="STATISTICS_MAXIMUM">425</MDI>
      <MDI key="STATISTICS_MEAN">332.45777777778</MDI>
      <MDI key="STATISTICS_STDDEV">20.003760634095</MDI>
      <MDI key="STATISTICS_VALID_PERCENT">100</MDI>
    </Metadata>
  </PAMRasterBand>
  <PAMRasterBand band="2">
    <Histograms>
      <HistItem>
        <HistMin>227.5043103448276</HistMin>
        <HistMax>343.4956896551724</HistMax>
        <BucketCount>116</BucketCount>
        <IncludeOutOfRange>0</IncludeOutOfRange>
        <Approximate>0</Approximate>
        <HistCounts>3|2|1|0|3|1|2|1|5|1|4|3|2|3|2|5|8|6|5|4|2|5|7|2|10|8|8|6|8|7|11|7|8|5|0|4|3|1|3|4|5|5|4|2|5|3|2|2|2|1|2|2|3|0|0|3|2|0|1|1|0|1|0|0|0|1|1|0|1|0|1|0|0|0|0|0|0|0|1|0|0|0|0|1|1|0|0|0|0|0|0|0|0|1|0|0|0|0|0|0|0|0|0|0|0|0|0|0|0|0|0|0|0|0|0|1</HistCounts>
      </HistItem>
    </Histograms>
    <Metadata>
      <MDI key="STATISTICS_MINIMUM">228</MDI>
      <MDI key="STATISTICS_MAXIMUM">343</MDI>
      <MDI key="STATISTICS_MEAN">257.81777777778</MDI>
      <MDI key="STATISTICS_STDDEV">16.901220059693</MDI>
      <MDI key="STATISTICS_VALID_PERCENT">100</MDI>
    </Metadata>
  </PAMRasterBand>
  <PAMRasterBand band="3">
    <Histograms>
      <HistItem>
        <HistMin>200.5029069767442</HistMin>
        <HistMax>372.4970930232558</HistMax>
        <BucketCount>172</BucketCount>
        <IncludeOutOfRange>0</IncludeOutOfRange>
        <Approximate>0</Approximate>
        <HistCounts>1|1|0|2|2|0|2|0|2|2|1|1|1|3|3|2|3|3|1|3|4|1|2|3|6|5|8|4|10|8|10|8|5|4|9|5|8|5|2|6|6|4|4|2|3|2|2|1|0|3|3|2|2|2|5|0|1|4|1|1|2|4|0|2|1|1|3|0|2|1|1|0|3|0|1|1|1|0|0|0|0|0|0|1|0|1|0|0|1|0|0|1|0|0|0|0|0|0|0|0|0|0|0|0|0|1|0|0|0|0|0|0|0|0|0|0|0|0|1|0|0|0|0|0|0|1|0|0|0|0|0|0|0|0|0|0|0|0|0|0|0|0|0|0|0|0|0|0|0|0|0|0|0|0|0|0|0|0|0|0|0|0|0|0|0|0|0|0|0|0|0|1</HistCounts>
      </HistItem>
    </Histograms>
    <Metadata>
      <MDI key="STATISTICS_MINIMUM">201</MDI>
      <MDI key="STATISTICS_MAXIMUM">372</MDI>
      <MDI key="STATISTICS_MEAN">238.74222222222</MDI>
      <MDI key="STATISTICS_STDDEV">21.645122508202</MDI>
      <MDI key="STATISTICS_VALID_PERCENT">100</MDI>
    </Metadata>
  </PAMRasterBand>
</PAMDataset>
