<PAMDataset>
  <PAMRasterBand band="1">
    <Histograms>
      <HistItem>
        <HistMin>262.5036231884058</HistMin>
        <HistMax>400.4963768115942</HistMax>
        <BucketCount>138</BucketCount>
        <IncludeOutOfRange>0</IncludeOutOfRange>
        <Approximate>0</Approximate>
        <HistCounts>1|1|0|1|0|0|2|1|2|0|1|2|1|1|1|1|2|1|1|3|4|2|4|5|4|4|2|4|2|8|6|2|1|4|1|4|6|2|3|3|3|2|4|4|5|3|2|0|5|1|3|2|0|0|3|1|1|1|1|1|1|2|0|3|1|1|0|2|0|2|2|2|3|3|1|1|1|4|0|3|2|3|1|2|1|4|2|2|2|0|3|3|1|1|0|1|2|0|1|1|0|4|2|2|0|0|0|1|1|2|1|2|0|2|0|1|2|0|0|0|1|1|0|0|1|0|0|0|0|0|0|0|0|0|1|1|0|1</HistCounts>
      </HistItem>
    </Histograms>
    <Metadata>
      <MDI key="STATISTICS_MINIMUM">263</MDI>
      <MDI key="STATISTICS_MAXIMUM">400</MDI>
      <MDI key="STATISTICS_MEAN">317.60888888889</MDI>
      <MDI key="STATISTICS_STDDEV">31.892986496318</MDI>
      <MDI key="STATISTICS_VALID_PERCENT">100</MDI>
    </Metadata>
  </PAMRasterBand>
  <PAMRasterBand band="2">
    <Histograms>
      <HistItem>
        <HistMin>205.5035460992908</HistMin>
        <HistMax>346.4964539007092</HistMax>
        <BucketCount>141</BucketCount>
        <IncludeOutOfRange>0</IncludeOutOfRange>
        <Approximate>0</Approximate>
        <HistCounts>1|0|1|0|0|0|0|0|2|3|0|0|1|1|1|4|3|2|3|2|2|3|5|6|6|6|3|4|6|6|6|5|2|3|2|2|3|2|1|4|3|2|5|0|2|1|1|0|2|1|1|2|1|1|2|0|2|1|0|4|2|2|1|2|1|0|0|2|1|1|5|1|2|1|2|2|0|4|3|0|1|4|2|0|2|1|2|0|2|4|6|5|2|1|0|2|5|1|1|2|1|0|1|1|0|2|1|0|0|1|0|1|1|1|1|0|0|1|1|1|1|0|2|0|0|0|0|0|0|0|0|0|0|0|0|0|0|0|0|0|1</HistCounts>
      </HistItem>
    </Histograms>
    <Metadata>
      <MDI key="STATISTICS_MINIMUM">206</MDI>
      <MDI key="STATISTICS_MAXIMUM">346</MDI>
      <MDI key="STATISTICS_MEAN">260</MDI>
      <MDI key="STATISTICS_STDDEV">31.667438587083</MDI>
      <MDI key="STATISTICS_VALID_PERCENT">100</MDI>
    </Metadata>
  </PAMRasterBand>
  <PAMRasterBand band="3">
    <Histograms>
      <HistItem>
        <HistMin>252.5025</HistMin>
        <HistMax>452.4975</HistMax>
        <BucketCount>200</BucketCount>
        <IncludeOutOfRange>0</IncludeOutOfRange>
        <Approximate>0</Approximate>
        <HistCounts>1|0|0|0|0|1|0|1|1|0|0|0|0|0|1|0|0|1|1|1|0|0|0|1|2|2|0|2|0|1|1|0|1|1|0|2|0|1|2|2|4|3|0|0|3|0|1|4|2|2|4|2|6|3|4|5|3|5|3|4|5|3|5|2|1|3|0|1|0|3|1|1|2|1|2|1|1|4|4|1|1|0|1|1|0|0|1|2|5|1|1|1|3|1|3|4|0|2|2|0|1|4|0|3|3|3|1|1|7|1|1|2|4|4|1|1|2|1|3|2|0|1|1|0|1|0|0|2|0|3|2|1|0|0|0|0|0|0|0|0|0|0|2|1|1|1|1|0|1|0|0|2|0|1|1|0|1|0|1|0|0|0|0|0|0|0|0|0|1|0|0|0|0|0|0|0|0|0|0|0|0|0|0|0|0|0|0|0|0|0|0|0|0|0|0|0|0|0|0|1</HistCounts>
      </HistItem>
    </Histograms>
    <Metadata>
      <MDI key="STATISTICS_MINIMUM">253</MDI>
      <MDI key="STATISTICS_MAXIMUM">452</MDI>
      <MDI key="STATISTICS_MEAN">331.58222222222</MDI>
      <MDI key="STATISTICS_STDDEV">35.971268095454</MDI>
      <MDI key="STATISTICS_VALID_PERCENT">100</MDI>
    </Metadata>
  </PAMRasterBand>
</PAMDataset>
