<PAMDataset>
  <PAMRasterBand band="1">
    <Histograms>
      <HistItem>
        <HistMin>301.66</HistMin>
        <HistMax>907.34</HistMax>
        <BucketCount>225</BucketCount>
        <IncludeOutOfRange>0</IncludeOutOfRange>
        <Approximate>0</Approximate>
        <HistCounts>1|2|1|2|3|0|6|3|0|3|2|1|2|1|6|2|1|1|1|0|0|1|1|3|1|1|3|1|1|0|1|1|0|2|1|2|3|0|1|3|1|0|0|0|3|1|3|2|3|3|1|3|5|4|5|2|4|2|6|8|1|4|3|2|3|1|4|1|1|0|0|1|0|1|1|0|0|1|1|0|0|1|0|0|0|1|0|0|0|0|0|0|0|0|0|0|0|0|1|0|1|0|0|0|1|0|0|0|0|0|0|0|0|0|1|0|0|0|0|1|0|0|0|1|0|1|0|0|0|0|1|0|2|0|0|0|1|0|0|0|0|0|0|0|0|0|1|0|0|2|0|4|0|1|0|2|0|0|0|1|1|0|1|0|1|0|1|0|2|0|1|0|1|2|0|1|1|0|0|1|0|1|0|0|0|1|2|1|2|2|0|0|4|1|0|2|2|4|1|2|0|2|0|0|0|2|2|4|2|2|2|0|0|0|1|0|0|0|0|0|0|0|0|0|1</HistCounts>
      </HistItem>
    </Histograms>
    <Metadata>
      <MDI key="STATISTICS_MINIMUM">303</MDI>
      <MDI key="STATISTICS_MAXIMUM">906</MDI>
      <MDI key="STATISTICS_MEAN">537.81333333333</MDI>
      <MDI key="STATISTICS_STDDEV">187.11052182541</MDI>
      <MDI key="STATISTICS_VALID_PERCENT">100</MDI>
    </Metadata>
  </PAMRasterBand>
  <PAMRasterBand band="2">
    <Histograms>
      <HistItem>
        <HistMin>333.4066666666667</HistMin>
        <HistMax>1053.593333333333</HistMax>
        <BucketCount>225</BucketCount>
        <IncludeOutOfRange>0</IncludeOutOfRange>
        <Approximate>0</Approximate>
        <HistCounts>2|1|4|1|6|10|7|14|13|13|9|3|9|12|4|5|2|6|3|1|0|0|0|1|0|0|2|0|0|0|0|0|0|1|0|1|0|0|1|1|0|0|0|1|0|0|0|0|0|0|0|1|1|0|2|0|0|0|0|0|0|0|0|0|1|0|1|0|0|0|0|0|1|0|0|0|0|0|0|0|1|0|1|0|0|0|0|0|0|0|0|0|0|0|0|0|0|0|1|1|0|0|0|0|0|2|0|0|1|0|0|0|0|0|0|1|0|0|0|0|0|0|1|0|1|0|1|1|2|0|1|1|0|0|1|1|0|2|0|0|0|0|0|0|0|0|1|0|1|1|1|0|0|2|0|2|0|0|0|1|1|1|2|0|0|0|0|2|1|0|1|1|0|0|0|0|1|0|0|0|1|2|3|0|1|0|1|0|0|1|1|1|1|2|1|1|1|1|4|2|0|1|1|2|0|0|1|1|0|1|1|1|2|0|3|2|1|0|1|1|0|1|0|1|1</HistCounts>
      </HistItem>
    </Histograms>
    <Metadata>
      <MDI key="STATISTICS_MINIMUM">335</MDI>
      <MDI key="STATISTICS_MAXIMUM">1052</MDI>
      <MDI key="STATISTICS_MEAN">569.47555555556</MDI>
      <MDI key="STATISTICS_STDDEV">258.92022036446</MDI>
      <MDI key="STATISTICS_VALID_PERCENT">100</MDI>
    </Metadata>
  </PAMRasterBand>
  <PAMRasterBand band="3">
    <Histograms>
      <HistItem>
        <HistMin>361.24</HistMin>
        <HistMax>1608.76</HistMax>
        <BucketCount>225</BucketCount>
        <IncludeOutOfRange>0</IncludeOutOfRange>
        <Approximate>0</Approximate>
        <HistCounts>3|8|2|2|5|4|4|5|3|8|6|3|7|4|3|6|4|1|4|4|3|4|1|3|1|4|1|2|1|3|1|3|2|2|4|1|0|0|1|0|0|0|1|1|1|1|0|0|0|0|1|1|0|0|0|0|2|0|0|0|0|0|2|0|0|0|0|0|0|1|0|0|1|0|1|0|0|0|1|0|0|1|0|0|0|0|0|0|0|0|0|1|0|0|1|1|0|0|0|0|0|0|0|0|1|0|0|0|0|0|0|0|0|1|0|0|0|0|0|0|2|1|0|0|0|1|0|1|1|0|0|0|2|1|1|0|1|1|0|1|0|1|1|0|0|0|1|0|0|1|1|0|0|2|0|0|1|0|2|0|0|0|1|2|0|0|1|0|2|0|1|0|1|1|0|1|0|0|1|1|0|0|0|0|0|0|0|2|1|0|0|0|1|0|1|3|2|0|0|1|0|2|0|0|2|2|0|4|2|2|0|1|2|0|5|2|4|1|2|1|1|1|1|0|1</HistCounts>
      </HistItem>
    </Histograms>
    <Metadata>
      <MDI key="STATISTICS_MINIMUM">364</MDI>
      <MDI key="STATISTICS_MAXIMUM">1606</MDI>
      <MDI key="STATISTICS_MEAN">812.39111111111</MDI>
      <MDI key="STATISTICS_STDDEV">452.28784139809</MDI>
      <MDI key="STATISTICS_VALID_PERCENT">100</MDI>
    </Metadata>
  </PAMRasterBand>
</PAMDataset>
