<PAMDataset>
  <PAMRasterBand band="1">
    <Histograms>
      <HistItem>
        <HistMin>319.98</HistMin>
        <HistMax>781.02</HistMax>
        <BucketCount>225</BucketCount>
        <IncludeOutOfRange>0</IncludeOutOfRange>
        <Approximate>0</Approximate>
        <HistCounts>1|0|0|1|1|0|1|1|1|3|7|6|4|6|7|6|4|5|4|7|4|2|7|3|2|5|8|3|1|2|1|5|3|0|1|4|0|2|4|1|1|2|3|2|1|1|1|1|1|2|0|1|2|3|3|1|0|2|1|0|1|1|2|2|0|1|1|2|3|0|0|1|1|1|0|2|1|1|1|1|2|1|0|0|0|2|1|2|0|1|0|2|0|2|0|0|0|2|1|0|0|0|2|1|1|0|1|1|1|0|0|2|0|1|1|0|1|0|1|0|0|0|2|0|0|1|0|0|0|0|1|0|0|0|1|1|0|1|1|0|1|1|0|0|1|1|0|1|1|1|0|1|1|1|0|1|0|0|0|0|0|0|0|1|0|0|0|0|0|0|0|1|0|0|0|0|0|0|0|0|0|0|0|0|0|0|0|0|0|0|0|0|0|0|1|0|0|0|0|0|0|0|0|0|0|0|0|0|0|0|0|0|0|0|0|0|0|0|0|0|0|0|0|0|1</HistCounts>
      </HistItem>
    </Histograms>
    <Metadata>
      <MDI key="STATISTICS_MINIMUM">321</MDI>
      <MDI key="STATISTICS_MAXIMUM">780</MDI>
      <MDI key="STATISTICS_MEAN">426.70666666667</MDI>
      <MDI key="STATISTICS_STDDEV">90.015816881751</MDI>
      <MDI key="STATISTICS_VALID_PERCENT">100</MDI>
    </Metadata>
  </PAMRasterBand>
  <PAMRasterBand band="2">
    <Histograms>
      <HistItem>
        <HistMin>261.9311111111111</HistMin>
        <HistMax>745.0688888888889</HistMax>
        <BucketCount>225</BucketCount>
        <IncludeOutOfRange>0</IncludeOutOfRange>
        <Approximate>0</Approximate>
        <HistCounts>1|0|1|0|0|2|1|1|3|3|8|7|9|12|8|6|1|8|4|5|5|3|6|2|2|3|6|7|1|1|3|1|3|1|2|1|3|2|1|0|1|2|1|1|1|0|0|4|3|3|3|1|3|0|0|3|1|1|0|0|0|1|0|4|1|0|0|0|2|1|0|0|2|0|1|2|2|1|2|0|1|2|0|0|1|2|2|0|3|0|1|0|0|1|1|1|0|0|0|0|0|0|2|1|1|1|0|0|0|0|0|2|0|0|0|0|0|0|3|0|0|0|1|0|0|0|0|0|1|0|1|0|0|0|1|0|0|0|0|0|0|0|1|2|1|1|0|2|1|1|0|0|0|1|0|0|0|0|1|0|0|1|0|0|0|1|0|0|0|0|0|0|0|0|0|0|0|0|0|0|0|1|0|0|0|0|0|0|0|0|0|0|0|0|1|0|0|0|0|0|0|0|0|0|0|0|0|0|0|0|0|0|0|0|0|0|0|0|0|0|0|0|0|0|1</HistCounts>
      </HistItem>
    </Histograms>
    <Metadata>
      <MDI key="STATISTICS_MINIMUM">263</MDI>
      <MDI key="STATISTICS_MAXIMUM">744</MDI>
      <MDI key="STATISTICS_MEAN">364.26666666667</MDI>
      <MDI key="STATISTICS_STDDEV">93.607976868071</MDI>
      <MDI key="STATISTICS_VALID_PERCENT">100</MDI>
    </Metadata>
  </PAMRasterBand>
  <PAMRasterBand band="3">
    <Histograms>
      <HistItem>
        <HistMin>361.4866666666667</HistMin>
        <HistMax>1045.513333333333</HistMax>
        <BucketCount>225</BucketCount>
        <IncludeOutOfRange>0</IncludeOutOfRange>
        <Approximate>0</Approximate>
        <HistCounts>1|0|0|2|0|2|1|4|6|6|7|13|6|4|5|7|7|1|4|7|2|6|1|2|6|1|4|4|1|2|1|4|0|0|3|2|0|3|1|3|0|1|3|1|1|0|0|2|0|2|2|1|2|2|4|2|3|2|1|0|1|0|0|1|3|0|0|2|0|2|1|2|0|1|0|2|1|1|2|0|0|5|3|0|0|0|1|1|1|2|0|2|2|0|1|1|0|0|1|0|0|2|0|0|0|2|0|1|0|0|0|0|1|0|0|1|1|0|0|0|2|0|0|0|0|0|0|1|0|0|1|1|0|0|0|1|0|1|1|2|1|0|1|0|1|0|0|0|0|0|1|0|0|1|0|0|1|0|0|0|1|0|0|0|0|0|0|0|0|0|0|0|0|1|0|0|0|0|0|0|0|0|0|0|0|0|0|0|0|0|0|1|0|0|0|0|0|0|0|0|0|0|0|0|0|0|0|0|0|0|0|0|0|0|0|0|0|0|0|0|0|0|0|0|1</HistCounts>
      </HistItem>
    </Histograms>
    <Metadata>
      <MDI key="STATISTICS_MINIMUM">363</MDI>
      <MDI key="STATISTICS_MAXIMUM">1044</MDI>
      <MDI key="STATISTICS_MEAN">506.91111111111</MDI>
      <MDI key="STATISTICS_STDDEV">129.62668144796</MDI>
      <MDI key="STATISTICS_VALID_PERCENT">100</MDI>
    </Metadata>
  </PAMRasterBand>
</PAMDataset>
