<PAMDataset>
  <PAMRasterBand band="1">
    <Histograms>
      <HistItem>
        <HistMin>286.5023255813953</HistMin>
        <HistMax>501.4976744186047</HistMax>
        <BucketCount>215</BucketCount>
        <IncludeOutOfRange>0</IncludeOutOfRange>
        <Approximate>0</Approximate>
        <HistCounts>1|0|0|0|0|0|0|0|1|1|2|3|2|1|2|2|2|7|4|3|2|3|1|5|2|2|2|5|1|6|2|7|3|5|2|6|1|3|3|3|2|4|6|1|3|0|6|4|3|5|5|2|3|3|2|1|3|2|0|1|0|2|1|0|0|0|0|0|0|0|0|1|0|0|2|0|0|0|0|0|0|0|0|0|0|1|1|0|0|1|1|1|1|0|1|3|2|0|0|0|0|0|0|0|1|0|0|2|0|0|0|0|0|1|1|0|0|0|0|0|1|0|0|0|0|0|1|2|0|0|2|1|0|0|0|2|0|0|2|0|0|1|1|0|4|1|1|2|1|0|0|0|0|0|0|1|0|0|2|2|1|1|1|1|0|1|1|2|2|1|0|0|0|1|0|0|1|0|1|2|0|1|1|1|0|0|0|1|0|0|0|1|0|0|0|0|0|0|0|1|0|0|0|0|0|0|0|0|0|0|0|0|0|1|1</HistCounts>
      </HistItem>
    </Histograms>
    <Metadata>
      <MDI key="STATISTICS_MINIMUM">287</MDI>
      <MDI key="STATISTICS_MAXIMUM">501</MDI>
      <MDI key="STATISTICS_MEAN">354.47555555556</MDI>
      <MDI key="STATISTICS_STDDEV">54.27264977482</MDI>
      <MDI key="STATISTICS_VALID_PERCENT">100</MDI>
    </Metadata>
  </PAMRasterBand>
  <PAMRasterBand band="2">
    <Histograms>
      <HistItem>
        <HistMin>232.5023255813954</HistMin>
        <HistMax>447.4976744186047</HistMax>
        <BucketCount>215</BucketCount>
        <IncludeOutOfRange>0</IncludeOutOfRange>
        <Approximate>0</Approximate>
        <HistCounts>1|2|0|1|1|1|1|2|0|2|1|2|2|0|3|5|2|1|6|2|3|5|2|5|5|7|8|5|5|6|5|4|8|3|3|1|4|1|4|4|7|1|2|2|1|1|0|1|1|0|2|2|2|0|1|0|2|1|1|1|0|0|0|0|0|1|0|0|0|0|1|0|1|1|0|0|0|0|1|0|0|0|2|1|1|0|0|0|0|0|2|0|1|0|0|0|1|0|0|0|1|0|1|0|1|0|0|2|0|0|1|0|0|0|0|0|0|0|0|0|0|0|0|1|0|0|2|0|1|3|0|1|0|3|0|0|0|1|0|1|1|0|2|0|0|0|0|0|0|0|0|1|0|0|0|1|1|1|1|3|0|0|0|0|0|0|1|0|1|0|0|1|0|0|0|2|0|2|2|2|2|1|2|1|1|2|0|1|1|0|0|0|1|1|0|0|0|1|0|0|0|0|0|1|0|0|1|0|1|0|1|0|0|1|1</HistCounts>
      </HistItem>
    </Histograms>
    <Metadata>
      <MDI key="STATISTICS_MINIMUM">233</MDI>
      <MDI key="STATISTICS_MAXIMUM">447</MDI>
      <MDI key="STATISTICS_MEAN">300.15111111111</MDI>
      <MDI key="STATISTICS_STDDEV">61.206494289494</MDI>
      <MDI key="STATISTICS_VALID_PERCENT">100</MDI>
    </Metadata>
  </PAMRasterBand>
  <PAMRasterBand band="3">
    <Histograms>
      <HistItem>
        <HistMin>283.2488888888889</HistMin>
        <HistMax>622.7511111111111</HistMax>
        <BucketCount>225</BucketCount>
        <IncludeOutOfRange>0</IncludeOutOfRange>
        <Approximate>0</Approximate>
        <HistCounts>1|0|3|2|0|3|2|2|1|3|3|4|0|10|0|7|3|8|4|7|0|7|4|6|0|4|2|3|11|1|2|3|3|1|5|1|2|2|1|0|1|1|2|0|2|0|0|0|4|0|1|1|0|1|2|1|1|0|0|1|2|0|0|1|0|1|0|2|0|0|2|0|1|2|1|1|1|0|0|0|0|0|0|0|0|0|0|1|0|0|0|0|0|3|0|1|2|0|0|0|0|1|0|1|0|0|1|1|0|1|0|0|0|2|0|1|0|0|0|0|0|1|0|0|0|0|1|0|0|1|0|0|0|0|0|0|2|1|1|0|0|0|0|0|0|1|2|2|0|0|2|0|0|1|1|1|0|0|0|0|0|0|1|2|0|1|2|1|1|0|0|0|0|1|0|0|1|0|1|0|0|1|0|0|0|1|2|1|0|4|1|0|2|1|2|1|2|1|0|3|1|0|0|0|0|0|0|0|0|0|0|1|0|0|0|1|1|1|0|1|0|0|0|0|1</HistCounts>
      </HistItem>
    </Histograms>
    <Metadata>
      <MDI key="STATISTICS_MINIMUM">284</MDI>
      <MDI key="STATISTICS_MAXIMUM">622</MDI>
      <MDI key="STATISTICS_MEAN">389.56</MDI>
      <MDI key="STATISTICS_STDDEV">101.03903404131</MDI>
      <MDI key="STATISTICS_VALID_PERCENT">100</MDI>
    </Metadata>
  </PAMRasterBand>
</PAMDataset>
