<PAMDataset>
  <PAMRasterBand band="1">
    <Histograms>
      <HistItem>
        <HistMin>227.5034013605442</HistMin>
        <HistMax>374.4965986394558</HistMax>
        <BucketCount>147</BucketCount>
        <IncludeOutOfRange>0</IncludeOutOfRange>
        <Approximate>0</Approximate>
        <HistCounts>1|0|1|0|0|1|2|1|1|0|0|2|0|0|0|0|2|0|2|0|2|1|2|3|0|0|2|0|0|0|0|1|0|2|0|1|2|2|1|1|1|2|2|3|1|0|2|0|3|1|5|5|0|5|2|2|0|2|2|4|1|0|2|0|0|3|1|2|3|4|3|1|2|5|5|5|2|5|5|2|4|3|1|4|3|1|4|6|4|5|2|1|3|5|1|4|2|1|4|3|2|2|1|3|1|1|2|6|5|0|0|1|3|0|0|2|1|1|0|2|0|0|1|1|1|0|0|1|0|0|0|0|0|0|0|0|0|0|0|0|0|0|0|0|0|0|1</HistCounts>
      </HistItem>
    </Histograms>
    <Metadata>
      <MDI key="STATISTICS_MINIMUM">228</MDI>
      <MDI key="STATISTICS_MAXIMUM">374</MDI>
      <MDI key="STATISTICS_MEAN">299.77333333333</MDI>
      <MDI key="STATISTICS_STDDEV">29.13107847872</MDI>
      <MDI key="STATISTICS_VALID_PERCENT">100</MDI>
    </Metadata>
  </PAMRasterBand>
  <PAMRasterBand band="2">
    <Histograms>
      <HistItem>
        <HistMin>176.5037313432836</HistMin>
        <HistMax>310.4962686567164</HistMax>
        <BucketCount>134</BucketCount>
        <IncludeOutOfRange>0</IncludeOutOfRange>
        <Approximate>0</Approximate>
        <HistCounts>1|1|2|1|0|3|0|0|0|1|1|0|2|2|3|1|0|1|2|2|1|1|3|1|1|0|3|2|1|0|0|1|2|1|2|1|2|2|2|3|3|2|1|3|3|3|2|4|4|6|2|3|2|1|2|3|3|3|0|2|5|2|7|4|4|3|3|4|5|2|2|8|3|2|5|6|3|3|4|3|2|4|2|2|2|3|0|0|3|3|1|3|1|1|1|1|4|0|0|1|1|1|0|0|1|1|1|1|0|0|1|0|0|1|0|0|0|0|0|0|0|0|0|0|0|0|0|0|0|0|0|0|0|1</HistCounts>
      </HistItem>
    </Histograms>
    <Metadata>
      <MDI key="STATISTICS_MINIMUM">177</MDI>
      <MDI key="STATISTICS_MAXIMUM">310</MDI>
      <MDI key="STATISTICS_MEAN">234.94666666667</MDI>
      <MDI key="STATISTICS_STDDEV">25.781074884927</MDI>
      <MDI key="STATISTICS_VALID_PERCENT">100</MDI>
    </Metadata>
  </PAMRasterBand>
  <PAMRasterBand band="3">
    <Histograms>
      <HistItem>
        <HistMin>174.4911111111111</HistMin>
        <HistMax>404.5088888888889</HistMax>
        <BucketCount>225</BucketCount>
        <IncludeOutOfRange>0</IncludeOutOfRange>
        <Approximate>0</Approximate>
        <HistCounts>1|0|0|1|1|0|1|0|0|0|0|0|0|0|0|1|1|1|2|2|1|0|6|4|2|1|1|1|0|2|1|0|0|1|0|1|0|1|1|0|2|2|0|1|0|1|2|0|0|0|1|0|0|0|0|2|0|0|0|1|1|1|1|0|1|1|2|2|0|2|2|3|1|6|3|2|1|3|4|2|4|2|1|4|4|1|4|2|2|3|1|2|1|2|0|2|1|2|2|0|1|0|0|3|3|0|4|1|1|0|3|2|2|4|0|0|2|1|1|1|0|3|1|0|3|2|2|2|1|1|1|4|3|2|2|1|1|0|1|1|2|3|3|1|3|0|1|1|1|2|1|2|1|1|0|0|1|3|2|1|0|1|0|0|0|0|0|0|1|0|3|1|0|0|0|1|1|0|0|0|0|0|0|0|0|0|0|1|0|0|1|0|0|1|0|0|0|0|0|0|0|0|0|0|0|0|0|0|0|0|0|0|0|0|0|0|0|0|0|0|0|0|0|0|1</HistCounts>
      </HistItem>
    </Histograms>
    <Metadata>
      <MDI key="STATISTICS_MINIMUM">175</MDI>
      <MDI key="STATISTICS_MAXIMUM">404</MDI>
      <MDI key="STATISTICS_MEAN">271.19111111111</MDI>
      <MDI key="STATISTICS_STDDEV">45.918225973389</MDI>
      <MDI key="STATISTICS_VALID_PERCENT">100</MDI>
    </Metadata>
  </PAMRasterBand>
</PAMDataset>
