<PAMDataset>
  <PAMRasterBand band="1">
    <Histograms>
      <HistItem>
        <HistMin>403.8511111111111</HistMin>
        <HistMax>923.1488888888889</HistMax>
        <BucketCount>225</BucketCount>
        <IncludeOutOfRange>0</IncludeOutOfRange>
        <Approximate>0</Approximate>
        <HistCounts>1|0|0|0|0|0|1|1|0|0|1|1|1|0|0|2|0|0|1|1|1|2|0|3|1|0|1|4|0|2|3|1|8|4|2|1|2|4|0|5|1|2|2|4|4|6|2|5|3|5|4|2|2|3|1|2|2|2|2|2|3|2|1|1|0|3|0|0|1|2|2|2|2|1|0|0|3|4|2|1|2|2|0|2|2|1|0|1|3|1|1|3|2|2|3|1|2|0|1|3|1|1|0|0|2|3|3|1|1|3|2|2|1|0|1|1|3|2|1|2|2|2|0|0|1|2|0|2|0|1|2|0|1|2|0|0|0|0|1|0|1|0|0|0|1|0|0|0|0|0|0|0|0|0|0|0|0|0|1|0|0|0|0|0|0|0|0|0|1|0|0|0|0|0|0|0|0|0|0|0|0|0|0|0|0|0|0|0|0|0|0|0|0|0|0|0|1|0|0|0|0|1|0|0|0|0|0|0|0|0|0|0|0|0|0|0|0|0|0|0|0|0|0|0|1</HistCounts>
      </HistItem>
    </Histograms>
    <Metadata>
      <MDI key="STATISTICS_MINIMUM">405</MDI>
      <MDI key="STATISTICS_MAXIMUM">922</MDI>
      <MDI key="STATISTICS_MEAN">566.67111111111</MDI>
      <MDI key="STATISTICS_STDDEV">88.367205134087</MDI>
      <MDI key="STATISTICS_VALID_PERCENT">100</MDI>
    </Metadata>
  </PAMRasterBand>
  <PAMRasterBand band="2">
    <Histograms>
      <HistItem>
        <HistMin>345.7577777777778</HistMin>
        <HistMax>907.2422222222223</HistMax>
        <BucketCount>225</BucketCount>
        <IncludeOutOfRange>0</IncludeOutOfRange>
        <Approximate>0</Approximate>
        <HistCounts>3|0|2|0|1|0|0|0|0|0|0|0|2|0|1|0|0|0|0|0|0|0|0|0|0|0|0|0|0|0|0|1|1|0|0|0|0|0|0|0|0|0|0|0|1|0|0|0|1|0|0|4|0|1|6|3|8|5|5|8|5|7|2|5|2|4|5|1|2|2|0|1|3|2|1|1|2|1|2|3|2|1|2|5|2|3|1|0|0|3|1|1|2|0|0|3|1|2|0|0|0|2|5|3|1|2|0|1|2|0|2|0|1|1|1|5|0|2|2|2|3|2|3|3|1|2|2|3|1|1|0|1|1|3|2|1|0|1|1|0|1|2|0|2|0|1|0|3|2|1|0|2|3|1|0|0|2|1|1|0|0|1|0|0|1|1|0|0|0|0|0|0|0|0|0|0|0|0|0|0|1|0|0|0|0|0|0|0|0|0|0|0|0|0|0|0|0|0|0|0|0|0|0|1|0|0|1|0|0|0|0|0|0|0|0|0|0|0|0|0|0|0|0|0|1</HistCounts>
      </HistItem>
    </Histograms>
    <Metadata>
      <MDI key="STATISTICS_MINIMUM">347</MDI>
      <MDI key="STATISTICS_MAXIMUM">906</MDI>
      <MDI key="STATISTICS_MEAN">573.52888888889</MDI>
      <MDI key="STATISTICS_STDDEV">99.008149209429</MDI>
      <MDI key="STATISTICS_VALID_PERCENT">100</MDI>
    </Metadata>
  </PAMRasterBand>
  <PAMRasterBand band="3">
    <Histograms>
      <HistItem>
        <HistMin>457.2933333333334</HistMin>
        <HistMax>1228.706666666667</HistMax>
        <BucketCount>225</BucketCount>
        <IncludeOutOfRange>0</IncludeOutOfRange>
        <Approximate>0</Approximate>
        <HistCounts>2|2|1|0|1|0|0|0|0|0|0|0|0|0|0|2|1|0|0|0|0|0|0|0|0|0|0|0|0|0|0|0|0|0|1|0|0|0|0|0|0|0|1|0|0|0|1|0|2|4|4|2|3|3|3|5|5|1|8|4|3|4|3|0|5|2|3|1|0|1|2|0|1|0|1|2|2|0|0|3|5|2|2|1|0|0|2|1|1|0|2|1|1|0|4|2|0|1|1|1|1|2|0|1|0|0|3|1|2|1|1|1|0|1|1|0|2|0|1|3|0|1|0|3|0|1|0|0|0|0|1|1|1|2|5|1|2|2|3|0|1|2|1|2|2|2|3|5|2|2|0|0|1|2|1|1|1|1|1|0|0|0|1|2|0|1|1|1|1|2|0|2|0|0|1|0|1|1|0|0|0|5|0|1|1|1|1|0|1|3|1|0|0|1|0|3|1|0|0|0|0|0|1|0|0|0|0|0|0|0|0|0|0|0|0|0|0|0|0|0|0|0|0|0|1</HistCounts>
      </HistItem>
    </Histograms>
    <Metadata>
      <MDI key="STATISTICS_MINIMUM">459</MDI>
      <MDI key="STATISTICS_MAXIMUM">1227</MDI>
      <MDI key="STATISTICS_MEAN">813.90222222222</MDI>
      <MDI key="STATISTICS_STDDEV">170.57955913609</MDI>
      <MDI key="STATISTICS_VALID_PERCENT">100</MDI>
    </Metadata>
  </PAMRasterBand>
</PAMDataset>
