<PAMDataset>
  <PAMRasterBand band="1">
    <Histograms>
      <HistItem>
        <HistMin>251.502427184466</HistMin>
        <HistMax>457.497572815534</HistMax>
        <BucketCount>206</BucketCount>
        <IncludeOutOfRange>0</IncludeOutOfRange>
        <Approximate>0</Approximate>
        <HistCounts>1|0|0|0|0|0|1|0|0|0|0|0|0|0|0|0|0|0|0|0|0|0|0|0|0|0|0|0|0|0|0|0|1|0|0|1|0|0|0|0|0|1|2|0|0|0|0|0|1|0|0|1|1|0|0|0|0|0|0|0|0|0|0|0|0|0|0|1|1|0|0|0|1|0|0|0|1|2|0|0|0|0|1|0|0|0|1|1|1|0|0|0|2|1|0|0|0|0|1|0|0|1|1|1|0|0|0|2|0|0|0|0|0|0|0|1|1|0|0|0|0|2|1|1|1|1|0|4|1|1|1|3|4|1|1|1|4|2|2|3|1|8|3|5|3|2|2|4|7|3|6|2|6|3|5|1|6|3|4|2|3|6|5|7|1|0|2|2|9|6|3|4|2|5|2|2|2|4|1|2|1|1|1|1|3|0|1|0|1|0|1|1|1|0|3|0|0|0|0|0|0|0|0|0|0|1</HistCounts>
      </HistItem>
    </Histograms>
    <Metadata>
      <MDI key="STATISTICS_MINIMUM">252</MDI>
      <MDI key="STATISTICS_MAXIMUM">457</MDI>
      <MDI key="STATISTICS_MEAN">396.58222222222</MDI>
      <MDI key="STATISTICS_STDDEV">34.714500901489</MDI>
      <MDI key="STATISTICS_VALID_PERCENT">100</MDI>
    </Metadata>
  </PAMRasterBand>
  <PAMRasterBand band="2">
    <Histograms>
      <HistItem>
        <HistMin>215.5025906735751</HistMin>
        <HistMax>408.4974093264249</HistMax>
        <BucketCount>193</BucketCount>
        <IncludeOutOfRange>0</IncludeOutOfRange>
        <Approximate>0</Approximate>
        <HistCounts>1|0|0|0|0|0|0|1|0|0|0|0|0|0|0|0|0|0|0|0|0|0|0|0|0|0|0|0|0|1|1|0|0|1|1|0|0|0|0|0|0|1|0|0|0|1|0|0|1|1|0|0|0|0|1|0|0|0|0|1|0|2|1|1|0|0|0|0|0|1|0|0|0|1|1|0|0|0|0|0|0|1|0|1|0|0|2|0|0|0|2|2|1|1|0|1|1|1|0|0|1|1|0|0|0|0|0|1|0|0|0|0|0|0|1|1|0|0|1|1|0|1|0|1|1|1|2|1|2|0|4|6|2|3|2|3|3|2|3|4|1|2|2|0|3|7|4|3|4|7|4|6|4|6|7|2|5|3|3|3|6|2|3|3|5|2|5|5|5|2|4|2|1|3|5|1|2|2|2|1|2|0|0|0|1|1|1|0|1|0|0|1|1</HistCounts>
      </HistItem>
    </Histograms>
    <Metadata>
      <MDI key="STATISTICS_MINIMUM">216</MDI>
      <MDI key="STATISTICS_MAXIMUM">408</MDI>
      <MDI key="STATISTICS_MEAN">355.68444444444</MDI>
      <MDI key="STATISTICS_STDDEV">35.986577470283</MDI>
      <MDI key="STATISTICS_VALID_PERCENT">100</MDI>
    </Metadata>
  </PAMRasterBand>
  <PAMRasterBand band="3">
    <Histograms>
      <HistItem>
        <HistMin>293.4133333333334</HistMin>
        <HistMax>558.5866666666667</HistMax>
        <BucketCount>225</BucketCount>
        <IncludeOutOfRange>0</IncludeOutOfRange>
        <Approximate>0</Approximate>
        <HistCounts>1|0|0|0|0|0|0|1|0|0|0|0|0|0|0|0|0|0|0|0|0|0|0|0|0|0|0|0|0|0|1|0|0|0|0|0|1|0|1|0|0|0|1|0|0|1|1|0|0|0|0|0|0|0|0|0|0|2|1|0|0|2|0|0|1|0|2|0|0|0|0|0|0|0|0|0|0|0|1|0|0|1|0|0|1|1|0|0|0|1|0|0|1|0|0|0|0|0|0|0|0|0|3|0|1|1|0|2|0|1|0|1|0|0|2|0|0|0|0|1|1|0|0|0|0|0|1|0|0|0|0|0|0|1|0|1|0|0|0|0|2|1|1|0|0|0|0|0|0|1|0|1|0|2|5|2|3|0|1|1|4|2|4|2|4|3|3|2|2|3|1|5|2|2|3|0|5|1|4|2|4|5|11|5|3|4|5|6|4|1|0|2|1|1|0|4|1|0|2|4|1|4|3|6|2|2|2|0|0|3|1|2|1|3|2|2|4|1|2|1|1|2|2|1|2</HistCounts>
      </HistItem>
    </Histograms>
    <Metadata>
      <MDI key="STATISTICS_MINIMUM">294</MDI>
      <MDI key="STATISTICS_MAXIMUM">558</MDI>
      <MDI key="STATISTICS_MEAN">490.49333333333</MDI>
      <MDI key="STATISTICS_STDDEV">53.421853206342</MDI>
      <MDI key="STATISTICS_VALID_PERCENT">100</MDI>
    </Metadata>
  </PAMRasterBand>
</PAMDataset>
