<PAMDataset>
  <PAMRasterBand band="1">
    <Histograms>
      <HistItem>
        <HistMin>254.5033333333333</HistMin>
        <HistMax>404.4966666666667</HistMax>
        <BucketCount>150</BucketCount>
        <IncludeOutOfRange>0</IncludeOutOfRange>
        <Approximate>0</Approximate>
        <HistCounts>2|0|0|1|0|1|0|0|1|2|1|0|0|1|1|1|2|1|0|1|3|2|0|1|2|4|3|3|2|0|1|2|6|2|3|4|2|4|3|0|2|2|2|0|0|0|0|1|0|0|2|2|3|1|6|1|2|1|1|1|3|0|2|1|1|2|1|3|0|2|1|2|2|4|0|1|2|0|0|2|1|3|2|1|0|2|5|3|0|1|2|1|3|4|2|3|1|2|0|1|4|2|2|0|6|3|1|3|4|1|3|1|3|1|1|1|2|0|1|3|2|1|1|3|0|1|1|1|1|1|1|1|1|1|0|0|1|3|0|0|1|2|1|1|1|0|1|0|0|1</HistCounts>
      </HistItem>
    </Histograms>
    <Metadata>
      <MDI key="STATISTICS_MINIMUM">255</MDI>
      <MDI key="STATISTICS_MAXIMUM">404</MDI>
      <MDI key="STATISTICS_MEAN">328.25333333333</MDI>
      <MDI key="STATISTICS_STDDEV">38.160745392208</MDI>
      <MDI key="STATISTICS_VALID_PERCENT">100</MDI>
    </Metadata>
  </PAMRasterBand>
  <PAMRasterBand band="2">
    <Histograms>
      <HistItem>
        <HistMin>192.5036764705882</HistMin>
        <HistMax>328.4963235294118</HistMax>
        <BucketCount>136</BucketCount>
        <IncludeOutOfRange>0</IncludeOutOfRange>
        <Approximate>0</Approximate>
        <HistCounts>1|1|0|1|1|2|1|0|2|1|0|0|2|3|1|0|0|1|2|3|1|0|0|2|0|1|1|0|0|2|0|0|0|4|2|2|2|1|4|2|3|0|0|2|1|4|1|3|1|3|2|1|0|5|4|1|2|1|0|1|2|2|3|2|1|2|3|1|2|1|2|2|1|1|1|1|0|0|1|2|0|1|2|2|4|1|6|1|1|1|1|1|5|1|3|5|5|2|3|0|2|3|4|5|5|2|1|2|2|6|2|2|3|1|1|2|4|1|0|1|1|1|0|1|1|1|2|1|2|2|2|2|0|1|1|2</HistCounts>
      </HistItem>
    </Histograms>
    <Metadata>
      <MDI key="STATISTICS_MINIMUM">193</MDI>
      <MDI key="STATISTICS_MAXIMUM">328</MDI>
      <MDI key="STATISTICS_MEAN">267.19555555556</MDI>
      <MDI key="STATISTICS_STDDEV">35.578982282338</MDI>
      <MDI key="STATISTICS_VALID_PERCENT">100</MDI>
    </Metadata>
  </PAMRasterBand>
  <PAMRasterBand band="3">
    <Histograms>
      <HistItem>
        <HistMin>189.4511111111111</HistMin>
        <HistMax>437.5488888888889</HistMax>
        <BucketCount>225</BucketCount>
        <IncludeOutOfRange>0</IncludeOutOfRange>
        <Approximate>0</Approximate>
        <HistCounts>1|0|0|0|0|6|1|2|0|6|0|2|0|0|0|0|1|1|0|0|0|0|0|2|2|1|0|0|0|0|0|0|0|1|1|1|0|0|0|0|0|0|1|0|1|0|2|0|1|0|0|0|1|0|0|1|0|0|1|0|0|0|1|0|2|1|2|1|4|1|1|0|0|2|1|3|2|0|3|0|2|0|1|6|1|1|1|0|2|0|0|3|0|1|1|4|0|1|1|1|1|2|4|1|2|3|0|0|0|2|1|0|3|1|2|1|0|0|1|0|1|0|1|0|0|0|0|1|0|1|2|1|1|0|1|0|0|4|0|0|0|1|0|0|2|1|2|3|3|1|2|5|1|0|1|5|1|1|1|0|0|0|0|0|2|1|1|2|1|0|0|3|3|1|2|3|0|2|1|2|1|1|1|1|3|0|0|0|0|0|3|0|3|0|0|3|1|1|0|3|3|0|0|0|1|1|1|0|2|2|3|2|0|1|1|4|0|1|0|1|1|1|0|1|1</HistCounts>
      </HistItem>
    </Histograms>
    <Metadata>
      <MDI key="STATISTICS_MINIMUM">190</MDI>
      <MDI key="STATISTICS_MAXIMUM">437</MDI>
      <MDI key="STATISTICS_MEAN">324.28888888889</MDI>
      <MDI key="STATISTICS_STDDEV">68.84262962962</MDI>
      <MDI key="STATISTICS_VALID_PERCENT">100</MDI>
    </Metadata>
  </PAMRasterBand>
</PAMDataset>
