<PAMDataset>
  <PAMRasterBand band="1">
    <Histograms>
      <HistItem>
        <HistMin>248.5029761904762</HistMin>
        <HistMax>416.4970238095238</HistMax>
        <BucketCount>168</BucketCount>
        <IncludeOutOfRange>0</IncludeOutOfRange>
        <Approximate>0</Approximate>
        <HistCounts>1|0|0|0|0|0|1|0|1|0|0|0|0|1|0|1|1|0|0|1|0|0|2|2|1|0|0|1|0|2|0|0|2|3|3|0|3|0|1|2|2|1|3|5|2|2|7|4|4|5|7|7|5|3|3|5|5|6|7|11|7|5|6|6|6|5|5|2|5|2|2|5|3|2|3|2|2|2|0|2|2|0|2|3|1|2|1|1|0|2|0|1|2|0|0|1|0|1|0|0|0|0|0|1|0|0|2|0|0|0|0|0|1|0|2|0|0|0|0|0|0|0|0|0|0|0|0|1|0|0|0|0|0|0|0|0|0|0|0|0|0|1|0|0|0|0|0|0|0|0|0|0|0|0|0|1|0|0|0|0|1|0|0|0|0|0|0|1</HistCounts>
      </HistItem>
    </Histograms>
    <Metadata>
      <MDI key="STATISTICS_MINIMUM">249</MDI>
      <MDI key="STATISTICS_MAXIMUM">416</MDI>
      <MDI key="STATISTICS_MEAN">308.82666666667</MDI>
      <MDI key="STATISTICS_STDDEV">23.21725794892</MDI>
      <MDI key="STATISTICS_VALID_PERCENT">100</MDI>
    </Metadata>
  </PAMRasterBand>
  <PAMRasterBand band="2">
    <Histograms>
      <HistItem>
        <HistMin>211.5028248587571</HistMin>
        <HistMax>388.497175141243</HistMax>
        <BucketCount>177</BucketCount>
        <IncludeOutOfRange>0</IncludeOutOfRange>
        <Approximate>0</Approximate>
        <HistCounts>1|1|0|0|1|0|0|1|1|2|0|0|1|0|2|2|4|4|3|4|3|4|7|7|3|2|4|4|1|3|2|0|3|3|2|3|5|5|5|4|1|5|5|5|5|4|5|6|4|1|5|2|3|11|7|4|3|3|2|4|4|0|2|0|2|4|1|2|2|2|0|0|0|1|0|2|0|0|2|0|0|1|1|0|1|1|2|0|0|1|0|1|0|0|1|0|0|0|0|0|0|0|0|1|0|0|0|0|1|0|1|0|0|0|0|0|0|0|0|0|0|0|1|0|0|0|0|1|0|0|0|0|1|0|1|0|0|0|0|0|0|0|0|0|0|0|0|0|0|0|0|0|0|0|0|0|0|1|0|0|0|0|0|0|0|0|0|0|0|0|0|1|0|0|0|0|1</HistCounts>
      </HistItem>
    </Histograms>
    <Metadata>
      <MDI key="STATISTICS_MINIMUM">212</MDI>
      <MDI key="STATISTICS_MAXIMUM">388</MDI>
      <MDI key="STATISTICS_MEAN">257.96888888889</MDI>
      <MDI key="STATISTICS_STDDEV">27.041103052963</MDI>
      <MDI key="STATISTICS_VALID_PERCENT">100</MDI>
    </Metadata>
  </PAMRasterBand>
  <PAMRasterBand band="3">
    <Histograms>
      <HistItem>
        <HistMin>262.3666666666667</HistMin>
        <HistMax>548.6333333333333</HistMax>
        <BucketCount>225</BucketCount>
        <IncludeOutOfRange>0</IncludeOutOfRange>
        <Approximate>0</Approximate>
        <HistCounts>1|0|0|0|0|1|1|2|2|0|1|1|0|3|1|0|2|3|3|3|3|2|3|3|7|4|5|3|8|4|1|8|7|4|2|3|2|2|3|4|3|2|5|1|0|5|4|3|6|1|7|2|3|5|1|1|4|4|0|1|2|2|2|4|4|1|1|0|5|1|3|0|1|0|0|4|1|0|1|3|0|2|0|1|0|0|0|1|0|0|0|0|0|2|1|0|0|1|0|1|0|1|0|0|0|3|0|0|1|0|0|1|0|0|0|0|0|0|2|0|0|0|0|0|0|1|2|0|0|0|1|0|0|0|1|0|0|0|1|0|0|0|0|0|0|0|0|0|0|0|0|0|1|0|0|0|0|0|0|0|0|0|0|0|1|0|0|1|0|0|0|0|0|0|0|0|0|0|0|0|0|0|1|0|0|0|0|0|0|0|0|0|0|0|0|0|0|0|0|0|0|0|0|0|0|1|0|0|0|0|0|0|0|0|0|0|0|0|1|0|0|0|0|0|1</HistCounts>
      </HistItem>
    </Histograms>
    <Metadata>
      <MDI key="STATISTICS_MINIMUM">263</MDI>
      <MDI key="STATISTICS_MAXIMUM">548</MDI>
      <MDI key="STATISTICS_MEAN">328.47111111111</MDI>
      <MDI key="STATISTICS_STDDEV">46.584025026336</MDI>
      <MDI key="STATISTICS_VALID_PERCENT">100</MDI>
    </Metadata>
  </PAMRasterBand>
</PAMDataset>
