<PAMDataset>
  <PAMRasterBand band="1">
    <Histograms>
      <HistItem>
        <HistMin>228.5045871559633</HistMin>
        <HistMax>337.4954128440367</HistMax>
        <BucketCount>109</BucketCount>
        <IncludeOutOfRange>0</IncludeOutOfRange>
        <Approximate>0</Approximate>
        <HistCounts>1|1|0|1|0|0|1|1|2|1|0|2|1|3|3|1|0|3|0|2|1|1|4|1|1|2|1|0|3|1|1|1|1|5|1|2|2|1|2|1|0|8|1|3|0|4|3|1|6|4|5|6|2|5|1|6|1|4|4|2|0|5|3|3|0|1|2|3|3|3|2|4|6|5|4|0|2|5|2|4|2|1|4|2|2|2|0|3|2|1|3|4|2|4|3|1|0|2|3|0|0|3|0|1|0|0|1|0|1</HistCounts>
      </HistItem>
    </Histograms>
    <Metadata>
      <MDI key="STATISTICS_MINIMUM">229</MDI>
      <MDI key="STATISTICS_MAXIMUM">337</MDI>
      <MDI key="STATISTICS_MEAN">285.85333333333</MDI>
      <MDI key="STATISTICS_STDDEV">25.572742433215</MDI>
      <MDI key="STATISTICS_VALID_PERCENT">100</MDI>
    </Metadata>
  </PAMRasterBand>
  <PAMRasterBand band="2">
    <Histograms>
      <HistItem>
        <HistMin>169.5049504950495</HistMin>
        <HistMax>270.4950495049505</HistMax>
        <BucketCount>101</BucketCount>
        <IncludeOutOfRange>0</IncludeOutOfRange>
        <Approximate>0</Approximate>
        <HistCounts>1|0|0|0|0|0|0|0|1|0|1|1|1|3|1|1|4|1|3|0|2|4|2|3|1|1|0|0|3|1|4|2|2|3|3|1|4|3|5|5|5|2|3|5|6|3|5|1|2|4|6|2|7|9|1|5|5|7|6|3|2|3|7|0|4|7|3|3|2|3|2|2|2|3|1|1|1|1|0|1|1|1|1|2|1|0|2|2|0|0|3|3|0|1|3|0|0|1|0|0|2</HistCounts>
      </HistItem>
    </Histograms>
    <Metadata>
      <MDI key="STATISTICS_MINIMUM">170</MDI>
      <MDI key="STATISTICS_MAXIMUM">270</MDI>
      <MDI key="STATISTICS_MEAN">220.67555555556</MDI>
      <MDI key="STATISTICS_STDDEV">20.851785487691</MDI>
      <MDI key="STATISTICS_VALID_PERCENT">100</MDI>
    </Metadata>
  </PAMRasterBand>
  <PAMRasterBand band="3">
    <Histograms>
      <HistItem>
        <HistMin>177.5038167938931</HistMin>
        <HistMax>308.4961832061069</HistMax>
        <BucketCount>131</BucketCount>
        <IncludeOutOfRange>0</IncludeOutOfRange>
        <Approximate>0</Approximate>
        <HistCounts>1|0|0|0|0|0|0|0|0|0|1|1|0|0|1|1|3|0|2|3|0|1|0|2|2|2|2|2|2|2|1|1|3|0|4|3|5|2|0|2|4|5|2|1|2|3|4|3|3|1|3|3|3|5|3|4|1|6|3|4|3|3|4|3|6|5|3|6|4|8|4|5|3|4|1|1|8|3|0|5|0|1|0|0|0|0|1|2|0|1|1|1|1|0|2|2|1|1|0|1|0|1|1|0|0|1|0|0|2|0|2|0|2|0|0|1|3|0|1|1|1|1|1|0|0|0|0|0|0|0|1</HistCounts>
      </HistItem>
    </Histograms>
    <Metadata>
      <MDI key="STATISTICS_MINIMUM">178</MDI>
      <MDI key="STATISTICS_MAXIMUM">308</MDI>
      <MDI key="STATISTICS_MEAN">237.76</MDI>
      <MDI key="STATISTICS_STDDEV">25.544126526464</MDI>
      <MDI key="STATISTICS_VALID_PERCENT">100</MDI>
    </Metadata>
  </PAMRasterBand>
</PAMDataset>
