<PAMDataset>
  <PAMRasterBand band="1">
    <Histograms>
      <HistItem>
        <HistMin>247.0511111111111</HistMin>
        <HistMax>675.9488888888889</HistMax>
        <BucketCount>225</BucketCount>
        <IncludeOutOfRange>0</IncludeOutOfRange>
        <Approximate>0</Approximate>
        <HistCounts>1|1|0|1|0|1|2|7|0|0|3|1|2|1|6|4|3|5|3|2|1|4|7|1|5|5|9|0|2|1|4|3|2|2|2|1|3|1|0|3|1|1|0|0|0|1|0|1|0|2|0|0|0|0|1|0|0|0|0|0|0|0|0|0|1|0|0|0|0|0|0|0|0|1|0|0|0|0|0|0|0|0|0|1|0|0|0|1|0|1|1|0|4|2|0|4|0|3|2|3|3|2|3|1|3|2|2|1|1|0|1|2|1|3|1|0|0|0|2|1|3|0|0|1|0|0|1|0|2|1|1|0|1|1|1|3|1|0|0|0|0|0|0|1|0|0|0|1|0|1|0|3|0|1|0|0|2|0|0|1|0|0|0|0|0|1|1|1|0|1|0|0|1|1|1|0|1|1|0|2|0|0|0|0|1|1|1|1|1|2|2|1|0|0|1|0|1|0|0|1|1|2|0|1|1|0|0|0|0|2|2|0|1|1|0|0|0|0|0|0|2|2|0|0|1</HistCounts>
      </HistItem>
    </Histograms>
    <Metadata>
      <MDI key="STATISTICS_MINIMUM">248</MDI>
      <MDI key="STATISTICS_MAXIMUM">675</MDI>
      <MDI key="STATISTICS_MEAN">409.28888888889</MDI>
      <MDI key="STATISTICS_STDDEV">127.36453757659</MDI>
      <MDI key="STATISTICS_VALID_PERCENT">100</MDI>
    </Metadata>
  </PAMRasterBand>
  <PAMRasterBand band="2">
    <Histograms>
      <HistItem>
        <HistMin>162.0577777777778</HistMin>
        <HistMax>587.9422222222222</HistMax>
        <BucketCount>225</BucketCount>
        <IncludeOutOfRange>0</IncludeOutOfRange>
        <Approximate>0</Approximate>
        <HistCounts>1|0|0|1|2|3|3|1|2|2|2|3|2|2|4|3|4|2|1|1|1|4|4|5|3|9|8|1|1|5|2|1|3|2|2|2|1|2|3|3|2|0|1|1|0|1|0|0|0|0|0|0|0|0|0|1|0|0|0|1|0|0|0|0|0|0|0|1|0|0|0|0|0|1|0|0|0|1|1|0|0|1|0|0|1|1|0|0|0|0|0|0|1|0|1|0|0|0|0|0|1|0|0|0|0|0|0|0|0|0|0|0|0|0|0|0|0|0|0|0|0|1|0|0|0|0|0|1|0|0|1|0|2|3|2|6|2|2|2|2|2|5|3|5|0|1|2|4|0|0|3|2|3|1|0|1|0|0|0|0|1|2|2|2|2|0|4|0|0|0|1|0|1|1|2|0|1|0|1|1|1|0|0|0|1|0|1|1|0|0|2|0|1|0|1|4|4|0|3|0|0|2|1|0|0|1|0|0|0|0|1|3|0|1|0|0|0|0|0|0|0|0|1|0|1</HistCounts>
      </HistItem>
    </Histograms>
    <Metadata>
      <MDI key="STATISTICS_MINIMUM">163</MDI>
      <MDI key="STATISTICS_MAXIMUM">587</MDI>
      <MDI key="STATISTICS_MEAN">337.12</MDI>
      <MDI key="STATISTICS_STDDEV">134.34006203165</MDI>
      <MDI key="STATISTICS_VALID_PERCENT">100</MDI>
    </Metadata>
  </PAMRasterBand>
  <PAMRasterBand band="3">
    <Histograms>
      <HistItem>
        <HistMin>151.52</HistMin>
        <HistMax>820.48</HistMax>
        <BucketCount>225</BucketCount>
        <IncludeOutOfRange>0</IncludeOutOfRange>
        <Approximate>0</Approximate>
        <HistCounts>2|1|3|2|3|7|5|7|2|4|9|3|9|7|1|2|7|4|3|2|5|3|1|2|0|2|0|1|0|1|0|0|1|0|2|1|1|0|1|1|0|0|1|0|0|0|0|0|0|0|0|1|0|0|0|0|0|1|0|0|0|0|1|0|0|0|0|0|1|0|0|0|0|0|1|0|0|1|1|1|0|1|2|0|0|0|0|0|0|0|0|0|0|0|0|0|0|0|0|0|1|0|0|0|0|0|0|0|0|0|0|0|0|0|1|0|0|0|0|0|0|1|0|0|2|0|0|2|0|0|0|0|0|0|0|1|0|0|2|0|0|0|1|0|0|0|0|1|0|0|0|5|4|4|2|4|2|4|4|3|3|1|2|2|3|1|2|2|1|0|2|0|3|1|1|1|0|4|0|1|0|1|0|1|0|1|1|4|0|1|2|0|0|2|0|0|0|1|1|3|1|2|0|3|1|0|0|1|1|1|2|0|1|0|0|2|0|0|0|0|0|0|0|0|1</HistCounts>
      </HistItem>
    </Histograms>
    <Metadata>
      <MDI key="STATISTICS_MINIMUM">153</MDI>
      <MDI key="STATISTICS_MAXIMUM">819</MDI>
      <MDI key="STATISTICS_MEAN">424.52444444444</MDI>
      <MDI key="STATISTICS_STDDEV">232.23342773603</MDI>
      <MDI key="STATISTICS_VALID_PERCENT">100</MDI>
    </Metadata>
  </PAMRasterBand>
</PAMDataset>
