<PAMDataset>
  <PAMRasterBand band="1">
    <Histograms>
      <HistItem>
        <HistMin>243.22</HistMin>
        <HistMax>595.78</HistMax>
        <BucketCount>225</BucketCount>
        <IncludeOutOfRange>0</IncludeOutOfRange>
        <Approximate>0</Approximate>
        <HistCounts>1|1|0|1|0|0|0|0|0|0|2|0|0|1|0|1|0|2|1|2|0|1|4|1|3|1|1|3|0|3|2|3|1|3|4|1|1|0|3|2|2|1|1|0|1|1|0|1|0|0|0|0|1|0|0|0|0|0|0|0|1|1|1|0|0|0|0|0|1|1|0|1|0|0|0|0|0|0|0|0|0|0|0|2|1|0|4|0|0|2|1|0|2|2|1|1|2|1|0|1|3|3|5|0|4|5|0|4|2|2|4|1|1|1|2|3|0|1|0|2|0|3|1|3|0|0|0|1|2|1|5|2|0|4|1|0|2|2|2|1|2|0|1|2|2|0|3|6|0|0|0|1|0|2|1|0|0|2|0|0|0|0|0|3|0|1|1|1|1|0|2|1|1|0|4|0|0|1|2|0|0|1|1|1|2|1|1|0|5|1|2|1|0|0|1|1|0|1|0|0|2|0|1|0|3|0|0|0|0|0|1|0|0|0|0|1|0|0|0|0|1|0|0|0|1</HistCounts>
      </HistItem>
    </Histograms>
    <Metadata>
      <MDI key="STATISTICS_MINIMUM">244</MDI>
      <MDI key="STATISTICS_MAXIMUM">595</MDI>
      <MDI key="STATISTICS_MEAN">413.12444444444</MDI>
      <MDI key="STATISTICS_STDDEV">89.530690344598</MDI>
      <MDI key="STATISTICS_VALID_PERCENT">100</MDI>
    </Metadata>
  </PAMRasterBand>
  <PAMRasterBand band="2">
    <Histograms>
      <HistItem>
        <HistMin>205.1977777777778</HistMin>
        <HistMax>567.8022222222222</HistMax>
        <BucketCount>225</BucketCount>
        <IncludeOutOfRange>0</IncludeOutOfRange>
        <Approximate>0</Approximate>
        <HistCounts>1|0|0|0|0|0|1|0|0|1|0|1|1|1|1|0|2|2|0|0|3|4|2|0|2|2|0|1|0|2|5|3|3|1|2|1|2|2|2|1|1|1|2|1|0|2|0|0|0|0|0|0|0|0|0|1|0|1|0|0|0|1|0|1|0|0|0|0|0|0|0|0|0|0|0|0|0|0|2|2|0|1|2|1|0|1|0|1|1|2|1|3|2|1|1|3|2|1|2|2|2|3|4|3|3|4|0|2|0|0|0|2|7|0|2|2|4|3|0|3|2|3|4|2|3|1|2|2|3|0|0|2|3|2|1|2|1|1|0|0|1|1|0|0|0|1|1|1|1|2|2|1|0|0|2|1|1|0|3|2|0|1|0|1|1|0|0|2|1|1|0|1|1|0|1|1|1|1|0|3|0|1|3|0|0|1|1|1|0|1|1|0|0|0|1|0|1|1|1|0|0|0|2|0|0|2|1|0|0|0|0|1|0|0|0|0|0|0|0|0|0|0|0|0|1</HistCounts>
      </HistItem>
    </Histograms>
    <Metadata>
      <MDI key="STATISTICS_MINIMUM">206</MDI>
      <MDI key="STATISTICS_MAXIMUM">567</MDI>
      <MDI key="STATISTICS_MEAN">373.30222222222</MDI>
      <MDI key="STATISTICS_STDDEV">87.186121446246</MDI>
      <MDI key="STATISTICS_VALID_PERCENT">100</MDI>
    </Metadata>
  </PAMRasterBand>
  <PAMRasterBand band="3">
    <Histograms>
      <HistItem>
        <HistMin>239.8888888888889</HistMin>
        <HistMax>742.1111111111111</HistMax>
        <BucketCount>225</BucketCount>
        <IncludeOutOfRange>0</IncludeOutOfRange>
        <Approximate>0</Approximate>
        <HistCounts>1|0|0|0|0|0|1|0|0|0|0|0|0|3|1|0|2|0|0|1|0|3|1|2|0|0|1|3|1|2|5|0|5|1|0|1|1|0|1|3|1|2|2|3|1|0|3|2|0|0|2|1|0|0|0|0|0|0|0|0|0|0|0|0|0|0|2|1|1|0|0|1|0|0|0|0|1|0|0|0|0|0|0|0|0|0|0|0|0|1|2|0|0|0|0|0|0|1|0|0|1|1|0|0|1|1|0|3|2|2|1|0|3|2|0|0|3|2|1|3|4|0|0|2|2|3|1|1|5|5|1|3|3|1|0|3|2|0|2|4|5|1|2|1|2|0|2|1|4|0|1|4|1|2|4|0|4|1|0|1|0|1|1|2|1|2|1|1|2|0|2|1|1|2|0|0|1|2|0|3|1|0|1|1|0|2|0|1|1|0|1|2|0|0|2|1|0|0|1|1|0|1|1|1|1|2|0|2|0|2|2|0|0|1|0|0|0|2|0|0|1|0|0|0|1</HistCounts>
      </HistItem>
    </Histograms>
    <Metadata>
      <MDI key="STATISTICS_MINIMUM">241</MDI>
      <MDI key="STATISTICS_MAXIMUM">741</MDI>
      <MDI key="STATISTICS_MEAN">504.49777777778</MDI>
      <MDI key="STATISTICS_STDDEV">130.71564131331</MDI>
      <MDI key="STATISTICS_VALID_PERCENT">100</MDI>
    </Metadata>
  </PAMRasterBand>
</PAMDataset>
