<PAMDataset>
  <PAMRasterBand band="1">
    <Histograms>
      <HistItem>
        <HistMin>238.3977777777778</HistMin>
        <HistMax>510.6022222222222</HistMax>
        <BucketCount>225</BucketCount>
        <IncludeOutOfRange>0</IncludeOutOfRange>
        <Approximate>0</Approximate>
        <HistCounts>1|1|1|1|2|0|1|0|0|0|0|1|2|2|0|1|0|2|1|1|0|0|2|1|0|0|0|0|1|1|2|0|1|3|2|0|1|1|2|1|0|4|0|1|0|1|1|0|0|3|1|2|2|1|1|4|0|1|0|0|3|1|2|0|2|0|2|1|1|4|0|1|2|0|4|1|0|1|1|4|0|0|1|1|2|0|0|1|3|0|2|0|2|0|0|1|1|1|3|1|1|0|0|4|2|1|0|1|0|1|0|0|1|2|1|0|2|0|1|1|0|1|1|1|1|0|1|2|2|0|1|3|0|1|0|0|2|0|0|1|0|2|1|1|0|1|1|0|0|0|1|1|1|2|0|2|1|2|0|1|3|2|4|0|2|0|3|1|0|1|1|2|1|5|1|1|3|3|2|1|4|1|0|0|1|0|2|0|3|1|1|2|1|2|0|0|0|1|1|0|0|2|1|0|0|0|0|1|0|1|0|2|0|0|0|1|0|0|1|1|0|0|0|0|1</HistCounts>
      </HistItem>
    </Histograms>
    <Metadata>
      <MDI key="STATISTICS_MINIMUM">239</MDI>
      <MDI key="STATISTICS_MAXIMUM">510</MDI>
      <MDI key="STATISTICS_MEAN">370.96</MDI>
      <MDI key="STATISTICS_STDDEV">72.952302225495</MDI>
      <MDI key="STATISTICS_VALID_PERCENT">100</MDI>
    </Metadata>
  </PAMRasterBand>
  <PAMRasterBand band="2">
    <Histograms>
      <HistItem>
        <HistMin>162.32</HistMin>
        <HistMax>469.68</HistMax>
        <BucketCount>225</BucketCount>
        <IncludeOutOfRange>0</IncludeOutOfRange>
        <Approximate>0</Approximate>
        <HistCounts>2|0|0|0|0|1|2|0|1|0|0|0|0|1|0|0|0|0|1|1|1|0|0|0|0|2|0|0|0|0|1|2|1|1|1|0|0|1|1|3|0|2|3|0|1|0|1|0|0|2|1|0|0|2|0|0|1|1|0|1|2|4|0|1|1|1|1|0|0|1|1|1|1|0|1|2|0|1|2|0|1|3|2|3|2|1|0|1|2|2|0|3|0|3|1|2|1|1|3|0|2|1|3|1|2|0|0|1|1|0|1|3|0|2|0|0|3|0|1|0|1|2|0|2|2|0|0|2|1|1|2|1|1|1|0|0|0|0|1|2|1|5|0|1|0|0|3|0|1|2|0|2|1|1|3|2|2|1|1|0|2|1|0|0|0|4|0|1|4|1|1|2|1|2|3|1|1|0|2|2|1|1|2|5|4|0|3|3|2|1|3|0|1|2|0|3|0|0|0|1|0|1|1|1|0|1|0|0|0|1|1|0|0|0|1|0|0|0|1|0|0|0|0|1|1</HistCounts>
      </HistItem>
    </Histograms>
    <Metadata>
      <MDI key="STATISTICS_MINIMUM">163</MDI>
      <MDI key="STATISTICS_MAXIMUM">469</MDI>
      <MDI key="STATISTICS_MEAN">325.82666666667</MDI>
      <MDI key="STATISTICS_STDDEV">76.919705320982</MDI>
      <MDI key="STATISTICS_VALID_PERCENT">100</MDI>
    </Metadata>
  </PAMRasterBand>
  <PAMRasterBand band="3">
    <Histograms>
      <HistItem>
        <HistMin>206.0422222222222</HistMin>
        <HistMax>638.9577777777778</HistMax>
        <BucketCount>225</BucketCount>
        <IncludeOutOfRange>0</IncludeOutOfRange>
        <Approximate>0</Approximate>
        <HistCounts>1|1|0|3|2|0|1|0|0|0|1|1|0|0|0|3|1|1|2|1|2|1|0|1|1|1|0|0|2|1|2|2|0|1|0|2|0|1|1|1|0|0|0|0|0|0|0|0|1|1|1|1|0|1|0|0|4|2|1|0|1|0|0|1|0|0|0|2|0|0|1|1|2|1|1|0|3|0|1|0|1|2|1|4|0|0|2|1|1|3|1|3|0|0|2|1|0|1|2|0|1|2|0|2|0|0|4|1|1|1|0|1|0|1|0|0|0|1|0|1|0|1|0|1|0|0|1|0|3|1|2|2|0|0|2|0|2|1|1|1|1|2|1|3|4|0|1|0|2|2|1|0|1|0|2|0|1|1|1|3|0|2|0|0|3|4|3|0|2|1|2|1|2|3|2|2|1|3|1|2|1|1|2|3|1|1|2|0|1|2|3|0|0|1|0|2|3|0|3|2|2|2|0|0|1|1|1|1|0|0|0|1|1|0|0|1|0|0|2|0|0|1|0|0|1</HistCounts>
      </HistItem>
    </Histograms>
    <Metadata>
      <MDI key="STATISTICS_MINIMUM">207</MDI>
      <MDI key="STATISTICS_MAXIMUM">638</MDI>
      <MDI key="STATISTICS_MEAN">435.93777777778</MDI>
      <MDI key="STATISTICS_STDDEV">119.15907442274</MDI>
      <MDI key="STATISTICS_VALID_PERCENT">100</MDI>
    </Metadata>
  </PAMRasterBand>
</PAMDataset>
