<PAMDataset>
  <PAMRasterBand band="1">
    <Histograms>
      <HistItem>
        <HistMin>276.5377777777778</HistMin>
        <HistMax>937.4622222222222</HistMax>
        <BucketCount>225</BucketCount>
        <IncludeOutOfRange>0</IncludeOutOfRange>
        <Approximate>0</Approximate>
        <HistCounts>1|0|1|0|0|1|1|1|0|0|2|1|2|2|2|0|3|2|0|2|0|2|1|2|1|2|2|1|3|1|2|1|2|2|0|1|2|1|4|2|2|1|2|0|0|0|1|2|5|5|4|7|4|5|3|4|0|1|4|3|2|1|4|3|4|1|1|0|3|4|1|2|0|3|2|2|0|1|0|0|1|2|2|1|2|4|1|2|0|1|0|0|2|0|1|1|0|2|3|2|0|3|0|3|1|3|1|2|2|2|0|0|1|5|1|0|0|0|1|1|1|1|1|2|1|0|1|0|1|1|1|0|0|1|0|0|0|1|1|0|2|1|2|1|0|2|0|1|0|0|0|0|0|1|0|0|0|0|0|0|0|1|2|0|0|0|0|0|0|0|0|0|0|0|0|0|1|0|0|0|0|0|0|0|0|0|0|0|0|1|0|0|0|0|0|0|1|0|0|0|0|0|0|0|0|0|0|0|0|0|1|0|0|0|0|0|0|0|0|0|0|0|1|0|1</HistCounts>
      </HistItem>
    </Histograms>
    <Metadata>
      <MDI key="STATISTICS_MINIMUM">278</MDI>
      <MDI key="STATISTICS_MAXIMUM">936</MDI>
      <MDI key="STATISTICS_MEAN">489.94222222222</MDI>
      <MDI key="STATISTICS_STDDEV">127.37772784367</MDI>
      <MDI key="STATISTICS_VALID_PERCENT">100</MDI>
    </Metadata>
  </PAMRasterBand>
  <PAMRasterBand band="2">
    <Histograms>
      <HistItem>
        <HistMin>222.8511111111111</HistMin>
        <HistMax>742.1488888888889</HistMax>
        <BucketCount>225</BucketCount>
        <IncludeOutOfRange>0</IncludeOutOfRange>
        <Approximate>0</Approximate>
        <HistCounts>1|1|2|3|1|2|3|0|0|1|1|0|0|3|0|1|3|2|1|0|0|1|0|2|2|0|2|0|0|1|0|1|3|2|0|3|1|0|3|2|0|1|2|0|2|0|0|0|2|0|0|0|1|0|0|3|0|0|3|0|2|1|4|1|2|1|3|0|1|2|3|2|3|1|0|4|4|4|2|1|0|5|1|0|2|2|1|3|4|0|1|0|0|2|0|2|1|1|1|0|4|3|1|1|3|0|0|0|3|0|1|1|0|2|2|2|2|0|1|1|3|1|2|1|1|0|0|1|0|0|2|0|1|3|0|1|1|0|0|1|1|1|0|1|1|0|2|1|1|2|1|1|0|0|0|0|1|0|1|2|0|0|0|1|1|1|2|0|1|0|0|0|0|1|2|0|3|1|1|2|0|0|0|2|0|0|2|0|1|0|0|1|0|1|0|0|0|1|0|0|0|0|0|1|0|2|1|1|1|0|0|1|0|1|0|0|0|0|0|0|0|0|1|0|2</HistCounts>
      </HistItem>
    </Histograms>
    <Metadata>
      <MDI key="STATISTICS_MINIMUM">224</MDI>
      <MDI key="STATISTICS_MAXIMUM">741</MDI>
      <MDI key="STATISTICS_MEAN">439.34666666667</MDI>
      <MDI key="STATISTICS_STDDEV">131.09913060141</MDI>
      <MDI key="STATISTICS_VALID_PERCENT">100</MDI>
    </Metadata>
  </PAMRasterBand>
  <PAMRasterBand band="3">
    <Histograms>
      <HistItem>
        <HistMin>255.0177777777778</HistMin>
        <HistMax>1150.982222222222</HistMax>
        <BucketCount>225</BucketCount>
        <IncludeOutOfRange>0</IncludeOutOfRange>
        <Approximate>0</Approximate>
        <HistCounts>1|3|1|2|1|3|0|2|1|3|3|0|2|0|0|0|1|0|1|0|2|0|0|2|0|0|1|1|1|1|3|3|1|0|1|1|1|0|1|2|1|0|0|1|0|1|1|1|1|0|1|0|2|0|1|1|1|1|1|2|0|0|1|1|1|0|0|1|2|5|2|1|4|3|2|3|2|5|0|5|3|1|2|2|2|3|0|3|1|0|5|1|0|0|2|1|4|6|2|1|2|2|2|2|1|1|2|0|2|1|1|0|2|0|0|2|1|1|0|3|0|2|0|1|0|0|2|0|0|0|0|1|1|0|3|2|1|1|1|0|1|0|2|1|0|1|2|0|0|0|0|0|1|1|0|1|2|0|0|0|1|1|2|3|0|0|1|1|1|3|0|1|0|0|0|0|0|1|0|3|1|0|1|1|1|0|0|1|0|0|0|0|0|1|1|4|0|0|0|0|0|0|0|0|1|1|0|0|0|0|0|1|0|1|0|0|0|0|0|0|1|0|0|0|1</HistCounts>
      </HistItem>
    </Histograms>
    <Metadata>
      <MDI key="STATISTICS_MINIMUM">257</MDI>
      <MDI key="STATISTICS_MAXIMUM">1149</MDI>
      <MDI key="STATISTICS_MEAN">623.60888888889</MDI>
      <MDI key="STATISTICS_STDDEV">216.54849682356</MDI>
      <MDI key="STATISTICS_VALID_PERCENT">100</MDI>
    </Metadata>
  </PAMRasterBand>
</PAMDataset>
