<PAMDataset>
  <PAMRasterBand band="1">
    <Histograms>
      <HistItem>
        <HistMin>223.4266666666667</HistMin>
        <HistMax>934.5733333333334</HistMax>
        <BucketCount>225</BucketCount>
        <IncludeOutOfRange>0</IncludeOutOfRange>
        <Approximate>0</Approximate>
        <HistCounts>1|1|0|0|0|0|0|1|1|1|1|2|1|0|1|2|1|1|0|1|1|1|2|0|1|1|0|2|3|2|1|2|2|2|1|3|1|6|2|1|2|0|1|1|1|1|0|4|0|2|1|1|0|5|2|1|1|2|2|2|2|0|1|2|2|4|1|0|1|4|5|1|3|2|4|1|4|1|2|1|2|2|0|6|3|1|1|2|1|1|3|2|1|0|1|0|2|0|2|1|0|2|1|0|3|0|4|0|0|0|1|1|1|0|1|2|1|1|1|0|1|0|0|0|0|2|0|0|0|0|0|2|0|0|1|2|0|1|1|1|1|0|1|2|0|0|0|0|0|1|0|1|1|1|1|0|1|0|0|2|2|0|1|1|0|1|0|1|1|0|1|2|1|0|1|0|0|0|1|0|0|1|1|0|2|1|0|0|1|1|1|0|1|1|0|1|0|0|1|0|0|1|0|2|0|0|0|0|1|0|0|0|0|0|0|0|0|0|0|1|1|0|0|1|1</HistCounts>
      </HistItem>
    </Histograms>
    <Metadata>
      <MDI key="STATISTICS_MINIMUM">225</MDI>
      <MDI key="STATISTICS_MAXIMUM">933</MDI>
      <MDI key="STATISTICS_MEAN">502.60444444444</MDI>
      <MDI key="STATISTICS_STDDEV">171.44608216975</MDI>
      <MDI key="STATISTICS_VALID_PERCENT">100</MDI>
    </Metadata>
  </PAMRasterBand>
  <PAMRasterBand band="2">
    <Histograms>
      <HistItem>
        <HistMin>170.6155555555555</HistMin>
        <HistMax>796.3844444444444</HistMax>
        <BucketCount>225</BucketCount>
        <IncludeOutOfRange>0</IncludeOutOfRange>
        <Approximate>0</Approximate>
        <HistCounts>1|0|0|0|2|2|0|0|2|0|3|0|0|2|0|2|1|4|1|1|2|4|2|3|3|2|1|1|2|1|2|2|4|1|0|1|1|1|1|0|1|2|0|1|0|0|0|1|3|2|2|1|0|1|0|0|0|1|2|0|1|2|1|5|2|2|0|1|3|4|1|3|2|2|7|0|1|0|1|2|0|3|1|1|3|1|0|2|0|0|1|1|0|1|0|2|0|1|1|2|1|0|1|0|1|1|0|0|1|0|0|4|0|2|0|1|0|0|1|0|1|0|0|1|0|1|0|0|0|0|0|0|1|0|0|0|0|1|0|0|0|0|1|1|0|0|3|0|0|0|1|0|1|0|1|1|0|0|1|1|1|1|0|1|3|1|0|0|1|0|0|1|0|0|2|2|1|0|1|0|0|0|1|1|2|0|0|1|0|1|0|1|4|0|2|0|2|1|2|0|2|1|1|2|1|1|1|3|1|1|0|3|0|0|1|4|2|1|2|1|1|0|1|0|1</HistCounts>
      </HistItem>
    </Histograms>
    <Metadata>
      <MDI key="STATISTICS_MINIMUM">172</MDI>
      <MDI key="STATISTICS_MAXIMUM">795</MDI>
      <MDI key="STATISTICS_MEAN">453.39111111111</MDI>
      <MDI key="STATISTICS_STDDEV">191.89524436493</MDI>
      <MDI key="STATISTICS_VALID_PERCENT">100</MDI>
    </Metadata>
  </PAMRasterBand>
  <PAMRasterBand band="3">
    <Histograms>
      <HistItem>
        <HistMin>214.9933333333333</HistMin>
        <HistMax>1122.006666666667</HistMax>
        <BucketCount>225</BucketCount>
        <IncludeOutOfRange>0</IncludeOutOfRange>
        <Approximate>0</Approximate>
        <HistCounts>1|0|1|0|1|3|1|1|4|2|3|2|0|1|0|1|2|1|1|2|1|1|1|1|3|1|3|0|1|4|2|0|1|4|0|0|4|0|1|0|0|1|2|0|1|1|0|1|1|0|2|2|1|1|1|1|1|1|1|0|0|3|0|1|1|2|1|2|3|4|3|4|1|4|3|0|1|2|0|1|0|1|1|0|1|2|3|2|0|1|2|2|1|0|1|0|0|1|2|1|1|3|0|3|1|1|1|0|0|0|0|0|0|1|0|0|0|2|1|1|0|1|1|1|1|1|0|0|0|0|1|0|0|0|0|0|0|1|1|0|0|1|0|0|0|0|1|0|1|0|0|1|0|0|0|2|0|0|0|0|0|0|1|0|1|1|0|0|0|0|1|1|0|0|1|2|0|0|0|4|0|3|2|0|2|2|1|2|0|1|0|1|1|1|1|2|3|0|1|1|0|1|1|2|2|1|2|1|2|2|2|1|3|1|1|1|1|1|1|1|0|0|2|0|1</HistCounts>
      </HistItem>
    </Histograms>
    <Metadata>
      <MDI key="STATISTICS_MINIMUM">217</MDI>
      <MDI key="STATISTICS_MAXIMUM">1120</MDI>
      <MDI key="STATISTICS_MEAN">625.8</MDI>
      <MDI key="STATISTICS_STDDEV">280.6042052429</MDI>
      <MDI key="STATISTICS_VALID_PERCENT">100</MDI>
    </Metadata>
  </PAMRasterBand>
</PAMDataset>
