<PAMDataset>
  <PAMRasterBand band="1">
    <Histograms>
      <HistItem>
        <HistMin>215.9066666666667</HistMin>
        <HistMax>710.0933333333334</HistMax>
        <BucketCount>225</BucketCount>
        <IncludeOutOfRange>0</IncludeOutOfRange>
        <Approximate>0</Approximate>
        <HistCounts>1|0|0|0|0|0|0|0|0|0|0|0|0|0|0|0|0|0|0|0|0|0|0|0|0|1|0|0|0|0|0|0|0|0|0|0|0|0|0|0|0|0|0|0|0|0|0|0|0|0|0|0|0|0|0|0|0|0|0|0|0|0|0|0|0|0|0|0|0|0|0|0|0|0|1|0|0|0|0|0|1|0|0|2|0|1|1|1|1|0|2|3|5|5|7|5|12|12|7|8|6|2|6|4|4|5|4|10|1|2|0|4|1|2|2|1|1|0|1|2|3|2|2|2|0|1|2|4|1|0|1|2|0|1|1|1|4|3|0|1|1|2|2|1|0|1|2|1|3|1|0|1|0|5|0|1|1|2|2|1|2|2|1|1|1|0|0|2|0|1|0|2|2|2|2|2|0|1|0|0|1|0|0|0|0|0|1|2|1|0|0|1|0|0|0|0|0|0|0|0|0|0|0|0|0|0|0|0|0|0|0|1|0|0|0|1|0|0|0|1|0|0|1|0|2</HistCounts>
      </HistItem>
    </Histograms>
    <Metadata>
      <MDI key="STATISTICS_MINIMUM">217</MDI>
      <MDI key="STATISTICS_MAXIMUM">709</MDI>
      <MDI key="STATISTICS_MEAN">482.37777777778</MDI>
      <MDI key="STATISTICS_STDDEV">73.286678761905</MDI>
      <MDI key="STATISTICS_VALID_PERCENT">100</MDI>
    </Metadata>
  </PAMRasterBand>
  <PAMRasterBand band="2">
    <Histograms>
      <HistItem>
        <HistMin>233.8622222222222</HistMin>
        <HistMax>748.1377777777777</HistMax>
        <BucketCount>225</BucketCount>
        <IncludeOutOfRange>0</IncludeOutOfRange>
        <Approximate>0</Approximate>
        <HistCounts>1|0|0|0|0|0|0|0|0|0|0|0|0|0|0|0|0|0|0|0|0|0|0|0|0|0|0|0|1|0|0|0|0|0|0|0|0|0|0|0|0|0|0|0|0|0|0|0|0|0|0|0|0|0|1|0|5|1|5|7|2|3|6|5|4|4|8|5|6|3|3|5|9|7|2|5|4|4|2|0|3|4|2|3|6|2|1|2|2|2|0|1|0|1|5|1|5|0|2|1|1|2|0|2|2|4|0|0|1|3|2|3|4|0|2|0|1|1|1|6|1|0|2|2|2|1|1|2|1|0|2|1|0|1|0|2|1|2|0|0|1|0|0|1|0|0|0|1|0|0|0|0|1|0|0|0|0|0|1|0|0|0|0|0|0|1|0|1|0|0|0|0|0|0|0|0|0|0|0|0|2|0|0|0|0|0|1|0|0|0|0|0|0|0|1|0|1|0|0|0|0|0|0|1|0|0|0|0|0|0|0|0|0|0|0|1|0|1|0|0|0|2|0|0|1</HistCounts>
      </HistItem>
    </Histograms>
    <Metadata>
      <MDI key="STATISTICS_MINIMUM">235</MDI>
      <MDI key="STATISTICS_MAXIMUM">747</MDI>
      <MDI key="STATISTICS_MEAN">446.07555555556</MDI>
      <MDI key="STATISTICS_STDDEV">82.460595722524</MDI>
      <MDI key="STATISTICS_VALID_PERCENT">100</MDI>
    </Metadata>
  </PAMRasterBand>
  <PAMRasterBand band="3">
    <Histograms>
      <HistItem>
        <HistMin>322.1377777777778</HistMin>
        <HistMax>1163.862222222222</HistMax>
        <BucketCount>225</BucketCount>
        <IncludeOutOfRange>0</IncludeOutOfRange>
        <Approximate>0</Approximate>
        <HistCounts>1|0|0|0|0|0|0|0|0|0|0|0|0|0|0|0|0|0|0|0|0|0|0|0|0|0|0|0|1|0|0|0|0|0|0|0|0|0|0|0|0|0|0|0|0|0|0|0|0|0|1|0|0|0|5|3|7|6|2|5|8|8|4|7|8|3|8|4|0|6|1|5|0|5|5|2|2|2|4|4|1|2|4|1|1|2|2|4|2|1|5|3|0|0|3|0|0|2|2|2|1|2|0|1|2|1|5|1|3|2|0|1|0|1|1|0|2|2|2|6|1|0|4|2|1|0|0|0|0|0|2|1|2|2|4|0|2|1|1|0|0|0|1|0|0|0|0|0|0|0|0|0|0|0|0|0|0|0|0|0|0|0|0|0|0|1|0|0|0|1|0|0|1|0|0|0|0|0|0|0|0|0|1|0|0|0|0|2|0|0|1|0|1|0|0|0|0|0|0|0|0|0|0|0|0|0|0|1|0|0|0|1|0|0|0|0|0|0|1|0|2|0|0|0|1</HistCounts>
      </HistItem>
    </Histograms>
    <Metadata>
      <MDI key="STATISTICS_MINIMUM">324</MDI>
      <MDI key="STATISTICS_MAXIMUM">1162</MDI>
      <MDI key="STATISTICS_MEAN">661.25333333333</MDI>
      <MDI key="STATISTICS_STDDEV">138.84809541366</MDI>
      <MDI key="STATISTICS_VALID_PERCENT">100</MDI>
    </Metadata>
  </PAMRasterBand>
</PAMDataset>
