<PAMDataset>
  <PAMRasterBand band="1">
    <Histograms>
      <HistItem>
        <HistMin>244.5955555555556</HistMin>
        <HistMax>879.4044444444445</HistMax>
        <BucketCount>225</BucketCount>
        <IncludeOutOfRange>0</IncludeOutOfRange>
        <Approximate>0</Approximate>
        <HistCounts>1|1|1|0|1|0|0|0|1|1|3|0|3|2|1|0|2|0|1|1|1|0|2|0|0|0|2|0|1|1|1|2|0|0|0|0|1|0|0|0|0|1|1|1|0|0|0|1|0|0|0|1|0|1|0|0|0|1|0|0|1|1|2|0|1|2|3|3|3|6|2|4|7|11|4|4|4|1|3|3|1|1|4|2|1|1|1|2|1|1|1|2|1|2|1|1|1|3|1|0|2|0|1|1|2|0|4|0|1|1|1|0|1|0|1|2|0|0|1|0|1|1|0|2|1|2|0|1|0|1|2|2|1|1|1|0|1|1|2|0|0|0|1|2|1|2|0|2|0|0|2|0|1|0|0|0|0|2|1|2|1|0|2|1|2|0|2|0|3|0|0|1|1|0|0|2|0|0|1|2|0|0|0|1|0|2|1|1|0|1|0|0|0|1|0|0|1|3|1|0|2|0|0|1|0|0|1|0|2|0|0|0|1|0|1|0|1|0|0|0|0|0|0|1|1</HistCounts>
      </HistItem>
    </Histograms>
    <Metadata>
      <MDI key="STATISTICS_MINIMUM">246</MDI>
      <MDI key="STATISTICS_MAXIMUM">878</MDI>
      <MDI key="STATISTICS_MEAN">528.48888888889</MDI>
      <MDI key="STATISTICS_STDDEV">154.01483654682</MDI>
      <MDI key="STATISTICS_VALID_PERCENT">100</MDI>
    </Metadata>
  </PAMRasterBand>
  <PAMRasterBand band="2">
    <Histograms>
      <HistItem>
        <HistMin>267.5377777777778</HistMin>
        <HistMax>928.4622222222222</HistMax>
        <BucketCount>225</BucketCount>
        <IncludeOutOfRange>0</IncludeOutOfRange>
        <Approximate>0</Approximate>
        <HistCounts>1|0|2|1|0|0|2|0|1|1|0|0|3|3|1|2|0|0|1|1|0|0|3|1|1|1|1|0|1|0|1|2|0|1|0|1|5|0|4|1|1|2|3|4|10|1|4|3|4|9|6|8|0|3|0|0|5|0|0|1|1|0|2|3|1|1|1|1|1|0|3|2|0|0|1|0|1|4|1|3|2|0|3|1|1|2|0|1|0|1|0|0|2|0|1|0|1|1|0|0|0|2|0|1|0|2|2|0|1|1|0|1|0|0|0|1|1|0|1|0|2|0|0|0|1|0|1|1|0|0|0|0|0|0|1|3|0|0|0|0|0|2|1|1|0|1|1|0|0|1|1|1|2|1|1|1|0|2|2|1|0|2|0|0|0|1|0|0|0|0|0|1|1|1|1|1|0|1|0|1|0|1|0|1|2|0|0|0|2|1|0|1|1|1|3|0|1|1|0|2|0|1|1|0|1|0|1|0|0|1|0|0|2|0|0|0|0|1|0|0|0|0|0|0|1</HistCounts>
      </HistItem>
    </Histograms>
    <Metadata>
      <MDI key="STATISTICS_MINIMUM">269</MDI>
      <MDI key="STATISTICS_MAXIMUM">927</MDI>
      <MDI key="STATISTICS_MEAN">523.10222222222</MDI>
      <MDI key="STATISTICS_STDDEV">173.15981890713</MDI>
      <MDI key="STATISTICS_VALID_PERCENT">100</MDI>
    </Metadata>
  </PAMRasterBand>
  <PAMRasterBand band="3">
    <Histograms>
      <HistItem>
        <HistMin>361.7466666666667</HistMin>
        <HistMax>1380.253333333333</HistMax>
        <BucketCount>225</BucketCount>
        <IncludeOutOfRange>0</IncludeOutOfRange>
        <Approximate>0</Approximate>
        <HistCounts>2|0|1|0|0|0|1|0|2|0|0|1|1|3|0|2|0|0|1|0|1|0|2|4|1|1|3|0|0|2|0|1|1|0|4|1|4|0|0|1|2|2|1|6|7|3|7|5|7|4|2|5|2|3|1|6|4|2|0|1|0|0|2|2|0|0|2|0|2|0|3|1|0|1|2|2|1|3|1|0|2|0|2|1|1|1|1|3|1|0|3|1|1|0|0|0|0|0|0|0|0|0|0|0|0|1|1|0|2|1|1|1|3|0|0|0|0|0|0|0|2|1|0|0|0|2|0|1|0|1|0|0|0|1|1|1|1|0|0|2|1|0|1|0|0|0|1|1|0|0|2|0|1|0|2|3|1|1|0|2|0|1|1|0|0|0|0|1|1|1|0|1|1|1|0|1|0|0|1|1|0|2|0|1|0|4|0|0|1|1|0|0|1|2|1|2|0|2|0|2|0|0|0|1|0|0|0|0|1|0|0|1|1|1|0|0|0|0|1|0|0|0|0|0|1</HistCounts>
      </HistItem>
    </Histograms>
    <Metadata>
      <MDI key="STATISTICS_MINIMUM">364</MDI>
      <MDI key="STATISTICS_MAXIMUM">1378</MDI>
      <MDI key="STATISTICS_MEAN">756.2</MDI>
      <MDI key="STATISTICS_STDDEV">265.24447423294</MDI>
      <MDI key="STATISTICS_VALID_PERCENT">100</MDI>
    </Metadata>
  </PAMRasterBand>
</PAMDataset>
