<PAMDataset>
  <PAMRasterBand band="1">
    <Histograms>
      <HistItem>
        <HistMin>274.5030303030303</HistMin>
        <HistMax>439.4969696969697</HistMax>
        <BucketCount>165</BucketCount>
        <IncludeOutOfRange>0</IncludeOutOfRange>
        <Approximate>0</Approximate>
        <HistCounts>1|0|1|0|0|0|1|0|2|0|0|1|2|3|1|1|1|1|2|0|2|2|0|1|3|0|4|0|1|7|2|0|3|2|0|5|8|1|1|4|1|2|3|1|2|3|2|1|5|5|3|4|4|1|4|6|1|3|4|4|2|1|0|2|3|6|0|4|4|4|3|5|6|3|4|2|0|2|3|2|1|0|2|2|1|2|3|1|0|0|5|1|1|1|2|3|1|0|0|1|1|1|1|0|3|3|3|0|0|0|1|1|1|1|0|1|0|0|0|0|0|0|0|0|0|0|0|0|0|0|0|0|0|0|0|0|0|1|0|0|0|0|0|0|0|0|0|0|0|0|0|0|1|0|0|0|0|0|0|0|0|0|0|0|1</HistCounts>
      </HistItem>
    </Histograms>
    <Metadata>
      <MDI key="STATISTICS_MINIMUM">275</MDI>
      <MDI key="STATISTICS_MAXIMUM">439</MDI>
      <MDI key="STATISTICS_MEAN">333.64888888889</MDI>
      <MDI key="STATISTICS_STDDEV">28.204748396303</MDI>
      <MDI key="STATISTICS_VALID_PERCENT">100</MDI>
    </Metadata>
  </PAMRasterBand>
  <PAMRasterBand band="2">
    <Histograms>
      <HistItem>
        <HistMin>196.503355704698</HistMin>
        <HistMax>345.496644295302</HistMax>
        <BucketCount>149</BucketCount>
        <IncludeOutOfRange>0</IncludeOutOfRange>
        <Approximate>0</Approximate>
        <HistCounts>1|0|0|0|0|0|0|1|0|0|0|0|0|0|0|1|1|0|0|0|0|3|1|1|0|1|1|2|1|2|1|0|1|1|2|0|4|1|0|2|4|0|4|0|2|2|0|6|2|1|2|0|2|3|1|3|4|4|4|5|2|3|2|6|3|3|3|3|2|1|3|2|3|4|3|6|2|4|5|5|7|4|4|8|6|2|2|4|0|4|1|3|2|2|1|1|4|2|2|3|0|3|2|3|1|3|0|2|1|0|2|1|0|0|0|0|0|0|0|0|1|0|0|0|0|0|0|0|0|0|0|1|0|0|0|0|0|0|0|0|0|0|0|0|0|0|0|0|1</HistCounts>
      </HistItem>
    </Histograms>
    <Metadata>
      <MDI key="STATISTICS_MINIMUM">197</MDI>
      <MDI key="STATISTICS_MAXIMUM">345</MDI>
      <MDI key="STATISTICS_MEAN">266.03111111111</MDI>
      <MDI key="STATISTICS_STDDEV">24.163405041713</MDI>
      <MDI key="STATISTICS_VALID_PERCENT">100</MDI>
    </Metadata>
  </PAMRasterBand>
  <PAMRasterBand band="3">
    <Histograms>
      <HistItem>
        <HistMin>199.5028409090909</HistMin>
        <HistMax>375.4971590909091</HistMax>
        <BucketCount>176</BucketCount>
        <IncludeOutOfRange>0</IncludeOutOfRange>
        <Approximate>0</Approximate>
        <HistCounts>1|0|1|0|0|0|1|0|1|0|0|1|0|1|0|0|0|1|0|1|0|1|0|0|0|1|2|1|2|1|0|2|0|0|1|0|1|2|1|1|2|2|0|0|1|1|3|2|0|2|0|2|4|0|1|3|0|6|1|1|2|0|0|0|1|2|0|0|2|1|0|0|4|1|0|0|2|2|0|1|0|2|1|0|5|2|1|1|0|0|0|2|1|2|3|1|6|1|0|0|2|1|0|2|1|0|1|4|0|1|3|3|4|1|1|1|1|1|1|2|2|6|5|3|5|3|3|3|2|1|3|4|5|3|1|4|2|1|5|1|3|0|2|0|1|2|0|3|2|1|3|0|1|0|4|2|0|2|1|0|0|0|1|0|0|1|2|0|0|0|0|0|0|0|0|1</HistCounts>
      </HistItem>
    </Histograms>
    <Metadata>
      <MDI key="STATISTICS_MINIMUM">200</MDI>
      <MDI key="STATISTICS_MAXIMUM">375</MDI>
      <MDI key="STATISTICS_MEAN">297.96888888889</MDI>
      <MDI key="STATISTICS_STDDEV">41.268055023615</MDI>
      <MDI key="STATISTICS_VALID_PERCENT">100</MDI>
    </Metadata>
  </PAMRasterBand>
</PAMDataset>
