<PAMDataset>
  <PAMRasterBand band="1">
    <Histograms>
      <HistItem>
        <HistMin>220.7666666666667</HistMin>
        <HistMax>778.2333333333333</HistMax>
        <BucketCount>225</BucketCount>
        <IncludeOutOfRange>0</IncludeOutOfRange>
        <Approximate>0</Approximate>
        <HistCounts>1|0|0|0|0|0|0|0|0|0|0|0|1|0|0|1|0|0|2|0|0|1|1|0|0|1|1|0|0|3|0|1|1|0|0|1|3|0|2|1|3|2|1|0|1|1|0|1|2|3|3|3|6|3|2|1|5|5|1|2|0|1|1|3|1|3|0|5|2|4|2|4|0|5|1|2|0|2|1|1|3|3|4|7|3|3|3|2|6|4|7|6|4|5|8|1|3|5|3|1|3|2|0|1|3|1|3|1|0|1|1|2|0|0|1|0|0|0|1|0|0|0|0|0|0|1|1|0|0|1|1|1|0|0|0|0|0|0|0|0|0|0|0|0|1|0|0|0|0|0|0|0|0|0|0|1|0|0|1|0|0|0|0|0|1|0|0|0|0|0|0|0|0|0|1|0|1|0|0|1|0|0|0|0|0|0|0|0|0|0|0|0|0|0|0|0|2|0|0|1|1|0|0|0|0|0|0|0|0|0|0|0|0|1|0|1|0|0|0|0|0|0|0|1|1</HistCounts>
      </HistItem>
    </Histograms>
    <Metadata>
      <MDI key="STATISTICS_MINIMUM">222</MDI>
      <MDI key="STATISTICS_MAXIMUM">777</MDI>
      <MDI key="STATISTICS_MEAN">423.84888888889</MDI>
      <MDI key="STATISTICS_STDDEV">93.857643084791</MDI>
      <MDI key="STATISTICS_VALID_PERCENT">100</MDI>
    </Metadata>
  </PAMRasterBand>
  <PAMRasterBand band="2">
    <Histograms>
      <HistItem>
        <HistMin>185.8288888888889</HistMin>
        <HistMax>715.1711111111111</HistMax>
        <BucketCount>225</BucketCount>
        <IncludeOutOfRange>0</IncludeOutOfRange>
        <Approximate>0</Approximate>
        <HistCounts>1|0|0|0|0|0|2|0|1|0|1|1|0|0|2|0|0|1|0|0|0|1|0|1|1|1|1|0|1|1|2|5|1|1|2|1|1|2|0|0|2|2|2|4|1|1|1|2|3|3|3|0|8|3|3|1|1|3|1|1|2|0|3|3|3|6|0|2|3|2|1|1|3|2|4|3|1|5|5|4|1|0|3|1|3|10|9|5|6|3|8|8|2|2|2|1|3|1|2|1|0|0|3|1|0|0|0|1|1|0|0|0|0|1|0|0|0|0|0|1|0|0|0|0|1|0|0|0|0|0|0|1|0|0|1|0|0|0|1|0|0|0|0|0|0|1|0|0|0|0|0|0|0|0|0|0|0|0|0|1|0|0|1|0|1|0|0|0|0|0|0|0|0|0|0|1|0|0|0|0|1|1|0|0|0|0|0|0|0|0|1|0|0|0|0|0|0|0|1|0|0|0|0|1|0|0|0|0|0|0|0|0|0|0|0|0|1|0|0|0|0|0|1|0|1</HistCounts>
      </HistItem>
    </Histograms>
    <Metadata>
      <MDI key="STATISTICS_MINIMUM">187</MDI>
      <MDI key="STATISTICS_MAXIMUM">714</MDI>
      <MDI key="STATISTICS_MEAN">362.84888888889</MDI>
      <MDI key="STATISTICS_STDDEV">88.773340898724</MDI>
      <MDI key="STATISTICS_VALID_PERCENT">100</MDI>
    </Metadata>
  </PAMRasterBand>
  <PAMRasterBand band="3">
    <Histograms>
      <HistItem>
        <HistMin>239.2333333333333</HistMin>
        <HistMax>1037.766666666667</HistMax>
        <BucketCount>225</BucketCount>
        <IncludeOutOfRange>0</IncludeOutOfRange>
        <Approximate>0</Approximate>
        <HistCounts>1|2|0|2|0|0|0|0|1|0|0|0|0|1|0|1|1|1|0|1|0|2|1|1|2|0|1|1|0|0|3|0|1|0|1|1|2|0|3|0|0|1|1|4|0|2|3|1|1|1|0|4|1|4|1|2|4|2|5|1|1|1|3|2|2|2|1|3|2|3|2|2|4|4|5|5|4|2|8|4|3|8|3|2|0|3|3|5|5|3|4|3|11|1|7|1|4|0|1|3|1|0|1|0|0|1|0|1|0|0|0|1|1|2|0|0|0|1|0|0|0|0|0|0|0|0|1|0|0|1|1|0|0|0|0|1|0|0|0|1|0|1|0|0|0|0|0|0|0|0|0|0|1|0|0|0|0|0|0|0|2|0|0|0|0|0|0|0|0|0|0|1|0|0|0|0|0|0|0|0|0|1|0|1|0|0|0|0|0|1|1|0|0|0|0|0|0|0|0|1|0|0|0|0|0|0|0|0|0|0|0|0|0|0|0|0|0|1|0|0|0|0|0|1|1</HistCounts>
      </HistItem>
    </Histograms>
    <Metadata>
      <MDI key="STATISTICS_MINIMUM">241</MDI>
      <MDI key="STATISTICS_MAXIMUM">1036</MDI>
      <MDI key="STATISTICS_MEAN">511.72444444444</MDI>
      <MDI key="STATISTICS_STDDEV">133.46598260823</MDI>
      <MDI key="STATISTICS_VALID_PERCENT">100</MDI>
    </Metadata>
  </PAMRasterBand>
</PAMDataset>
