<PAMDataset>
  <PAMRasterBand band="1">
    <Histograms>
      <HistItem>
        <HistMin>242.5050505050505</HistMin>
        <HistMax>341.4949494949495</HistMax>
        <BucketCount>99</BucketCount>
        <IncludeOutOfRange>0</IncludeOutOfRange>
        <Approximate>0</Approximate>
        <HistCounts>1|0|0|0|0|1|0|1|1|4|1|1|0|0|0|5|0|1|2|0|2|0|0|4|2|1|3|2|2|4|3|4|6|2|3|3|4|3|5|3|6|2|3|7|2|1|5|8|5|3|10|1|10|7|5|5|4|7|3|6|1|4|5|4|8|3|0|5|5|4|1|0|1|0|1|0|1|1|0|1|1|0|0|0|1|1|1|0|0|0|0|0|0|1|0|0|0|0|1</HistCounts>
      </HistItem>
    </Histograms>
    <Metadata>
      <MDI key="STATISTICS_MINIMUM">243</MDI>
      <MDI key="STATISTICS_MAXIMUM">341</MDI>
      <MDI key="STATISTICS_MEAN">289.51555555556</MDI>
      <MDI key="STATISTICS_STDDEV">17.628032669656</MDI>
      <MDI key="STATISTICS_VALID_PERCENT">100</MDI>
    </Metadata>
  </PAMRasterBand>
  <PAMRasterBand band="2">
    <Histograms>
      <HistItem>
        <HistMin>182.506329113924</HistMin>
        <HistMax>261.493670886076</HistMax>
        <BucketCount>79</BucketCount>
        <IncludeOutOfRange>0</IncludeOutOfRange>
        <Approximate>0</Approximate>
        <HistCounts>1|0|0|0|1|1|1|3|1|0|0|3|0|1|0|1|2|1|1|0|2|3|0|2|4|5|5|2|2|3|4|1|1|8|3|5|1|4|7|3|6|7|6|6|5|11|10|5|10|8|7|8|3|7|3|1|6|4|3|3|3|2|3|1|2|1|4|1|4|1|0|0|1|0|0|0|0|0|1</HistCounts>
      </HistItem>
    </Histograms>
    <Metadata>
      <MDI key="STATISTICS_MINIMUM">183</MDI>
      <MDI key="STATISTICS_MAXIMUM">261</MDI>
      <MDI key="STATISTICS_MEAN">225.05333333333</MDI>
      <MDI key="STATISTICS_STDDEV">14.815511391031</MDI>
      <MDI key="STATISTICS_VALID_PERCENT">100</MDI>
    </Metadata>
  </PAMRasterBand>
  <PAMRasterBand band="3">
    <Histograms>
      <HistItem>
        <HistMin>195.5052083333333</HistMin>
        <HistMax>291.4947916666667</HistMax>
        <BucketCount>96</BucketCount>
        <IncludeOutOfRange>0</IncludeOutOfRange>
        <Approximate>0</Approximate>
        <HistCounts>1|0|0|1|0|0|2|1|0|2|0|2|0|0|0|0|1|0|1|0|0|3|0|3|2|1|2|2|1|0|1|0|0|1|2|4|2|4|3|3|1|3|4|4|7|0|1|5|2|3|5|1|1|2|7|7|3|4|7|5|4|3|5|2|5|3|5|7|7|2|8|3|3|3|3|7|6|3|3|1|2|4|2|2|2|0|3|0|1|3|2|2|0|0|1|1</HistCounts>
      </HistItem>
    </Histograms>
    <Metadata>
      <MDI key="STATISTICS_MINIMUM">196</MDI>
      <MDI key="STATISTICS_MAXIMUM">291</MDI>
      <MDI key="STATISTICS_MEAN">252.44</MDI>
      <MDI key="STATISTICS_STDDEV">20.120022089672</MDI>
      <MDI key="STATISTICS_VALID_PERCENT">100</MDI>
    </Metadata>
  </PAMRasterBand>
</PAMDataset>
