<PAMDataset>
  <PAMRasterBand band="1">
    <Histograms>
      <HistItem>
        <HistMin>238.50625</HistMin>
        <HistMax>318.49375</HistMax>
        <BucketCount>80</BucketCount>
        <IncludeOutOfRange>0</IncludeOutOfRange>
        <Approximate>0</Approximate>
        <HistCounts>1|0|0|0|0|0|0|0|0|0|1|0|0|0|0|0|2|0|1|0|3|1|2|2|3|4|3|1|3|2|3|3|5|3|4|1|6|5|6|2|10|7|2|3|8|9|5|5|5|9|4|4|10|7|8|9|6|5|3|6|0|2|3|6|0|1|4|4|3|1|0|1|0|2|1|1|2|1|0|1</HistCounts>
      </HistItem>
    </Histograms>
    <Metadata>
      <MDI key="STATISTICS_MINIMUM">239</MDI>
      <MDI key="STATISTICS_MAXIMUM">318</MDI>
      <MDI key="STATISTICS_MEAN">285.10666666667</MDI>
      <MDI key="STATISTICS_STDDEV">13.986253568733</MDI>
      <MDI key="STATISTICS_VALID_PERCENT">100</MDI>
    </Metadata>
  </PAMRasterBand>
  <PAMRasterBand band="2">
    <Histograms>
      <HistItem>
        <HistMin>189.5092592592593</HistMin>
        <HistMax>243.4907407407407</HistMax>
        <BucketCount>54</BucketCount>
        <IncludeOutOfRange>0</IncludeOutOfRange>
        <Approximate>0</Approximate>
        <HistCounts>1|0|0|0|0|0|0|1|4|2|1|1|3|2|3|7|5|4|4|8|8|5|2|10|6|6|8|8|11|13|8|10|7|5|5|7|8|6|6|4|5|1|8|4|2|4|1|1|5|2|1|1|0|1</HistCounts>
      </HistItem>
    </Histograms>
    <Metadata>
      <MDI key="STATISTICS_MINIMUM">190</MDI>
      <MDI key="STATISTICS_MAXIMUM">243</MDI>
      <MDI key="STATISTICS_MEAN">218.67111111111</MDI>
      <MDI key="STATISTICS_STDDEV">10.279572455922</MDI>
      <MDI key="STATISTICS_VALID_PERCENT">100</MDI>
    </Metadata>
  </PAMRasterBand>
  <PAMRasterBand band="3">
    <Histograms>
      <HistItem>
        <HistMin>213.5083333333333</HistMin>
        <HistMax>273.4916666666667</HistMax>
        <BucketCount>60</BucketCount>
        <IncludeOutOfRange>0</IncludeOutOfRange>
        <Approximate>0</Approximate>
        <HistCounts>2|0|1|0|1|2|1|0|1|2|3|3|7|6|3|10|7|2|2|2|4|3|5|9|6|6|8|7|7|9|6|11|3|6|4|9|3|5|6|4|8|5|4|2|6|1|5|1|2|2|1|1|2|1|3|1|2|1|0|1</HistCounts>
      </HistItem>
    </Histograms>
    <Metadata>
      <MDI key="STATISTICS_MINIMUM">214</MDI>
      <MDI key="STATISTICS_MAXIMUM">273</MDI>
      <MDI key="STATISTICS_MEAN">242.88</MDI>
      <MDI key="STATISTICS_STDDEV">12.544987489476</MDI>
      <MDI key="STATISTICS_VALID_PERCENT">100</MDI>
    </Metadata>
  </PAMRasterBand>
</PAMDataset>
