<PAMDataset>
  <PAMRasterBand band="1">
    <Histograms>
      <HistItem>
        <HistMin>273.5078125</HistMin>
        <HistMax>337.4921875</HistMax>
        <BucketCount>64</BucketCount>
        <IncludeOutOfRange>0</IncludeOutOfRange>
        <Approximate>0</Approximate>
        <HistCounts>1|0|1|1|2|0|1|2|1|1|4|3|7|7|11|5|11|9|7|8|6|16|5|9|5|10|7|5|4|6|1|6|4|2|4|4|5|4|3|6|2|6|3|1|3|0|3|3|1|1|2|1|1|2|0|1|0|0|0|0|0|0|0|1</HistCounts>
      </HistItem>
    </Histograms>
    <Metadata>
      <MDI key="STATISTICS_MINIMUM">274</MDI>
      <MDI key="STATISTICS_MAXIMUM">337</MDI>
      <MDI key="STATISTICS_MEAN">299.20888888889</MDI>
      <MDI key="STATISTICS_STDDEV">11.772506996713</MDI>
      <MDI key="STATISTICS_VALID_PERCENT">100</MDI>
    </Metadata>
  </PAMRasterBand>
  <PAMRasterBand band="2">
    <Histograms>
      <HistItem>
        <HistMin>214.5090909090909</HistMin>
        <HistMax>269.4909090909091</HistMax>
        <BucketCount>55</BucketCount>
        <IncludeOutOfRange>0</IncludeOutOfRange>
        <Approximate>0</Approximate>
        <HistCounts>1|0|4|1|3|5|10|0|8|8|9|11|2|18|3|8|7|10|10|5|12|11|4|7|7|6|2|9|8|4|4|3|3|4|4|3|4|2|2|0|2|0|0|0|0|0|0|0|0|0|0|0|0|0|1</HistCounts>
      </HistItem>
    </Histograms>
    <Metadata>
      <MDI key="STATISTICS_MINIMUM">215</MDI>
      <MDI key="STATISTICS_MAXIMUM">269</MDI>
      <MDI key="STATISTICS_MEAN">233.73333333333</MDI>
      <MDI key="STATISTICS_STDDEV">9.4727679868839</MDI>
      <MDI key="STATISTICS_VALID_PERCENT">100</MDI>
    </Metadata>
  </PAMRasterBand>
  <PAMRasterBand band="3">
    <Histograms>
      <HistItem>
        <HistMin>233.5060240963855</HistMin>
        <HistMax>316.4939759036145</HistMax>
        <BucketCount>83</BucketCount>
        <IncludeOutOfRange>0</IncludeOutOfRange>
        <Approximate>0</Approximate>
        <HistCounts>1|0|1|0|0|0|1|7|4|7|5|3|0|0|3|6|3|4|7|5|1|7|0|3|14|5|7|6|10|12|4|6|9|6|11|5|4|1|3|4|3|3|4|2|5|4|4|4|2|2|2|4|1|1|2|0|2|0|1|1|1|0|0|1|0|0|0|0|0|0|0|0|0|0|0|0|0|0|0|0|0|0|1</HistCounts>
      </HistItem>
    </Histograms>
    <Metadata>
      <MDI key="STATISTICS_MINIMUM">234</MDI>
      <MDI key="STATISTICS_MAXIMUM">316</MDI>
      <MDI key="STATISTICS_MEAN">263.24</MDI>
      <MDI key="STATISTICS_STDDEV">13.516580764215</MDI>
      <MDI key="STATISTICS_VALID_PERCENT">100</MDI>
    </Metadata>
  </PAMRasterBand>
</PAMDataset>
