<PAMDataset>
  <PAMRasterBand band="1">
    <Histograms>
      <HistItem>
        <HistMin>245.5047169811321</HistMin>
        <HistMax>351.495283018868</HistMax>
        <BucketCount>106</BucketCount>
        <IncludeOutOfRange>0</IncludeOutOfRange>
        <Approximate>0</Approximate>
        <HistCounts>1|1|0|0|0|0|1|1|1|1|0|5|1|4|1|3|3|3|3|7|5|4|4|3|5|2|3|3|3|4|3|4|4|7|3|6|3|2|4|7|6|6|3|9|4|0|1|2|2|4|6|2|1|1|2|5|2|8|0|1|2|3|1|4|3|3|0|0|0|1|1|3|0|2|3|0|1|0|1|0|0|0|3|1|1|0|0|2|1|1|0|0|2|2|0|0|0|0|0|1|1|1|0|0|0|1</HistCounts>
      </HistItem>
    </Histograms>
    <Metadata>
      <MDI key="STATISTICS_MINIMUM">246</MDI>
      <MDI key="STATISTICS_MAXIMUM">351</MDI>
      <MDI key="STATISTICS_MEAN">287.76888888889</MDI>
      <MDI key="STATISTICS_STDDEV">21.915999454708</MDI>
      <MDI key="STATISTICS_VALID_PERCENT">100</MDI>
    </Metadata>
  </PAMRasterBand>
  <PAMRasterBand band="2">
    <Histograms>
      <HistItem>
        <HistMin>182.5060975609756</HistMin>
        <HistMax>264.4939024390244</HistMax>
        <BucketCount>82</BucketCount>
        <IncludeOutOfRange>0</IncludeOutOfRange>
        <Approximate>0</Approximate>
        <HistCounts>1|0|1|1|1|1|4|3|2|5|1|0|6|13|4|6|4|9|3|4|6|3|8|8|2|6|3|7|3|8|2|3|5|6|4|2|6|4|2|4|6|4|6|1|4|4|0|2|1|1|1|3|3|1|2|1|2|1|0|2|1|2|1|2|0|1|2|0|1|0|1|2|1|1|0|0|0|0|0|1|2|1</HistCounts>
      </HistItem>
    </Histograms>
    <Metadata>
      <MDI key="STATISTICS_MINIMUM">183</MDI>
      <MDI key="STATISTICS_MAXIMUM">264</MDI>
      <MDI key="STATISTICS_MEAN">213.76</MDI>
      <MDI key="STATISTICS_STDDEV">17.596595630342</MDI>
      <MDI key="STATISTICS_VALID_PERCENT">100</MDI>
    </Metadata>
  </PAMRasterBand>
  <PAMRasterBand band="3">
    <Histograms>
      <HistItem>
        <HistMin>177.5051020408163</HistMin>
        <HistMax>275.4948979591837</HistMax>
        <BucketCount>98</BucketCount>
        <IncludeOutOfRange>0</IncludeOutOfRange>
        <Approximate>0</Approximate>
        <HistCounts>2|3|2|2|3|8|5|7|2|7|7|4|5|5|9|5|8|7|1|6|7|3|4|1|1|2|6|9|7|5|0|3|4|5|3|2|1|3|2|0|5|2|4|6|3|2|1|2|2|0|1|2|1|1|1|1|3|0|1|1|1|1|4|1|0|2|0|0|2|0|0|0|0|0|0|0|1|0|1|1|1|0|0|0|2|1|0|0|1|0|0|0|0|0|0|0|0|1</HistCounts>
      </HistItem>
    </Histograms>
    <Metadata>
      <MDI key="STATISTICS_MINIMUM">178</MDI>
      <MDI key="STATISTICS_MAXIMUM">275</MDI>
      <MDI key="STATISTICS_MEAN">205.63111111111</MDI>
      <MDI key="STATISTICS_STDDEV">20.060395722498</MDI>
      <MDI key="STATISTICS_VALID_PERCENT">100</MDI>
    </Metadata>
  </PAMRasterBand>
</PAMDataset>
