<PAMDataset>
  <PAMRasterBand band="1">
    <Histograms>
      <HistItem>
        <HistMin>233.5036496350365</HistMin>
        <HistMax>370.4963503649635</HistMax>
        <BucketCount>137</BucketCount>
        <IncludeOutOfRange>0</IncludeOutOfRange>
        <Approximate>0</Approximate>
        <HistCounts>1|0|0|0|0|0|2|0|0|0|0|0|0|0|0|0|0|0|0|1|0|0|0|0|0|1|1|1|0|0|0|1|0|1|1|0|1|0|0|0|3|0|1|3|4|0|1|0|1|0|0|1|1|0|0|1|1|2|0|1|1|0|0|0|1|2|0|0|2|1|0|1|0|1|2|1|1|3|2|0|3|1|2|3|1|1|2|3|0|1|2|3|3|4|4|7|1|5|3|5|11|6|9|5|5|11|4|4|5|3|2|5|2|5|4|2|6|3|1|4|6|0|1|0|1|2|1|3|2|0|0|2|1|1|2|1|2</HistCounts>
      </HistItem>
    </Histograms>
    <Metadata>
      <MDI key="STATISTICS_MINIMUM">234</MDI>
      <MDI key="STATISTICS_MAXIMUM">370</MDI>
      <MDI key="STATISTICS_MEAN">327.43111111111</MDI>
      <MDI key="STATISTICS_STDDEV">26.965589778434</MDI>
      <MDI key="STATISTICS_VALID_PERCENT">100</MDI>
    </Metadata>
  </PAMRasterBand>
  <PAMRasterBand band="2">
    <Histograms>
      <HistItem>
        <HistMin>183.5035211267606</HistMin>
        <HistMax>325.4964788732394</HistMax>
        <BucketCount>142</BucketCount>
        <IncludeOutOfRange>0</IncludeOutOfRange>
        <Approximate>0</Approximate>
        <HistCounts>1|0|0|0|0|0|0|2|0|0|0|0|0|0|0|0|0|0|0|0|1|0|0|0|0|0|1|0|0|0|0|0|1|0|1|0|1|1|0|0|2|0|1|1|0|1|2|2|1|1|0|1|0|2|1|0|2|1|0|1|1|0|2|1|1|1|0|4|2|0|2|0|0|1|1|2|1|0|1|2|0|1|1|1|1|1|3|3|0|1|2|3|4|5|5|2|3|5|5|4|7|8|4|3|6|10|6|5|0|3|4|7|5|2|7|1|2|2|5|3|3|4|4|3|0|3|1|3|0|1|2|0|1|3|0|4|1|0|0|0|1|1</HistCounts>
      </HistItem>
    </Histograms>
    <Metadata>
      <MDI key="STATISTICS_MINIMUM">184</MDI>
      <MDI key="STATISTICS_MAXIMUM">325</MDI>
      <MDI key="STATISTICS_MEAN">279.44</MDI>
      <MDI key="STATISTICS_STDDEV">26.918926840092</MDI>
      <MDI key="STATISTICS_VALID_PERCENT">100</MDI>
    </Metadata>
  </PAMRasterBand>
  <PAMRasterBand band="3">
    <Histograms>
      <HistItem>
        <HistMin>206.4088888888889</HistMin>
        <HistMax>473.5911111111111</HistMax>
        <BucketCount>225</BucketCount>
        <IncludeOutOfRange>0</IncludeOutOfRange>
        <Approximate>0</Approximate>
        <HistCounts>1|0|0|0|0|0|0|0|0|2|0|0|0|0|0|0|0|0|0|0|0|0|0|0|0|1|0|0|0|0|0|0|1|0|0|0|0|0|0|0|0|0|0|1|0|0|0|0|1|0|0|0|0|1|0|0|0|0|0|0|0|0|1|1|0|0|0|0|0|0|0|1|0|0|0|1|0|0|1|1|0|0|0|1|0|0|0|0|1|1|2|0|1|1|0|2|2|1|1|0|0|1|1|0|1|0|3|1|0|1|1|0|1|0|0|2|2|2|0|2|5|0|0|1|0|1|0|0|1|2|1|1|1|0|1|2|4|2|0|1|2|2|2|2|3|1|1|1|0|0|2|1|1|3|2|4|4|4|3|3|1|1|1|3|6|4|3|2|9|5|3|2|3|7|7|3|1|4|3|5|4|3|4|6|7|2|1|1|1|0|0|1|2|0|0|2|0|0|1|1|1|0|0|2|0|0|0|1|0|0|0|1|0|0|0|0|0|0|0|0|0|0|1|0|1</HistCounts>
      </HistItem>
    </Histograms>
    <Metadata>
      <MDI key="STATISTICS_MINIMUM">207</MDI>
      <MDI key="STATISTICS_MAXIMUM">473</MDI>
      <MDI key="STATISTICS_MEAN">384.42666666667</MDI>
      <MDI key="STATISTICS_STDDEV">46.649093834238</MDI>
      <MDI key="STATISTICS_VALID_PERCENT">100</MDI>
    </Metadata>
  </PAMRasterBand>
</PAMDataset>
