<PAMDataset>
  <PAMRasterBand band="1">
    <Histograms>
      <HistItem>
        <HistMin>288.5054347826087</HistMin>
        <HistMax>380.4945652173913</HistMax>
        <BucketCount>92</BucketCount>
        <IncludeOutOfRange>0</IncludeOutOfRange>
        <Approximate>0</Approximate>
        <HistCounts>1|0|0|0|0|0|0|0|0|0|1|0|0|0|0|0|0|0|0|0|0|0|0|0|0|0|0|0|1|0|0|1|0|1|0|0|2|1|2|0|0|1|2|3|2|3|0|10|5|3|3|2|9|4|6|7|2|7|5|6|11|7|11|8|6|6|10|5|2|8|8|10|6|5|6|5|7|3|1|1|2|0|2|1|0|0|1|0|1|0|1|1</HistCounts>
      </HistItem>
    </Histograms>
    <Metadata>
      <MDI key="STATISTICS_MINIMUM">289</MDI>
      <MDI key="STATISTICS_MAXIMUM">380</MDI>
      <MDI key="STATISTICS_MEAN">349.95555555556</MDI>
      <MDI key="STATISTICS_STDDEV">12.552388981218</MDI>
      <MDI key="STATISTICS_VALID_PERCENT">100</MDI>
    </Metadata>
  </PAMRasterBand>
  <PAMRasterBand band="2">
    <Histograms>
      <HistItem>
        <HistMin>248.506329113924</HistMin>
        <HistMax>327.493670886076</HistMax>
        <BucketCount>79</BucketCount>
        <IncludeOutOfRange>0</IncludeOutOfRange>
        <Approximate>0</Approximate>
        <HistCounts>1|0|0|0|0|0|0|0|0|0|0|1|0|0|0|0|1|0|2|2|1|0|1|2|2|3|5|1|2|3|3|4|5|0|1|1|1|3|4|3|2|2|4|2|4|5|4|5|8|12|5|9|5|7|4|3|6|5|4|1|9|2|5|7|5|6|7|7|6|0|3|5|3|2|2|4|0|1|2</HistCounts>
      </HistItem>
    </Histograms>
    <Metadata>
      <MDI key="STATISTICS_MINIMUM">249</MDI>
      <MDI key="STATISTICS_MAXIMUM">327</MDI>
      <MDI key="STATISTICS_MEAN">299.58666666667</MDI>
      <MDI key="STATISTICS_STDDEV">15.302949606748</MDI>
      <MDI key="STATISTICS_VALID_PERCENT">100</MDI>
    </Metadata>
  </PAMRasterBand>
  <PAMRasterBand band="3">
    <Histograms>
      <HistItem>
        <HistMin>329.5053191489362</HistMin>
        <HistMax>423.4946808510638</HistMax>
        <BucketCount>94</BucketCount>
        <IncludeOutOfRange>0</IncludeOutOfRange>
        <Approximate>0</Approximate>
        <HistCounts>2|0|1|2|1|0|1|0|0|1|0|1|0|2|2|2|6|2|3|2|4|2|2|1|2|4|2|2|1|0|3|2|0|1|3|3|2|1|1|0|1|4|3|3|1|3|6|2|5|1|3|2|5|6|8|3|5|4|2|6|7|2|6|5|6|5|5|0|4|3|5|2|4|1|2|1|3|0|2|2|3|3|1|2|1|1|0|1|3|3|1|1|2|1</HistCounts>
      </HistItem>
    </Histograms>
    <Metadata>
      <MDI key="STATISTICS_MINIMUM">330</MDI>
      <MDI key="STATISTICS_MAXIMUM">423</MDI>
      <MDI key="STATISTICS_MEAN">380.65333333333</MDI>
      <MDI key="STATISTICS_STDDEV">22.37369089901</MDI>
      <MDI key="STATISTICS_VALID_PERCENT">100</MDI>
    </Metadata>
  </PAMRasterBand>
</PAMDataset>
