<PAMDataset>
  <PAMRasterBand band="1">
    <Histograms>
      <HistItem>
        <HistMin>293.7377777777778</HistMin>
        <HistMax>864.2622222222222</HistMax>
        <BucketCount>225</BucketCount>
        <IncludeOutOfRange>0</IncludeOutOfRange>
        <Approximate>0</Approximate>
        <HistCounts>1|0|1|0|0|0|0|2|0|1|0|0|1|0|0|0|0|1|2|4|2|3|3|3|3|0|5|0|6|5|5|1|3|3|4|5|4|5|4|4|3|4|1|2|0|2|1|4|1|2|4|0|3|0|0|2|0|0|0|0|1|1|1|3|0|3|1|1|1|1|3|0|1|0|0|0|1|1|0|0|1|0|0|1|2|0|1|1|1|0|1|2|0|0|0|3|0|1|1|1|0|1|1|1|2|0|1|0|3|4|4|0|4|2|0|2|6|0|3|1|1|1|1|0|2|1|0|1|1|1|0|0|0|1|1|0|1|1|2|0|1|0|0|1|0|1|3|0|0|0|1|0|0|0|0|0|0|1|0|1|0|0|1|0|2|0|1|0|1|0|1|1|0|0|1|0|1|0|0|0|0|0|0|1|1|2|0|0|0|0|0|1|0|2|1|0|1|1|0|0|0|0|0|0|0|0|0|0|0|0|0|0|0|0|0|0|0|0|0|0|1|0|0|0|1</HistCounts>
      </HistItem>
    </Histograms>
    <Metadata>
      <MDI key="STATISTICS_MINIMUM">295</MDI>
      <MDI key="STATISTICS_MAXIMUM">863</MDI>
      <MDI key="STATISTICS_MEAN">490.30222222222</MDI>
      <MDI key="STATISTICS_STDDEV">132.12400654753</MDI>
      <MDI key="STATISTICS_VALID_PERCENT">100</MDI>
    </Metadata>
  </PAMRasterBand>
  <PAMRasterBand band="2">
    <Histograms>
      <HistItem>
        <HistMin>239.52</HistMin>
        <HistMax>908.48</HistMax>
        <BucketCount>225</BucketCount>
        <IncludeOutOfRange>0</IncludeOutOfRange>
        <Approximate>0</Approximate>
        <HistCounts>1|0|0|0|1|2|0|0|1|0|1|1|0|1|2|4|1|3|4|0|4|2|2|3|6|1|3|2|3|2|2|5|2|1|1|3|1|2|3|2|1|1|1|1|2|2|0|0|2|1|0|0|1|2|1|4|1|3|2|0|1|1|0|2|0|3|0|4|1|1|2|0|2|0|0|1|2|1|2|0|0|2|1|0|2|0|1|0|0|1|1|3|0|0|1|0|0|3|2|0|3|1|3|0|4|3|2|1|1|2|4|0|0|3|3|1|0|4|0|0|0|3|2|1|3|0|1|0|1|0|1|0|2|0|2|1|0|0|0|0|1|2|0|0|1|0|1|0|0|0|0|0|1|0|2|0|0|0|2|0|0|0|0|1|1|0|0|0|2|0|0|2|0|2|0|0|1|0|0|0|1|0|2|0|0|0|2|0|0|2|0|0|0|1|0|0|0|0|0|1|0|0|0|1|0|1|1|0|0|0|1|1|1|0|0|0|0|0|1|0|0|0|0|0|1</HistCounts>
      </HistItem>
    </Histograms>
    <Metadata>
      <MDI key="STATISTICS_MINIMUM">241</MDI>
      <MDI key="STATISTICS_MAXIMUM">907</MDI>
      <MDI key="STATISTICS_MEAN">484.44444444444</MDI>
      <MDI key="STATISTICS_STDDEV">164.57540731032</MDI>
      <MDI key="STATISTICS_VALID_PERCENT">100</MDI>
    </Metadata>
  </PAMRasterBand>
  <PAMRasterBand band="3">
    <Histograms>
      <HistItem>
        <HistMin>288.6044444444444</HistMin>
        <HistMax>1371.395555555556</HistMax>
        <BucketCount>225</BucketCount>
        <IncludeOutOfRange>0</IncludeOutOfRange>
        <Approximate>0</Approximate>
        <HistCounts>1|0|0|0|1|0|1|1|0|1|0|1|0|1|1|0|2|0|0|0|1|3|1|3|2|3|4|5|6|5|3|2|7|0|1|5|2|0|4|1|2|0|3|0|0|1|1|0|3|1|2|0|1|1|1|1|2|1|2|0|1|1|1|1|1|2|3|2|2|1|2|1|2|1|0|0|1|2|0|1|2|1|2|0|1|3|2|0|1|0|0|0|0|0|1|0|1|0|1|0|1|1|0|0|1|1|2|2|1|1|0|5|3|3|3|1|0|4|2|2|2|3|3|0|3|2|0|2|1|0|1|1|2|1|0|0|1|0|0|1|0|0|1|1|2|0|1|1|0|0|0|1|0|0|2|1|0|1|1|0|0|0|0|0|2|0|1|0|0|0|2|0|0|0|0|1|0|1|0|1|1|1|0|0|2|1|0|0|0|0|0|0|0|0|0|3|0|0|1|1|0|0|0|1|0|0|0|0|0|0|0|1|0|2|0|0|1|0|0|0|1|0|0|2|1</HistCounts>
      </HistItem>
    </Histograms>
    <Metadata>
      <MDI key="STATISTICS_MINIMUM">291</MDI>
      <MDI key="STATISTICS_MAXIMUM">1369</MDI>
      <MDI key="STATISTICS_MEAN">707.56</MDI>
      <MDI key="STATISTICS_STDDEV">270.87129735971</MDI>
      <MDI key="STATISTICS_VALID_PERCENT">100</MDI>
    </Metadata>
  </PAMRasterBand>
</PAMDataset>
