<PAMDataset>
  <PAMRasterBand band="1">
    <Histograms>
      <HistItem>
        <HistMin>306.6644444444444</HistMin>
        <HistMax>910.3355555555555</HistMax>
        <BucketCount>225</BucketCount>
        <IncludeOutOfRange>0</IncludeOutOfRange>
        <Approximate>0</Approximate>
        <HistCounts>1|1|0|0|0|0|2|0|1|1|0|1|2|0|2|1|1|2|0|1|1|0|0|0|0|0|1|1|1|0|0|1|0|0|1|1|1|1|2|0|0|0|0|0|0|0|0|0|0|0|0|1|0|2|0|0|1|1|0|1|1|0|0|0|0|1|2|2|1|0|0|0|0|1|0|4|0|0|0|2|0|0|2|0|2|1|0|2|2|1|0|2|2|1|1|4|3|3|2|5|4|4|6|1|4|2|3|5|1|4|6|2|5|3|3|2|4|3|3|3|3|0|0|6|1|2|3|2|2|4|1|0|3|0|0|0|0|0|2|3|1|0|0|0|0|1|0|0|2|1|3|0|2|0|0|1|0|1|0|0|0|0|1|0|0|2|0|0|0|0|1|2|1|2|1|2|1|0|1|1|0|0|0|1|0|0|0|1|0|0|0|1|1|1|0|1|1|1|0|1|0|0|1|1|1|0|1|0|1|1|0|1|0|0|0|1|0|0|0|0|0|0|0|0|1</HistCounts>
      </HistItem>
    </Histograms>
    <Metadata>
      <MDI key="STATISTICS_MINIMUM">308</MDI>
      <MDI key="STATISTICS_MAXIMUM">909</MDI>
      <MDI key="STATISTICS_MEAN">599.09333333333</MDI>
      <MDI key="STATISTICS_STDDEV">128.39008338307</MDI>
      <MDI key="STATISTICS_VALID_PERCENT">100</MDI>
    </Metadata>
  </PAMRasterBand>
  <PAMRasterBand band="2">
    <Histograms>
      <HistItem>
        <HistMin>249.84</HistMin>
        <HistMax>774.16</HistMax>
        <BucketCount>225</BucketCount>
        <IncludeOutOfRange>0</IncludeOutOfRange>
        <Approximate>0</Approximate>
        <HistCounts>1|0|0|0|0|0|0|0|0|1|0|0|0|0|1|0|1|1|0|0|0|0|0|1|3|1|0|0|1|0|1|0|1|0|0|3|0|0|0|0|0|0|1|0|0|1|2|0|0|1|1|1|0|1|0|0|0|0|1|0|0|1|0|1|0|0|1|1|0|0|0|0|1|0|0|0|0|0|0|0|0|0|1|0|0|0|1|1|1|1|1|0|3|0|0|1|0|0|0|1|0|0|0|2|0|0|2|0|0|0|0|0|2|0|0|0|0|0|1|0|0|1|0|0|1|0|1|0|1|2|2|0|2|0|1|0|1|0|2|0|1|0|1|1|0|2|1|1|1|1|0|3|1|3|1|4|1|0|0|2|3|0|1|3|2|1|0|0|1|0|2|6|3|3|5|3|3|5|4|3|3|3|4|3|5|6|1|8|6|5|2|3|1|5|2|2|5|0|3|2|1|5|0|1|2|1|0|1|2|1|1|0|0|1|1|0|1|0|1|0|0|2|0|0|1</HistCounts>
      </HistItem>
    </Histograms>
    <Metadata>
      <MDI key="STATISTICS_MINIMUM">251</MDI>
      <MDI key="STATISTICS_MAXIMUM">773</MDI>
      <MDI key="STATISTICS_MEAN">604.94666666667</MDI>
      <MDI key="STATISTICS_STDDEV">125.16288693805</MDI>
      <MDI key="STATISTICS_VALID_PERCENT">100</MDI>
    </Metadata>
  </PAMRasterBand>
  <PAMRasterBand band="3">
    <Histograms>
      <HistItem>
        <HistMin>326.3044444444445</HistMin>
        <HistMax>1092.695555555556</HistMax>
        <BucketCount>225</BucketCount>
        <IncludeOutOfRange>0</IncludeOutOfRange>
        <Approximate>0</Approximate>
        <HistCounts>1|0|0|1|0|0|1|0|0|0|0|0|3|1|0|0|1|0|0|0|0|0|0|0|1|2|0|1|2|0|1|0|0|1|1|0|0|0|0|0|1|0|0|0|0|1|1|0|1|1|0|1|1|1|0|1|0|0|1|0|1|0|0|0|0|1|1|0|1|0|0|0|0|0|0|2|0|0|0|0|0|0|0|1|0|0|2|0|0|0|0|0|0|2|2|1|1|0|0|1|0|0|0|1|0|1|0|1|0|0|0|0|1|0|1|1|0|0|0|1|0|0|0|0|1|0|2|0|0|0|1|0|0|0|0|0|1|0|0|1|2|0|1|1|0|1|0|1|0|1|0|2|1|0|1|1|3|1|1|1|1|2|4|0|2|1|1|1|1|1|2|0|1|1|1|1|4|1|0|0|2|3|0|1|3|3|2|1|2|7|2|1|1|1|2|2|4|1|6|2|1|5|2|7|3|6|6|2|5|5|4|4|1|4|2|6|3|2|2|0|2|5|1|1|1</HistCounts>
      </HistItem>
    </Histograms>
    <Metadata>
      <MDI key="STATISTICS_MINIMUM">328</MDI>
      <MDI key="STATISTICS_MAXIMUM">1091</MDI>
      <MDI key="STATISTICS_MEAN">875.89333333333</MDI>
      <MDI key="STATISTICS_STDDEV">207.14490301343</MDI>
      <MDI key="STATISTICS_VALID_PERCENT">100</MDI>
    </Metadata>
  </PAMRasterBand>
</PAMDataset>
