<PAMDataset>
  <PAMRasterBand band="1">
    <Histograms>
      <HistItem>
        <HistMin>308.6977777777778</HistMin>
        <HistMax>897.3022222222222</HistMax>
        <BucketCount>225</BucketCount>
        <IncludeOutOfRange>0</IncludeOutOfRange>
        <Approximate>0</Approximate>
        <HistCounts>1|0|0|0|0|0|0|0|1|1|0|2|0|1|1|1|1|0|1|1|1|1|1|0|1|1|1|1|4|2|2|0|1|1|2|3|4|4|1|7|2|5|2|3|8|6|3|9|0|2|3|2|2|2|2|4|3|1|2|0|3|2|0|2|1|2|0|0|3|3|3|0|3|2|0|3|0|1|2|1|0|1|0|2|0|1|0|1|0|2|0|0|0|0|2|1|1|2|2|2|4|1|1|1|1|3|1|0|2|1|2|4|3|1|0|0|1|3|0|0|2|1|1|1|0|1|1|2|3|0|0|2|1|0|0|0|0|0|0|1|0|0|1|0|1|0|3|2|0|1|0|0|0|2|1|1|0|1|0|1|0|1|0|2|0|0|0|0|0|0|0|0|0|1|0|0|0|0|0|0|0|0|0|0|0|0|1|0|0|0|0|0|0|0|1|1|0|0|0|0|0|0|0|0|0|0|0|0|0|0|0|0|0|0|0|0|0|0|0|0|0|0|0|0|1</HistCounts>
      </HistItem>
    </Histograms>
    <Metadata>
      <MDI key="STATISTICS_MINIMUM">310</MDI>
      <MDI key="STATISTICS_MAXIMUM">896</MDI>
      <MDI key="STATISTICS_MEAN">504.25777777778</MDI>
      <MDI key="STATISTICS_STDDEV">112.83004030426</MDI>
      <MDI key="STATISTICS_VALID_PERCENT">100</MDI>
    </Metadata>
  </PAMRasterBand>
  <PAMRasterBand band="2">
    <Histograms>
      <HistItem>
        <HistMin>251.8666666666667</HistMin>
        <HistMax>764.1333333333333</HistMax>
        <BucketCount>225</BucketCount>
        <IncludeOutOfRange>0</IncludeOutOfRange>
        <Approximate>0</Approximate>
        <HistCounts>1|0|0|1|0|0|1|0|1|0|1|0|1|1|1|0|1|0|0|0|1|1|0|4|1|0|0|0|1|1|0|0|0|4|1|0|2|3|1|0|0|0|1|4|0|4|3|1|3|3|4|2|0|0|3|1|2|3|8|2|0|4|2|3|3|7|1|4|0|1|2|2|2|0|2|0|1|2|1|1|2|1|3|1|3|0|0|0|0|2|0|1|0|3|0|2|1|2|0|2|1|0|2|0|1|3|1|0|2|2|0|0|1|1|2|1|1|1|0|0|0|1|1|1|2|0|0|0|0|1|1|1|1|0|0|0|0|0|2|1|1|3|1|2|1|1|0|0|2|2|2|0|1|1|1|1|1|0|3|1|0|1|0|2|4|0|4|1|0|0|0|0|0|0|1|1|0|4|0|0|1|1|1|0|0|1|2|0|0|2|0|0|0|1|0|1|1|0|1|0|1|0|1|0|0|0|2|1|0|0|0|0|0|0|0|0|0|0|0|0|0|0|0|0|1</HistCounts>
      </HistItem>
    </Histograms>
    <Metadata>
      <MDI key="STATISTICS_MINIMUM">253</MDI>
      <MDI key="STATISTICS_MAXIMUM">763</MDI>
      <MDI key="STATISTICS_MEAN">468.42222222222</MDI>
      <MDI key="STATISTICS_STDDEV">121.12617643302</MDI>
      <MDI key="STATISTICS_VALID_PERCENT">100</MDI>
    </Metadata>
  </PAMRasterBand>
  <PAMRasterBand band="3">
    <Histograms>
      <HistItem>
        <HistMin>297.4088888888889</HistMin>
        <HistMax>1016.591111111111</HistMax>
        <BucketCount>225</BucketCount>
        <IncludeOutOfRange>0</IncludeOutOfRange>
        <Approximate>0</Approximate>
        <HistCounts>1|1|0|0|0|0|0|0|0|0|0|1|0|1|0|0|0|1|1|0|0|0|0|2|2|1|1|1|0|0|0|2|0|1|1|1|1|1|0|1|1|1|0|5|1|0|2|0|4|0|1|3|2|2|1|0|0|2|0|1|3|2|0|1|0|1|3|3|2|0|4|1|3|0|0|0|0|2|2|5|3|3|2|4|3|0|2|2|3|0|2|2|2|5|3|2|3|1|0|2|1|1|1|0|1|3|0|2|0|2|1|2|0|0|0|1|2|1|2|1|1|1|1|0|0|1|0|1|1|1|1|0|0|1|2|0|1|2|1|0|1|3|0|0|4|1|0|0|1|1|1|0|0|1|0|1|3|0|0|0|2|0|0|2|0|2|3|1|2|2|2|2|0|0|0|1|1|2|0|0|1|0|4|0|0|1|0|1|3|0|0|2|1|1|0|0|1|0|1|1|0|3|1|0|1|0|0|0|0|0|0|1|1|1|0|0|0|0|0|0|1|0|0|0|1</HistCounts>
      </HistItem>
    </Histograms>
    <Metadata>
      <MDI key="STATISTICS_MINIMUM">299</MDI>
      <MDI key="STATISTICS_MAXIMUM">1015</MDI>
      <MDI key="STATISTICS_MEAN">635.22666666667</MDI>
      <MDI key="STATISTICS_STDDEV">169.80623519503</MDI>
      <MDI key="STATISTICS_VALID_PERCENT">100</MDI>
    </Metadata>
  </PAMRasterBand>
</PAMDataset>
