<PAMDataset>
  <PAMRasterBand band="1">
    <Histograms>
      <HistItem>
        <HistMin>392.5051546391753</HistMin>
        <HistMax>489.4948453608247</HistMax>
        <BucketCount>97</BucketCount>
        <IncludeOutOfRange>0</IncludeOutOfRange>
        <Approximate>0</Approximate>
        <HistCounts>1|0|3|0|0|2|0|1|1|2|1|2|1|1|3|2|6|5|1|4|3|7|2|6|3|6|8|5|7|3|6|6|7|3|7|12|6|5|9|2|5|11|0|3|6|3|6|0|3|1|5|3|3|2|2|1|1|1|0|0|3|0|1|0|2|1|0|3|0|1|0|1|0|0|0|2|1|1|0|0|0|0|1|0|0|0|0|0|0|0|1|0|0|1|0|0|1</HistCounts>
      </HistItem>
    </Histograms>
    <Metadata>
      <MDI key="STATISTICS_MINIMUM">393</MDI>
      <MDI key="STATISTICS_MAXIMUM">489</MDI>
      <MDI key="STATISTICS_MEAN">428.05333333333</MDI>
      <MDI key="STATISTICS_STDDEV">16.776088803877</MDI>
      <MDI key="STATISTICS_VALID_PERCENT">100</MDI>
    </Metadata>
  </PAMRasterBand>
  <PAMRasterBand band="2">
    <Histograms>
      <HistItem>
        <HistMin>349.5047619047619</HistMin>
        <HistMax>454.4952380952381</HistMax>
        <BucketCount>105</BucketCount>
        <IncludeOutOfRange>0</IncludeOutOfRange>
        <Approximate>0</Approximate>
        <HistCounts>3|0|0|0|0|1|2|3|1|3|1|0|4|5|6|3|5|11|6|7|10|6|10|13|9|6|6|5|7|8|5|7|3|7|4|0|4|3|2|1|3|5|6|4|3|1|1|1|1|0|0|1|2|0|3|0|0|1|1|2|0|1|0|0|1|0|0|1|1|1|1|0|0|0|0|1|0|0|0|0|0|1|0|0|0|0|0|2|0|0|0|0|0|0|0|0|0|0|0|0|1|0|1|0|1</HistCounts>
      </HistItem>
    </Histograms>
    <Metadata>
      <MDI key="STATISTICS_MINIMUM">350</MDI>
      <MDI key="STATISTICS_MAXIMUM">454</MDI>
      <MDI key="STATISTICS_MEAN">379.4</MDI>
      <MDI key="STATISTICS_STDDEV">17.249283398964</MDI>
      <MDI key="STATISTICS_VALID_PERCENT">100</MDI>
    </Metadata>
  </PAMRasterBand>
  <PAMRasterBand band="3">
    <Histograms>
      <HistItem>
        <HistMin>460.5027932960894</HistMin>
        <HistMax>639.4972067039106</HistMax>
        <BucketCount>179</BucketCount>
        <IncludeOutOfRange>0</IncludeOutOfRange>
        <Approximate>0</Approximate>
        <HistCounts>1|0|0|0|1|0|0|0|0|0|0|1|0|0|1|4|1|1|3|4|1|1|1|3|1|3|5|1|4|4|3|3|2|2|3|3|6|5|2|3|4|2|4|2|5|3|3|2|6|3|2|5|5|2|7|3|3|4|1|3|2|4|1|5|4|3|1|1|4|2|2|4|2|0|1|1|0|3|0|0|3|0|2|1|1|0|0|0|0|1|0|0|0|2|0|2|2|2|1|0|3|0|0|2|1|0|1|0|0|1|0|0|1|0|0|2|0|1|0|0|0|0|0|0|0|1|0|2|0|0|1|0|0|2|1|1|0|0|0|0|0|0|2|0|0|0|0|0|0|0|0|0|0|0|0|0|0|0|1|0|0|0|0|0|1|0|0|0|1|0|0|0|0|0|0|0|0|0|1</HistCounts>
      </HistItem>
    </Histograms>
    <Metadata>
      <MDI key="STATISTICS_MINIMUM">461</MDI>
      <MDI key="STATISTICS_MAXIMUM">639</MDI>
      <MDI key="STATISTICS_MEAN">518.23555555556</MDI>
      <MDI key="STATISTICS_STDDEV">32.449517411618</MDI>
      <MDI key="STATISTICS_VALID_PERCENT">100</MDI>
    </Metadata>
  </PAMRasterBand>
</PAMDataset>
