<PAMDataset>
  <PAMRasterBand band="1">
    <Histograms>
      <HistItem>
        <HistMin>419.5086206896552</HistMin>
        <HistMax>477.4913793103448</HistMax>
        <BucketCount>58</BucketCount>
        <IncludeOutOfRange>0</IncludeOutOfRange>
        <Approximate>0</Approximate>
        <HistCounts>2|1|1|1|0|1|2|2|0|3|3|1|1|5|6|5|3|1|1|3|7|5|7|3|8|4|6|7|14|8|10|6|8|8|13|9|6|8|9|4|6|6|2|2|6|4|1|1|2|1|0|0|0|0|1|0|0|1</HistCounts>
      </HistItem>
    </Histograms>
    <Metadata>
      <MDI key="STATISTICS_MINIMUM">420</MDI>
      <MDI key="STATISTICS_MAXIMUM">477</MDI>
      <MDI key="STATISTICS_MEAN">448.58666666667</MDI>
      <MDI key="STATISTICS_STDDEV">10.825188733279</MDI>
      <MDI key="STATISTICS_VALID_PERCENT">100</MDI>
    </Metadata>
  </PAMRasterBand>
  <PAMRasterBand band="2">
    <Histograms>
      <HistItem>
        <HistMin>362.5072463768116</HistMin>
        <HistMax>431.4927536231884</HistMax>
        <BucketCount>69</BucketCount>
        <IncludeOutOfRange>0</IncludeOutOfRange>
        <Approximate>0</Approximate>
        <HistCounts>1|0|0|1|1|1|1|2|0|1|0|1|1|2|1|1|2|6|2|2|1|2|2|3|3|3|1|1|0|1|4|3|4|4|3|2|7|6|3|9|5|5|10|12|6|8|11|8|7|6|8|8|7|4|7|1|8|6|1|2|0|1|1|1|1|0|0|1|2</HistCounts>
      </HistItem>
    </Histograms>
    <Metadata>
      <MDI key="STATISTICS_MINIMUM">363</MDI>
      <MDI key="STATISTICS_MAXIMUM">431</MDI>
      <MDI key="STATISTICS_MEAN">403.12444444444</MDI>
      <MDI key="STATISTICS_STDDEV">13.77961708153</MDI>
      <MDI key="STATISTICS_VALID_PERCENT">100</MDI>
    </Metadata>
  </PAMRasterBand>
  <PAMRasterBand band="3">
    <Histograms>
      <HistItem>
        <HistMin>488.5054347826087</HistMin>
        <HistMax>580.4945652173913</HistMax>
        <BucketCount>92</BucketCount>
        <IncludeOutOfRange>0</IncludeOutOfRange>
        <Approximate>0</Approximate>
        <HistCounts>1|2|0|0|0|1|2|0|1|1|1|0|2|0|1|2|1|0|2|5|0|5|1|2|5|0|2|0|1|2|1|3|0|3|2|1|3|5|8|3|3|2|0|5|3|3|0|5|2|5|5|5|6|5|3|2|5|4|7|4|6|6|3|8|3|7|4|3|0|10|4|5|2|5|2|2|1|3|0|4|2|0|0|0|1|0|0|0|0|0|0|1</HistCounts>
      </HistItem>
    </Histograms>
    <Metadata>
      <MDI key="STATISTICS_MINIMUM">489</MDI>
      <MDI key="STATISTICS_MAXIMUM">580</MDI>
      <MDI key="STATISTICS_MEAN">538.39111111111</MDI>
      <MDI key="STATISTICS_STDDEV">19.4261658849</MDI>
      <MDI key="STATISTICS_VALID_PERCENT">100</MDI>
    </Metadata>
  </PAMRasterBand>
</PAMDataset>
