<PAMDataset>
  <PAMRasterBand band="1">
    <Histograms>
      <HistItem>
        <HistMin>381.5066666666667</HistMin>
        <HistMax>456.4933333333333</HistMax>
        <BucketCount>75</BucketCount>
        <IncludeOutOfRange>0</IncludeOutOfRange>
        <Approximate>0</Approximate>
        <HistCounts>1|0|0|1|0|1|0|0|1|1|0|3|0|2|1|2|0|1|0|4|2|1|0|3|2|2|5|0|1|2|1|5|1|5|1|5|3|5|5|7|4|6|3|7|6|6|8|9|15|15|9|10|4|7|4|3|6|4|2|4|3|1|2|3|1|4|2|0|0|0|2|0|0|0|1</HistCounts>
      </HistItem>
    </Histograms>
    <Metadata>
      <MDI key="STATISTICS_MINIMUM">382</MDI>
      <MDI key="STATISTICS_MAXIMUM">456</MDI>
      <MDI key="STATISTICS_MEAN">425.04444444444</MDI>
      <MDI key="STATISTICS_STDDEV">13.770750896262</MDI>
      <MDI key="STATISTICS_VALID_PERCENT">100</MDI>
    </Metadata>
  </PAMRasterBand>
  <PAMRasterBand band="2">
    <Histograms>
      <HistItem>
        <HistMin>321.5055555555555</HistMin>
        <HistMax>411.4944444444445</HistMax>
        <BucketCount>90</BucketCount>
        <IncludeOutOfRange>0</IncludeOutOfRange>
        <Approximate>0</Approximate>
        <HistCounts>1|0|0|1|1|0|0|0|0|0|0|1|0|0|0|0|0|1|1|0|0|1|0|4|0|0|1|0|0|0|2|0|1|1|1|1|0|2|2|1|2|3|4|1|1|3|4|1|1|4|3|5|3|7|7|7|10|10|9|11|14|6|1|6|8|4|5|6|4|7|5|3|8|5|1|2|5|3|2|1|1|1|1|0|0|2|2|0|1|2</HistCounts>
      </HistItem>
    </Histograms>
    <Metadata>
      <MDI key="STATISTICS_MINIMUM">322</MDI>
      <MDI key="STATISTICS_MAXIMUM">411</MDI>
      <MDI key="STATISTICS_MEAN">379.64</MDI>
      <MDI key="STATISTICS_STDDEV">15.285118398117</MDI>
      <MDI key="STATISTICS_VALID_PERCENT">100</MDI>
    </Metadata>
  </PAMRasterBand>
  <PAMRasterBand band="3">
    <Histograms>
      <HistItem>
        <HistMin>400.5030303030303</HistMin>
        <HistMax>565.4969696969697</HistMax>
        <BucketCount>165</BucketCount>
        <IncludeOutOfRange>0</IncludeOutOfRange>
        <Approximate>0</Approximate>
        <HistCounts>1|0|0|1|0|0|0|0|0|0|1|0|0|0|0|0|0|1|0|0|0|0|0|0|0|0|0|0|0|0|0|0|1|1|0|1|0|1|0|0|0|0|0|0|0|0|0|2|0|1|1|1|0|0|1|1|0|0|0|1|0|0|0|0|0|0|1|0|0|0|0|2|0|1|0|1|0|1|1|1|3|1|0|1|1|3|0|1|0|2|1|3|0|3|0|2|3|2|0|2|3|2|3|2|1|5|5|2|2|6|5|3|4|7|3|8|4|5|6|5|3|5|2|7|6|4|3|2|3|2|3|2|7|5|3|3|3|5|3|1|6|0|1|0|1|1|2|2|0|3|0|0|0|0|0|1|0|1|0|0|0|1|0|0|1</HistCounts>
      </HistItem>
    </Histograms>
    <Metadata>
      <MDI key="STATISTICS_MINIMUM">401</MDI>
      <MDI key="STATISTICS_MAXIMUM">565</MDI>
      <MDI key="STATISTICS_MEAN">511.68888888889</MDI>
      <MDI key="STATISTICS_STDDEV">27.845943029639</MDI>
      <MDI key="STATISTICS_VALID_PERCENT">100</MDI>
    </Metadata>
  </PAMRasterBand>
</PAMDataset>
