<PAMDataset>
  <PAMRasterBand band="1">
    <Histograms>
      <HistItem>
        <HistMin>265.3333333333333</HistMin>
        <HistMax>566.6666666666666</HistMax>
        <BucketCount>225</BucketCount>
        <IncludeOutOfRange>0</IncludeOutOfRange>
        <Approximate>0</Approximate>
        <HistCounts>1|0|0|0|0|0|0|0|0|0|1|0|0|1|0|0|1|0|0|0|0|0|1|0|0|1|0|0|0|1|0|2|1|0|1|0|0|0|1|0|0|0|1|3|1|0|0|1|1|0|1|0|2|0|0|2|0|2|0|0|1|1|0|3|0|0|0|0|0|1|0|0|1|0|3|1|0|1|1|1|0|0|0|2|2|0|0|0|2|0|2|0|0|0|2|2|1|0|0|1|1|1|4|1|0|3|3|2|1|1|2|2|0|2|1|0|1|0|1|3|2|0|1|0|3|5|2|2|1|2|1|1|0|0|3|2|3|1|0|0|1|1|1|1|2|1|1|0|5|0|2|1|4|0|2|2|2|2|7|1|2|2|1|4|4|2|1|3|2|2|1|1|2|0|0|0|2|1|0|0|1|1|1|0|4|1|0|3|0|2|4|1|2|1|1|0|1|0|0|3|0|1|2|0|1|0|2|1|1|0|0|2|0|1|0|2|1|2|0|1|0|1|0|2|1</HistCounts>
      </HistItem>
    </Histograms>
    <Metadata>
      <MDI key="STATISTICS_MINIMUM">266</MDI>
      <MDI key="STATISTICS_MAXIMUM">566</MDI>
      <MDI key="STATISTICS_MEAN">444.08</MDI>
      <MDI key="STATISTICS_STDDEV">69.712506768872</MDI>
      <MDI key="STATISTICS_VALID_PERCENT">100</MDI>
    </Metadata>
  </PAMRasterBand>
  <PAMRasterBand band="2">
    <Histograms>
      <HistItem>
        <HistMin>203.3577777777778</HistMin>
        <HistMax>493.6422222222222</HistMax>
        <BucketCount>225</BucketCount>
        <IncludeOutOfRange>0</IncludeOutOfRange>
        <Approximate>0</Approximate>
        <HistCounts>1|0|0|0|0|1|0|0|0|0|0|1|1|0|0|0|0|0|0|0|0|0|0|0|0|0|0|0|0|1|0|0|0|0|0|0|0|0|0|0|0|0|0|0|0|0|0|1|0|0|0|0|1|1|0|0|1|3|0|1|0|1|0|0|2|0|0|1|2|1|0|2|0|1|3|3|1|3|1|0|1|0|0|0|1|2|1|1|0|0|0|5|1|0|2|2|0|1|0|2|0|1|3|0|2|1|1|1|2|0|1|1|1|1|1|1|0|2|2|1|0|1|2|3|1|0|2|1|2|3|0|2|3|1|0|3|2|2|0|0|3|1|3|0|1|0|3|0|0|2|0|1|2|0|2|1|1|2|0|0|2|0|1|6|8|3|2|2|2|1|4|4|1|1|3|1|0|5|0|2|0|5|0|0|2|1|3|2|4|1|2|4|1|3|2|3|0|3|2|1|1|0|2|0|1|1|0|0|0|0|2|0|0|0|1|0|0|0|0|1|0|1|1|1|1</HistCounts>
      </HistItem>
    </Histograms>
    <Metadata>
      <MDI key="STATISTICS_MINIMUM">204</MDI>
      <MDI key="STATISTICS_MAXIMUM">493</MDI>
      <MDI key="STATISTICS_MEAN">383.31555555556</MDI>
      <MDI key="STATISTICS_STDDEV">61.976145789437</MDI>
      <MDI key="STATISTICS_VALID_PERCENT">100</MDI>
    </Metadata>
  </PAMRasterBand>
  <PAMRasterBand band="3">
    <Histograms>
      <HistItem>
        <HistMin>233.08</HistMin>
        <HistMax>648.92</HistMax>
        <BucketCount>225</BucketCount>
        <IncludeOutOfRange>0</IncludeOutOfRange>
        <Approximate>0</Approximate>
        <HistCounts>1|1|0|0|0|1|0|0|0|0|0|1|0|0|1|0|0|0|0|0|0|0|0|0|0|0|0|0|0|0|0|0|0|0|1|0|0|0|0|0|0|0|0|0|0|0|0|0|0|0|0|1|0|0|0|0|0|0|0|0|0|0|0|2|2|0|0|0|1|1|1|0|0|2|1|0|1|0|0|1|1|3|0|1|2|2|1|2|2|2|1|1|0|0|0|0|3|0|0|2|0|1|1|1|2|0|1|0|2|3|1|2|0|0|0|0|2|2|2|0|1|2|1|1|0|1|0|1|3|1|3|4|0|3|0|2|1|2|1|2|2|2|2|2|1|0|0|3|4|5|1|1|1|3|0|0|1|1|0|4|3|4|2|4|6|0|2|7|2|4|1|3|3|1|1|0|2|2|1|1|2|1|1|3|1|5|1|2|0|2|1|0|0|1|1|1|2|1|1|1|1|1|0|2|2|2|0|0|4|2|1|0|2|0|2|0|1|1|0|0|1|1|1|0|1</HistCounts>
      </HistItem>
    </Histograms>
    <Metadata>
      <MDI key="STATISTICS_MINIMUM">234</MDI>
      <MDI key="STATISTICS_MAXIMUM">648</MDI>
      <MDI key="STATISTICS_MEAN">500.20444444444</MDI>
      <MDI key="STATISTICS_STDDEV">85.376046486004</MDI>
      <MDI key="STATISTICS_VALID_PERCENT">100</MDI>
    </Metadata>
  </PAMRasterBand>
</PAMDataset>
