<PAMDataset>
  <PAMRasterBand band="1">
    <Histograms>
      <HistItem>
        <HistMin>243.5049019607843</HistMin>
        <HistMax>345.4950980392157</HistMax>
        <BucketCount>102</BucketCount>
        <IncludeOutOfRange>0</IncludeOutOfRange>
        <Approximate>0</Approximate>
        <HistCounts>4|0|0|0|0|0|1|0|0|0|0|0|0|0|0|0|0|1|0|0|3|2|1|0|5|2|0|0|1|2|0|0|3|2|0|5|1|1|3|4|4|5|2|0|4|4|0|3|4|3|3|3|4|6|2|5|5|0|4|4|2|0|5|5|1|7|4|3|7|5|6|3|6|6|6|8|3|4|0|2|1|2|5|4|4|3|2|0|3|0|1|2|1|2|2|0|2|0|1|0|0|1</HistCounts>
      </HistItem>
    </Histograms>
    <Metadata>
      <MDI key="STATISTICS_MINIMUM">244</MDI>
      <MDI key="STATISTICS_MAXIMUM">345</MDI>
      <MDI key="STATISTICS_MEAN">302.92888888889</MDI>
      <MDI key="STATISTICS_STDDEV">20.843849316309</MDI>
      <MDI key="STATISTICS_VALID_PERCENT">100</MDI>
    </Metadata>
  </PAMRasterBand>
  <PAMRasterBand band="2">
    <Histograms>
      <HistItem>
        <HistMin>198.5056179775281</HistMin>
        <HistMax>287.4943820224719</HistMax>
        <BucketCount>89</BucketCount>
        <IncludeOutOfRange>0</IncludeOutOfRange>
        <Approximate>0</Approximate>
        <HistCounts>1|3|0|0|0|0|0|1|0|0|0|0|0|1|0|1|3|2|4|1|1|2|1|2|2|1|2|3|2|2|1|2|3|5|3|3|2|5|6|1|3|3|3|6|4|4|6|6|2|2|5|3|4|2|1|4|9|7|4|9|7|2|8|5|5|5|4|4|1|1|5|1|5|2|6|1|3|1|0|1|0|0|1|0|3|0|0|0|1</HistCounts>
      </HistItem>
    </Histograms>
    <Metadata>
      <MDI key="STATISTICS_MINIMUM">199</MDI>
      <MDI key="STATISTICS_MAXIMUM">287</MDI>
      <MDI key="STATISTICS_MEAN">248.13777777778</MDI>
      <MDI key="STATISTICS_STDDEV">18.12999097737</MDI>
      <MDI key="STATISTICS_VALID_PERCENT">100</MDI>
    </Metadata>
  </PAMRasterBand>
  <PAMRasterBand band="3">
    <Histograms>
      <HistItem>
        <HistMin>240.5043103448276</HistMin>
        <HistMax>356.4956896551724</HistMax>
        <BucketCount>116</BucketCount>
        <IncludeOutOfRange>0</IncludeOutOfRange>
        <Approximate>0</Approximate>
        <HistCounts>1|1|2|0|0|0|0|1|0|0|1|0|0|0|1|0|0|3|3|1|0|1|0|2|3|1|1|1|1|1|0|2|1|0|1|1|1|1|0|2|2|0|2|4|1|3|2|7|2|1|2|2|3|4|3|0|3|3|8|2|8|5|2|4|9|5|5|1|5|3|9|6|1|5|3|4|2|5|2|4|6|8|1|5|1|2|1|4|5|2|3|0|2|0|1|0|1|1|2|0|0|0|2|0|0|1|0|0|0|0|0|0|0|0|0|1</HistCounts>
      </HistItem>
    </Histograms>
    <Metadata>
      <MDI key="STATISTICS_MINIMUM">241</MDI>
      <MDI key="STATISTICS_MAXIMUM">356</MDI>
      <MDI key="STATISTICS_MEAN">302.35111111111</MDI>
      <MDI key="STATISTICS_STDDEV">21.965555077815</MDI>
      <MDI key="STATISTICS_VALID_PERCENT">100</MDI>
    </Metadata>
  </PAMRasterBand>
</PAMDataset>
