<PAMDataset>
  <PAMRasterBand band="1">
    <Histograms>
      <HistItem>
        <HistMin>242.2311111111111</HistMin>
        <HistMax>589.7688888888889</HistMax>
        <BucketCount>225</BucketCount>
        <IncludeOutOfRange>0</IncludeOutOfRange>
        <Approximate>0</Approximate>
        <HistCounts>1|0|1|1|0|2|0|0|3|1|3|1|3|0|3|3|1|0|2|2|1|1|2|3|1|0|1|1|3|0|1|2|4|2|3|3|1|1|1|2|0|2|0|0|1|3|0|2|1|2|1|0|3|0|3|0|1|1|4|2|0|3|1|0|0|1|2|0|1|0|0|2|0|2|3|2|2|0|1|1|4|0|0|4|2|5|1|0|0|1|0|1|1|2|0|1|0|1|0|0|0|0|2|1|1|1|1|1|0|1|0|1|1|2|1|2|5|2|2|1|1|0|2|0|2|1|0|1|1|1|2|1|0|0|0|0|0|1|1|2|0|0|0|0|1|0|2|1|0|0|2|0|0|0|0|1|1|0|0|2|0|1|0|0|0|0|0|0|0|0|2|1|0|1|0|1|1|0|0|1|0|1|1|1|0|3|2|0|1|1|0|0|1|1|0|1|1|0|0|2|2|1|1|1|2|2|1|1|1|0|0|1|1|0|1|1|1|1|1|0|0|0|0|0|1</HistCounts>
      </HistItem>
    </Histograms>
    <Metadata>
      <MDI key="STATISTICS_MINIMUM">243</MDI>
      <MDI key="STATISTICS_MAXIMUM">589</MDI>
      <MDI key="STATISTICS_MEAN">387.35555555556</MDI>
      <MDI key="STATISTICS_STDDEV">97.80555666004</MDI>
      <MDI key="STATISTICS_VALID_PERCENT">100</MDI>
    </Metadata>
  </PAMRasterBand>
  <PAMRasterBand band="2">
    <Histograms>
      <HistItem>
        <HistMin>172.1666666666667</HistMin>
        <HistMax>548.8333333333334</HistMax>
        <BucketCount>225</BucketCount>
        <IncludeOutOfRange>0</IncludeOutOfRange>
        <Approximate>0</Approximate>
        <HistCounts>1|3|1|0|0|3|1|1|3|0|3|3|1|4|3|2|6|2|0|0|1|4|2|1|3|0|5|4|1|3|4|1|2|2|2|1|2|2|1|2|1|5|2|1|0|3|1|0|1|0|2|2|0|1|3|1|1|2|1|3|2|1|0|3|0|1|1|2|0|1|1|0|1|1|0|0|0|0|1|3|0|0|0|0|1|1|0|1|1|0|1|0|0|0|0|0|0|0|0|0|1|0|1|0|1|1|0|1|0|2|0|0|0|0|0|1|0|0|1|0|0|0|0|0|0|0|0|0|0|1|2|0|0|2|4|1|0|0|1|2|4|2|3|1|0|1|1|0|0|1|2|0|0|0|0|2|1|3|1|0|1|0|0|0|0|1|0|0|0|2|0|2|0|0|1|0|0|1|0|1|1|1|0|3|1|1|0|0|0|0|0|0|0|1|1|2|2|0|1|0|1|1|2|2|1|1|1|1|0|0|2|0|0|0|3|0|2|2|0|3|1|0|1|0|1</HistCounts>
      </HistItem>
    </Histograms>
    <Metadata>
      <MDI key="STATISTICS_MINIMUM">173</MDI>
      <MDI key="STATISTICS_MAXIMUM">548</MDI>
      <MDI key="STATISTICS_MEAN">323.24888888889</MDI>
      <MDI key="STATISTICS_STDDEV">118.38720017566</MDI>
      <MDI key="STATISTICS_VALID_PERCENT">100</MDI>
    </Metadata>
  </PAMRasterBand>
  <PAMRasterBand band="3">
    <Histograms>
      <HistItem>
        <HistMin>179.6266666666667</HistMin>
        <HistMax>800.3733333333333</HistMax>
        <BucketCount>225</BucketCount>
        <IncludeOutOfRange>0</IncludeOutOfRange>
        <Approximate>0</Approximate>
        <HistCounts>2|0|0|0|1|4|0|2|6|2|3|3|2|2|2|4|3|3|1|2|1|3|4|0|1|5|5|1|3|4|0|1|0|1|2|2|1|3|1|1|4|0|2|2|1|0|1|0|1|2|2|2|0|1|1|2|0|2|2|0|1|1|1|1|0|0|1|2|1|0|1|2|0|0|2|0|2|0|0|2|2|0|0|0|0|1|0|1|0|0|2|0|1|1|0|0|1|0|0|0|1|0|0|0|0|3|0|0|1|1|0|0|1|0|1|3|0|1|0|0|3|0|0|0|1|1|0|1|0|5|1|1|2|3|0|0|0|3|0|1|1|1|0|0|1|0|2|0|0|2|2|0|0|1|0|0|0|1|0|2|0|0|1|0|2|0|0|1|1|0|0|0|0|1|2|1|1|1|2|1|1|0|2|0|1|1|0|1|0|0|2|0|0|1|2|0|1|1|2|2|1|1|3|3|0|0|0|0|1|0|2|0|0|0|0|1|0|1|0|0|0|0|1|0|1</HistCounts>
      </HistItem>
    </Histograms>
    <Metadata>
      <MDI key="STATISTICS_MINIMUM">181</MDI>
      <MDI key="STATISTICS_MAXIMUM">799</MDI>
      <MDI key="STATISTICS_MEAN">422.00444444444</MDI>
      <MDI key="STATISTICS_STDDEV">186.60643070443</MDI>
      <MDI key="STATISTICS_VALID_PERCENT">100</MDI>
    </Metadata>
  </PAMRasterBand>
</PAMDataset>
