<PAMDataset>
  <PAMRasterBand band="1">
    <Histograms>
      <HistItem>
        <HistMin>282.502380952381</HistMin>
        <HistMax>492.497619047619</HistMax>
        <BucketCount>210</BucketCount>
        <IncludeOutOfRange>0</IncludeOutOfRange>
        <Approximate>0</Approximate>
        <HistCounts>1|0|0|0|0|0|2|3|0|0|1|1|1|0|0|0|1|0|0|1|1|1|1|0|1|1|1|1|2|0|1|0|1|0|1|4|1|1|2|2|1|1|3|0|0|1|2|0|1|0|0|1|2|2|1|2|2|2|0|1|1|3|0|3|2|1|2|2|3|0|0|1|2|0|1|3|0|3|1|3|1|1|0|3|6|1|5|1|4|1|1|1|1|4|3|2|2|2|3|1|1|1|0|1|3|7|3|3|0|1|1|2|2|0|0|2|2|1|2|1|1|1|0|0|1|1|2|1|0|1|2|3|0|0|1|2|1|1|0|0|1|0|0|1|0|2|1|0|1|0|0|0|1|0|0|1|1|1|0|0|0|1|4|0|2|1|0|0|0|3|0|1|1|0|1|0|1|1|0|0|0|0|0|0|0|0|1|1|1|0|2|0|2|2|0|2|0|0|1|0|1|1|0|1|0|1|2|0|0|1</HistCounts>
      </HistItem>
    </Histograms>
    <Metadata>
      <MDI key="STATISTICS_MINIMUM">283</MDI>
      <MDI key="STATISTICS_MAXIMUM">492</MDI>
      <MDI key="STATISTICS_MEAN">379.47555555556</MDI>
      <MDI key="STATISTICS_STDDEV">50.708233631479</MDI>
      <MDI key="STATISTICS_VALID_PERCENT">100</MDI>
    </Metadata>
  </PAMRasterBand>
  <PAMRasterBand band="2">
    <Histograms>
      <HistItem>
        <HistMin>234.4755555555556</HistMin>
        <HistMax>471.5244444444444</HistMax>
        <BucketCount>225</BucketCount>
        <IncludeOutOfRange>0</IncludeOutOfRange>
        <Approximate>0</Approximate>
        <HistCounts>1|0|1|0|0|1|1|0|0|2|2|1|1|1|0|0|1|3|1|2|1|1|0|0|7|0|0|0|4|1|1|2|0|1|1|1|1|2|3|1|1|1|3|1|1|2|0|1|0|0|1|4|2|2|1|2|2|3|5|0|2|1|3|0|5|7|0|0|4|1|4|3|0|2|1|3|3|5|4|4|1|2|1|1|6|3|0|2|3|0|2|1|1|0|0|1|0|2|2|1|1|3|2|0|1|0|0|1|0|1|0|0|1|0|0|0|0|0|1|3|0|2|0|1|0|1|1|0|1|0|0|0|0|2|0|1|1|1|2|0|0|0|0|1|0|0|2|0|0|1|0|0|0|1|1|0|1|1|0|2|1|2|1|1|0|0|0|0|1|0|2|0|0|0|0|0|0|1|3|0|0|1|0|0|1|0|0|0|0|0|0|0|0|0|0|1|2|1|0|1|1|1|2|0|0|0|2|0|0|0|0|0|0|1|1|0|0|0|2|0|0|0|0|0|1</HistCounts>
      </HistItem>
    </Histograms>
    <Metadata>
      <MDI key="STATISTICS_MINIMUM">235</MDI>
      <MDI key="STATISTICS_MAXIMUM">471</MDI>
      <MDI key="STATISTICS_MEAN">325.23111111111</MDI>
      <MDI key="STATISTICS_STDDEV">56.655213831747</MDI>
      <MDI key="STATISTICS_VALID_PERCENT">100</MDI>
    </Metadata>
  </PAMRasterBand>
  <PAMRasterBand band="3">
    <Histograms>
      <HistItem>
        <HistMin>355.3111111111111</HistMin>
        <HistMax>666.6888888888889</HistMax>
        <BucketCount>225</BucketCount>
        <IncludeOutOfRange>0</IncludeOutOfRange>
        <Approximate>0</Approximate>
        <HistCounts>2|1|0|1|1|0|0|1|0|0|0|1|0|0|0|0|0|2|1|1|1|1|0|0|1|2|1|2|0|2|0|0|2|2|0|2|2|1|0|0|2|0|1|1|2|1|1|0|3|0|2|1|0|2|1|0|1|1|1|1|1|4|0|0|1|1|3|0|5|3|3|1|4|0|4|1|1|0|2|6|0|1|3|4|4|4|0|4|2|1|2|0|2|2|1|4|0|1|4|0|0|1|1|2|0|0|0|1|0|0|1|2|1|1|0|0|0|0|1|0|1|3|1|0|2|0|0|0|0|4|0|1|4|0|0|0|0|2|1|2|0|0|3|2|1|1|0|1|1|1|0|3|1|0|0|1|1|1|2|0|1|0|0|6|1|2|1|1|1|1|0|0|3|1|0|0|0|0|1|2|0|2|1|0|4|0|0|0|1|1|0|2|0|0|0|0|0|1|0|1|0|0|1|0|0|0|2|1|0|0|1|0|1|2|0|1|0|0|0|0|0|0|0|0|1</HistCounts>
      </HistItem>
    </Histograms>
    <Metadata>
      <MDI key="STATISTICS_MINIMUM">356</MDI>
      <MDI key="STATISTICS_MAXIMUM">666</MDI>
      <MDI key="STATISTICS_MEAN">496.16888888889</MDI>
      <MDI key="STATISTICS_STDDEV">75.574057342516</MDI>
      <MDI key="STATISTICS_VALID_PERCENT">100</MDI>
    </Metadata>
  </PAMRasterBand>
</PAMDataset>
