<PAMDataset>
  <PAMRasterBand band="1">
    <Histograms>
      <HistItem>
        <HistMin>302.5051020408163</HistMin>
        <HistMax>400.4948979591837</HistMax>
        <BucketCount>98</BucketCount>
        <IncludeOutOfRange>0</IncludeOutOfRange>
        <Approximate>0</Approximate>
        <HistCounts>2|0|1|1|0|0|0|0|0|0|0|0|0|0|1|0|0|0|0|0|1|0|2|0|0|0|0|1|2|1|0|3|0|1|2|1|1|1|2|2|4|1|1|3|9|4|3|1|5|4|2|2|5|2|2|4|7|5|6|5|3|6|4|12|13|8|3|3|12|5|2|5|4|2|5|2|2|3|5|3|2|4|2|2|3|0|2|0|0|1|0|1|0|1|0|0|3|2</HistCounts>
      </HistItem>
    </Histograms>
    <Metadata>
      <MDI key="STATISTICS_MINIMUM">303</MDI>
      <MDI key="STATISTICS_MAXIMUM">400</MDI>
      <MDI key="STATISTICS_MEAN">362.33333333333</MDI>
      <MDI key="STATISTICS_STDDEV">17.440438322728</MDI>
      <MDI key="STATISTICS_VALID_PERCENT">100</MDI>
    </Metadata>
  </PAMRasterBand>
  <PAMRasterBand band="2">
    <Histograms>
      <HistItem>
        <HistMin>251.5056179775281</HistMin>
        <HistMax>340.4943820224719</HistMax>
        <BucketCount>89</BucketCount>
        <IncludeOutOfRange>0</IncludeOutOfRange>
        <Approximate>0</Approximate>
        <HistCounts>1|0|0|0|0|1|1|0|0|1|0|0|0|0|0|0|0|0|0|0|0|0|1|0|0|0|0|0|1|2|2|0|1|1|0|2|0|2|2|2|2|2|5|4|3|4|4|6|6|8|8|3|6|7|3|11|11|5|13|4|8|2|2|10|7|4|3|2|1|8|4|5|3|3|4|4|0|4|4|0|3|0|1|4|2|0|1|0|1</HistCounts>
      </HistItem>
    </Histograms>
    <Metadata>
      <MDI key="STATISTICS_MINIMUM">252</MDI>
      <MDI key="STATISTICS_MAXIMUM">340</MDI>
      <MDI key="STATISTICS_MEAN">308.64444444444</MDI>
      <MDI key="STATISTICS_STDDEV">14.48640060433</MDI>
      <MDI key="STATISTICS_VALID_PERCENT">100</MDI>
    </Metadata>
  </PAMRasterBand>
  <PAMRasterBand band="3">
    <Histograms>
      <HistItem>
        <HistMin>292.5032051282051</HistMin>
        <HistMax>448.4967948717949</HistMax>
        <BucketCount>156</BucketCount>
        <IncludeOutOfRange>0</IncludeOutOfRange>
        <Approximate>0</Approximate>
        <HistCounts>1|0|0|0|1|0|1|0|0|0|0|0|0|0|0|0|0|0|1|0|0|0|0|0|0|0|0|0|0|0|0|0|0|0|1|0|1|0|0|0|0|1|1|0|0|0|1|0|0|0|0|0|0|0|0|2|0|0|2|0|0|0|0|0|2|1|0|1|0|1|0|2|1|3|0|0|1|2|0|0|4|2|4|1|0|2|3|1|6|6|1|5|3|4|4|3|5|4|7|3|3|2|5|5|4|5|4|3|2|6|3|3|3|5|5|3|4|5|1|4|3|4|4|3|2|0|1|1|0|1|7|1|1|1|4|3|3|1|3|2|0|2|0|1|1|1|0|1|0|3|0|0|0|0|0|1</HistCounts>
      </HistItem>
    </Histograms>
    <Metadata>
      <MDI key="STATISTICS_MINIMUM">293</MDI>
      <MDI key="STATISTICS_MAXIMUM">448</MDI>
      <MDI key="STATISTICS_MEAN">395.68</MDI>
      <MDI key="STATISTICS_STDDEV">25.807747329479</MDI>
      <MDI key="STATISTICS_VALID_PERCENT">100</MDI>
    </Metadata>
  </PAMRasterBand>
</PAMDataset>
