<PAMDataset>
  <PAMRasterBand band="1">
    <Histograms>
      <HistItem>
        <HistMin>204.8688888888889</HistMin>
        <HistMax>716.1311111111111</HistMax>
        <BucketCount>225</BucketCount>
        <IncludeOutOfRange>0</IncludeOutOfRange>
        <Approximate>0</Approximate>
        <HistCounts>2|3|1|0|2|1|0|3|1|0|0|0|0|0|2|1|1|1|0|1|1|0|2|0|0|1|2|1|0|3|0|2|0|4|7|2|5|7|3|6|10|3|4|3|8|4|2|3|7|2|1|6|1|3|2|5|4|3|1|2|4|0|3|4|2|2|6|3|0|0|2|1|1|0|1|0|1|1|2|0|1|1|1|0|0|0|1|0|0|2|1|0|2|0|0|0|1|1|0|1|1|1|1|2|0|1|1|0|2|0|1|0|0|0|0|0|0|3|0|0|0|0|0|1|0|2|2|1|0|0|1|0|0|0|0|1|1|0|0|0|0|0|1|1|0|1|0|0|1|0|0|1|0|0|0|0|0|0|1|0|0|0|0|0|0|1|0|0|1|0|1|0|0|0|0|0|0|1|0|0|1|0|0|0|0|0|0|0|0|0|0|0|0|0|0|0|0|1|0|0|0|0|1|0|0|1|0|1|0|1|0|0|0|1|0|0|0|0|0|0|0|1|0|0|1</HistCounts>
      </HistItem>
    </Histograms>
    <Metadata>
      <MDI key="STATISTICS_MINIMUM">206</MDI>
      <MDI key="STATISTICS_MAXIMUM">715</MDI>
      <MDI key="STATISTICS_MEAN">352.14666666667</MDI>
      <MDI key="STATISTICS_STDDEV">103.83260374276</MDI>
      <MDI key="STATISTICS_VALID_PERCENT">100</MDI>
    </Metadata>
  </PAMRasterBand>
  <PAMRasterBand band="2">
    <Histograms>
      <HistItem>
        <HistMin>164.8466666666667</HistMin>
        <HistMax>686.1533333333333</HistMax>
        <BucketCount>225</BucketCount>
        <IncludeOutOfRange>0</IncludeOutOfRange>
        <Approximate>0</Approximate>
        <HistCounts>1|0|1|0|0|0|0|3|2|2|2|0|2|3|1|2|2|0|5|2|2|1|2|3|7|3|3|1|5|2|2|1|3|4|5|6|1|1|8|6|5|4|4|4|5|8|5|8|0|2|5|0|2|4|2|2|1|2|1|0|0|1|1|0|0|1|1|2|0|2|0|0|0|0|0|0|2|0|1|2|1|0|2|0|0|3|1|0|0|1|1|2|0|0|1|2|0|1|0|0|0|1|0|0|1|0|0|0|0|0|1|1|2|0|2|0|0|2|0|0|1|0|1|2|0|0|0|1|1|1|0|0|1|2|0|0|0|0|2|0|0|0|0|2|0|2|0|0|1|0|0|0|0|0|0|1|1|0|0|1|0|0|0|0|0|0|0|0|0|0|0|0|0|0|1|0|0|0|0|1|1|0|0|0|1|0|0|0|0|0|0|0|0|0|0|0|0|0|0|0|0|0|0|0|0|0|0|2|0|0|0|0|0|0|0|1|0|0|0|0|0|1|0|0|1</HistCounts>
      </HistItem>
    </Histograms>
    <Metadata>
      <MDI key="STATISTICS_MINIMUM">166</MDI>
      <MDI key="STATISTICS_MAXIMUM">685</MDI>
      <MDI key="STATISTICS_MEAN">302.54222222222</MDI>
      <MDI key="STATISTICS_STDDEV">106.3835795368</MDI>
      <MDI key="STATISTICS_VALID_PERCENT">100</MDI>
    </Metadata>
  </PAMRasterBand>
  <PAMRasterBand band="3">
    <Histograms>
      <HistItem>
        <HistMin>184.3177777777778</HistMin>
        <HistMax>944.6822222222222</HistMax>
        <BucketCount>225</BucketCount>
        <IncludeOutOfRange>0</IncludeOutOfRange>
        <Approximate>0</Approximate>
        <HistCounts>2|2|1|3|0|0|1|1|1|0|0|0|1|3|2|0|2|1|2|1|6|0|3|2|3|3|5|0|5|4|2|1|2|3|1|3|0|1|3|4|5|4|2|5|4|2|4|4|6|4|1|1|1|2|1|0|1|6|0|3|1|8|10|1|3|3|1|2|1|0|1|1|0|1|0|1|0|0|1|0|1|2|0|1|0|2|1|3|1|1|0|1|1|0|1|0|0|0|0|1|0|0|0|0|0|3|0|0|2|0|0|1|1|0|1|1|0|0|1|1|0|0|0|1|0|0|0|0|1|0|1|0|0|0|1|3|2|0|0|0|0|0|2|1|2|0|0|1|1|2|1|0|0|1|0|0|1|2|0|0|0|0|2|0|0|1|0|0|1|0|0|0|0|0|0|0|0|0|0|0|0|0|0|0|0|0|1|0|0|0|0|0|0|0|1|0|0|0|0|0|0|0|0|0|0|0|0|0|0|0|0|0|0|0|0|0|0|0|0|1|0|1|0|0|2</HistCounts>
      </HistItem>
    </Histograms>
    <Metadata>
      <MDI key="STATISTICS_MINIMUM">186</MDI>
      <MDI key="STATISTICS_MAXIMUM">943</MDI>
      <MDI key="STATISTICS_MEAN">402.44444444444</MDI>
      <MDI key="STATISTICS_STDDEV">159.45955329112</MDI>
      <MDI key="STATISTICS_VALID_PERCENT">100</MDI>
    </Metadata>
  </PAMRasterBand>
</PAMDataset>
