<PAMDataset>
  <PAMRasterBand band="1">
    <Histograms>
      <HistItem>
        <HistMin>222.5046296296296</HistMin>
        <HistMax>330.4953703703704</HistMax>
        <BucketCount>108</BucketCount>
        <IncludeOutOfRange>0</IncludeOutOfRange>
        <Approximate>0</Approximate>
        <HistCounts>1|0|0|0|1|0|1|0|0|0|0|0|1|0|1|0|0|0|0|3|1|0|1|0|4|1|0|0|3|1|1|1|1|1|2|1|2|3|2|3|2|3|3|2|2|4|2|8|5|5|6|8|6|6|8|4|5|6|4|8|5|4|7|2|5|4|6|5|4|6|1|5|3|3|2|4|3|4|0|3|2|2|0|2|2|1|1|2|0|1|0|0|1|0|0|0|0|0|1|0|0|0|0|0|0|0|0|1</HistCounts>
      </HistItem>
    </Histograms>
    <Metadata>
      <MDI key="STATISTICS_MINIMUM">223</MDI>
      <MDI key="STATISTICS_MAXIMUM">330</MDI>
      <MDI key="STATISTICS_MEAN">278.53333333333</MDI>
      <MDI key="STATISTICS_STDDEV">17.423355972181</MDI>
      <MDI key="STATISTICS_VALID_PERCENT">100</MDI>
    </Metadata>
  </PAMRasterBand>
  <PAMRasterBand band="2">
    <Histograms>
      <HistItem>
        <HistMin>171.5050505050505</HistMin>
        <HistMax>270.4949494949495</HistMax>
        <BucketCount>99</BucketCount>
        <IncludeOutOfRange>0</IncludeOutOfRange>
        <Approximate>0</Approximate>
        <HistCounts>2|0|0|0|2|0|0|1|1|0|0|0|1|1|3|2|2|0|1|1|3|0|3|1|1|1|4|2|2|2|0|3|6|4|5|6|5|4|5|2|9|7|4|5|5|5|5|5|2|5|5|10|4|3|7|2|3|4|4|6|5|5|7|3|2|5|2|3|3|2|1|1|1|1|2|0|0|0|1|0|0|1|1|0|0|0|1|0|0|0|0|1|0|0|0|0|0|0|1</HistCounts>
      </HistItem>
    </Histograms>
    <Metadata>
      <MDI key="STATISTICS_MINIMUM">172</MDI>
      <MDI key="STATISTICS_MAXIMUM">270</MDI>
      <MDI key="STATISTICS_MEAN">217.49333333333</MDI>
      <MDI key="STATISTICS_STDDEV">17.047155513783</MDI>
      <MDI key="STATISTICS_VALID_PERCENT">100</MDI>
    </Metadata>
  </PAMRasterBand>
  <PAMRasterBand band="3">
    <Histograms>
      <HistItem>
        <HistMin>180.5027624309392</HistMin>
        <HistMax>361.4972375690608</HistMax>
        <BucketCount>181</BucketCount>
        <IncludeOutOfRange>0</IncludeOutOfRange>
        <Approximate>0</Approximate>
        <HistCounts>1|0|0|0|0|0|0|0|0|0|3|0|1|0|0|3|0|0|2|1|0|1|2|1|0|1|1|0|1|3|0|2|0|0|1|0|3|1|0|0|1|0|0|0|2|1|1|1|0|3|1|0|0|0|0|1|0|1|1|1|2|1|0|2|3|2|2|0|2|0|1|6|0|1|0|2|3|1|1|0|2|3|3|2|3|0|4|4|7|2|2|0|2|1|3|2|2|1|6|3|4|2|1|7|0|2|1|3|3|3|5|2|3|4|0|1|5|2|1|4|0|5|5|2|6|2|5|2|0|1|1|3|1|1|1|1|0|2|0|1|0|1|0|0|0|1|1|0|1|0|0|0|0|0|1|0|1|0|0|1|0|0|0|0|0|1|0|0|0|0|0|0|1|0|0|0|0|0|0|0|1</HistCounts>
      </HistItem>
    </Histograms>
    <Metadata>
      <MDI key="STATISTICS_MINIMUM">181</MDI>
      <MDI key="STATISTICS_MAXIMUM">361</MDI>
      <MDI key="STATISTICS_MEAN">271.15111111111</MDI>
      <MDI key="STATISTICS_STDDEV">35.831386751607</MDI>
      <MDI key="STATISTICS_VALID_PERCENT">100</MDI>
    </Metadata>
  </PAMRasterBand>
</PAMDataset>
