<PAMDataset>
  <PAMRasterBand band="1">
    <Histograms>
      <HistItem>
        <HistMin>317.9044444444444</HistMin>
        <HistMax>813.0955555555555</HistMax>
        <BucketCount>225</BucketCount>
        <IncludeOutOfRange>0</IncludeOutOfRange>
        <Approximate>0</Approximate>
        <HistCounts>3|2|2|2|2|2|3|4|8|9|7|5|5|5|6|8|5|1|4|4|7|0|1|3|2|1|2|1|4|1|2|2|3|0|0|0|2|1|1|0|0|1|1|0|0|0|2|0|0|1|0|0|0|2|0|4|1|2|3|1|1|0|5|0|1|1|0|0|1|3|0|0|4|1|1|1|1|1|2|0|1|1|1|0|0|2|0|1|0|2|1|0|2|0|3|3|1|1|0|3|2|0|2|0|0|1|0|0|0|0|2|0|2|0|0|0|1|1|1|1|0|0|0|0|1|0|1|0|0|1|0|0|0|1|0|2|1|2|0|1|0|0|1|1|2|0|0|1|1|0|0|0|0|0|0|1|0|0|1|0|0|0|0|1|2|0|1|0|1|0|0|1|0|0|0|0|0|0|0|0|0|0|1|0|0|0|0|0|0|1|0|0|0|0|0|1|0|0|0|0|0|0|0|0|0|0|1|0|0|0|0|0|0|0|0|0|0|0|0|0|0|0|0|0|1</HistCounts>
      </HistItem>
    </Histograms>
    <Metadata>
      <MDI key="STATISTICS_MINIMUM">319</MDI>
      <MDI key="STATISTICS_MAXIMUM">812</MDI>
      <MDI key="STATISTICS_MEAN">439.21777777778</MDI>
      <MDI key="STATISTICS_STDDEV">112.21147354465</MDI>
      <MDI key="STATISTICS_VALID_PERCENT">100</MDI>
    </Metadata>
  </PAMRasterBand>
  <PAMRasterBand band="2">
    <Histograms>
      <HistItem>
        <HistMin>210.8622222222222</HistMin>
        <HistMax>725.1377777777777</HistMax>
        <BucketCount>225</BucketCount>
        <IncludeOutOfRange>0</IncludeOutOfRange>
        <Approximate>0</Approximate>
        <HistCounts>1|1|3|3|2|3|1|4|3|5|7|5|8|3|4|7|9|6|6|4|4|9|1|0|3|1|3|0|4|1|3|3|0|2|1|0|1|0|0|0|0|0|1|0|0|1|0|0|0|1|0|0|0|0|0|0|0|0|1|0|0|0|0|0|0|0|0|0|0|1|3|0|0|0|0|0|0|0|0|0|2|0|2|1|1|0|1|1|1|0|1|0|1|0|0|0|0|0|0|0|0|1|1|1|0|6|4|3|5|2|5|0|1|4|1|3|2|0|0|1|0|5|0|0|0|0|1|1|2|1|1|0|1|2|3|1|0|1|2|0|0|0|3|0|1|0|1|1|2|1|0|1|1|1|0|1|0|0|0|0|0|0|0|0|0|0|0|2|0|0|1|0|0|0|1|1|0|0|0|1|0|1|1|0|0|0|0|0|0|0|0|0|0|0|0|1|0|0|0|0|0|0|0|0|0|0|0|0|0|0|0|0|0|0|0|0|0|0|0|0|0|0|0|1|1</HistCounts>
      </HistItem>
    </Histograms>
    <Metadata>
      <MDI key="STATISTICS_MINIMUM">212</MDI>
      <MDI key="STATISTICS_MAXIMUM">724</MDI>
      <MDI key="STATISTICS_MEAN">357.97777777778</MDI>
      <MDI key="STATISTICS_STDDEV">129.71676648056</MDI>
      <MDI key="STATISTICS_VALID_PERCENT">100</MDI>
    </Metadata>
  </PAMRasterBand>
  <PAMRasterBand band="3">
    <Histograms>
      <HistItem>
        <HistMin>194.54</HistMin>
        <HistMax>854.46</HistMax>
        <BucketCount>225</BucketCount>
        <IncludeOutOfRange>0</IncludeOutOfRange>
        <Approximate>0</Approximate>
        <HistCounts>2|1|2|2|5|1|5|3|1|5|3|5|5|6|5|8|8|5|9|6|6|4|4|2|1|3|2|0|2|0|1|0|1|1|1|1|1|2|1|2|1|0|0|0|0|0|0|0|0|0|0|1|0|0|0|0|1|0|0|0|0|0|0|2|0|0|0|0|0|0|0|1|1|0|0|0|0|0|0|0|3|0|0|0|1|1|1|0|0|0|0|2|0|0|2|0|0|0|1|0|0|1|0|0|0|0|0|0|1|0|0|0|0|0|0|0|0|0|0|0|0|0|0|0|0|0|0|1|0|0|1|0|2|2|5|4|4|11|4|3|2|2|3|1|2|1|1|1|2|2|2|2|2|0|2|3|1|1|0|1|1|0|1|4|0|0|0|0|1|0|0|0|0|0|1|0|0|1|0|0|0|0|0|1|0|0|2|0|0|0|0|1|0|0|0|0|0|0|0|0|0|0|0|0|0|0|0|0|0|0|0|0|0|1|0|0|0|0|0|0|0|0|0|0|1</HistCounts>
      </HistItem>
    </Histograms>
    <Metadata>
      <MDI key="STATISTICS_MINIMUM">196</MDI>
      <MDI key="STATISTICS_MAXIMUM">853</MDI>
      <MDI key="STATISTICS_MEAN">402.89777777778</MDI>
      <MDI key="STATISTICS_STDDEV">185.8763824444</MDI>
      <MDI key="STATISTICS_VALID_PERCENT">100</MDI>
    </Metadata>
  </PAMRasterBand>
</PAMDataset>
