<PAMDataset>
  <PAMRasterBand band="1">
    <Histograms>
      <HistItem>
        <HistMin>261.2533333333333</HistMin>
        <HistMax>598.7466666666667</HistMax>
        <BucketCount>225</BucketCount>
        <IncludeOutOfRange>0</IncludeOutOfRange>
        <Approximate>0</Approximate>
        <HistCounts>1|0|0|1|0|0|0|0|1|1|0|0|0|0|0|1|0|1|0|0|0|0|0|1|0|0|0|0|0|0|0|0|1|1|0|0|0|0|0|1|0|1|0|0|0|1|1|1|0|0|1|1|3|0|0|0|1|1|0|1|0|3|0|2|0|1|0|1|0|0|1|0|0|1|1|3|0|1|0|2|1|0|0|1|1|1|0|1|0|0|0|0|0|0|0|0|0|0|1|0|0|2|0|0|0|0|1|0|0|1|1|1|0|0|0|0|0|2|1|1|0|0|0|0|0|1|0|0|1|1|1|1|0|0|0|0|1|2|0|0|1|0|1|0|1|0|3|2|0|4|3|1|2|1|2|2|2|6|4|5|0|4|2|2|0|3|1|10|3|7|3|5|3|8|2|6|0|2|1|5|2|3|1|6|2|1|0|3|1|1|0|3|0|2|2|3|1|5|0|1|2|0|0|4|0|1|0|1|2|0|0|2|0|1|0|0|1|1|0|0|0|1|0|2|1</HistCounts>
      </HistItem>
    </Histograms>
    <Metadata>
      <MDI key="STATISTICS_MINIMUM">262</MDI>
      <MDI key="STATISTICS_MAXIMUM">598</MDI>
      <MDI key="STATISTICS_MEAN">482.51111111111</MDI>
      <MDI key="STATISTICS_STDDEV">77.280850645831</MDI>
      <MDI key="STATISTICS_VALID_PERCENT">100</MDI>
    </Metadata>
  </PAMRasterBand>
  <PAMRasterBand band="2">
    <Histograms>
      <HistItem>
        <HistMin>243.12</HistMin>
        <HistMax>640.88</HistMax>
        <BucketCount>225</BucketCount>
        <IncludeOutOfRange>0</IncludeOutOfRange>
        <Approximate>0</Approximate>
        <HistCounts>1|0|1|0|2|0|1|1|1|0|1|1|0|2|0|2|0|0|1|1|4|0|0|0|1|0|0|2|0|1|1|0|3|0|0|2|0|1|1|1|1|0|0|0|0|0|0|0|0|1|1|2|1|0|0|1|1|0|2|0|0|1|0|1|0|0|0|0|0|1|1|0|0|0|1|3|0|0|0|0|0|0|0|1|1|1|0|0|0|0|0|1|0|2|0|1|2|0|0|0|0|0|0|1|0|0|0|5|1|0|1|2|1|3|4|2|1|2|2|2|0|0|3|2|5|2|5|4|2|2|1|1|5|4|1|4|5|4|4|2|2|1|1|5|1|5|1|1|3|3|2|2|2|7|6|2|3|3|4|1|0|0|4|1|0|2|0|3|0|3|0|2|1|1|1|0|0|2|0|0|1|1|0|1|1|0|0|1|0|0|0|0|0|0|0|0|0|1|0|0|0|0|0|0|0|0|0|0|0|0|0|0|0|0|0|0|0|0|0|1|0|0|0|0|1</HistCounts>
      </HistItem>
    </Histograms>
    <Metadata>
      <MDI key="STATISTICS_MINIMUM">244</MDI>
      <MDI key="STATISTICS_MAXIMUM">640</MDI>
      <MDI key="STATISTICS_MEAN">449.04888888889</MDI>
      <MDI key="STATISTICS_STDDEV">87.47374113215</MDI>
      <MDI key="STATISTICS_VALID_PERCENT">100</MDI>
    </Metadata>
  </PAMRasterBand>
  <PAMRasterBand band="3">
    <Histograms>
      <HistItem>
        <HistMin>280.4888888888889</HistMin>
        <HistMax>963.5111111111111</HistMax>
        <BucketCount>225</BucketCount>
        <IncludeOutOfRange>0</IncludeOutOfRange>
        <Approximate>0</Approximate>
        <HistCounts>2|1|1|0|0|2|1|1|2|0|0|1|2|0|1|0|2|0|4|1|0|1|0|0|0|0|2|0|0|1|2|0|0|1|0|0|2|2|1|2|1|0|0|0|1|3|0|0|1|0|0|1|0|1|0|0|2|3|0|0|1|0|1|1|1|0|0|1|0|0|0|0|1|1|0|0|1|2|0|1|0|0|0|0|0|1|0|2|4|1|1|0|2|4|4|4|4|5|4|4|3|9|4|2|4|5|5|2|3|5|3|4|0|3|2|4|0|1|0|2|2|2|2|2|2|1|2|2|1|0|0|2|1|2|1|3|5|1|2|0|1|0|2|1|0|0|0|0|1|1|1|0|2|3|1|2|2|0|0|0|0|0|0|0|0|2|1|1|2|0|1|1|0|1|0|0|1|0|0|0|0|0|0|0|0|0|0|0|0|0|1|0|0|0|0|0|0|1|0|0|0|0|0|1|0|0|0|0|0|0|0|0|0|0|0|0|0|0|0|0|0|0|0|0|2</HistCounts>
      </HistItem>
    </Histograms>
    <Metadata>
      <MDI key="STATISTICS_MINIMUM">282</MDI>
      <MDI key="STATISTICS_MAXIMUM">962</MDI>
      <MDI key="STATISTICS_MEAN">578.03111111111</MDI>
      <MDI key="STATISTICS_STDDEV">137.51051325015</MDI>
      <MDI key="STATISTICS_VALID_PERCENT">100</MDI>
    </Metadata>
  </PAMRasterBand>
</PAMDataset>
