<PAMDataset>
  <PAMRasterBand band="1">
    <Histograms>
      <HistItem>
        <HistMin>277.5084745762712</HistMin>
        <HistMax>336.4915254237288</HistMax>
        <BucketCount>59</BucketCount>
        <IncludeOutOfRange>0</IncludeOutOfRange>
        <Approximate>0</Approximate>
        <HistCounts>1|0|0|0|0|3|1|0|3|0|3|4|4|2|8|2|9|9|4|6|9|4|9|6|14|13|18|4|10|6|11|7|8|3|4|4|1|4|4|5|5|1|1|3|2|3|2|0|0|2|0|0|1|0|1|0|0|0|1</HistCounts>
      </HistItem>
    </Histograms>
    <Metadata>
      <MDI key="STATISTICS_MINIMUM">278</MDI>
      <MDI key="STATISTICS_MAXIMUM">336</MDI>
      <MDI key="STATISTICS_MEAN">303.80888888889</MDI>
      <MDI key="STATISTICS_STDDEV">9.9525054851579</MDI>
      <MDI key="STATISTICS_VALID_PERCENT">100</MDI>
    </Metadata>
  </PAMRasterBand>
  <PAMRasterBand band="2">
    <Histograms>
      <HistItem>
        <HistMin>212.5089285714286</HistMin>
        <HistMax>268.4910714285714</HistMax>
        <BucketCount>56</BucketCount>
        <IncludeOutOfRange>0</IncludeOutOfRange>
        <Approximate>0</Approximate>
        <HistCounts>1|0|0|0|0|0|1|1|0|2|0|2|0|0|2|3|1|2|8|6|8|7|10|14|10|12|11|10|20|14|9|13|4|11|4|10|2|2|5|2|2|2|2|2|3|1|2|1|0|0|0|1|1|0|0|1</HistCounts>
      </HistItem>
    </Histograms>
    <Metadata>
      <MDI key="STATISTICS_MINIMUM">213</MDI>
      <MDI key="STATISTICS_MAXIMUM">268</MDI>
      <MDI key="STATISTICS_MEAN">240.62222222222</MDI>
      <MDI key="STATISTICS_STDDEV">8.158128567778</MDI>
      <MDI key="STATISTICS_VALID_PERCENT">100</MDI>
    </Metadata>
  </PAMRasterBand>
  <PAMRasterBand band="3">
    <Histograms>
      <HistItem>
        <HistMin>250.5087719298245</HistMin>
        <HistMax>307.4912280701755</HistMax>
        <BucketCount>57</BucketCount>
        <IncludeOutOfRange>0</IncludeOutOfRange>
        <Approximate>0</Approximate>
        <HistCounts>1|0|0|0|0|0|0|0|1|0|2|1|0|2|1|0|2|3|2|7|3|7|7|12|10|7|12|14|8|14|8|6|10|8|12|7|11|6|7|8|4|3|4|4|0|1|2|2|2|1|0|1|1|0|0|0|1</HistCounts>
      </HistItem>
    </Histograms>
    <Metadata>
      <MDI key="STATISTICS_MINIMUM">251</MDI>
      <MDI key="STATISTICS_MAXIMUM">307</MDI>
      <MDI key="STATISTICS_MEAN">280.86666666667</MDI>
      <MDI key="STATISTICS_STDDEV">8.5432234353707</MDI>
      <MDI key="STATISTICS_VALID_PERCENT">100</MDI>
    </Metadata>
  </PAMRasterBand>
</PAMDataset>
