<PAMDataset>
  <PAMRasterBand band="1">
    <Histograms>
      <HistItem>
        <HistMin>239.0333333333333</HistMin>
        <HistMax>675.9666666666667</HistMax>
        <BucketCount>225</BucketCount>
        <IncludeOutOfRange>0</IncludeOutOfRange>
        <Approximate>0</Approximate>
        <HistCounts>1|1|0|0|1|2|3|1|2|2|1|2|2|1|0|0|2|0|1|2|0|0|2|3|1|4|1|0|2|2|2|2|0|4|2|2|0|1|2|2|3|5|3|0|5|1|0|1|2|2|0|4|1|2|1|3|0|0|2|0|0|0|2|0|2|5|2|2|2|1|2|1|3|1|2|4|4|2|0|5|3|0|3|1|2|2|1|3|2|3|2|3|4|1|2|4|4|1|1|4|2|1|0|1|1|3|1|1|2|0|0|1|0|2|1|7|1|2|0|2|1|1|0|1|0|0|0|3|1|2|2|0|0|0|1|0|0|1|0|0|0|0|0|1|1|0|0|0|0|0|0|0|1|0|0|0|0|1|0|0|0|1|0|0|0|0|0|0|1|0|0|0|0|0|0|0|0|0|0|0|0|0|0|0|0|0|0|0|0|0|0|0|0|0|0|0|0|0|0|0|0|0|0|0|0|0|0|0|0|0|0|0|0|0|0|0|0|0|0|0|0|0|0|0|1</HistCounts>
      </HistItem>
    </Histograms>
    <Metadata>
      <MDI key="STATISTICS_MINIMUM">240</MDI>
      <MDI key="STATISTICS_MAXIMUM">675</MDI>
      <MDI key="STATISTICS_MEAN">375.98666666667</MDI>
      <MDI key="STATISTICS_STDDEV">75.342092706092</MDI>
      <MDI key="STATISTICS_VALID_PERCENT">100</MDI>
    </Metadata>
  </PAMRasterBand>
  <PAMRasterBand band="2">
    <Histograms>
      <HistItem>
        <HistMin>210.1088888888889</HistMin>
        <HistMax>612.8911111111111</HistMax>
        <BucketCount>225</BucketCount>
        <IncludeOutOfRange>0</IncludeOutOfRange>
        <Approximate>0</Approximate>
        <HistCounts>2|0|1|3|5|2|4|5|5|0|3|3|1|4|0|4|4|5|4|1|5|4|6|4|1|1|0|1|2|0|0|1|1|0|1|2|3|0|0|1|0|0|0|0|0|0|1|3|1|0|2|2|1|3|2|0|5|1|2|2|4|4|3|2|4|3|4|3|3|3|1|3|2|3|4|2|2|0|4|2|3|0|4|2|3|1|1|1|1|1|4|2|3|0|1|0|1|3|0|2|0|0|1|0|1|0|1|0|1|0|0|0|0|4|1|2|0|0|0|0|0|0|0|0|0|0|1|1|1|0|0|0|1|0|0|0|0|2|0|0|1|1|0|0|1|0|0|1|0|0|0|0|0|0|0|0|0|0|0|0|0|0|0|0|0|0|0|0|0|0|0|0|0|0|0|0|0|0|0|0|0|0|0|0|0|0|0|0|0|0|0|0|0|0|0|0|0|0|0|0|0|0|0|0|0|0|0|0|0|0|0|0|0|0|0|0|0|0|0|0|0|0|0|0|1</HistCounts>
      </HistItem>
    </Histograms>
    <Metadata>
      <MDI key="STATISTICS_MINIMUM">211</MDI>
      <MDI key="STATISTICS_MAXIMUM">612</MDI>
      <MDI key="STATISTICS_MEAN">308.88888888889</MDI>
      <MDI key="STATISTICS_STDDEV">67.761484380377</MDI>
      <MDI key="STATISTICS_VALID_PERCENT">100</MDI>
    </Metadata>
  </PAMRasterBand>
  <PAMRasterBand band="3">
    <Histograms>
      <HistItem>
        <HistMin>215.44</HistMin>
        <HistMax>920.5599999999999</HistMax>
        <BucketCount>225</BucketCount>
        <IncludeOutOfRange>0</IncludeOutOfRange>
        <Approximate>0</Approximate>
        <HistCounts>1|3|6|1|4|4|5|2|5|3|2|5|6|3|2|6|4|4|1|2|1|1|3|3|1|2|2|0|0|2|0|4|0|0|0|0|2|0|1|1|0|4|1|2|1|3|0|3|0|1|0|1|2|1|1|2|2|3|0|3|3|1|3|6|4|6|6|3|5|6|5|5|2|1|1|2|3|0|1|1|3|1|0|1|1|0|0|0|0|3|0|1|1|0|0|0|2|1|1|0|0|1|1|1|0|1|0|1|0|0|1|0|1|0|2|1|0|0|0|0|0|1|1|3|0|0|1|0|0|0|0|0|1|0|0|0|1|1|0|0|0|0|2|1|0|0|0|0|0|0|0|0|0|0|0|1|0|0|0|0|0|0|0|0|0|0|0|0|0|0|0|0|0|0|0|0|0|0|0|0|0|0|0|0|0|0|0|0|0|0|0|0|0|0|0|0|0|0|0|0|0|0|0|0|0|0|0|0|0|0|0|0|0|0|0|0|0|0|0|0|0|0|0|0|1</HistCounts>
      </HistItem>
    </Histograms>
    <Metadata>
      <MDI key="STATISTICS_MINIMUM">217</MDI>
      <MDI key="STATISTICS_MAXIMUM">919</MDI>
      <MDI key="STATISTICS_MEAN">376.86222222222</MDI>
      <MDI key="STATISTICS_STDDEV">119.36816491453</MDI>
      <MDI key="STATISTICS_VALID_PERCENT">100</MDI>
    </Metadata>
  </PAMRasterBand>
</PAMDataset>
