<PAMDataset>
  <PAMRasterBand band="1">
    <Histograms>
      <HistItem>
        <HistMin>294.9844444444444</HistMin>
        <HistMax>754.0155555555556</HistMax>
        <BucketCount>225</BucketCount>
        <IncludeOutOfRange>0</IncludeOutOfRange>
        <Approximate>0</Approximate>
        <HistCounts>1|0|1|0|0|0|0|0|1|0|0|0|2|0|0|2|0|2|0|0|1|1|1|1|1|0|0|4|2|2|1|0|0|2|0|3|2|1|1|0|2|2|2|1|0|0|5|2|0|1|1|2|1|2|0|1|2|1|0|1|2|1|1|1|3|1|1|2|1|2|1|1|0|0|3|1|0|2|0|1|1|0|1|0|0|1|1|0|2|3|0|4|0|1|2|1|2|3|3|2|2|0|0|2|0|2|2|4|3|0|3|0|2|1|0|0|1|1|0|0|1|0|0|0|4|1|1|0|3|0|0|1|1|2|3|0|1|2|1|1|2|1|0|1|3|1|1|3|2|1|2|2|1|1|0|0|0|1|2|1|4|0|1|4|2|0|2|2|1|2|1|1|1|0|0|2|1|1|3|0|0|1|0|1|1|0|0|0|0|1|0|2|0|1|0|0|1|0|0|1|1|0|0|2|1|0|0|0|0|0|2|0|0|0|0|0|1|0|0|1|0|0|0|0|1</HistCounts>
      </HistItem>
    </Histograms>
    <Metadata>
      <MDI key="STATISTICS_MINIMUM">296</MDI>
      <MDI key="STATISTICS_MAXIMUM">753</MDI>
      <MDI key="STATISTICS_MEAN">509.31111111111</MDI>
      <MDI key="STATISTICS_STDDEV">111.62401617777</MDI>
      <MDI key="STATISTICS_VALID_PERCENT">100</MDI>
    </Metadata>
  </PAMRasterBand>
  <PAMRasterBand band="2">
    <Histograms>
      <HistItem>
        <HistMin>233.8244444444445</HistMin>
        <HistMax>765.1755555555555</HistMax>
        <BucketCount>225</BucketCount>
        <IncludeOutOfRange>0</IncludeOutOfRange>
        <Approximate>0</Approximate>
        <HistCounts>1|0|0|0|2|1|0|0|1|1|0|3|0|2|0|3|0|1|1|1|1|2|2|1|0|2|3|0|1|0|2|1|0|2|1|1|0|0|1|3|0|2|2|2|0|2|2|2|0|1|2|1|1|2|2|1|1|0|1|1|3|0|4|0|0|0|0|0|1|0|2|0|0|0|1|1|3|0|0|1|0|1|1|0|3|0|1|2|2|1|1|0|2|4|0|2|0|2|2|1|1|1|1|2|0|2|3|3|2|2|0|4|3|1|1|0|2|0|0|3|2|2|2|0|1|1|0|1|0|0|0|1|1|2|0|1|1|2|0|1|1|2|0|2|1|0|2|1|2|1|1|1|1|1|1|0|0|1|3|1|2|3|2|1|0|2|1|0|0|2|0|2|1|1|2|0|2|1|1|1|2|2|1|2|0|2|0|0|0|0|0|0|0|0|2|0|2|1|0|1|0|0|0|0|0|3|0|1|0|0|1|0|0|0|0|1|0|0|0|0|1|1|0|0|1</HistCounts>
      </HistItem>
    </Histograms>
    <Metadata>
      <MDI key="STATISTICS_MINIMUM">235</MDI>
      <MDI key="STATISTICS_MAXIMUM">764</MDI>
      <MDI key="STATISTICS_MEAN">478.37777777778</MDI>
      <MDI key="STATISTICS_STDDEV">136.68508638292</MDI>
      <MDI key="STATISTICS_VALID_PERCENT">100</MDI>
    </Metadata>
  </PAMRasterBand>
  <PAMRasterBand band="3">
    <Histograms>
      <HistItem>
        <HistMin>301.14</HistMin>
        <HistMax>1141.86</HistMax>
        <BucketCount>225</BucketCount>
        <IncludeOutOfRange>0</IncludeOutOfRange>
        <Approximate>0</Approximate>
        <HistCounts>1|1|0|1|1|1|1|0|3|0|2|0|1|0|1|2|1|3|2|2|1|1|0|0|1|1|0|3|2|1|0|2|0|2|2|0|2|0|1|0|3|1|1|1|1|1|1|1|0|1|2|1|0|0|2|0|1|2|1|3|1|1|2|0|0|0|0|1|1|2|0|0|1|1|0|0|0|2|2|3|0|0|3|1|3|2|3|2|1|2|1|0|2|1|1|2|1|1|0|1|1|4|5|0|1|2|1|3|1|0|1|1|3|1|3|0|1|0|1|1|0|0|0|1|1|1|1|0|1|0|0|0|2|2|4|0|0|0|0|2|0|3|1|0|0|1|3|1|1|2|1|1|0|4|0|1|2|0|1|1|0|2|1|1|1|0|4|2|2|2|2|1|2|3|1|1|2|0|1|0|1|0|1|0|0|1|0|1|0|0|0|0|0|1|0|0|0|0|0|2|0|1|0|0|1|0|0|0|0|1|0|0|1|0|0|2|1|2|0|1|1|1|0|0|1</HistCounts>
      </HistItem>
    </Histograms>
    <Metadata>
      <MDI key="STATISTICS_MINIMUM">303</MDI>
      <MDI key="STATISTICS_MAXIMUM">1140</MDI>
      <MDI key="STATISTICS_MEAN">685.84444444444</MDI>
      <MDI key="STATISTICS_STDDEV">221.48056905547</MDI>
      <MDI key="STATISTICS_VALID_PERCENT">100</MDI>
    </Metadata>
  </PAMRasterBand>
</PAMDataset>
