<PAMDataset>
  <PAMRasterBand band="1">
    <Histograms>
      <HistItem>
        <HistMin>209.5022421524664</HistMin>
        <HistMax>432.4977578475336</HistMax>
        <BucketCount>223</BucketCount>
        <IncludeOutOfRange>0</IncludeOutOfRange>
        <Approximate>0</Approximate>
        <HistCounts>1|0|0|1|0|0|0|1|1|0|0|0|0|0|0|1|1|0|1|0|1|0|0|1|0|0|1|2|3|0|1|2|0|0|0|0|2|0|0|0|2|0|1|0|0|3|0|1|1|2|3|1|0|2|0|0|4|2|0|2|1|0|0|3|4|1|1|1|1|2|1|3|1|3|0|2|0|3|1|2|3|2|5|3|2|1|4|0|3|0|2|1|1|0|1|4|3|5|3|5|1|4|4|2|2|1|0|4|2|4|1|1|2|1|4|2|1|2|2|2|2|0|0|2|0|3|2|1|3|1|2|3|1|2|1|2|0|0|3|1|1|0|0|1|0|0|0|2|3|2|0|1|2|1|3|0|1|0|1|1|0|0|1|2|0|0|1|1|0|0|1|0|2|0|0|0|1|0|0|0|0|0|0|0|0|1|0|0|1|0|0|0|0|0|0|0|0|0|0|0|0|0|0|0|0|1|0|0|0|0|0|0|0|0|0|0|0|0|0|0|0|0|1</HistCounts>
      </HistItem>
    </Histograms>
    <Metadata>
      <MDI key="STATISTICS_MINIMUM">210</MDI>
      <MDI key="STATISTICS_MAXIMUM">432</MDI>
      <MDI key="STATISTICS_MEAN">305.93333333333</MDI>
      <MDI key="STATISTICS_STDDEV">40.969148283936</MDI>
      <MDI key="STATISTICS_VALID_PERCENT">100</MDI>
    </Metadata>
  </PAMRasterBand>
  <PAMRasterBand band="2">
    <Histograms>
      <HistItem>
        <HistMin>170.5027173913043</HistMin>
        <HistMax>354.4972826086956</HistMax>
        <BucketCount>184</BucketCount>
        <IncludeOutOfRange>0</IncludeOutOfRange>
        <Approximate>0</Approximate>
        <HistCounts>2|1|1|2|1|0|1|0|2|0|1|2|2|0|0|1|1|1|2|0|4|1|1|2|4|3|1|0|2|1|2|1|1|2|0|1|2|2|2|3|3|2|4|0|2|0|1|2|2|5|0|2|1|2|1|4|4|5|8|3|2|3|3|3|4|4|2|3|1|3|2|4|0|1|4|2|4|3|1|6|2|1|4|0|1|4|4|3|1|2|1|2|2|5|1|3|0|1|1|0|1|0|1|2|2|1|0|3|1|2|0|1|1|2|0|1|0|0|1|1|0|0|0|0|0|0|1|1|0|0|0|0|0|0|1|0|1|1|0|0|0|0|0|0|0|0|0|0|0|0|0|0|0|0|0|0|0|0|0|0|0|0|0|0|0|0|0|0|0|0|0|0|0|0|0|0|0|0|0|0|0|0|0|1</HistCounts>
      </HistItem>
    </Histograms>
    <Metadata>
      <MDI key="STATISTICS_MINIMUM">171</MDI>
      <MDI key="STATISTICS_MAXIMUM">354</MDI>
      <MDI key="STATISTICS_MEAN">233.28888888889</MDI>
      <MDI key="STATISTICS_STDDEV">31.296305939074</MDI>
      <MDI key="STATISTICS_VALID_PERCENT">100</MDI>
    </Metadata>
  </PAMRasterBand>
  <PAMRasterBand band="3">
    <Histograms>
      <HistItem>
        <HistMin>168.4377777777778</HistMin>
        <HistMax>422.5622222222222</HistMax>
        <BucketCount>225</BucketCount>
        <IncludeOutOfRange>0</IncludeOutOfRange>
        <Approximate>0</Approximate>
        <HistCounts>1|1|1|0|3|0|3|0|2|3|2|1|2|2|3|1|1|3|1|4|2|1|0|4|2|3|1|3|2|0|2|3|0|2|0|3|0|2|4|1|0|3|7|0|2|0|3|2|3|3|5|2|0|3|2|3|2|4|2|2|2|3|4|3|1|2|6|2|1|1|2|4|3|2|0|0|1|0|1|1|0|1|2|2|1|0|1|2|3|1|0|2|1|0|2|2|0|0|1|1|2|0|1|1|0|1|0|2|0|1|3|1|1|0|1|1|1|0|0|0|0|0|1|0|2|1|0|0|1|1|0|0|0|0|1|1|0|0|2|0|2|1|0|1|0|1|0|0|2|0|0|0|0|0|1|0|1|0|1|0|1|0|0|0|0|0|1|0|0|0|0|0|0|2|1|0|0|1|0|1|1|0|0|0|0|1|1|0|0|0|0|0|0|0|0|0|0|0|0|0|0|0|0|0|0|0|0|0|0|0|0|0|0|0|0|0|0|0|0|0|0|0|0|0|1</HistCounts>
      </HistItem>
    </Histograms>
    <Metadata>
      <MDI key="STATISTICS_MINIMUM">169</MDI>
      <MDI key="STATISTICS_MAXIMUM">422</MDI>
      <MDI key="STATISTICS_MEAN">243.46666666667</MDI>
      <MDI key="STATISTICS_STDDEV">51.095292238022</MDI>
      <MDI key="STATISTICS_VALID_PERCENT">100</MDI>
    </Metadata>
  </PAMRasterBand>
</PAMDataset>
