<PAMDataset>
  <PAMRasterBand band="1">
    <Histograms>
      <HistItem>
        <HistMin>216.2822222222222</HistMin>
        <HistMax>540.7177777777778</HistMax>
        <BucketCount>225</BucketCount>
        <IncludeOutOfRange>0</IncludeOutOfRange>
        <Approximate>0</Approximate>
        <HistCounts>1|1|0|0|0|0|0|2|1|1|0|0|0|1|2|1|1|2|0|0|1|1|0|0|0|1|1|2|2|0|0|0|0|1|0|3|0|1|1|0|1|0|1|0|1|2|5|1|0|1|0|0|0|2|0|0|0|0|1|0|1|0|1|0|1|0|0|2|0|2|0|0|0|0|0|0|0|0|1|0|0|1|0|1|0|1|0|1|0|0|1|0|0|1|0|0|0|0|1|0|0|0|0|1|1|2|1|1|0|0|3|0|0|0|1|0|0|0|2|4|2|2|3|7|3|1|3|3|4|3|3|1|1|2|5|5|2|6|3|3|2|5|3|3|4|3|5|3|8|1|3|0|3|4|0|1|0|1|0|0|2|2|3|0|1|0|2|0|0|2|0|3|1|1|0|1|0|1|1|1|0|0|0|0|2|0|0|1|1|1|0|1|0|1|0|1|1|1|2|0|0|2|0|1|0|0|0|2|0|1|0|0|0|0|1|0|0|0|0|0|0|0|0|0|1</HistCounts>
      </HistItem>
    </Histograms>
    <Metadata>
      <MDI key="STATISTICS_MINIMUM">217</MDI>
      <MDI key="STATISTICS_MAXIMUM">540</MDI>
      <MDI key="STATISTICS_MEAN">389.53333333333</MDI>
      <MDI key="STATISTICS_STDDEV">74.422696657524</MDI>
      <MDI key="STATISTICS_VALID_PERCENT">100</MDI>
    </Metadata>
  </PAMRasterBand>
  <PAMRasterBand band="2">
    <Histograms>
      <HistItem>
        <HistMin>182.5024154589372</HistMin>
        <HistMax>389.4975845410628</HistMax>
        <BucketCount>207</BucketCount>
        <IncludeOutOfRange>0</IncludeOutOfRange>
        <Approximate>0</Approximate>
        <HistCounts>1|0|0|0|2|0|5|0|0|0|2|1|1|1|0|2|0|0|0|1|0|0|2|2|4|2|0|0|3|2|0|0|1|1|1|1|0|1|0|1|0|0|0|1|1|0|0|1|0|0|0|1|1|0|0|1|0|0|1|0|0|1|1|1|0|0|0|0|0|0|0|0|0|1|0|0|0|1|0|0|0|1|0|0|0|1|1|1|0|0|0|2|1|2|0|0|0|1|0|0|0|0|0|0|0|0|0|0|0|0|2|0|1|0|0|1|0|0|1|0|0|1|0|2|0|1|0|0|0|0|1|0|2|2|0|0|0|1|1|0|0|0|0|1|0|2|2|0|1|1|1|2|3|5|7|7|3|4|1|1|5|7|1|2|6|7|4|8|5|3|2|4|3|3|4|1|2|4|1|1|3|2|0|4|1|1|2|1|2|2|1|3|2|0|1|2|0|2|1|0|1|0|4|0|0|0|1</HistCounts>
      </HistItem>
    </Histograms>
    <Metadata>
      <MDI key="STATISTICS_MINIMUM">183</MDI>
      <MDI key="STATISTICS_MAXIMUM">389</MDI>
      <MDI key="STATISTICS_MEAN">314.89777777778</MDI>
      <MDI key="STATISTICS_STDDEV">59.54645801161</MDI>
      <MDI key="STATISTICS_VALID_PERCENT">100</MDI>
    </Metadata>
  </PAMRasterBand>
  <PAMRasterBand band="3">
    <Histograms>
      <HistItem>
        <HistMin>194.4288888888889</HistMin>
        <HistMax>452.5711111111111</HistMax>
        <BucketCount>225</BucketCount>
        <IncludeOutOfRange>0</IncludeOutOfRange>
        <Approximate>0</Approximate>
        <HistCounts>1|0|2|1|0|1|1|2|0|1|2|3|2|2|0|1|2|0|2|1|1|1|2|0|5|0|0|1|1|1|0|0|0|0|0|0|2|2|0|0|0|0|0|0|1|0|0|0|0|0|0|1|0|2|0|1|0|0|1|0|0|0|0|0|1|0|0|1|1|0|1|0|1|0|0|0|0|0|2|0|0|1|0|0|0|0|1|0|0|0|0|0|1|0|0|0|2|0|1|0|2|0|0|0|1|0|0|0|0|1|0|0|1|0|0|0|0|0|0|2|0|0|0|0|1|0|2|0|0|0|0|0|1|0|0|0|0|1|1|2|0|2|1|0|0|1|1|1|4|0|0|0|1|2|1|0|0|3|1|2|2|4|4|1|4|3|9|2|2|2|3|4|3|4|8|4|3|0|1|4|5|4|2|2|7|3|2|4|3|1|0|0|1|3|1|1|1|0|1|1|0|1|1|1|0|3|1|3|0|0|1|2|0|0|1|2|1|0|0|1|0|3|0|0|1</HistCounts>
      </HistItem>
    </Histograms>
    <Metadata>
      <MDI key="STATISTICS_MINIMUM">195</MDI>
      <MDI key="STATISTICS_MAXIMUM">452</MDI>
      <MDI key="STATISTICS_MEAN">351.51555555556</MDI>
      <MDI key="STATISTICS_STDDEV">75.498291240577</MDI>
      <MDI key="STATISTICS_VALID_PERCENT">100</MDI>
    </Metadata>
  </PAMRasterBand>
</PAMDataset>
