<PAMDataset>
  <PAMRasterBand band="1">
    <Histograms>
      <HistItem>
        <HistMin>419.36</HistMin>
        <HistMax>708.64</HistMax>
        <BucketCount>225</BucketCount>
        <IncludeOutOfRange>0</IncludeOutOfRange>
        <Approximate>0</Approximate>
        <HistCounts>1|0|1|1|0|0|0|0|0|0|0|0|0|0|1|2|1|0|1|3|2|0|1|3|1|4|7|2|4|7|8|2|6|7|5|5|10|9|8|8|7|5|5|8|5|8|2|10|5|0|0|1|0|2|1|0|0|0|2|2|0|1|1|0|1|2|1|2|2|0|2|0|0|1|0|2|0|0|0|3|1|2|1|0|1|1|0|0|1|0|0|2|0|0|1|0|0|2|1|0|1|0|0|0|0|0|1|1|1|1|0|1|0|0|0|0|0|0|0|1|0|1|0|0|0|0|0|0|0|0|0|0|0|0|0|0|0|0|0|0|0|1|0|0|0|0|1|1|0|0|0|0|0|0|0|0|0|1|0|0|0|0|0|0|0|0|0|0|0|0|0|0|0|0|0|2|0|0|0|0|1|0|0|0|1|0|0|0|0|0|0|0|0|0|0|0|0|0|0|2|0|0|0|0|0|1|1|0|0|0|0|0|0|0|0|0|0|0|0|0|0|0|0|0|1</HistCounts>
      </HistItem>
    </Histograms>
    <Metadata>
      <MDI key="STATISTICS_MINIMUM">420</MDI>
      <MDI key="STATISTICS_MAXIMUM">708</MDI>
      <MDI key="STATISTICS_MEAN">487.50666666667</MDI>
      <MDI key="STATISTICS_STDDEV">49.610135165217</MDI>
      <MDI key="STATISTICS_VALID_PERCENT">100</MDI>
    </Metadata>
  </PAMRasterBand>
  <PAMRasterBand band="2">
    <Histograms>
      <HistItem>
        <HistMin>407.28</HistMin>
        <HistMax>732.72</HistMax>
        <BucketCount>225</BucketCount>
        <IncludeOutOfRange>0</IncludeOutOfRange>
        <Approximate>0</Approximate>
        <HistCounts>1|0|0|0|0|0|2|1|2|2|4|5|20|5|10|13|4|10|7|8|4|4|8|2|5|2|7|3|6|4|2|1|5|2|2|3|2|3|1|0|1|2|1|0|2|1|0|0|1|0|0|2|0|2|1|0|0|0|0|1|1|0|2|0|0|1|2|0|0|0|1|1|0|2|1|0|0|1|1|1|3|0|1|0|0|0|1|0|0|0|0|2|0|0|0|2|1|1|0|0|0|2|0|1|0|0|0|0|1|1|1|0|0|0|1|0|0|0|0|0|0|1|1|0|1|1|0|1|0|0|0|0|1|0|0|1|0|0|0|0|1|0|0|0|0|0|0|0|1|0|0|0|0|0|0|0|0|0|0|0|0|0|0|0|0|0|0|0|0|0|0|1|0|0|0|0|0|0|0|1|0|0|0|3|0|0|0|0|0|0|0|0|0|0|0|0|0|0|0|0|1|1|0|0|0|0|0|0|0|0|0|1|0|0|0|1|0|0|0|0|0|0|0|0|1</HistCounts>
      </HistItem>
    </Histograms>
    <Metadata>
      <MDI key="STATISTICS_MINIMUM">408</MDI>
      <MDI key="STATISTICS_MAXIMUM">732</MDI>
      <MDI key="STATISTICS_MEAN">469.69777777778</MDI>
      <MDI key="STATISTICS_STDDEV">65.745213560934</MDI>
      <MDI key="STATISTICS_VALID_PERCENT">100</MDI>
    </Metadata>
  </PAMRasterBand>
  <PAMRasterBand band="3">
    <Histograms>
      <HistItem>
        <HistMin>537.9111111111112</HistMin>
        <HistMax>1030.088888888889</HistMax>
        <BucketCount>225</BucketCount>
        <IncludeOutOfRange>0</IncludeOutOfRange>
        <Approximate>0</Approximate>
        <HistCounts>1|0|0|0|0|1|0|2|0|0|1|0|0|1|1|3|2|0|1|1|3|2|2|2|2|8|15|14|9|18|5|11|7|5|6|5|5|6|4|3|4|3|1|3|3|0|2|0|0|2|3|0|1|0|0|0|0|2|1|1|1|0|0|0|0|1|0|0|0|1|1|0|1|1|0|0|0|0|0|0|1|2|1|1|0|2|1|1|0|1|1|0|0|0|0|1|0|0|0|1|0|1|1|0|1|0|0|0|0|0|0|1|1|0|0|0|0|0|0|1|2|0|0|1|1|0|0|0|0|1|4|1|0|2|0|0|1|0|0|0|0|0|1|0|0|1|1|0|0|0|0|1|0|0|0|0|0|0|1|0|0|0|0|0|0|0|0|0|0|0|0|0|0|0|0|2|0|0|0|0|0|0|0|0|0|0|0|0|1|1|0|0|0|0|0|1|0|2|0|0|0|0|0|0|0|0|0|0|0|0|0|0|0|1|0|0|0|1|0|0|0|0|0|0|1</HistCounts>
      </HistItem>
    </Histograms>
    <Metadata>
      <MDI key="STATISTICS_MINIMUM">539</MDI>
      <MDI key="STATISTICS_MAXIMUM">1029</MDI>
      <MDI key="STATISTICS_MEAN">654.22666666667</MDI>
      <MDI key="STATISTICS_STDDEV">99.475769020512</MDI>
      <MDI key="STATISTICS_VALID_PERCENT">100</MDI>
    </Metadata>
  </PAMRasterBand>
</PAMDataset>
