<PAMDataset>
  <PAMRasterBand band="1">
    <Histograms>
      <HistItem>
        <HistMin>234.9311111111111</HistMin>
        <HistMax>718.0688888888889</HistMax>
        <BucketCount>225</BucketCount>
        <IncludeOutOfRange>0</IncludeOutOfRange>
        <Approximate>0</Approximate>
        <HistCounts>1|0|0|0|0|0|0|0|1|1|0|1|0|0|1|1|1|1|3|2|3|1|0|2|0|1|1|1|2|1|2|2|1|0|0|1|0|0|2|3|0|2|1|3|1|0|1|5|1|0|3|0|1|1|0|1|0|3|0|1|1|2|0|2|2|0|1|2|0|0|0|0|3|1|1|2|2|1|2|1|1|2|0|1|1|0|3|0|3|1|1|1|2|1|1|1|0|1|1|2|3|0|2|1|0|1|2|0|1|2|2|1|2|0|1|0|1|2|0|1|4|1|0|2|2|0|3|1|1|0|0|2|0|2|2|1|2|0|1|2|4|2|2|1|1|0|1|0|1|3|1|0|0|3|2|2|0|1|1|0|1|3|0|2|1|1|3|0|1|0|0|0|0|0|3|0|0|1|1|0|2|0|3|0|0|1|2|0|0|0|0|2|2|1|1|1|0|0|0|0|1|0|0|2|2|0|2|1|0|1|0|0|0|0|1|0|0|0|0|0|2|1|0|0|1</HistCounts>
      </HistItem>
    </Histograms>
    <Metadata>
      <MDI key="STATISTICS_MINIMUM">236</MDI>
      <MDI key="STATISTICS_MAXIMUM">717</MDI>
      <MDI key="STATISTICS_MEAN">462.29333333333</MDI>
      <MDI key="STATISTICS_STDDEV">123.12567454976</MDI>
      <MDI key="STATISTICS_VALID_PERCENT">100</MDI>
    </Metadata>
  </PAMRasterBand>
  <PAMRasterBand band="2">
    <Histograms>
      <HistItem>
        <HistMin>218.8333333333333</HistMin>
        <HistMax>746.1666666666666</HistMax>
        <BucketCount>225</BucketCount>
        <IncludeOutOfRange>0</IncludeOutOfRange>
        <Approximate>0</Approximate>
        <HistCounts>1|1|1|0|0|0|1|0|1|3|1|0|5|2|0|1|1|4|3|0|2|0|1|1|1|1|3|2|0|5|1|0|1|3|0|5|0|2|2|3|1|0|0|1|1|1|1|0|0|1|1|1|1|1|1|1|0|1|1|2|0|2|1|2|3|0|1|0|1|1|0|0|0|1|1|1|1|1|0|1|0|6|1|3|2|0|0|4|0|1|2|0|2|1|0|0|1|2|3|4|2|2|1|2|1|2|2|4|1|1|1|3|1|3|0|1|1|2|1|5|2|2|0|1|0|2|0|2|2|2|0|3|1|3|1|1|1|0|2|1|2|1|2|0|2|0|1|0|0|0|0|0|0|1|0|1|3|0|0|1|1|0|0|0|1|0|0|0|0|3|0|1|0|1|1|1|0|1|2|0|0|0|0|0|0|0|0|0|0|0|1|0|0|1|1|1|0|0|0|2|0|0|0|0|0|0|0|2|0|2|0|0|0|0|2|0|0|0|0|0|0|1|0|0|1</HistCounts>
      </HistItem>
    </Histograms>
    <Metadata>
      <MDI key="STATISTICS_MINIMUM">220</MDI>
      <MDI key="STATISTICS_MAXIMUM">745</MDI>
      <MDI key="STATISTICS_MEAN">433.33333333333</MDI>
      <MDI key="STATISTICS_STDDEV">128.64932525625</MDI>
      <MDI key="STATISTICS_VALID_PERCENT">100</MDI>
    </Metadata>
  </PAMRasterBand>
  <PAMRasterBand band="3">
    <Histograms>
      <HistItem>
        <HistMin>226.0622222222222</HistMin>
        <HistMax>1101.937777777778</HistMax>
        <BucketCount>225</BucketCount>
        <IncludeOutOfRange>0</IncludeOutOfRange>
        <Approximate>0</Approximate>
        <HistCounts>1|0|1|0|1|0|1|1|0|1|0|1|1|2|0|1|0|1|0|1|0|0|0|1|3|1|3|1|1|2|2|2|3|1|0|3|3|2|1|3|3|3|2|2|1|1|2|0|0|1|0|3|2|1|1|2|1|0|1|0|1|1|1|0|2|0|1|0|2|1|0|0|0|2|1|1|1|0|2|2|0|0|2|1|3|1|2|0|1|4|1|0|2|2|1|3|4|2|4|2|0|5|2|0|2|1|1|0|3|2|2|2|1|1|3|2|2|1|2|0|1|3|1|1|0|4|3|0|3|1|1|0|1|2|2|3|0|1|2|3|0|3|5|2|1|0|1|0|0|0|0|0|0|0|1|0|0|0|0|1|0|1|1|0|1|0|0|0|1|0|0|0|0|0|0|0|1|0|0|2|1|0|0|0|0|1|0|1|0|0|0|0|0|0|1|0|0|1|3|0|0|0|1|0|0|0|0|1|0|0|2|0|1|0|1|0|0|0|0|0|0|0|0|1|1</HistCounts>
      </HistItem>
    </Histograms>
    <Metadata>
      <MDI key="STATISTICS_MINIMUM">228</MDI>
      <MDI key="STATISTICS_MAXIMUM">1100</MDI>
      <MDI key="STATISTICS_MEAN">590.24444444444</MDI>
      <MDI key="STATISTICS_STDDEV">202.10208152818</MDI>
      <MDI key="STATISTICS_VALID_PERCENT">100</MDI>
    </Metadata>
  </PAMRasterBand>
</PAMDataset>
