<PAMDataset>
  <PAMRasterBand band="1">
    <Histograms>
      <HistItem>
        <HistMin>256.2911111111111</HistMin>
        <HistMax>576.7088888888889</HistMax>
        <BucketCount>225</BucketCount>
        <IncludeOutOfRange>0</IncludeOutOfRange>
        <Approximate>0</Approximate>
        <HistCounts>1|0|0|0|0|3|5|0|1|1|0|1|2|0|2|1|4|1|1|3|1|0|1|0|2|0|1|4|0|1|2|1|2|0|0|2|2|2|2|1|0|4|0|1|1|1|1|2|3|1|1|3|1|6|2|3|1|1|4|5|5|0|10|1|3|7|3|5|0|4|6|0|3|5|4|1|1|3|1|3|1|3|5|0|3|0|0|1|4|1|1|2|1|0|1|0|0|0|0|0|0|0|1|0|1|0|0|0|0|1|1|0|0|0|0|0|0|1|0|0|0|0|1|0|0|0|0|0|0|0|0|3|0|3|0|0|2|0|0|0|0|1|0|2|0|2|0|0|0|0|0|1|0|0|0|0|0|1|0|2|0|0|0|0|1|0|2|1|0|1|0|1|1|0|0|0|2|0|0|0|0|1|0|0|1|1|0|1|0|1|1|0|2|0|0|0|0|0|0|0|2|0|0|1|0|1|1|0|0|0|0|0|0|0|0|0|0|0|0|0|0|0|0|0|1</HistCounts>
      </HistItem>
    </Histograms>
    <Metadata>
      <MDI key="STATISTICS_MINIMUM">257</MDI>
      <MDI key="STATISTICS_MAXIMUM">576</MDI>
      <MDI key="STATISTICS_MEAN">363.95555555556</MDI>
      <MDI key="STATISTICS_STDDEV">70.8140461759</MDI>
      <MDI key="STATISTICS_VALID_PERCENT">100</MDI>
    </Metadata>
  </PAMRasterBand>
  <PAMRasterBand band="2">
    <Histograms>
      <HistItem>
        <HistMin>221.1555555555556</HistMin>
        <HistMax>602.8444444444444</HistMax>
        <BucketCount>225</BucketCount>
        <IncludeOutOfRange>0</IncludeOutOfRange>
        <Approximate>0</Approximate>
        <HistCounts>1|1|0|0|0|0|0|0|0|2|0|1|1|0|3|2|4|3|3|10|3|2|5|2|7|10|7|5|9|14|5|10|9|2|8|6|4|1|5|4|0|6|3|0|4|1|1|1|0|0|2|2|0|0|0|0|0|1|0|0|0|0|0|0|1|1|0|1|0|2|0|0|0|0|0|1|0|0|0|1|0|0|0|0|0|0|1|0|0|0|0|0|0|0|2|0|0|0|0|0|0|1|0|0|0|0|0|0|0|0|0|1|0|0|0|0|0|0|0|0|0|0|0|1|0|0|0|1|0|0|0|1|0|0|0|0|0|0|0|0|0|1|0|0|0|0|1|1|0|0|0|0|0|1|3|1|1|1|0|0|0|0|1|1|0|0|0|3|0|2|0|1|0|1|2|0|0|0|0|0|1|2|0|0|2|0|1|3|0|1|0|0|1|1|0|0|0|0|0|0|0|0|1|0|0|0|1|1|0|0|2|0|0|0|1|0|0|0|0|0|0|0|0|0|1</HistCounts>
      </HistItem>
    </Histograms>
    <Metadata>
      <MDI key="STATISTICS_MINIMUM">222</MDI>
      <MDI key="STATISTICS_MAXIMUM">602</MDI>
      <MDI key="STATISTICS_MEAN">322.44888888889</MDI>
      <MDI key="STATISTICS_STDDEV">99.029281017108</MDI>
      <MDI key="STATISTICS_VALID_PERCENT">100</MDI>
    </Metadata>
  </PAMRasterBand>
  <PAMRasterBand band="3">
    <Histograms>
      <HistItem>
        <HistMin>213.5911111111111</HistMin>
        <HistMax>850.4088888888889</HistMax>
        <BucketCount>225</BucketCount>
        <IncludeOutOfRange>0</IncludeOutOfRange>
        <Approximate>0</Approximate>
        <HistCounts>1|1|3|2|1|1|4|7|5|4|2|7|8|5|8|4|4|9|8|3|3|3|7|4|2|3|1|3|7|3|3|3|0|0|2|6|5|2|2|2|1|0|3|2|2|2|1|0|0|1|0|0|1|2|0|1|0|1|1|0|0|1|0|1|1|0|0|0|0|0|0|0|0|0|0|0|0|0|0|1|0|1|0|0|1|1|0|0|1|1|0|0|1|1|0|0|1|0|1|0|0|0|0|0|0|0|0|0|0|0|1|0|0|0|0|0|0|0|0|0|0|0|0|1|0|1|0|0|0|0|0|0|0|1|1|0|0|0|0|0|0|0|0|0|0|1|0|0|0|0|0|0|0|0|0|1|1|0|0|0|0|1|1|0|1|0|0|0|0|1|0|0|3|0|1|1|1|3|1|1|1|0|0|1|0|2|0|2|0|2|2|0|2|0|0|0|0|2|0|1|0|0|0|0|0|1|1|0|1|0|0|0|1|0|0|0|0|0|2|1|0|0|0|0|1</HistCounts>
      </HistItem>
    </Histograms>
    <Metadata>
      <MDI key="STATISTICS_MINIMUM">215</MDI>
      <MDI key="STATISTICS_MAXIMUM">849</MDI>
      <MDI key="STATISTICS_MEAN">377.35111111111</MDI>
      <MDI key="STATISTICS_STDDEV">184.45062286841</MDI>
      <MDI key="STATISTICS_VALID_PERCENT">100</MDI>
    </Metadata>
  </PAMRasterBand>
</PAMDataset>
