<PAMDataset>
  <PAMRasterBand band="1">
    <Histograms>
      <HistItem>
        <HistMin>223.5025906735751</HistMin>
        <HistMax>416.4974093264249</HistMax>
        <BucketCount>193</BucketCount>
        <IncludeOutOfRange>0</IncludeOutOfRange>
        <Approximate>0</Approximate>
        <HistCounts>1|0|0|0|0|2|1|1|0|1|0|0|1|2|0|0|1|0|1|0|2|1|1|0|1|1|1|3|0|0|4|0|2|0|1|0|1|1|2|3|3|2|4|1|2|3|6|7|4|3|4|4|3|4|1|4|4|3|6|1|3|2|4|1|2|1|2|4|2|1|1|6|3|4|1|1|4|2|3|2|2|3|1|2|2|3|3|3|3|1|0|4|1|0|2|2|2|1|2|0|0|0|0|2|0|3|2|0|1|1|2|3|0|1|1|0|0|1|0|1|0|1|1|1|0|0|0|0|0|0|1|0|0|0|1|0|0|0|0|0|0|0|2|0|0|0|1|0|0|0|2|0|0|0|0|0|0|0|1|1|0|0|0|0|0|1|1|0|1|0|0|0|0|0|0|0|0|0|0|0|0|0|0|0|0|1|0|0|0|0|0|0|1</HistCounts>
      </HistItem>
    </Histograms>
    <Metadata>
      <MDI key="STATISTICS_MINIMUM">224</MDI>
      <MDI key="STATISTICS_MAXIMUM">416</MDI>
      <MDI key="STATISTICS_MEAN">292.68</MDI>
      <MDI key="STATISTICS_STDDEV">34.592417923264</MDI>
      <MDI key="STATISTICS_VALID_PERCENT">100</MDI>
    </Metadata>
  </PAMRasterBand>
  <PAMRasterBand band="2">
    <Histograms>
      <HistItem>
        <HistMin>175.5029585798817</HistMin>
        <HistMax>344.4970414201184</HistMax>
        <BucketCount>169</BucketCount>
        <IncludeOutOfRange>0</IncludeOutOfRange>
        <Approximate>0</Approximate>
        <HistCounts>1|1|0|0|0|3|1|0|1|0|1|3|0|0|1|1|1|3|1|2|1|8|5|5|7|3|6|4|6|4|2|2|3|5|3|1|4|4|5|2|5|5|8|7|3|1|2|2|1|3|7|3|3|4|4|2|0|2|2|2|4|1|1|6|2|3|4|1|2|2|1|3|2|3|2|0|1|0|1|1|1|0|0|0|0|0|1|0|2|0|0|1|0|1|1|0|1|0|0|0|1|1|0|0|0|0|1|0|0|0|0|0|0|0|0|0|0|0|1|1|0|0|0|0|0|0|0|0|0|0|0|1|0|0|0|0|1|0|0|0|0|0|0|1|0|0|0|0|0|0|0|0|0|0|1|0|0|0|0|1|0|0|0|0|0|0|0|0|1</HistCounts>
      </HistItem>
    </Histograms>
    <Metadata>
      <MDI key="STATISTICS_MINIMUM">176</MDI>
      <MDI key="STATISTICS_MAXIMUM">344</MDI>
      <MDI key="STATISTICS_MEAN">222.67111111111</MDI>
      <MDI key="STATISTICS_STDDEV">27.713427329022</MDI>
      <MDI key="STATISTICS_VALID_PERCENT">100</MDI>
    </Metadata>
  </PAMRasterBand>
  <PAMRasterBand band="3">
    <Histograms>
      <HistItem>
        <HistMin>174.4222222222222</HistMin>
        <HistMax>435.5777777777778</HistMax>
        <BucketCount>225</BucketCount>
        <IncludeOutOfRange>0</IncludeOutOfRange>
        <Approximate>0</Approximate>
        <HistCounts>1|0|0|0|0|0|0|0|0|4|0|1|1|0|0|1|2|0|0|0|1|3|2|0|2|0|1|2|2|1|5|3|0|2|1|0|0|0|2|2|5|2|1|1|1|3|4|3|1|0|0|3|1|2|3|3|4|8|1|7|3|3|0|3|5|7|0|3|4|4|3|2|5|0|5|3|7|3|7|6|0|1|4|2|0|2|1|0|2|1|6|3|2|1|0|0|1|2|1|1|0|1|0|2|2|1|2|0|1|1|1|0|1|0|0|0|0|0|1|1|0|1|1|0|0|0|0|1|0|0|0|0|0|0|0|0|1|0|0|1|1|0|1|0|0|0|1|0|0|0|0|0|0|0|0|0|0|0|0|0|0|0|0|0|0|1|0|0|0|0|0|2|0|0|0|0|0|0|0|0|0|1|0|0|1|0|0|0|0|0|0|0|0|0|0|0|0|0|0|0|0|0|0|0|0|1|0|0|0|0|0|0|0|0|0|1|0|0|0|0|0|0|0|0|1</HistCounts>
      </HistItem>
    </Histograms>
    <Metadata>
      <MDI key="STATISTICS_MINIMUM">175</MDI>
      <MDI key="STATISTICS_MAXIMUM">435</MDI>
      <MDI key="STATISTICS_MEAN">255.39111111111</MDI>
      <MDI key="STATISTICS_STDDEV">41.867493740356</MDI>
      <MDI key="STATISTICS_VALID_PERCENT">100</MDI>
    </Metadata>
  </PAMRasterBand>
</PAMDataset>
