<PAMDataset>
  <PAMRasterBand band="1">
    <Histograms>
      <HistItem>
        <HistMin>335.5026178010471</HistMin>
        <HistMax>526.4973821989529</HistMax>
        <BucketCount>191</BucketCount>
        <IncludeOutOfRange>0</IncludeOutOfRange>
        <Approximate>0</Approximate>
        <HistCounts>1|0|0|0|1|0|0|3|0|1|0|3|1|4|1|0|1|2|1|4|1|1|2|2|1|2|2|2|1|0|2|0|2|2|1|1|2|1|2|0|0|0|0|0|0|0|1|0|1|1|0|1|0|1|0|0|0|0|0|0|1|0|0|0|1|0|0|0|0|1|1|0|0|1|1|0|0|1|1|0|0|1|0|0|0|1|1|0|3|3|1|4|2|3|2|3|2|1|7|1|2|2|1|3|4|3|5|4|3|2|3|0|2|2|2|2|3|2|1|2|1|2|3|3|4|1|0|2|1|3|1|4|3|0|1|0|2|0|1|3|0|1|2|1|3|0|1|1|0|0|2|0|1|1|2|1|0|1|0|2|0|0|1|0|1|2|1|3|2|2|0|0|1|0|1|0|2|0|0|1|3|0|0|2|1|0|0|0|0|0|2</HistCounts>
      </HistItem>
    </Histograms>
    <Metadata>
      <MDI key="STATISTICS_MINIMUM">336</MDI>
      <MDI key="STATISTICS_MAXIMUM">526</MDI>
      <MDI key="STATISTICS_MEAN">433.90666666667</MDI>
      <MDI key="STATISTICS_STDDEV">49.619487211287</MDI>
      <MDI key="STATISTICS_VALID_PERCENT">100</MDI>
    </Metadata>
  </PAMRasterBand>
  <PAMRasterBand band="2">
    <Histograms>
      <HistItem>
        <HistMin>259.5026595744681</HistMin>
        <HistMax>447.4973404255319</HistMax>
        <BucketCount>188</BucketCount>
        <IncludeOutOfRange>0</IncludeOutOfRange>
        <Approximate>0</Approximate>
        <HistCounts>1|0|0|0|1|0|0|3|1|1|2|4|1|1|2|1|6|0|5|0|2|2|4|0|2|1|1|0|0|1|4|0|1|3|1|0|0|0|0|0|0|1|0|0|2|0|0|0|1|0|0|0|1|0|0|0|1|0|0|1|1|0|0|0|0|0|1|0|1|0|0|0|0|0|0|1|0|0|0|0|1|0|0|1|0|0|0|0|0|0|1|0|0|0|1|0|0|0|0|0|0|0|0|1|0|0|0|0|1|0|0|0|1|0|0|0|0|0|3|1|2|3|2|4|2|1|4|4|1|0|1|0|1|2|2|4|3|3|2|2|5|5|4|2|6|2|1|5|4|3|0|2|7|2|6|3|3|3|10|3|3|5|2|1|0|2|1|1|1|1|1|3|0|1|1|3|0|0|2|1|1|2|0|0|0|0|0|1</HistCounts>
      </HistItem>
    </Histograms>
    <Metadata>
      <MDI key="STATISTICS_MINIMUM">260</MDI>
      <MDI key="STATISTICS_MAXIMUM">447</MDI>
      <MDI key="STATISTICS_MEAN">372.18222222222</MDI>
      <MDI key="STATISTICS_STDDEV">56.793486672285</MDI>
      <MDI key="STATISTICS_VALID_PERCENT">100</MDI>
    </Metadata>
  </PAMRasterBand>
  <PAMRasterBand band="3">
    <Histograms>
      <HistItem>
        <HistMin>318.3488888888889</HistMin>
        <HistMax>612.6511111111112</HistMax>
        <BucketCount>225</BucketCount>
        <IncludeOutOfRange>0</IncludeOutOfRange>
        <Approximate>0</Approximate>
        <HistCounts>1|1|1|2|2|4|1|5|2|2|2|4|3|1|0|2|0|2|3|1|2|3|0|0|1|1|0|0|0|1|1|0|0|1|0|1|0|1|0|0|0|0|1|0|1|0|0|0|1|0|0|0|1|0|0|1|0|0|0|0|0|1|0|1|0|0|1|0|0|0|1|0|0|1|0|0|0|0|0|1|0|0|0|0|0|0|1|0|0|0|1|0|0|0|0|0|1|0|0|0|0|0|0|0|0|0|1|0|0|1|0|0|0|0|0|0|0|0|1|0|0|0|1|0|0|1|0|0|1|0|1|0|0|0|0|0|0|0|0|0|1|1|0|1|1|0|0|1|0|0|0|0|0|0|1|0|0|1|1|0|1|0|0|0|0|1|2|2|0|1|0|2|0|2|0|0|1|4|1|0|2|0|0|1|0|1|1|3|0|4|2|3|2|7|0|4|4|7|4|5|4|6|3|7|5|2|4|4|2|6|2|2|2|6|2|2|4|1|2|1|2|3|3|2|1</HistCounts>
      </HistItem>
    </Histograms>
    <Metadata>
      <MDI key="STATISTICS_MINIMUM">319</MDI>
      <MDI key="STATISTICS_MAXIMUM">612</MDI>
      <MDI key="STATISTICS_MEAN">508.22222222222</MDI>
      <MDI key="STATISTICS_STDDEV">104.84436908292</MDI>
      <MDI key="STATISTICS_VALID_PERCENT">100</MDI>
    </Metadata>
  </PAMRasterBand>
</PAMDataset>
