<PAMDataset>
  <PAMRasterBand band="1">
    <Histograms>
      <HistItem>
        <HistMin>269.2088888888889</HistMin>
        <HistMax>626.7911111111111</HistMax>
        <BucketCount>225</BucketCount>
        <IncludeOutOfRange>0</IncludeOutOfRange>
        <Approximate>0</Approximate>
        <HistCounts>1|0|0|0|0|0|0|0|0|0|0|0|0|0|0|0|0|0|0|0|2|0|0|1|0|0|0|0|1|1|1|1|0|1|1|4|3|6|4|1|4|2|4|1|6|2|2|4|1|2|2|2|1|2|1|1|0|1|1|4|2|2|3|0|2|3|0|2|0|2|3|1|0|1|3|0|2|2|0|1|2|0|3|1|1|1|1|2|1|0|0|0|2|1|2|0|1|0|1|2|1|0|0|2|1|1|0|0|2|0|0|0|2|0|2|1|0|2|0|0|1|1|0|0|1|1|1|0|2|0|0|0|2|2|0|1|0|0|1|1|2|0|0|0|0|0|1|0|1|2|1|2|0|0|0|1|0|1|0|3|1|0|1|0|0|1|1|2|1|0|0|2|1|0|1|3|0|1|1|2|1|0|1|0|2|1|4|3|1|3|2|2|1|0|1|3|2|1|1|0|1|0|1|3|1|0|1|0|0|0|2|3|0|0|0|0|1|0|0|0|1|0|0|0|1</HistCounts>
      </HistItem>
    </Histograms>
    <Metadata>
      <MDI key="STATISTICS_MINIMUM">270</MDI>
      <MDI key="STATISTICS_MAXIMUM">626</MDI>
      <MDI key="STATISTICS_MEAN">439.33777777778</MDI>
      <MDI key="STATISTICS_STDDEV">96.33986895682</MDI>
      <MDI key="STATISTICS_VALID_PERCENT">100</MDI>
    </Metadata>
  </PAMRasterBand>
  <PAMRasterBand band="2">
    <Histograms>
      <HistItem>
        <HistMin>220.0644444444444</HistMin>
        <HistMax>642.9355555555555</HistMax>
        <BucketCount>225</BucketCount>
        <IncludeOutOfRange>0</IncludeOutOfRange>
        <Approximate>0</Approximate>
        <HistCounts>3|1|1|2|1|1|1|3|1|3|4|9|4|4|7|5|5|2|4|1|0|1|2|2|0|2|2|2|2|2|0|0|2|1|0|1|3|1|1|2|2|4|0|5|2|1|2|2|1|3|0|1|4|2|0|1|1|2|2|1|1|0|1|2|2|1|0|2|0|1|1|0|0|2|0|0|1|3|0|2|1|1|1|0|1|0|0|1|0|0|0|0|0|2|1|0|1|2|2|0|0|0|0|0|1|0|0|0|0|1|0|0|0|1|0|0|0|0|1|1|1|0|0|0|0|2|1|1|0|0|0|0|0|0|1|0|1|1|0|0|0|0|2|1|0|0|1|1|1|0|0|0|0|0|0|0|2|1|0|1|0|0|2|3|0|0|0|0|1|0|0|0|3|1|0|2|1|0|1|0|0|2|0|1|1|1|1|1|0|0|2|0|2|1|1|0|1|0|0|1|0|5|1|1|1|0|1|0|1|0|1|1|1|1|1|0|0|0|0|0|0|0|1|0|1</HistCounts>
      </HistItem>
    </Histograms>
    <Metadata>
      <MDI key="STATISTICS_MINIMUM">221</MDI>
      <MDI key="STATISTICS_MAXIMUM">642</MDI>
      <MDI key="STATISTICS_MEAN">367.58222222222</MDI>
      <MDI key="STATISTICS_STDDEV">128.12717170216</MDI>
      <MDI key="STATISTICS_VALID_PERCENT">100</MDI>
    </Metadata>
  </PAMRasterBand>
  <PAMRasterBand band="3">
    <Histograms>
      <HistItem>
        <HistMin>282.3511111111111</HistMin>
        <HistMax>1027.648888888889</HistMax>
        <BucketCount>225</BucketCount>
        <IncludeOutOfRange>0</IncludeOutOfRange>
        <Approximate>0</Approximate>
        <HistCounts>2|0|1|0|1|2|2|1|1|1|4|0|2|3|3|5|3|1|3|3|6|3|5|2|3|2|3|1|2|3|1|0|1|3|1|3|1|3|2|1|2|1|2|4|0|3|1|1|3|2|5|1|1|2|1|0|2|0|2|3|1|0|0|1|3|1|0|0|2|3|0|1|1|0|1|1|2|1|0|0|1|0|2|1|0|2|1|2|1|1|0|0|0|1|0|0|0|3|2|2|1|0|0|1|0|0|0|1|0|0|0|0|0|0|0|0|2|1|1|0|0|0|0|2|2|0|0|0|1|0|1|0|0|0|0|0|0|2|1|1|0|0|0|0|0|0|1|2|0|0|0|2|1|0|2|1|0|1|0|0|1|0|0|1|0|0|0|1|2|0|2|0|0|0|0|1|1|0|2|0|0|1|2|2|1|0|0|1|0|0|0|1|1|1|5|0|0|0|0|0|1|0|0|0|1|0|1|0|1|1|1|1|0|0|1|0|1|0|2|1|1|0|0|1|1</HistCounts>
      </HistItem>
    </Histograms>
    <Metadata>
      <MDI key="STATISTICS_MINIMUM">284</MDI>
      <MDI key="STATISTICS_MAXIMUM">1026</MDI>
      <MDI key="STATISTICS_MEAN">548.02666666667</MDI>
      <MDI key="STATISTICS_STDDEV">216.91327340156</MDI>
      <MDI key="STATISTICS_VALID_PERCENT">100</MDI>
    </Metadata>
  </PAMRasterBand>
</PAMDataset>
