<PAMDataset>
  <PAMRasterBand band="1">
    <Histograms>
      <HistItem>
        <HistMin>385.5040983606557</HistMin>
        <HistMax>507.4959016393443</HistMax>
        <BucketCount>122</BucketCount>
        <IncludeOutOfRange>0</IncludeOutOfRange>
        <Approximate>0</Approximate>
        <HistCounts>1|0|1|0|1|1|0|0|0|3|1|0|6|3|2|2|0|8|5|2|2|6|3|7|3|2|6|5|6|5|5|2|1|3|8|6|3|3|3|1|3|2|0|2|0|0|1|4|0|0|0|1|0|3|0|5|0|1|0|0|0|0|3|0|1|0|1|0|0|1|0|0|0|2|1|1|0|0|0|0|1|0|0|2|4|1|0|4|1|4|2|2|2|0|2|3|4|1|0|2|3|3|2|0|1|4|1|2|1|2|4|1|2|1|3|2|2|4|0|0|2|2</HistCounts>
      </HistItem>
    </Histograms>
    <Metadata>
      <MDI key="STATISTICS_MINIMUM">386</MDI>
      <MDI key="STATISTICS_MAXIMUM">507</MDI>
      <MDI key="STATISTICS_MEAN">440.74222222222</MDI>
      <MDI key="STATISTICS_STDDEV">36.292457060747</MDI>
      <MDI key="STATISTICS_VALID_PERCENT">100</MDI>
    </Metadata>
  </PAMRasterBand>
  <PAMRasterBand band="2">
    <Histograms>
      <HistItem>
        <HistMin>321.5035460992908</HistMin>
        <HistMax>462.4964539007092</HistMax>
        <BucketCount>141</BucketCount>
        <IncludeOutOfRange>0</IncludeOutOfRange>
        <Approximate>0</Approximate>
        <HistCounts>1|0|0|1|0|0|1|0|2|3|0|0|3|2|5|6|6|3|2|3|5|2|5|3|6|7|4|5|2|2|7|5|4|4|2|3|3|3|2|2|1|1|0|1|3|1|1|1|1|1|1|2|1|1|1|1|0|0|0|2|3|1|1|0|0|0|0|0|0|1|1|1|0|1|0|1|0|0|3|0|1|0|0|0|0|0|0|0|0|2|0|3|0|2|1|0|0|2|1|0|1|0|1|0|1|1|0|2|1|6|1|2|4|1|8|2|0|1|3|3|2|3|1|2|1|1|3|0|3|2|1|1|3|0|2|1|0|1|0|0|1</HistCounts>
      </HistItem>
    </Histograms>
    <Metadata>
      <MDI key="STATISTICS_MINIMUM">322</MDI>
      <MDI key="STATISTICS_MAXIMUM">462</MDI>
      <MDI key="STATISTICS_MEAN">381.90222222222</MDI>
      <MDI key="STATISTICS_STDDEV">42.688007625816</MDI>
      <MDI key="STATISTICS_VALID_PERCENT">100</MDI>
    </Metadata>
  </PAMRasterBand>
  <PAMRasterBand band="3">
    <Histograms>
      <HistItem>
        <HistMin>384.4755555555556</HistMin>
        <HistMax>621.5244444444445</HistMax>
        <BucketCount>225</BucketCount>
        <IncludeOutOfRange>0</IncludeOutOfRange>
        <Approximate>0</Approximate>
        <HistCounts>1|0|0|1|0|0|0|0|0|1|0|0|0|0|1|0|0|0|1|0|1|0|0|4|1|0|3|4|4|2|2|4|3|1|2|2|5|4|5|3|2|3|4|2|2|0|1|7|2|3|4|3|2|2|0|1|0|1|2|6|2|2|1|1|0|0|3|2|0|0|2|1|1|1|0|0|0|1|1|1|0|1|0|0|0|2|1|0|1|0|0|2|1|1|0|0|2|1|0|0|0|0|0|3|0|0|0|1|0|1|0|1|0|2|1|0|0|1|0|0|1|1|0|0|1|0|1|0|0|1|0|0|0|0|0|0|0|0|0|0|2|0|0|0|1|1|0|2|0|0|0|1|0|1|1|0|0|1|1|0|2|0|0|0|1|0|1|1|3|1|0|0|0|0|2|3|2|2|0|2|0|1|3|0|2|2|2|1|1|1|1|0|2|1|0|1|1|1|1|1|3|1|1|1|1|2|2|0|1|0|3|2|0|0|0|2|1|2|0|1|0|0|0|0|1</HistCounts>
      </HistItem>
    </Histograms>
    <Metadata>
      <MDI key="STATISTICS_MINIMUM">385</MDI>
      <MDI key="STATISTICS_MAXIMUM">621</MDI>
      <MDI key="STATISTICS_MEAN">489.19111111111</MDI>
      <MDI key="STATISTICS_STDDEV">70.80146835333</MDI>
      <MDI key="STATISTICS_VALID_PERCENT">100</MDI>
    </Metadata>
  </PAMRasterBand>
</PAMDataset>
