<PAMDataset>
  <PAMRasterBand band="1">
    <Histograms>
      <HistItem>
        <HistMin>305.1288888888889</HistMin>
        <HistMax>698.8711111111111</HistMax>
        <BucketCount>225</BucketCount>
        <IncludeOutOfRange>0</IncludeOutOfRange>
        <Approximate>0</Approximate>
        <HistCounts>2|1|0|0|0|1|0|0|0|1|0|0|0|0|3|2|2|0|0|2|0|0|1|2|1|1|0|1|1|2|0|2|0|0|1|1|1|2|1|2|0|4|2|1|1|5|2|4|0|2|2|1|3|3|3|4|1|2|4|0|2|1|2|2|0|0|3|3|1|4|2|2|1|2|0|0|0|1|3|1|0|3|2|2|0|3|4|0|1|0|3|1|1|2|1|3|0|1|0|0|1|2|1|1|1|4|1|1|0|3|3|3|0|3|0|1|0|1|3|2|0|0|2|2|0|3|4|0|1|0|0|0|2|0|0|1|0|1|1|1|0|1|2|3|1|0|2|1|2|1|1|0|1|0|1|0|0|1|0|2|0|0|0|0|0|1|2|0|0|1|2|0|0|0|1|1|1|0|0|0|0|1|0|1|1|0|0|1|0|1|1|1|0|2|0|1|0|0|0|0|0|0|0|0|0|0|1|0|1|0|0|0|0|0|1|0|0|0|0|0|0|0|0|0|1</HistCounts>
      </HistItem>
    </Histograms>
    <Metadata>
      <MDI key="STATISTICS_MINIMUM">306</MDI>
      <MDI key="STATISTICS_MAXIMUM">698</MDI>
      <MDI key="STATISTICS_MEAN">462.83111111111</MDI>
      <MDI key="STATISTICS_STDDEV">87.52573163799</MDI>
      <MDI key="STATISTICS_VALID_PERCENT">100</MDI>
    </Metadata>
  </PAMRasterBand>
  <PAMRasterBand band="2">
    <Histograms>
      <HistItem>
        <HistMin>262.1155555555555</HistMin>
        <HistMax>661.8844444444444</HistMax>
        <BucketCount>225</BucketCount>
        <IncludeOutOfRange>0</IncludeOutOfRange>
        <Approximate>0</Approximate>
        <HistCounts>1|0|2|0|1|1|0|0|2|0|2|1|1|0|3|2|2|1|1|0|3|0|0|2|2|1|1|1|2|2|3|0|2|3|4|4|2|1|1|3|0|1|1|4|3|2|2|2|2|0|2|2|7|0|0|0|3|3|2|2|3|1|0|1|1|2|1|0|0|0|1|1|0|1|2|1|1|1|2|0|1|1|1|2|4|0|0|0|2|0|1|1|1|1|1|2|0|1|0|0|2|2|1|0|4|2|4|1|0|1|0|3|1|1|1|2|0|2|2|2|1|0|1|0|2|0|2|0|1|2|1|2|1|3|0|1|2|0|0|0|0|0|1|0|0|1|0|0|0|0|0|0|0|0|0|0|0|0|1|0|2|1|1|1|1|0|1|0|0|0|0|0|1|4|0|0|1|1|0|0|0|1|0|1|0|0|1|0|1|0|0|0|0|2|0|0|0|0|1|0|0|0|1|0|0|0|0|2|2|0|1|2|0|0|1|1|2|0|1|2|0|1|1|0|1</HistCounts>
      </HistItem>
    </Histograms>
    <Metadata>
      <MDI key="STATISTICS_MINIMUM">263</MDI>
      <MDI key="STATISTICS_MAXIMUM">661</MDI>
      <MDI key="STATISTICS_MEAN">421.20444444444</MDI>
      <MDI key="STATISTICS_STDDEV">106.80650407901</MDI>
      <MDI key="STATISTICS_VALID_PERCENT">100</MDI>
    </Metadata>
  </PAMRasterBand>
  <PAMRasterBand band="3">
    <Histograms>
      <HistItem>
        <HistMin>304.5733333333333</HistMin>
        <HistMax>949.4266666666666</HistMax>
        <BucketCount>225</BucketCount>
        <IncludeOutOfRange>0</IncludeOutOfRange>
        <Approximate>0</Approximate>
        <HistCounts>1|0|0|2|1|0|1|0|0|0|0|0|0|1|1|1|3|3|2|0|3|3|1|1|1|1|1|4|1|4|6|3|1|0|1|4|1|0|2|1|2|0|4|0|4|3|1|1|1|1|1|4|3|0|3|2|0|1|1|0|2|1|0|0|4|1|0|2|0|3|1|1|1|1|4|0|2|2|0|0|3|2|0|1|1|2|0|1|1|0|2|1|0|1|3|2|2|4|0|1|1|1|2|1|5|0|1|1|2|2|4|1|2|1|2|0|0|1|1|2|0|1|0|0|1|1|0|1|1|1|0|0|0|0|1|0|1|0|1|0|1|0|0|0|1|2|0|1|1|1|0|0|0|1|1|1|1|0|0|1|0|1|0|0|1|0|0|0|0|1|0|1|1|0|0|0|1|0|1|0|0|2|0|0|1|0|1|1|1|0|0|0|0|1|0|0|0|0|0|0|0|2|4|2|1|0|0|0|0|2|1|1|2|0|0|0|1|0|1|1|0|0|0|2|1</HistCounts>
      </HistItem>
    </Histograms>
    <Metadata>
      <MDI key="STATISTICS_MINIMUM">306</MDI>
      <MDI key="STATISTICS_MAXIMUM">948</MDI>
      <MDI key="STATISTICS_MEAN">562.47555555556</MDI>
      <MDI key="STATISTICS_STDDEV">170.38732497924</MDI>
      <MDI key="STATISTICS_VALID_PERCENT">100</MDI>
    </Metadata>
  </PAMRasterBand>
</PAMDataset>
