<PAMDataset>
  <PAMRasterBand band="1">
    <Histograms>
      <HistItem>
        <HistMin>233.9333333333333</HistMin>
        <HistMax>716.0666666666667</HistMax>
        <BucketCount>225</BucketCount>
        <IncludeOutOfRange>0</IncludeOutOfRange>
        <Approximate>0</Approximate>
        <HistCounts>1|0|0|0|0|0|0|0|0|1|0|1|0|0|0|2|0|1|0|0|2|0|0|3|0|0|0|0|1|1|1|0|1|0|0|1|1|0|0|1|1|0|0|0|1|0|0|3|0|2|2|1|1|0|0|0|1|3|0|0|0|0|2|2|1|0|0|1|0|0|0|0|0|1|0|1|0|2|0|0|0|2|0|1|1|0|2|0|0|1|0|0|0|0|0|0|0|1|0|0|0|1|1|1|1|0|0|1|0|0|0|0|1|0|1|1|1|1|0|0|0|1|2|0|1|0|2|0|0|1|2|1|1|1|0|0|1|0|0|0|1|2|0|0|1|3|1|4|5|2|5|4|5|4|4|0|3|6|1|3|5|4|1|4|2|2|1|3|1|2|1|1|2|3|1|1|0|3|6|2|2|2|2|0|4|2|1|1|2|2|0|2|2|2|0|4|1|3|3|2|2|2|0|1|1|2|1|1|1|1|1|0|0|0|0|0|0|1|0|0|0|0|0|0|1</HistCounts>
      </HistItem>
    </Histograms>
    <Metadata>
      <MDI key="STATISTICS_MINIMUM">235</MDI>
      <MDI key="STATISTICS_MAXIMUM">715</MDI>
      <MDI key="STATISTICS_MEAN">531.84</MDI>
      <MDI key="STATISTICS_STDDEV">116.70156125777</MDI>
      <MDI key="STATISTICS_VALID_PERCENT">100</MDI>
    </Metadata>
  </PAMRasterBand>
  <PAMRasterBand band="2">
    <Histograms>
      <HistItem>
        <HistMin>240.9955555555556</HistMin>
        <HistMax>695.0044444444444</HistMax>
        <BucketCount>225</BucketCount>
        <IncludeOutOfRange>0</IncludeOutOfRange>
        <Approximate>0</Approximate>
        <HistCounts>1|0|0|0|0|0|0|0|1|0|0|0|0|1|0|0|2|1|0|1|1|0|2|1|1|1|0|0|0|0|0|1|0|0|1|1|1|0|1|0|1|0|2|0|1|0|2|1|0|1|0|2|3|1|0|1|1|0|0|2|0|1|1|1|0|0|0|1|1|0|0|1|0|0|0|1|0|0|0|2|0|0|0|0|1|1|0|0|1|1|1|0|0|0|1|0|1|0|0|1|0|0|0|1|0|0|0|1|2|0|0|0|1|1|0|1|0|2|0|0|0|2|0|1|2|4|2|2|2|2|3|1|0|2|4|2|4|5|5|1|3|3|2|1|2|1|1|1|4|3|1|3|2|1|0|0|2|0|1|1|0|2|0|0|1|1|1|1|1|0|1|0|1|2|2|2|1|1|2|1|0|2|2|2|1|1|1|3|1|1|6|2|6|0|3|4|1|3|2|3|0|1|2|0|1|1|0|0|2|0|1|2|3|1|1|0|1|0|1|2|1|0|1|1|1</HistCounts>
      </HistItem>
    </Histograms>
    <Metadata>
      <MDI key="STATISTICS_MINIMUM">242</MDI>
      <MDI key="STATISTICS_MAXIMUM">694</MDI>
      <MDI key="STATISTICS_MEAN">518.75555555556</MDI>
      <MDI key="STATISTICS_STDDEV">115.2576544685</MDI>
      <MDI key="STATISTICS_VALID_PERCENT">100</MDI>
    </Metadata>
  </PAMRasterBand>
  <PAMRasterBand band="3">
    <Histograms>
      <HistItem>
        <HistMin>368.5155555555556</HistMin>
        <HistMax>1039.484444444445</HistMax>
        <BucketCount>225</BucketCount>
        <IncludeOutOfRange>0</IncludeOutOfRange>
        <Approximate>0</Approximate>
        <HistCounts>1|1|0|0|1|0|1|1|0|0|2|0|0|1|0|2|1|2|1|0|1|0|0|0|3|2|0|1|0|1|1|2|0|0|0|0|0|1|4|1|0|0|1|2|1|0|1|1|0|0|0|1|0|0|1|0|0|1|0|0|0|0|1|0|0|0|0|0|1|1|0|1|0|0|0|1|0|1|1|1|0|1|0|0|1|0|0|1|0|1|0|0|3|0|1|1|0|0|1|0|0|2|0|1|2|0|0|0|1|0|1|0|1|1|1|0|2|2|0|1|1|1|0|3|1|0|0|0|1|1|1|2|1|0|2|1|1|2|3|1|2|2|3|4|2|5|0|3|1|1|2|3|0|2|1|1|0|2|1|0|3|0|1|3|3|2|1|0|1|1|0|2|0|1|2|0|4|1|1|0|1|1|3|2|1|2|0|2|1|2|0|4|1|3|4|4|2|1|1|2|0|4|1|3|1|2|1|1|3|4|1|1|1|2|1|0|2|0|0|1|0|0|1|1|1</HistCounts>
      </HistItem>
    </Histograms>
    <Metadata>
      <MDI key="STATISTICS_MINIMUM">370</MDI>
      <MDI key="STATISTICS_MAXIMUM">1038</MDI>
      <MDI key="STATISTICS_MEAN">772.64888888889</MDI>
      <MDI key="STATISTICS_STDDEV">184.69257654843</MDI>
      <MDI key="STATISTICS_VALID_PERCENT">100</MDI>
    </Metadata>
  </PAMRasterBand>
</PAMDataset>
