<PAMDataset>
  <PAMRasterBand band="1">
    <Histograms>
      <HistItem>
        <HistMin>235.5038759689922</HistMin>
        <HistMax>364.4961240310078</HistMax>
        <BucketCount>129</BucketCount>
        <IncludeOutOfRange>0</IncludeOutOfRange>
        <Approximate>0</Approximate>
        <HistCounts>1|0|0|3|3|1|2|0|0|1|1|1|1|2|1|3|0|0|2|1|0|0|1|0|0|3|0|1|0|1|0|1|0|1|1|0|1|0|0|2|1|0|5|1|2|2|3|0|1|2|3|4|0|2|3|4|2|4|4|3|4|1|2|1|2|3|3|3|2|0|2|4|3|4|1|3|4|4|3|6|4|5|6|2|5|3|3|7|5|4|3|1|1|5|2|1|1|2|0|1|3|3|2|2|2|2|0|2|2|1|0|1|1|3|1|1|0|0|0|0|0|0|1|0|0|0|0|0|1</HistCounts>
      </HistItem>
    </Histograms>
    <Metadata>
      <MDI key="STATISTICS_MINIMUM">236</MDI>
      <MDI key="STATISTICS_MAXIMUM">364</MDI>
      <MDI key="STATISTICS_MEAN">303.33333333333</MDI>
      <MDI key="STATISTICS_STDDEV">28.478295829163</MDI>
      <MDI key="STATISTICS_VALID_PERCENT">100</MDI>
    </Metadata>
  </PAMRasterBand>
  <PAMRasterBand band="2">
    <Histograms>
      <HistItem>
        <HistMin>180.50390625</HistMin>
        <HistMax>308.49609375</HistMax>
        <BucketCount>128</BucketCount>
        <IncludeOutOfRange>0</IncludeOutOfRange>
        <Approximate>0</Approximate>
        <HistCounts>1|0|0|1|1|0|0|5|1|1|0|2|0|0|1|1|0|2|2|2|1|1|0|0|2|2|0|0|0|3|1|0|2|1|0|1|3|1|1|0|0|1|0|0|1|1|1|0|2|2|3|0|2|1|5|2|4|4|3|1|1|2|2|1|2|4|2|7|2|1|6|3|1|1|4|2|3|3|4|1|3|2|5|3|4|6|9|4|4|1|3|3|5|4|3|3|3|2|1|7|4|4|1|3|3|1|1|0|0|0|1|0|1|2|0|2|1|0|0|0|0|0|0|1|0|0|0|1</HistCounts>
      </HistItem>
    </Histograms>
    <Metadata>
      <MDI key="STATISTICS_MINIMUM">181</MDI>
      <MDI key="STATISTICS_MAXIMUM">308</MDI>
      <MDI key="STATISTICS_MEAN">250.48888888889</MDI>
      <MDI key="STATISTICS_STDDEV">28.289787888308</MDI>
      <MDI key="STATISTICS_VALID_PERCENT">100</MDI>
    </Metadata>
  </PAMRasterBand>
  <PAMRasterBand band="3">
    <Histograms>
      <HistItem>
        <HistMin>184.5025906735751</HistMin>
        <HistMax>377.4974093264249</HistMax>
        <BucketCount>193</BucketCount>
        <IncludeOutOfRange>0</IncludeOutOfRange>
        <Approximate>0</Approximate>
        <HistCounts>1|0|0|2|0|1|1|0|0|0|2|0|0|1|1|0|0|3|1|0|1|1|2|0|0|2|1|1|1|2|0|1|0|0|0|1|1|0|0|0|2|0|0|0|1|1|0|0|0|2|0|0|1|1|1|0|2|0|1|1|1|0|0|1|0|0|1|1|1|0|0|1|1|0|0|0|0|0|1|1|1|2|0|1|0|1|0|1|0|0|0|0|0|1|1|0|2|1|0|1|3|0|1|0|0|0|1|0|3|1|3|1|0|2|0|0|2|1|6|3|3|0|1|2|1|0|4|1|0|3|1|2|0|4|0|3|1|1|2|1|3|0|3|1|3|4|1|4|2|1|7|2|3|2|1|3|6|4|3|4|5|5|2|4|3|1|0|2|4|3|2|2|1|0|1|0|4|1|1|0|2|0|1|1|0|1|1|0|1|0|0|1|1</HistCounts>
      </HistItem>
    </Histograms>
    <Metadata>
      <MDI key="STATISTICS_MINIMUM">185</MDI>
      <MDI key="STATISTICS_MAXIMUM">377</MDI>
      <MDI key="STATISTICS_MEAN">304.38222222222</MDI>
      <MDI key="STATISTICS_STDDEV">50.285103996617</MDI>
      <MDI key="STATISTICS_VALID_PERCENT">100</MDI>
    </Metadata>
  </PAMRasterBand>
</PAMDataset>
