<PAMDataset>
  <PAMRasterBand band="1">
    <Histograms>
      <HistItem>
        <HistMin>314.9777777777778</HistMin>
        <HistMax>777.0222222222222</HistMax>
        <BucketCount>225</BucketCount>
        <IncludeOutOfRange>0</IncludeOutOfRange>
        <Approximate>0</Approximate>
        <HistCounts>1|0|0|0|2|1|0|0|0|1|0|0|1|0|2|0|3|0|1|2|0|1|0|0|1|1|0|0|0|1|1|0|0|1|1|0|0|1|2|0|0|0|0|0|3|2|1|2|0|2|0|1|2|3|6|4|3|8|3|6|5|5|2|9|5|2|3|3|3|5|3|4|4|2|0|3|2|1|3|1|1|8|4|2|1|2|4|3|1|2|2|3|0|3|0|0|2|2|2|0|0|0|0|2|0|2|1|0|1|1|0|0|0|0|1|0|0|0|0|2|1|0|0|0|1|0|1|1|0|0|1|1|0|1|1|1|0|0|1|0|1|2|0|1|0|0|1|1|0|1|1|0|0|1|0|1|1|0|1|0|1|0|0|1|1|1|0|0|2|0|0|1|0|0|0|0|0|0|0|0|0|0|0|0|0|0|0|0|0|0|0|1|0|0|0|0|1|0|1|0|1|0|0|0|0|0|0|1|0|1|0|0|0|0|0|0|0|2|0|0|0|0|0|0|1</HistCounts>
      </HistItem>
    </Histograms>
    <Metadata>
      <MDI key="STATISTICS_MINIMUM">316</MDI>
      <MDI key="STATISTICS_MAXIMUM">776</MDI>
      <MDI key="STATISTICS_MEAN">481.91111111111</MDI>
      <MDI key="STATISTICS_STDDEV">89.220780395158</MDI>
      <MDI key="STATISTICS_VALID_PERCENT">100</MDI>
    </Metadata>
  </PAMRasterBand>
  <PAMRasterBand band="2">
    <Histograms>
      <HistItem>
        <HistMin>281.1066666666667</HistMin>
        <HistMax>684.8933333333333</HistMax>
        <BucketCount>225</BucketCount>
        <IncludeOutOfRange>0</IncludeOutOfRange>
        <Approximate>0</Approximate>
        <HistCounts>1|1|0|1|2|1|1|1|0|1|0|1|0|1|1|0|1|0|0|0|1|1|0|1|0|0|0|2|0|0|0|0|1|0|0|1|2|0|0|2|1|0|0|0|0|1|1|0|1|1|0|3|4|1|1|1|2|2|0|1|3|1|1|2|8|7|4|9|5|5|7|9|10|3|8|5|6|1|2|6|3|3|5|1|3|2|0|1|0|0|1|1|1|1|1|1|2|0|1|0|1|1|0|0|1|3|0|0|0|0|1|1|0|0|0|0|0|0|0|0|0|0|0|1|0|0|0|1|1|0|1|0|0|0|0|0|0|0|1|1|2|0|0|0|0|0|0|0|0|0|0|0|1|0|0|1|0|0|1|0|0|0|0|0|0|1|0|0|0|0|0|0|0|2|1|1|1|1|1|1|0|1|0|0|0|0|1|0|0|1|0|2|0|2|1|0|0|2|0|0|1|0|1|0|0|0|1|2|1|0|1|0|0|2|1|0|2|0|0|0|0|1|0|0|1</HistCounts>
      </HistItem>
    </Histograms>
    <Metadata>
      <MDI key="STATISTICS_MINIMUM">282</MDI>
      <MDI key="STATISTICS_MAXIMUM">684</MDI>
      <MDI key="STATISTICS_MEAN">439.52</MDI>
      <MDI key="STATISTICS_STDDEV">93.06805538601</MDI>
      <MDI key="STATISTICS_VALID_PERCENT">100</MDI>
    </Metadata>
  </PAMRasterBand>
  <PAMRasterBand band="3">
    <Histograms>
      <HistItem>
        <HistMin>368.4755555555556</HistMin>
        <HistMax>1057.524444444444</HistMax>
        <BucketCount>225</BucketCount>
        <IncludeOutOfRange>0</IncludeOutOfRange>
        <Approximate>0</Approximate>
        <HistCounts>1|2|0|2|1|1|1|1|1|0|1|0|1|0|0|0|0|2|0|0|0|2|0|0|0|0|0|0|0|0|3|1|0|0|1|0|0|2|2|1|2|1|0|0|2|1|2|0|1|1|0|0|2|0|1|0|4|1|2|0|1|0|2|4|4|1|5|3|2|3|4|3|10|5|11|14|14|7|8|9|0|2|1|1|1|1|1|0|3|0|1|1|3|1|2|0|0|1|0|1|0|1|0|1|0|0|0|0|1|0|1|0|0|0|0|1|0|0|0|0|0|0|0|0|0|1|0|1|1|0|0|1|0|0|0|1|0|0|0|0|0|0|1|0|1|0|1|0|0|1|0|0|0|1|0|0|1|0|0|0|0|0|0|0|0|0|0|0|0|0|0|0|1|1|1|0|2|0|0|0|1|1|0|0|0|1|1|0|0|2|0|0|1|0|1|1|1|0|1|1|0|1|1|0|0|0|2|0|0|0|2|0|0|2|1|0|2|3|0|1|0|0|0|0|1</HistCounts>
      </HistItem>
    </Histograms>
    <Metadata>
      <MDI key="STATISTICS_MINIMUM">370</MDI>
      <MDI key="STATISTICS_MAXIMUM">1056</MDI>
      <MDI key="STATISTICS_MEAN">640.85333333333</MDI>
      <MDI key="STATISTICS_STDDEV">162.46268850279</MDI>
      <MDI key="STATISTICS_VALID_PERCENT">100</MDI>
    </Metadata>
  </PAMRasterBand>
</PAMDataset>
