<PAMDataset>
  <PAMRasterBand band="1">
    <Histograms>
      <HistItem>
        <HistMin>211.6533333333333</HistMin>
        <HistMax>820.3466666666667</HistMax>
        <BucketCount>225</BucketCount>
        <IncludeOutOfRange>0</IncludeOutOfRange>
        <Approximate>0</Approximate>
        <HistCounts>1|0|1|2|1|0|0|1|0|0|0|1|1|0|0|0|2|1|1|0|3|1|3|3|0|2|1|1|2|6|3|4|3|5|4|2|2|3|4|0|1|3|1|3|2|2|1|3|3|2|2|2|1|2|2|0|0|1|1|0|4|1|0|0|2|1|2|5|2|3|0|0|1|2|0|2|1|1|2|1|0|0|2|2|0|2|0|3|2|1|0|1|0|1|2|0|0|3|1|1|1|1|0|1|0|0|0|0|0|0|1|4|2|1|1|1|1|1|0|2|1|1|1|1|1|0|2|1|1|0|0|0|1|1|0|1|1|0|0|0|4|0|2|0|1|1|0|3|0|3|1|0|2|1|0|0|1|1|1|0|2|1|0|1|0|1|0|1|0|0|1|3|0|0|2|1|1|1|0|0|0|0|1|1|0|0|0|0|1|1|0|1|0|0|0|0|0|0|0|0|0|0|0|0|0|0|1|0|0|0|1|0|0|0|1|0|0|0|0|0|1|1|0|1|1</HistCounts>
      </HistItem>
    </Histograms>
    <Metadata>
      <MDI key="STATISTICS_MINIMUM">213</MDI>
      <MDI key="STATISTICS_MAXIMUM">819</MDI>
      <MDI key="STATISTICS_MEAN">438.77777777778</MDI>
      <MDI key="STATISTICS_STDDEV">149.059703011</MDI>
      <MDI key="STATISTICS_VALID_PERCENT">100</MDI>
    </Metadata>
  </PAMRasterBand>
  <PAMRasterBand band="2">
    <Histograms>
      <HistItem>
        <HistMin>182.4266666666667</HistMin>
        <HistMax>893.5733333333334</HistMax>
        <BucketCount>225</BucketCount>
        <IncludeOutOfRange>0</IncludeOutOfRange>
        <Approximate>0</Approximate>
        <HistCounts>2|1|2|1|0|0|0|0|0|0|7|3|4|3|4|6|6|4|4|3|1|1|1|5|3|3|1|2|5|1|2|4|2|3|1|2|1|3|4|0|2|3|1|0|1|1|1|3|1|1|0|0|0|3|2|0|0|1|0|0|2|1|1|0|0|0|0|2|2|0|2|0|1|0|2|1|1|1|1|0|3|0|1|1|1|2|2|2|3|1|1|0|0|0|1|3|2|2|0|1|1|0|2|3|2|0|1|0|1|0|0|7|0|0|1|1|2|4|1|1|3|0|1|0|0|0|2|1|1|0|2|1|0|2|0|0|2|0|2|2|1|0|1|0|0|2|1|1|1|0|1|0|0|0|1|0|0|0|0|0|0|0|0|0|0|1|1|1|0|0|0|0|0|0|0|0|0|0|0|0|0|0|0|1|0|0|0|0|0|0|0|1|1|0|0|0|0|0|0|0|1|0|1|1|0|0|0|0|0|0|0|0|0|0|0|1|0|0|1|0|0|0|0|0|1</HistCounts>
      </HistItem>
    </Histograms>
    <Metadata>
      <MDI key="STATISTICS_MINIMUM">184</MDI>
      <MDI key="STATISTICS_MAXIMUM">892</MDI>
      <MDI key="STATISTICS_MEAN">401.69777777778</MDI>
      <MDI key="STATISTICS_STDDEV">165.5688302508</MDI>
      <MDI key="STATISTICS_VALID_PERCENT">100</MDI>
    </Metadata>
  </PAMRasterBand>
  <PAMRasterBand band="3">
    <Histograms>
      <HistItem>
        <HistMin>211.48</HistMin>
        <HistMax>1350.52</HistMax>
        <BucketCount>225</BucketCount>
        <IncludeOutOfRange>0</IncludeOutOfRange>
        <Approximate>0</Approximate>
        <HistCounts>2|2|4|2|3|4|0|6|3|0|7|7|3|2|3|1|2|6|3|2|3|2|3|3|1|3|2|0|1|3|3|1|4|1|2|4|3|3|1|0|2|1|1|3|0|0|2|0|0|0|0|2|1|2|3|1|2|1|1|0|0|1|1|1|0|0|2|1|1|0|2|2|4|3|4|1|2|1|1|1|0|4|5|2|2|4|4|1|3|3|2|1|1|1|0|0|0|1|0|1|0|0|1|0|1|0|0|0|1|1|0|1|2|1|1|0|1|0|0|0|0|1|1|0|0|0|0|0|0|0|0|2|0|1|2|0|1|0|1|0|0|1|1|1|0|0|0|1|0|0|0|0|0|0|0|0|0|0|0|0|0|0|1|0|0|0|0|1|0|0|1|0|0|0|0|0|0|1|0|0|0|0|0|0|0|0|0|0|1|0|0|0|0|0|1|0|0|0|0|0|2|0|0|1|0|0|0|0|0|0|0|0|0|1|0|0|0|0|0|0|1|0|0|0|1</HistCounts>
      </HistItem>
    </Histograms>
    <Metadata>
      <MDI key="STATISTICS_MINIMUM">214</MDI>
      <MDI key="STATISTICS_MAXIMUM">1348</MDI>
      <MDI key="STATISTICS_MEAN">509.64</MDI>
      <MDI key="STATISTICS_STDDEV">250.20190815508</MDI>
      <MDI key="STATISTICS_VALID_PERCENT">100</MDI>
    </Metadata>
  </PAMRasterBand>
</PAMDataset>
