<PAMDataset>
  <PAMRasterBand band="1">
    <Histograms>
      <HistItem>
        <HistMin>248.8533333333333</HistMin>
        <HistMax>767.1466666666666</HistMax>
        <BucketCount>225</BucketCount>
        <IncludeOutOfRange>0</IncludeOutOfRange>
        <Approximate>0</Approximate>
        <HistCounts>2|0|1|0|0|0|1|0|0|1|1|1|2|3|1|2|2|3|1|2|2|1|0|2|1|0|1|0|0|0|3|0|2|2|3|1|0|1|2|0|1|2|1|3|0|0|2|2|0|0|1|1|2|3|2|1|1|1|1|1|1|2|2|1|1|1|0|3|0|1|0|2|2|0|0|2|2|0|2|2|2|1|1|1|1|1|1|1|0|1|0|0|3|2|5|2|1|6|0|2|2|3|5|5|4|2|4|2|0|6|2|4|4|1|0|4|1|3|1|1|1|3|1|0|3|2|3|3|1|2|1|0|0|0|1|1|0|1|0|0|0|1|1|0|0|0|1|1|0|0|0|0|1|0|0|0|1|0|0|0|1|1|0|0|0|0|0|0|0|0|0|3|0|0|0|2|0|0|0|0|1|1|0|0|1|0|0|0|0|0|0|1|0|0|0|1|0|0|1|0|0|0|0|0|1|0|0|0|0|0|0|1|0|0|1|0|0|1|0|0|0|0|0|0|1</HistCounts>
      </HistItem>
    </Histograms>
    <Metadata>
      <MDI key="STATISTICS_MINIMUM">250</MDI>
      <MDI key="STATISTICS_MAXIMUM">766</MDI>
      <MDI key="STATISTICS_MEAN">451.28444444444</MDI>
      <MDI key="STATISTICS_STDDEV">110.47887270234</MDI>
      <MDI key="STATISTICS_VALID_PERCENT">100</MDI>
    </Metadata>
  </PAMRasterBand>
  <PAMRasterBand band="2">
    <Histograms>
      <HistItem>
        <HistMin>234.7155555555556</HistMin>
        <HistMax>815.2844444444445</HistMax>
        <BucketCount>225</BucketCount>
        <IncludeOutOfRange>0</IncludeOutOfRange>
        <Approximate>0</Approximate>
        <HistCounts>1|0|2|2|1|1|0|0|4|0|4|2|2|1|3|4|2|2|1|2|1|3|0|2|0|1|1|0|0|2|0|1|3|4|3|1|3|2|0|1|1|2|2|0|0|1|1|3|2|1|2|2|1|3|2|1|1|7|1|0|5|2|0|1|2|4|0|1|0|4|3|3|6|3|4|2|5|2|1|1|2|2|0|1|2|1|0|1|1|1|2|2|1|5|1|3|0|0|1|0|2|0|1|1|1|0|1|1|0|2|0|0|3|1|0|1|0|3|0|1|3|0|0|1|2|0|1|2|0|1|1|1|0|0|0|0|1|0|1|0|0|1|0|1|0|2|1|0|0|0|0|0|1|0|0|0|2|0|0|1|0|0|0|0|1|0|0|0|0|0|0|0|0|1|0|0|2|0|1|1|1|0|0|0|0|0|0|0|0|1|0|0|0|1|0|0|1|0|0|0|0|0|0|0|1|0|0|0|0|0|0|0|1|0|1|0|0|0|0|0|0|0|0|0|1</HistCounts>
      </HistItem>
    </Histograms>
    <Metadata>
      <MDI key="STATISTICS_MINIMUM">236</MDI>
      <MDI key="STATISTICS_MAXIMUM">814</MDI>
      <MDI key="STATISTICS_MEAN">423.96</MDI>
      <MDI key="STATISTICS_STDDEV">124.46687448653</MDI>
      <MDI key="STATISTICS_VALID_PERCENT">100</MDI>
    </Metadata>
  </PAMRasterBand>
  <PAMRasterBand band="3">
    <Histograms>
      <HistItem>
        <HistMin>314.0288888888889</HistMin>
        <HistMax>1204.971111111111</HistMax>
        <BucketCount>225</BucketCount>
        <IncludeOutOfRange>0</IncludeOutOfRange>
        <Approximate>0</Approximate>
        <HistCounts>1|1|1|2|0|3|3|1|3|1|3|2|2|5|2|0|3|2|2|2|0|4|1|1|0|0|0|1|2|2|0|4|2|1|2|2|1|2|1|1|1|1|3|1|2|2|1|1|2|0|1|6|1|0|2|2|3|2|1|2|2|2|4|0|3|0|0|3|4|1|2|3|5|3|3|2|4|2|1|0|0|0|0|1|2|1|1|4|1|1|1|1|1|0|4|1|0|2|1|1|1|2|0|1|1|1|0|1|0|0|2|2|1|1|0|2|0|1|0|3|1|2|1|0|1|1|0|1|2|1|0|0|2|1|1|1|0|0|0|1|0|0|0|0|0|0|0|1|1|0|1|0|0|2|1|1|0|0|0|0|0|1|0|1|0|0|0|0|0|1|0|0|0|0|0|0|1|0|1|2|1|0|1|0|0|0|0|0|0|0|0|0|0|2|0|0|0|0|0|0|0|0|1|0|0|0|0|1|0|0|0|0|0|0|1|1|0|0|0|0|0|0|0|0|1</HistCounts>
      </HistItem>
    </Histograms>
    <Metadata>
      <MDI key="STATISTICS_MINIMUM">316</MDI>
      <MDI key="STATISTICS_MAXIMUM">1203</MDI>
      <MDI key="STATISTICS_MEAN">602.74222222222</MDI>
      <MDI key="STATISTICS_STDDEV">199.30556159814</MDI>
      <MDI key="STATISTICS_VALID_PERCENT">100</MDI>
    </Metadata>
  </PAMRasterBand>
</PAMDataset>
