<PAMDataset>
  <PAMRasterBand band="1">
    <Histograms>
      <HistItem>
        <HistMin>364.9444444444445</HistMin>
        <HistMax>842.0555555555555</HistMax>
        <BucketCount>225</BucketCount>
        <IncludeOutOfRange>0</IncludeOutOfRange>
        <Approximate>0</Approximate>
        <HistCounts>1|3|0|0|1|0|0|0|2|0|0|0|0|2|0|0|0|0|0|1|0|0|0|0|0|0|1|1|0|1|1|0|0|1|0|0|0|1|1|0|0|0|1|0|0|0|2|2|0|0|0|0|2|1|1|1|0|0|1|0|0|1|0|1|1|0|1|1|2|1|0|1|1|0|1|1|4|0|1|2|2|0|0|1|0|1|0|0|0|1|1|1|1|3|2|2|0|3|0|0|3|1|2|1|0|1|1|0|3|0|2|0|1|0|2|1|2|1|0|1|1|0|2|0|2|2|3|0|3|2|2|1|3|4|2|0|1|0|2|2|1|2|3|2|5|5|3|3|6|4|5|7|5|3|1|4|1|4|6|1|3|0|1|4|1|3|1|0|0|1|1|1|0|2|0|0|1|0|1|0|0|0|0|0|1|0|0|0|2|0|2|0|0|0|0|0|0|0|1|2|1|0|0|1|0|0|3|0|0|0|0|1|0|0|0|0|0|0|0|0|0|0|0|0|1</HistCounts>
      </HistItem>
    </Histograms>
    <Metadata>
      <MDI key="STATISTICS_MINIMUM">366</MDI>
      <MDI key="STATISTICS_MAXIMUM">841</MDI>
      <MDI key="STATISTICS_MEAN">623.60888888889</MDI>
      <MDI key="STATISTICS_STDDEV">100.97259435053</MDI>
      <MDI key="STATISTICS_VALID_PERCENT">100</MDI>
    </Metadata>
  </PAMRasterBand>
  <PAMRasterBand band="2">
    <Histograms>
      <HistItem>
        <HistMin>261.4044444444444</HistMin>
        <HistMax>982.5955555555555</HistMax>
        <BucketCount>225</BucketCount>
        <IncludeOutOfRange>0</IncludeOutOfRange>
        <Approximate>0</Approximate>
        <HistCounts>1|0|0|0|0|1|0|0|0|0|1|2|0|0|2|0|0|0|1|0|0|0|2|0|0|0|0|0|2|0|0|0|0|0|1|0|1|0|0|0|0|0|0|0|0|2|1|0|1|1|0|1|1|2|2|0|1|1|0|0|1|0|1|0|0|0|2|0|1|1|0|1|0|0|5|0|0|2|1|2|0|0|1|0|1|6|1|0|3|0|0|1|1|2|0|3|2|1|2|2|1|0|2|2|1|1|2|2|2|0|4|3|0|2|0|0|4|2|2|3|4|3|3|3|4|2|0|2|1|3|3|7|3|3|3|2|1|0|2|3|2|3|4|1|4|0|1|2|2|3|3|2|4|1|1|0|3|1|2|3|3|2|1|1|0|3|2|2|1|2|0|1|0|1|1|0|0|1|1|0|0|0|1|0|1|0|0|0|0|0|1|0|0|0|0|0|2|0|0|0|0|0|0|0|0|0|0|0|0|0|0|0|0|0|0|0|0|0|0|0|0|0|0|0|1</HistCounts>
      </HistItem>
    </Histograms>
    <Metadata>
      <MDI key="STATISTICS_MINIMUM">263</MDI>
      <MDI key="STATISTICS_MAXIMUM">981</MDI>
      <MDI key="STATISTICS_MEAN">632.57777777778</MDI>
      <MDI key="STATISTICS_STDDEV">134.59213926013</MDI>
      <MDI key="STATISTICS_VALID_PERCENT">100</MDI>
    </Metadata>
  </PAMRasterBand>
  <PAMRasterBand band="3">
    <Histograms>
      <HistItem>
        <HistMin>318.2177777777778</HistMin>
        <HistMax>1575.782222222222</HistMax>
        <BucketCount>225</BucketCount>
        <IncludeOutOfRange>0</IncludeOutOfRange>
        <Approximate>0</Approximate>
        <HistCounts>1|0|0|1|0|1|0|0|0|1|1|0|0|2|1|0|1|0|0|0|1|0|0|0|0|0|1|0|0|0|0|1|1|0|0|2|0|0|1|0|0|0|0|0|0|1|1|1|1|2|1|0|1|0|0|2|0|0|0|0|0|0|1|1|1|0|0|1|0|2|2|0|2|1|0|1|0|0|0|0|1|3|0|4|2|0|3|1|0|1|0|3|3|0|0|3|4|1|1|2|2|1|1|0|2|0|1|1|1|1|2|0|2|2|1|2|1|0|2|1|2|3|2|2|3|1|2|4|2|1|3|1|3|1|2|4|3|3|2|3|3|2|4|1|2|0|2|5|3|2|3|3|2|1|2|2|0|3|2|2|2|3|2|0|3|2|1|3|1|2|1|5|0|0|1|2|4|2|1|2|0|0|0|0|0|0|0|0|0|0|0|0|0|1|1|1|0|0|0|0|0|0|0|0|0|0|0|0|0|0|0|0|0|0|0|0|0|0|0|0|0|0|0|0|1</HistCounts>
      </HistItem>
    </Histograms>
    <Metadata>
      <MDI key="STATISTICS_MINIMUM">321</MDI>
      <MDI key="STATISTICS_MAXIMUM">1573</MDI>
      <MDI key="STATISTICS_MEAN">985.33777777778</MDI>
      <MDI key="STATISTICS_STDDEV">248.44882619869</MDI>
      <MDI key="STATISTICS_VALID_PERCENT">100</MDI>
    </Metadata>
  </PAMRasterBand>
</PAMDataset>
