<PAMDataset>
  <PAMRasterBand band="1">
    <Histograms>
      <HistItem>
        <HistMin>229.5036496350365</HistMin>
        <HistMax>366.4963503649635</HistMax>
        <BucketCount>137</BucketCount>
        <IncludeOutOfRange>0</IncludeOutOfRange>
        <Approximate>0</Approximate>
        <HistCounts>3|0|2|0|0|2|0|0|0|0|0|2|0|1|1|1|2|3|0|2|0|1|0|0|0|0|0|3|0|1|1|2|1|1|1|0|0|3|2|1|1|1|2|1|0|3|3|1|1|3|3|4|1|2|4|0|6|3|3|2|4|0|4|3|6|1|2|2|1|0|4|3|5|1|1|3|1|5|1|5|2|5|2|2|2|2|5|0|2|5|2|3|2|8|4|2|0|1|4|2|1|2|2|2|1|1|0|3|2|2|1|2|1|1|2|2|1|1|0|4|1|0|1|0|0|0|1|0|0|1|2|0|0|0|0|0|1</HistCounts>
      </HistItem>
    </Histograms>
    <Metadata>
      <MDI key="STATISTICS_MINIMUM">230</MDI>
      <MDI key="STATISTICS_MAXIMUM">366</MDI>
      <MDI key="STATISTICS_MEAN">300.34222222222</MDI>
      <MDI key="STATISTICS_STDDEV">30.36332940966</MDI>
      <MDI key="STATISTICS_VALID_PERCENT">100</MDI>
    </Metadata>
  </PAMRasterBand>
  <PAMRasterBand band="2">
    <Histograms>
      <HistItem>
        <HistMin>176.504347826087</HistMin>
        <HistMax>291.495652173913</HistMax>
        <BucketCount>115</BucketCount>
        <IncludeOutOfRange>0</IncludeOutOfRange>
        <Approximate>0</Approximate>
        <HistCounts>1|2|1|0|1|1|1|1|0|0|2|0|1|1|0|3|1|3|0|1|1|0|3|1|4|6|0|3|1|1|5|0|1|1|2|3|3|3|2|5|4|2|1|3|3|2|6|3|2|2|5|3|4|2|5|2|3|4|5|2|6|3|2|3|2|3|3|2|1|6|3|2|5|2|1|5|0|3|3|0|0|2|3|1|4|2|3|1|1|2|1|1|1|4|1|1|0|1|3|2|2|0|2|1|0|0|0|1|1|0|0|0|0|0|1</HistCounts>
      </HistItem>
    </Histograms>
    <Metadata>
      <MDI key="STATISTICS_MINIMUM">177</MDI>
      <MDI key="STATISTICS_MAXIMUM">291</MDI>
      <MDI key="STATISTICS_MEAN">231.89777777778</MDI>
      <MDI key="STATISTICS_STDDEV">25.43581454816</MDI>
      <MDI key="STATISTICS_VALID_PERCENT">100</MDI>
    </Metadata>
  </PAMRasterBand>
  <PAMRasterBand band="3">
    <Histograms>
      <HistItem>
        <HistMin>183.5029239766082</HistMin>
        <HistMax>354.4970760233918</HistMax>
        <BucketCount>171</BucketCount>
        <IncludeOutOfRange>0</IncludeOutOfRange>
        <Approximate>0</Approximate>
        <HistCounts>1|0|1|1|1|0|0|0|1|1|0|2|1|3|0|4|0|2|1|1|3|2|1|1|3|2|2|1|2|0|0|2|1|1|3|1|3|3|2|0|1|0|1|0|5|5|0|1|1|2|4|2|0|2|1|6|1|4|7|4|1|1|4|1|1|2|1|1|2|0|3|1|3|1|5|0|3|2|2|2|3|2|2|1|4|1|1|1|5|1|4|0|1|1|0|1|2|2|1|1|0|1|5|1|2|2|2|0|1|1|1|2|3|1|1|0|1|2|0|1|2|0|2|3|0|1|2|3|0|0|0|1|1|1|0|2|0|2|0|1|0|1|0|0|0|0|1|0|1|0|0|0|0|1|1|0|0|0|0|0|0|0|0|0|0|1|0|0|0|0|1</HistCounts>
      </HistItem>
    </Histograms>
    <Metadata>
      <MDI key="STATISTICS_MINIMUM">184</MDI>
      <MDI key="STATISTICS_MAXIMUM">354</MDI>
      <MDI key="STATISTICS_MEAN">254.44</MDI>
      <MDI key="STATISTICS_STDDEV">37.564725770625</MDI>
      <MDI key="STATISTICS_VALID_PERCENT">100</MDI>
    </Metadata>
  </PAMRasterBand>
</PAMDataset>
