<PAMDataset>
  <PAMRasterBand band="1">
    <Histograms>
      <HistItem>
        <HistMin>275.4133333333334</HistMin>
        <HistMax>540.5866666666667</HistMax>
        <BucketCount>225</BucketCount>
        <IncludeOutOfRange>0</IncludeOutOfRange>
        <Approximate>0</Approximate>
        <HistCounts>1|2|0|0|0|1|0|0|3|1|0|1|2|0|0|0|0|0|2|0|1|0|0|0|0|2|0|0|0|0|2|0|0|1|1|0|0|0|0|0|0|0|1|0|0|0|0|1|2|0|0|0|0|0|0|0|0|0|1|2|0|1|0|0|1|0|0|0|0|0|0|0|0|0|0|1|1|2|0|0|0|0|0|0|0|0|1|5|0|0|0|1|1|1|3|3|2|1|0|2|2|2|1|0|2|0|1|1|3|3|1|2|2|1|1|2|0|0|0|1|1|0|0|1|3|5|3|0|1|2|3|3|2|1|0|2|1|6|4|2|1|3|2|4|3|2|0|3|6|3|1|0|2|2|5|3|2|1|0|0|0|2|4|0|4|5|4|1|0|2|4|5|0|3|1|1|2|1|2|3|0|0|2|1|2|2|0|3|1|0|0|0|0|1|1|1|1|0|0|0|0|0|0|0|1|0|0|0|0|0|0|1|0|0|1|0|1|0|0|0|0|0|0|0|1</HistCounts>
      </HistItem>
    </Histograms>
    <Metadata>
      <MDI key="STATISTICS_MINIMUM">276</MDI>
      <MDI key="STATISTICS_MAXIMUM">540</MDI>
      <MDI key="STATISTICS_MEAN">425.84</MDI>
      <MDI key="STATISTICS_STDDEV">57.702079300105</MDI>
      <MDI key="STATISTICS_VALID_PERCENT">100</MDI>
    </Metadata>
  </PAMRasterBand>
  <PAMRasterBand band="2">
    <Histograms>
      <HistItem>
        <HistMin>221.4666666666667</HistMin>
        <HistMax>462.5333333333334</HistMax>
        <BucketCount>225</BucketCount>
        <IncludeOutOfRange>0</IncludeOutOfRange>
        <Approximate>0</Approximate>
        <HistCounts>1|0|0|0|0|0|1|2|1|0|2|0|2|2|2|0|0|0|0|0|1|0|0|0|0|0|0|1|0|1|1|0|1|0|0|2|0|0|0|0|0|0|0|0|0|0|0|1|0|0|0|0|0|0|1|0|0|0|0|0|1|0|0|0|0|0|0|0|1|0|2|0|0|0|1|0|1|1|0|0|0|0|0|0|1|0|0|0|1|0|1|1|1|0|1|0|1|0|1|1|1|1|1|0|1|1|0|1|5|3|1|1|2|3|0|1|1|1|2|2|3|0|2|0|0|1|1|1|1|0|0|1|2|1|0|3|1|0|2|1|1|1|0|1|1|5|3|3|5|2|3|2|2|3|1|2|0|0|0|1|3|7|1|1|1|2|3|2|3|1|4|2|1|1|3|6|2|2|2|3|3|7|6|2|0|4|1|3|0|5|2|2|1|2|1|3|1|1|0|0|0|0|0|3|0|0|1|0|1|0|0|0|2|0|0|0|0|0|0|0|1|0|0|0|1</HistCounts>
      </HistItem>
    </Histograms>
    <Metadata>
      <MDI key="STATISTICS_MINIMUM">222</MDI>
      <MDI key="STATISTICS_MAXIMUM">462</MDI>
      <MDI key="STATISTICS_MEAN">371.4</MDI>
      <MDI key="STATISTICS_STDDEV">55.076835219335</MDI>
      <MDI key="STATISTICS_VALID_PERCENT">100</MDI>
    </Metadata>
  </PAMRasterBand>
  <PAMRasterBand band="3">
    <Histograms>
      <HistItem>
        <HistMin>269.2266666666667</HistMin>
        <HistMax>618.7733333333333</HistMax>
        <BucketCount>225</BucketCount>
        <IncludeOutOfRange>0</IncludeOutOfRange>
        <Approximate>0</Approximate>
        <HistCounts>1|0|0|0|0|3|0|0|2|1|2|0|2|1|1|0|0|0|1|1|0|0|0|2|1|0|0|0|1|0|0|1|0|0|0|0|0|0|0|0|0|1|0|0|0|0|0|0|2|0|0|0|0|0|0|0|0|0|0|1|1|0|0|0|1|0|1|0|0|0|1|0|0|0|0|1|0|1|0|1|0|1|1|0|0|0|0|0|0|0|1|2|0|2|1|0|3|2|1|2|1|3|4|2|1|1|0|1|0|3|0|1|0|0|0|1|0|2|1|2|2|1|1|1|2|1|0|1|0|0|1|1|0|0|0|4|1|1|1|2|1|0|0|1|3|0|0|2|0|0|0|5|2|2|4|1|3|1|2|1|5|0|2|3|0|2|3|3|5|1|3|5|2|2|4|0|2|0|6|1|3|1|3|3|0|1|2|0|1|2|3|3|3|2|0|1|4|2|0|0|2|5|1|0|0|0|0|3|0|0|2|0|1|1|2|0|1|0|0|2|0|0|0|3|1</HistCounts>
      </HistItem>
    </Histograms>
    <Metadata>
      <MDI key="STATISTICS_MINIMUM">270</MDI>
      <MDI key="STATISTICS_MAXIMUM">618</MDI>
      <MDI key="STATISTICS_MEAN">487.77777777778</MDI>
      <MDI key="STATISTICS_STDDEV">86.747626003735</MDI>
      <MDI key="STATISTICS_VALID_PERCENT">100</MDI>
    </Metadata>
  </PAMRasterBand>
</PAMDataset>
