<PAMDataset>
  <PAMRasterBand band="1">
    <Histograms>
      <HistItem>
        <HistMin>311.56</HistMin>
        <HistMax>1414.44</HistMax>
        <BucketCount>225</BucketCount>
        <IncludeOutOfRange>0</IncludeOutOfRange>
        <Approximate>0</Approximate>
        <HistCounts>3|3|3|1|2|2|2|3|5|1|6|3|3|3|5|1|1|1|1|0|0|0|0|0|0|0|0|0|0|0|0|0|0|0|0|0|0|0|0|0|0|0|0|0|0|0|0|0|1|0|0|1|0|0|0|0|1|0|0|1|0|0|0|0|1|0|0|1|0|3|1|1|1|0|0|1|0|1|1|0|0|0|0|0|0|0|0|0|0|0|0|0|0|0|0|0|0|0|0|1|0|0|1|0|0|0|0|0|1|0|0|0|0|0|0|0|3|0|0|0|0|0|3|2|1|2|0|1|2|3|6|4|5|6|6|6|8|4|9|7|2|5|4|3|2|4|0|3|4|3|0|3|0|2|0|0|1|3|0|2|0|1|4|1|0|1|1|1|0|0|1|1|1|4|1|2|0|1|1|1|1|1|0|0|1|0|0|0|0|0|0|0|0|1|0|1|0|0|0|0|0|0|0|1|1|0|3|2|0|0|0|2|1|1|0|0|0|0|0|0|0|0|0|0|1</HistCounts>
      </HistItem>
    </Histograms>
    <Metadata>
      <MDI key="STATISTICS_MINIMUM">314</MDI>
      <MDI key="STATISTICS_MAXIMUM">1412</MDI>
      <MDI key="STATISTICS_MEAN">864.30222222222</MDI>
      <MDI key="STATISTICS_STDDEV">303.38264396918</MDI>
      <MDI key="STATISTICS_VALID_PERCENT">100</MDI>
    </Metadata>
  </PAMRasterBand>
  <PAMRasterBand band="2">
    <Histograms>
      <HistItem>
        <HistMin>190.7088888888889</HistMin>
        <HistMax>1226.291111111111</HistMax>
        <BucketCount>225</BucketCount>
        <IncludeOutOfRange>0</IncludeOutOfRange>
        <Approximate>0</Approximate>
        <HistCounts>4|6|6|5|6|4|7|4|0|0|2|3|1|0|0|0|0|0|1|0|0|0|0|0|0|0|0|0|0|0|0|0|0|0|1|0|0|1|1|0|1|0|0|1|0|1|1|0|4|2|0|1|1|0|0|0|0|0|0|0|0|0|0|0|0|0|0|0|0|0|0|0|0|0|0|0|0|0|0|0|0|0|0|0|0|0|0|0|0|0|0|0|0|0|0|1|0|0|0|0|1|1|0|0|0|0|0|0|0|0|0|0|1|0|0|0|2|0|0|0|1|1|2|1|0|3|0|1|0|0|0|0|0|0|0|0|0|0|0|0|0|0|0|0|0|0|0|0|0|0|1|0|0|0|1|1|1|0|0|1|0|0|1|1|2|0|0|0|0|0|1|0|0|1|1|1|1|1|1|5|2|2|1|2|2|1|0|1|2|3|1|3|1|3|4|3|2|1|2|4|3|4|0|3|6|2|3|5|3|1|7|2|7|5|7|5|5|6|2|3|1|3|1|0|1</HistCounts>
      </HistItem>
    </Histograms>
    <Metadata>
      <MDI key="STATISTICS_MINIMUM">193</MDI>
      <MDI key="STATISTICS_MAXIMUM">1224</MDI>
      <MDI key="STATISTICS_MEAN">843.13777777778</MDI>
      <MDI key="STATISTICS_STDDEV">388.11444319593</MDI>
      <MDI key="STATISTICS_VALID_PERCENT">100</MDI>
    </Metadata>
  </PAMRasterBand>
  <PAMRasterBand band="3">
    <Histograms>
      <HistItem>
        <HistMin>165.0466666666667</HistMin>
        <HistMax>1951.953333333333</HistMax>
        <BucketCount>225</BucketCount>
        <IncludeOutOfRange>0</IncludeOutOfRange>
        <Approximate>0</Approximate>
        <HistCounts>1|2|3|3|1|5|13|3|2|4|3|3|5|1|0|0|0|0|0|0|0|0|0|0|0|0|0|0|0|0|0|0|0|0|0|0|0|1|1|0|0|1|0|2|3|4|2|1|0|0|0|0|0|0|0|0|0|0|0|0|0|0|0|0|0|0|0|0|0|0|0|0|0|0|0|0|0|0|0|0|0|0|0|0|0|0|0|0|0|0|1|0|1|0|0|0|0|1|0|0|0|0|0|0|0|2|0|3|0|2|0|3|2|0|0|0|0|0|0|0|0|0|0|0|0|0|0|0|0|0|0|0|0|0|0|0|0|0|0|0|0|0|0|0|0|2|0|0|1|0|0|0|0|1|2|0|1|2|0|1|0|2|2|2|1|0|4|2|0|1|3|0|0|0|2|0|1|0|0|2|4|0|1|2|3|0|1|2|0|3|1|1|2|3|4|4|0|0|4|2|2|2|3|1|2|3|3|2|6|7|2|3|4|6|2|7|7|7|3|1|2|1|0|0|1</HistCounts>
      </HistItem>
    </Histograms>
    <Metadata>
      <MDI key="STATISTICS_MINIMUM">169</MDI>
      <MDI key="STATISTICS_MAXIMUM">1948</MDI>
      <MDI key="STATISTICS_MEAN">1267.0088888889</MDI>
      <MDI key="STATISTICS_STDDEV">656.53439609385</MDI>
      <MDI key="STATISTICS_VALID_PERCENT">100</MDI>
    </Metadata>
  </PAMRasterBand>
</PAMDataset>
