<PAMDataset>
  <PAMRasterBand band="1">
    <Histograms>
      <HistItem>
        <HistMin>239.0711111111111</HistMin>
        <HistMax>658.9288888888889</HistMax>
        <BucketCount>225</BucketCount>
        <IncludeOutOfRange>0</IncludeOutOfRange>
        <Approximate>0</Approximate>
        <HistCounts>1|1|2|1|0|0|3|0|0|2|2|0|0|0|1|0|1|1|0|1|1|0|1|0|0|0|2|0|2|0|0|3|0|1|0|1|1|0|0|0|1|1|1|0|1|0|1|1|0|0|1|1|0|2|0|0|2|1|1|0|4|2|0|1|2|1|1|2|3|2|0|0|4|2|0|1|1|1|1|2|3|2|1|0|1|2|3|2|2|2|0|0|0|1|1|1|1|1|0|3|5|2|1|2|3|0|2|1|2|0|3|4|1|5|1|4|3|5|2|1|1|2|2|3|3|1|3|2|1|5|2|0|1|1|3|2|1|3|3|3|1|4|2|4|1|1|4|1|3|1|1|1|0|0|0|1|0|0|0|2|0|1|0|0|0|1|1|0|0|0|2|0|0|1|1|0|0|0|0|1|0|0|0|0|0|0|0|0|0|0|0|0|0|0|0|0|0|0|0|0|0|1|0|1|0|0|0|0|0|0|0|0|0|0|0|0|0|0|0|0|0|0|0|0|1</HistCounts>
      </HistItem>
    </Histograms>
    <Metadata>
      <MDI key="STATISTICS_MINIMUM">240</MDI>
      <MDI key="STATISTICS_MAXIMUM">658</MDI>
      <MDI key="STATISTICS_MEAN">423.08888888889</MDI>
      <MDI key="STATISTICS_STDDEV">83.036918756317</MDI>
      <MDI key="STATISTICS_VALID_PERCENT">100</MDI>
    </Metadata>
  </PAMRasterBand>
  <PAMRasterBand band="2">
    <Histograms>
      <HistItem>
        <HistMin>185.2044444444444</HistMin>
        <HistMax>544.7955555555556</HistMax>
        <BucketCount>225</BucketCount>
        <IncludeOutOfRange>0</IncludeOutOfRange>
        <Approximate>0</Approximate>
        <HistCounts>1|1|0|0|0|1|1|0|1|0|0|2|0|1|0|0|0|0|1|1|0|0|0|0|0|0|0|0|1|0|1|2|0|2|1|0|1|0|1|1|2|0|2|1|1|0|0|1|1|1|2|1|1|0|0|0|0|0|2|0|0|0|0|0|0|1|0|0|1|1|0|0|1|0|1|0|0|0|1|2|0|0|0|1|0|2|1|1|1|2|1|2|3|1|2|1|4|1|3|1|1|3|0|3|3|3|2|1|2|1|0|0|0|1|1|1|1|0|0|0|1|2|1|1|2|2|1|2|1|1|1|3|2|2|0|4|0|0|0|1|3|5|0|2|2|1|1|2|0|4|1|2|1|6|0|2|3|2|1|2|5|4|2|0|2|2|4|1|1|0|2|3|0|0|0|1|2|1|0|0|2|1|0|4|0|1|1|0|4|0|1|1|0|4|1|1|1|1|2|0|1|1|0|0|0|1|1|0|1|0|0|1|0|1|1|0|0|1|0|0|0|0|0|0|1</HistCounts>
      </HistItem>
    </Histograms>
    <Metadata>
      <MDI key="STATISTICS_MINIMUM">186</MDI>
      <MDI key="STATISTICS_MAXIMUM">544</MDI>
      <MDI key="STATISTICS_MEAN">384.25777777778</MDI>
      <MDI key="STATISTICS_STDDEV">84.09552898378</MDI>
      <MDI key="STATISTICS_VALID_PERCENT">100</MDI>
    </Metadata>
  </PAMRasterBand>
  <PAMRasterBand band="3">
    <Histograms>
      <HistItem>
        <HistMin>259.9244444444444</HistMin>
        <HistMax>746.0755555555555</HistMax>
        <BucketCount>225</BucketCount>
        <IncludeOutOfRange>0</IncludeOutOfRange>
        <Approximate>0</Approximate>
        <HistCounts>1|0|3|0|0|0|1|0|0|1|0|0|0|0|2|1|0|1|1|1|1|0|1|0|1|1|0|0|0|1|1|1|0|2|2|0|0|2|2|0|1|0|1|0|1|0|0|0|2|0|1|0|1|1|0|0|1|0|1|0|0|0|0|0|0|0|0|0|1|0|0|0|0|1|1|1|0|1|0|0|2|1|0|1|2|0|1|2|3|0|2|3|0|3|1|2|2|0|3|1|1|1|0|1|1|3|3|0|3|0|0|2|1|1|3|0|1|3|0|0|2|1|0|1|2|0|1|1|0|1|0|1|0|1|1|1|1|3|2|1|2|1|2|0|2|3|1|0|3|3|0|2|1|1|0|0|2|2|0|2|3|0|1|0|1|1|2|3|1|1|2|4|2|5|4|1|1|2|0|3|4|3|1|1|1|4|0|1|1|1|2|0|0|1|0|1|0|0|1|1|1|2|2|1|0|3|0|2|1|0|0|2|0|0|0|1|1|1|0|3|0|1|1|0|1</HistCounts>
      </HistItem>
    </Histograms>
    <Metadata>
      <MDI key="STATISTICS_MINIMUM">261</MDI>
      <MDI key="STATISTICS_MAXIMUM">745</MDI>
      <MDI key="STATISTICS_MEAN">536.96</MDI>
      <MDI key="STATISTICS_STDDEV">125.22148626423</MDI>
      <MDI key="STATISTICS_VALID_PERCENT">100</MDI>
    </Metadata>
  </PAMRasterBand>
</PAMDataset>
