<PAMDataset>
  <PAMRasterBand band="1">
    <Histograms>
      <HistItem>
        <HistMin>225.4688888888889</HistMin>
        <HistMax>465.5311111111111</HistMax>
        <BucketCount>225</BucketCount>
        <IncludeOutOfRange>0</IncludeOutOfRange>
        <Approximate>0</Approximate>
        <HistCounts>3|0|0|0|0|0|0|1|1|1|0|1|0|1|2|1|0|0|2|1|0|0|0|1|0|0|0|0|1|1|2|0|1|1|0|0|3|4|0|2|0|0|2|0|1|3|2|1|2|1|2|2|0|1|2|1|1|0|1|1|1|0|2|1|3|2|1|3|4|0|10|5|2|1|0|3|2|1|3|2|3|3|3|0|3|0|0|2|0|3|2|1|2|0|2|0|1|3|2|0|0|0|1|3|2|1|1|1|1|2|0|2|2|1|1|0|0|2|1|0|3|1|0|0|0|0|0|2|0|0|1|0|0|1|0|0|0|2|0|1|0|1|0|1|0|0|0|1|1|2|0|0|1|0|0|1|0|1|0|0|0|0|2|2|2|1|1|0|0|0|1|0|2|2|0|0|0|0|0|1|0|2|0|0|1|0|0|5|1|2|2|0|1|1|2|3|2|2|2|1|1|0|1|0|0|2|0|0|1|1|1|1|2|0|1|1|1|0|0|0|0|0|0|0|1</HistCounts>
      </HistItem>
    </Histograms>
    <Metadata>
      <MDI key="STATISTICS_MINIMUM">226</MDI>
      <MDI key="STATISTICS_MAXIMUM">465</MDI>
      <MDI key="STATISTICS_MEAN">335.97333333333</MDI>
      <MDI key="STATISTICS_STDDEV">62.883519833631</MDI>
      <MDI key="STATISTICS_VALID_PERCENT">100</MDI>
    </Metadata>
  </PAMRasterBand>
  <PAMRasterBand band="2">
    <Histograms>
      <HistItem>
        <HistMin>198.4355555555556</HistMin>
        <HistMax>453.5644444444445</HistMax>
        <BucketCount>225</BucketCount>
        <IncludeOutOfRange>0</IncludeOutOfRange>
        <Approximate>0</Approximate>
        <HistCounts>1|0|1|0|2|0|0|2|0|1|0|1|1|1|2|1|2|1|0|5|3|1|4|1|2|5|2|0|2|2|3|5|2|0|7|0|4|3|5|3|3|5|4|3|3|0|1|2|3|2|1|0|1|1|0|0|2|1|1|1|0|2|1|3|0|0|0|1|0|1|1|1|1|3|1|1|1|2|3|1|0|1|2|0|0|1|1|0|1|0|0|1|2|0|0|0|0|0|1|0|1|3|0|0|0|1|0|2|2|0|1|0|1|2|0|0|2|1|0|0|0|1|0|1|0|0|1|3|1|0|3|2|0|0|0|0|1|0|1|0|0|0|0|0|0|0|1|0|2|0|1|0|0|2|0|0|1|1|1|1|1|2|0|0|0|1|0|0|2|0|1|2|0|1|2|3|0|2|0|1|0|0|0|2|0|1|1|0|0|1|0|1|1|1|0|1|0|2|1|0|1|0|0|1|0|2|0|0|1|2|0|0|1|0|1|1|0|0|1|0|1|0|0|0|1</HistCounts>
      </HistItem>
    </Histograms>
    <Metadata>
      <MDI key="STATISTICS_MINIMUM">199</MDI>
      <MDI key="STATISTICS_MAXIMUM">453</MDI>
      <MDI key="STATISTICS_MEAN">295.53333333333</MDI>
      <MDI key="STATISTICS_STDDEV">71.287960647878</MDI>
      <MDI key="STATISTICS_VALID_PERCENT">100</MDI>
    </Metadata>
  </PAMRasterBand>
  <PAMRasterBand band="3">
    <Histograms>
      <HistItem>
        <HistMin>219.0466666666667</HistMin>
        <HistMax>649.9533333333334</HistMax>
        <BucketCount>225</BucketCount>
        <IncludeOutOfRange>0</IncludeOutOfRange>
        <Approximate>0</Approximate>
        <HistCounts>1|2|0|3|3|2|1|3|0|3|5|2|1|1|2|2|0|2|0|2|0|1|1|3|1|0|2|1|1|2|2|2|0|0|0|0|0|2|2|2|0|1|1|1|1|3|3|1|2|1|2|1|1|1|4|2|7|3|1|2|1|4|1|2|0|4|1|1|1|1|1|0|2|1|1|0|1|0|1|0|1|1|0|1|3|1|2|3|3|0|0|1|0|2|0|1|0|0|0|0|1|0|1|0|0|0|0|1|1|0|0|1|0|0|0|0|1|1|0|1|2|1|1|1|0|2|0|2|1|2|0|1|0|1|2|2|1|0|2|2|1|0|0|1|0|1|1|0|0|1|0|0|0|0|0|0|0|0|0|2|0|2|0|1|1|0|0|2|0|1|1|3|1|2|0|2|0|0|0|3|1|2|2|0|1|0|2|0|0|1|2|0|0|0|0|1|0|3|1|2|0|0|1|0|1|0|1|0|1|0|2|1|0|0|0|1|1|0|1|1|0|0|1|0|1</HistCounts>
      </HistItem>
    </Histograms>
    <Metadata>
      <MDI key="STATISTICS_MINIMUM">220</MDI>
      <MDI key="STATISTICS_MAXIMUM">649</MDI>
      <MDI key="STATISTICS_MEAN">393.98222222222</MDI>
      <MDI key="STATISTICS_STDDEV">124.31661958955</MDI>
      <MDI key="STATISTICS_VALID_PERCENT">100</MDI>
    </Metadata>
  </PAMRasterBand>
</PAMDataset>
