<PAMDataset>
  <PAMRasterBand band="1">
    <Histograms>
      <HistItem>
        <HistMin>257.4533333333333</HistMin>
        <HistMax>504.5466666666667</HistMax>
        <BucketCount>225</BucketCount>
        <IncludeOutOfRange>0</IncludeOutOfRange>
        <Approximate>0</Approximate>
        <HistCounts>1|1|0|1|1|2|0|1|2|2|1|3|0|0|1|2|0|1|2|0|0|0|1|0|2|3|1|3|0|1|1|1|0|0|1|2|3|3|2|2|2|1|3|4|0|1|2|1|1|4|1|1|1|4|2|6|4|2|3|2|4|1|0|1|3|1|3|2|1|3|4|2|1|1|6|3|3|2|2|2|4|1|1|1|2|4|0|3|0|0|0|2|2|0|3|1|2|2|1|0|0|0|1|1|1|0|2|0|0|1|1|0|1|0|1|3|0|2|3|0|0|1|1|1|0|0|0|2|0|0|2|2|0|0|2|1|0|2|1|4|1|2|1|1|0|0|1|2|0|0|1|0|1|2|0|0|1|0|0|0|0|1|0|0|2|0|0|0|0|0|0|1|0|1|0|0|0|0|0|0|0|0|1|0|0|0|0|1|0|0|0|0|0|0|0|0|0|0|1|0|1|0|0|0|0|0|0|0|0|0|0|0|0|0|0|0|0|0|0|0|0|0|0|0|1</HistCounts>
      </HistItem>
    </Histograms>
    <Metadata>
      <MDI key="STATISTICS_MINIMUM">258</MDI>
      <MDI key="STATISTICS_MAXIMUM">504</MDI>
      <MDI key="STATISTICS_MEAN">341.79111111111</MDI>
      <MDI key="STATISTICS_STDDEV">49.141572453574</MDI>
      <MDI key="STATISTICS_VALID_PERCENT">100</MDI>
    </Metadata>
  </PAMRasterBand>
  <PAMRasterBand band="2">
    <Histograms>
      <HistItem>
        <HistMin>189.5022831050228</HistMin>
        <HistMax>408.4977168949771</HistMax>
        <BucketCount>219</BucketCount>
        <IncludeOutOfRange>0</IncludeOutOfRange>
        <Approximate>0</Approximate>
        <HistCounts>1|0|0|0|0|0|0|0|1|0|0|1|0|2|0|1|2|0|2|2|2|2|1|2|3|1|0|0|0|1|1|2|0|1|0|2|0|1|2|0|0|1|3|1|2|0|0|2|2|2|1|2|2|4|1|1|2|4|3|5|0|2|3|1|2|4|3|4|1|1|4|6|4|5|5|2|2|1|2|2|4|1|2|2|2|2|2|2|2|1|3|1|0|1|3|2|1|5|0|2|1|2|0|1|0|1|1|0|0|0|0|0|0|2|0|1|1|0|2|0|0|1|0|2|1|2|0|3|0|0|0|0|1|2|0|0|0|0|0|2|1|1|0|0|3|0|1|0|0|0|0|1|2|2|0|2|2|0|0|1|2|1|0|0|0|0|0|1|0|1|1|0|3|0|0|1|1|3|0|1|0|0|0|0|1|0|1|0|0|0|0|0|0|0|0|0|1|0|0|0|0|0|1|0|0|0|0|0|0|0|0|0|0|0|0|0|0|0|1</HistCounts>
      </HistItem>
    </Histograms>
    <Metadata>
      <MDI key="STATISTICS_MINIMUM">190</MDI>
      <MDI key="STATISTICS_MAXIMUM">408</MDI>
      <MDI key="STATISTICS_MEAN">274.21777777778</MDI>
      <MDI key="STATISTICS_STDDEV">45.5263698379</MDI>
      <MDI key="STATISTICS_VALID_PERCENT">100</MDI>
    </Metadata>
  </PAMRasterBand>
  <PAMRasterBand band="3">
    <Histograms>
      <HistItem>
        <HistMin>207.2777777777778</HistMin>
        <HistMax>533.7222222222222</HistMax>
        <BucketCount>225</BucketCount>
        <IncludeOutOfRange>0</IncludeOutOfRange>
        <Approximate>0</Approximate>
        <HistCounts>1|0|0|0|0|0|0|0|1|0|0|0|1|0|1|0|0|0|2|2|2|3|0|1|0|3|0|0|3|0|1|1|2|0|1|1|0|1|2|8|1|4|1|3|3|3|3|3|7|0|4|6|1|2|3|4|5|6|0|1|0|4|2|3|1|3|1|1|2|2|1|2|3|1|2|2|1|3|1|2|0|2|2|2|1|0|0|2|0|0|1|0|2|0|2|2|1|1|1|2|0|3|1|2|1|2|1|0|2|0|0|0|0|0|3|1|0|1|0|1|0|0|0|3|1|2|0|0|1|0|1|0|0|1|0|0|2|1|0|1|1|0|0|2|0|1|0|0|0|1|0|0|1|0|1|0|1|0|2|2|0|1|0|1|1|2|0|0|0|0|1|3|2|0|1|0|1|1|0|1|0|0|1|0|0|0|1|2|0|0|1|2|1|0|0|0|0|0|0|0|0|1|0|0|0|0|0|0|1|0|1|0|0|0|0|0|0|0|0|0|0|0|0|0|1</HistCounts>
      </HistItem>
    </Histograms>
    <Metadata>
      <MDI key="STATISTICS_MINIMUM">208</MDI>
      <MDI key="STATISTICS_MAXIMUM">533</MDI>
      <MDI key="STATISTICS_MEAN">329.17333333333</MDI>
      <MDI key="STATISTICS_STDDEV">72.501287038385</MDI>
      <MDI key="STATISTICS_VALID_PERCENT">100</MDI>
    </Metadata>
  </PAMRasterBand>
</PAMDataset>
