<PAMDataset>
  <PAMRasterBand band="1">
    <Histograms>
      <HistItem>
        <HistMin>267.7311111111111</HistMin>
        <HistMax>841.2688888888889</HistMax>
        <BucketCount>225</BucketCount>
        <IncludeOutOfRange>0</IncludeOutOfRange>
        <Approximate>0</Approximate>
        <HistCounts>1|0|0|0|0|0|0|0|1|0|0|0|0|0|0|0|1|0|1|0|1|0|0|0|0|0|0|1|0|0|0|0|0|0|0|0|0|0|0|1|0|0|0|0|1|0|0|1|0|1|0|0|1|1|0|1|1|1|0|0|0|1|1|0|1|1|1|1|0|1|0|1|1|0|0|0|2|0|0|0|1|0|0|1|0|0|0|0|0|0|0|0|1|0|0|0|0|1|0|0|0|0|0|0|2|1|2|0|0|0|1|0|0|0|1|0|1|1|0|0|1|1|3|0|1|0|0|1|0|1|0|0|0|0|1|1|1|3|1|3|1|0|1|0|1|0|5|3|3|1|3|3|3|3|1|3|6|12|4|1|6|6|4|11|11|11|5|4|5|6|4|2|3|3|3|4|2|7|5|0|1|0|1|1|2|0|1|0|1|0|0|0|0|0|0|0|0|0|0|0|0|0|0|0|0|0|0|0|0|0|0|0|0|0|2|0|0|0|0|1|0|0|0|1|1</HistCounts>
      </HistItem>
    </Histograms>
    <Metadata>
      <MDI key="STATISTICS_MINIMUM">269</MDI>
      <MDI key="STATISTICS_MAXIMUM">840</MDI>
      <MDI key="STATISTICS_MEAN">639.40888888889</MDI>
      <MDI key="STATISTICS_STDDEV">104.11157225085</MDI>
      <MDI key="STATISTICS_VALID_PERCENT">100</MDI>
    </Metadata>
  </PAMRasterBand>
  <PAMRasterBand band="2">
    <Histograms>
      <HistItem>
        <HistMin>337.5888888888889</HistMin>
        <HistMax>975.4111111111112</HistMax>
        <BucketCount>225</BucketCount>
        <IncludeOutOfRange>0</IncludeOutOfRange>
        <Approximate>0</Approximate>
        <HistCounts>1|0|0|0|0|0|0|0|0|0|1|0|2|1|1|0|0|0|0|0|2|0|0|0|1|0|0|0|0|0|0|0|1|0|0|0|0|1|0|0|3|0|1|1|1|0|0|2|1|1|2|1|1|1|2|0|0|0|0|0|0|0|0|0|0|0|1|0|0|3|1|0|1|1|0|0|0|0|1|1|0|1|0|0|0|1|0|1|0|1|0|2|0|0|0|0|1|0|0|0|1|1|0|0|2|2|0|2|0|2|2|8|1|3|4|4|4|2|5|3|4|3|0|8|1|2|8|5|6|3|3|4|6|10|5|5|2|4|4|3|5|1|0|2|2|2|1|1|1|2|1|0|2|3|0|5|1|3|2|1|1|1|2|0|2|0|0|1|0|0|1|0|1|0|1|0|1|0|0|0|0|0|0|0|0|0|0|0|0|0|0|0|0|0|0|0|0|0|0|0|0|0|0|0|0|0|0|0|0|0|1|0|0|0|0|1|0|0|0|0|0|0|0|0|1</HistCounts>
      </HistItem>
    </Histograms>
    <Metadata>
      <MDI key="STATISTICS_MINIMUM">339</MDI>
      <MDI key="STATISTICS_MAXIMUM">974</MDI>
      <MDI key="STATISTICS_MEAN">670.47555555556</MDI>
      <MDI key="STATISTICS_STDDEV">108.75007260392</MDI>
      <MDI key="STATISTICS_VALID_PERCENT">100</MDI>
    </Metadata>
  </PAMRasterBand>
  <PAMRasterBand band="3">
    <Histograms>
      <HistItem>
        <HistMin>484.7866666666667</HistMin>
        <HistMax>1485.213333333333</HistMax>
        <BucketCount>225</BucketCount>
        <IncludeOutOfRange>0</IncludeOutOfRange>
        <Approximate>0</Approximate>
        <HistCounts>1|0|0|0|0|0|0|2|0|0|1|1|0|1|0|1|0|0|0|0|0|0|1|0|0|0|0|1|2|0|1|0|1|2|1|0|1|0|1|0|1|0|0|2|1|2|0|0|1|1|0|1|0|0|1|0|0|1|0|0|0|0|0|0|2|0|0|2|0|2|0|2|0|0|0|1|0|1|0|1|0|1|0|0|1|0|0|1|0|0|1|0|0|0|1|0|2|0|1|1|1|0|2|2|1|3|3|3|1|3|5|4|6|5|1|3|1|5|4|3|5|3|5|8|6|11|4|5|11|2|7|2|5|2|2|1|3|2|0|1|0|2|1|1|0|0|2|2|1|1|1|2|1|1|2|0|0|3|1|0|1|1|0|0|1|0|2|2|0|0|0|1|1|0|0|0|0|2|0|0|0|0|0|0|0|0|0|0|0|0|0|0|0|0|0|0|0|0|0|0|0|0|0|0|0|0|0|0|0|0|0|1|0|0|0|0|1|0|0|0|0|0|0|0|1</HistCounts>
      </HistItem>
    </Histograms>
    <Metadata>
      <MDI key="STATISTICS_MINIMUM">487</MDI>
      <MDI key="STATISTICS_MAXIMUM">1483</MDI>
      <MDI key="STATISTICS_MEAN">984.72444444444</MDI>
      <MDI key="STATISTICS_STDDEV">172.31004246939</MDI>
      <MDI key="STATISTICS_VALID_PERCENT">100</MDI>
    </Metadata>
  </PAMRasterBand>
</PAMDataset>
