<PAMDataset>
  <PAMRasterBand band="1">
    <Histograms>
      <HistItem>
        <HistMin>253.3533333333333</HistMin>
        <HistMax>545.6466666666666</HistMax>
        <BucketCount>225</BucketCount>
        <IncludeOutOfRange>0</IncludeOutOfRange>
        <Approximate>0</Approximate>
        <HistCounts>1|0|0|0|0|0|0|0|0|0|0|0|0|1|0|0|0|0|0|1|0|0|1|0|2|0|0|0|3|2|0|1|2|1|0|1|1|1|7|2|0|3|2|0|1|0|1|0|1|0|0|0|0|0|0|0|0|1|1|0|0|0|2|0|0|0|0|0|0|1|0|1|0|0|1|0|0|1|0|1|0|0|0|0|1|1|0|0|0|0|0|0|0|0|1|1|0|0|0|3|2|1|4|3|3|8|1|2|6|4|4|1|9|2|3|5|2|4|2|5|1|1|3|2|2|3|0|1|1|2|1|2|3|1|2|1|1|0|0|2|3|1|5|2|0|0|1|1|2|2|0|1|2|0|3|1|0|2|3|0|1|2|6|0|0|4|2|1|1|1|1|2|4|0|1|1|2|0|2|1|1|1|1|0|0|0|1|0|0|0|0|2|0|0|0|1|0|0|0|0|0|1|0|0|1|0|0|0|0|0|0|1|1|0|0|1|0|0|0|0|0|0|0|0|1</HistCounts>
      </HistItem>
    </Histograms>
    <Metadata>
      <MDI key="STATISTICS_MINIMUM">254</MDI>
      <MDI key="STATISTICS_MAXIMUM">545</MDI>
      <MDI key="STATISTICS_MEAN">405.40888888889</MDI>
      <MDI key="STATISTICS_STDDEV">60.420393254163</MDI>
      <MDI key="STATISTICS_VALID_PERCENT">100</MDI>
    </Metadata>
  </PAMRasterBand>
  <PAMRasterBand band="2">
    <Histograms>
      <HistItem>
        <HistMin>183.4755555555556</HistMin>
        <HistMax>420.5244444444444</HistMax>
        <BucketCount>225</BucketCount>
        <IncludeOutOfRange>0</IncludeOutOfRange>
        <Approximate>0</Approximate>
        <HistCounts>1|0|0|0|0|0|0|0|0|0|0|0|2|1|1|3|1|0|1|3|2|1|1|0|1|1|1|1|2|2|3|1|0|1|2|2|0|0|0|0|0|1|1|0|2|0|0|0|0|1|0|1|0|1|0|0|0|0|0|0|0|0|1|0|1|0|1|0|1|0|0|0|0|0|0|1|0|0|0|0|0|0|0|0|1|0|0|0|1|0|1|0|1|0|0|0|0|0|0|0|1|1|0|0|0|0|0|1|0|0|0|0|1|0|0|0|1|0|0|1|0|0|0|0|1|0|1|0|0|1|0|0|0|0|0|0|1|1|0|1|0|0|0|2|0|0|0|0|1|3|3|8|3|4|6|7|2|4|8|11|4|2|3|5|8|2|6|5|3|2|5|3|2|2|2|2|1|3|1|1|2|0|1|2|1|0|1|1|1|0|2|0|1|0|1|0|0|1|0|1|0|0|1|0|1|1|1|0|0|0|1|1|1|2|5|1|3|0|1|0|0|0|1|0|4</HistCounts>
      </HistItem>
    </Histograms>
    <Metadata>
      <MDI key="STATISTICS_MINIMUM">184</MDI>
      <MDI key="STATISTICS_MAXIMUM">420</MDI>
      <MDI key="STATISTICS_MEAN">329.87555555556</MDI>
      <MDI key="STATISTICS_STDDEV">62.957287657076</MDI>
      <MDI key="STATISTICS_VALID_PERCENT">100</MDI>
    </Metadata>
  </PAMRasterBand>
  <PAMRasterBand band="3">
    <Histograms>
      <HistItem>
        <HistMin>186.1022222222222</HistMin>
        <HistMax>591.8977777777778</HistMax>
        <BucketCount>225</BucketCount>
        <IncludeOutOfRange>0</IncludeOutOfRange>
        <Approximate>0</Approximate>
        <HistCounts>1|0|0|0|0|1|1|0|0|2|0|0|2|3|6|2|2|1|3|1|1|3|2|1|1|0|1|0|0|0|1|0|1|0|2|1|0|0|0|0|0|2|0|1|1|1|0|0|1|0|0|0|0|0|0|0|1|0|0|1|1|0|0|0|0|1|0|0|0|0|1|0|0|1|0|0|0|0|1|0|1|0|0|1|2|0|0|0|0|0|1|0|2|0|0|0|0|0|0|1|0|0|0|1|0|0|0|1|1|1|0|0|0|1|0|1|0|1|0|2|0|3|0|2|2|3|0|0|0|2|1|0|0|1|2|0|3|0|1|0|2|1|3|1|3|9|3|9|2|7|4|8|5|1|4|5|7|4|4|0|2|1|1|0|0|1|1|6|0|1|3|2|0|0|2|0|1|3|0|1|2|0|1|0|2|2|0|0|1|4|0|0|2|0|1|0|0|0|0|0|2|0|0|0|1|0|0|0|1|0|0|0|0|0|0|0|3|3|1|0|1|0|1|0|1</HistCounts>
      </HistItem>
    </Histograms>
    <Metadata>
      <MDI key="STATISTICS_MINIMUM">187</MDI>
      <MDI key="STATISTICS_MAXIMUM">591</MDI>
      <MDI key="STATISTICS_MEAN">411.64</MDI>
      <MDI key="STATISTICS_STDDEV">107.49031666982</MDI>
      <MDI key="STATISTICS_VALID_PERCENT">100</MDI>
    </Metadata>
  </PAMRasterBand>
</PAMDataset>
