<PAMDataset>
  <PAMRasterBand band="1">
    <Histograms>
      <HistItem>
        <HistMin>262.5222222222222</HistMin>
        <HistMax>930.4777777777778</HistMax>
        <BucketCount>225</BucketCount>
        <IncludeOutOfRange>0</IncludeOutOfRange>
        <Approximate>0</Approximate>
        <HistCounts>1|0|0|1|1|1|1|6|2|5|9|3|4|0|7|5|1|2|5|1|3|6|0|1|0|1|2|3|1|2|2|1|3|2|2|2|1|3|2|1|3|2|2|4|4|4|5|4|2|2|2|1|1|0|2|1|1|0|3|3|3|5|1|1|4|2|7|4|0|0|0|4|3|0|1|1|2|0|2|1|0|0|1|2|0|0|3|1|0|2|1|3|0|0|0|0|3|0|1|1|0|0|0|1|0|1|0|0|0|0|2|1|1|0|0|0|0|1|4|1|0|0|1|0|0|0|0|0|0|1|0|1|1|0|0|1|1|0|0|0|0|0|0|0|0|1|0|1|0|0|0|0|0|1|0|0|0|0|0|0|0|0|0|0|0|0|1|0|0|0|1|0|0|0|0|0|0|1|0|0|0|0|0|0|0|0|0|0|0|0|0|0|0|0|0|0|0|0|0|0|0|0|0|0|0|0|0|0|0|1|0|0|0|0|0|0|0|0|0|0|0|0|0|0|2</HistCounts>
      </HistItem>
    </Histograms>
    <Metadata>
      <MDI key="STATISTICS_MINIMUM">264</MDI>
      <MDI key="STATISTICS_MAXIMUM">929</MDI>
      <MDI key="STATISTICS_MEAN">423.34222222222</MDI>
      <MDI key="STATISTICS_STDDEV">123.39588771986</MDI>
      <MDI key="STATISTICS_VALID_PERCENT">100</MDI>
    </Metadata>
  </PAMRasterBand>
  <PAMRasterBand band="2">
    <Histograms>
      <HistItem>
        <HistMin>236.7644444444445</HistMin>
        <HistMax>795.2355555555556</HistMax>
        <BucketCount>225</BucketCount>
        <IncludeOutOfRange>0</IncludeOutOfRange>
        <Approximate>0</Approximate>
        <HistCounts>1|1|1|5|1|3|0|4|4|1|8|1|0|3|1|3|1|3|1|3|1|3|1|4|0|2|3|4|1|3|2|0|1|2|0|1|2|3|0|1|3|4|0|2|2|1|2|0|1|1|6|1|4|4|5|4|1|0|4|1|2|1|2|1|1|1|3|2|5|1|1|2|1|4|2|0|2|3|1|0|0|1|3|1|2|1|3|3|1|1|0|1|3|1|0|0|1|2|2|0|1|1|3|0|1|0|0|0|0|0|0|0|0|1|0|0|0|2|1|1|0|1|2|0|0|1|1|2|0|0|0|1|0|0|0|1|1|0|1|1|1|1|0|1|0|0|0|0|0|0|0|0|0|0|0|1|1|0|0|0|2|0|0|1|0|0|0|0|1|0|0|0|0|0|0|0|1|0|0|0|0|0|0|1|0|0|0|0|0|0|0|0|0|0|0|0|0|0|0|0|1|1|0|0|0|0|0|0|0|1|0|0|0|0|0|0|0|0|0|0|0|0|0|0|2</HistCounts>
      </HistItem>
    </Histograms>
    <Metadata>
      <MDI key="STATISTICS_MINIMUM">238</MDI>
      <MDI key="STATISTICS_MAXIMUM">794</MDI>
      <MDI key="STATISTICS_MEAN">392.19555555556</MDI>
      <MDI key="STATISTICS_STDDEV">115.78104614709</MDI>
      <MDI key="STATISTICS_VALID_PERCENT">100</MDI>
    </Metadata>
  </PAMRasterBand>
  <PAMRasterBand band="3">
    <Histograms>
      <HistItem>
        <HistMin>271.2777777777778</HistMin>
        <HistMax>1049.722222222222</HistMax>
        <BucketCount>225</BucketCount>
        <IncludeOutOfRange>0</IncludeOutOfRange>
        <Approximate>0</Approximate>
        <HistCounts>1|0|0|1|0|2|1|5|2|1|0|0|4|2|4|1|4|4|3|2|1|1|3|2|1|2|3|1|0|4|3|0|4|1|1|1|2|1|3|1|2|0|0|3|2|5|0|4|5|2|2|3|1|3|2|3|2|1|3|0|2|2|3|1|2|1|2|2|0|0|8|2|1|6|2|1|2|2|0|1|1|0|2|4|0|0|1|1|2|2|0|3|4|0|1|2|1|0|1|3|1|0|0|1|0|2|0|3|0|0|2|1|0|0|1|0|0|0|0|2|2|1|0|0|1|2|1|0|0|0|1|0|0|1|1|0|1|0|0|0|1|1|0|0|0|0|1|1|0|0|0|1|0|1|0|0|0|0|0|1|0|0|0|0|0|0|1|1|0|0|0|0|0|0|0|1|0|0|0|0|0|0|0|0|0|1|0|0|0|0|0|0|0|1|0|0|1|0|0|0|1|0|0|1|0|0|0|0|0|0|0|0|0|0|2|0|0|0|0|0|0|0|0|0|1</HistCounts>
      </HistItem>
    </Histograms>
    <Metadata>
      <MDI key="STATISTICS_MINIMUM">273</MDI>
      <MDI key="STATISTICS_MAXIMUM">1048</MDI>
      <MDI key="STATISTICS_MEAN">501.88</MDI>
      <MDI key="STATISTICS_STDDEV">160.66240326294</MDI>
      <MDI key="STATISTICS_VALID_PERCENT">100</MDI>
    </Metadata>
  </PAMRasterBand>
</PAMDataset>
