<PAMDataset>
  <PAMRasterBand band="1">
    <Histograms>
      <HistItem>
        <HistMin>240.0622222222222</HistMin>
        <HistMax>663.9377777777778</HistMax>
        <BucketCount>225</BucketCount>
        <IncludeOutOfRange>0</IncludeOutOfRange>
        <Approximate>0</Approximate>
        <HistCounts>1|0|0|0|0|1|0|1|1|0|0|0|1|3|2|3|0|0|3|0|2|3|2|0|8|1|0|2|1|1|1|5|3|2|1|4|2|2|3|1|1|1|4|1|1|1|4|2|1|1|5|3|3|3|2|1|3|2|1|3|0|1|0|2|1|1|0|0|1|0|1|1|0|0|3|0|2|0|0|2|2|3|2|2|1|0|2|1|0|1|1|2|0|1|2|2|3|2|0|1|0|0|0|2|3|2|2|2|1|1|1|0|0|3|1|3|2|1|3|1|2|1|2|4|1|1|2|1|0|1|0|1|3|1|0|1|1|1|0|1|0|2|0|0|0|0|0|1|0|0|0|1|0|0|0|0|0|1|0|0|0|0|0|0|0|1|0|0|0|1|1|1|0|0|1|1|0|0|0|0|0|1|0|0|0|0|0|1|1|0|0|0|0|0|1|0|0|1|0|0|1|0|0|1|1|0|1|0|0|0|0|2|0|0|0|0|1|1|2|0|0|0|0|0|1</HistCounts>
      </HistItem>
    </Histograms>
    <Metadata>
      <MDI key="STATISTICS_MINIMUM">241</MDI>
      <MDI key="STATISTICS_MAXIMUM">663</MDI>
      <MDI key="STATISTICS_MEAN">394.98666666667</MDI>
      <MDI key="STATISTICS_STDDEV">100.2795860471</MDI>
      <MDI key="STATISTICS_VALID_PERCENT">100</MDI>
    </Metadata>
  </PAMRasterBand>
  <PAMRasterBand band="2">
    <Histograms>
      <HistItem>
        <HistMin>200.0777777777778</HistMin>
        <HistMax>616.9222222222222</HistMax>
        <BucketCount>225</BucketCount>
        <IncludeOutOfRange>0</IncludeOutOfRange>
        <Approximate>0</Approximate>
        <HistCounts>1|0|1|4|3|1|0|2|2|2|2|3|1|2|4|1|2|2|2|1|1|1|1|1|3|2|0|1|4|2|2|2|2|0|1|1|0|1|0|2|1|0|0|1|1|0|1|2|1|0|0|2|1|1|0|1|0|2|1|1|1|0|0|1|2|0|3|0|1|0|2|2|4|2|1|0|1|1|3|3|1|0|4|1|0|3|0|1|0|0|1|0|0|0|3|0|1|0|0|0|3|1|2|2|2|1|0|1|1|1|4|1|5|2|3|0|1|0|1|3|1|0|2|3|4|1|0|0|2|2|0|6|3|3|2|2|1|2|3|1|0|3|2|1|1|0|0|1|1|0|0|0|0|1|0|0|0|0|0|0|0|0|0|0|1|1|0|0|1|0|0|0|0|0|0|0|0|0|0|1|0|0|1|0|0|0|0|1|0|1|0|0|1|0|0|0|0|1|0|0|0|0|0|0|1|1|0|0|1|1|1|1|0|0|0|0|0|0|1|4|0|0|0|0|2</HistCounts>
      </HistItem>
    </Histograms>
    <Metadata>
      <MDI key="STATISTICS_MINIMUM">201</MDI>
      <MDI key="STATISTICS_MAXIMUM">616</MDI>
      <MDI key="STATISTICS_MEAN">363.23555555556</MDI>
      <MDI key="STATISTICS_STDDEV">107.01901213347</MDI>
      <MDI key="STATISTICS_VALID_PERCENT">100</MDI>
    </Metadata>
  </PAMRasterBand>
  <PAMRasterBand band="3">
    <Histograms>
      <HistItem>
        <HistMin>213.6066666666667</HistMin>
        <HistMax>843.3933333333333</HistMax>
        <BucketCount>225</BucketCount>
        <IncludeOutOfRange>0</IncludeOutOfRange>
        <Approximate>0</Approximate>
        <HistCounts>2|2|2|0|2|3|0|1|1|1|0|2|1|1|3|0|2|1|6|2|2|2|1|1|3|1|0|0|4|4|3|1|0|0|3|1|2|0|1|0|1|1|0|0|2|0|0|1|1|0|0|0|1|0|0|0|1|0|1|1|1|1|0|1|1|0|3|2|0|0|0|1|1|1|0|1|1|1|0|1|2|1|1|2|3|2|4|1|1|0|0|3|3|0|3|4|0|1|0|0|1|3|1|1|0|0|0|0|0|0|0|4|3|1|1|2|3|0|1|2|0|4|2|1|0|1|1|3|1|3|1|5|0|2|4|3|1|2|2|0|1|0|1|5|2|2|1|2|1|0|3|2|1|3|1|2|0|1|0|1|0|0|0|0|0|0|0|0|0|0|1|0|0|0|0|0|1|0|0|0|1|0|0|0|0|0|0|0|0|0|0|1|1|0|0|0|0|0|1|0|1|0|0|0|0|0|1|0|0|0|1|0|0|1|2|0|1|2|0|0|0|1|0|2|1</HistCounts>
      </HistItem>
    </Histograms>
    <Metadata>
      <MDI key="STATISTICS_MINIMUM">215</MDI>
      <MDI key="STATISTICS_MAXIMUM">842</MDI>
      <MDI key="STATISTICS_MEAN">475.28888888889</MDI>
      <MDI key="STATISTICS_STDDEV">163.42822035951</MDI>
      <MDI key="STATISTICS_VALID_PERCENT">100</MDI>
    </Metadata>
  </PAMRasterBand>
</PAMDataset>
