<PAMDataset>
  <PAMRasterBand band="1">
    <Histograms>
      <HistItem>
        <HistMin>203.3311111111111</HistMin>
        <HistMax>505.6688888888889</HistMax>
        <BucketCount>225</BucketCount>
        <IncludeOutOfRange>0</IncludeOutOfRange>
        <Approximate>0</Approximate>
        <HistCounts>1|1|0|1|2|1|0|2|3|0|0|1|1|3|1|0|1|1|0|2|1|0|0|0|0|1|0|0|0|0|0|0|0|3|0|1|0|0|1|0|0|1|1|1|0|2|0|0|0|0|1|0|0|1|2|0|2|1|0|2|1|0|0|1|0|2|0|0|0|1|0|0|0|1|1|1|1|3|1|2|1|0|1|1|0|0|1|0|1|1|2|3|2|1|0|1|0|4|0|0|1|1|0|2|0|0|3|2|0|1|2|0|1|2|0|2|1|3|2|2|1|0|2|0|1|1|1|2|0|3|0|0|0|0|0|0|0|0|3|1|0|1|1|0|2|1|3|1|0|1|1|0|0|0|1|2|6|4|2|2|3|3|1|1|4|1|6|3|3|3|4|1|6|5|2|2|3|1|3|5|1|0|1|0|1|1|0|0|3|0|0|0|1|2|0|0|1|0|1|3|0|0|1|0|1|0|0|0|0|1|0|1|0|0|0|0|0|0|0|1|0|0|0|0|1</HistCounts>
      </HistItem>
    </Histograms>
    <Metadata>
      <MDI key="STATISTICS_MINIMUM">204</MDI>
      <MDI key="STATISTICS_MAXIMUM">505</MDI>
      <MDI key="STATISTICS_MEAN">366.69333333333</MDI>
      <MDI key="STATISTICS_STDDEV">77.230789484793</MDI>
      <MDI key="STATISTICS_VALID_PERCENT">100</MDI>
    </Metadata>
  </PAMRasterBand>
  <PAMRasterBand band="2">
    <Histograms>
      <HistItem>
        <HistMin>150.3333333333333</HistMin>
        <HistMax>451.6666666666667</HistMax>
        <BucketCount>225</BucketCount>
        <IncludeOutOfRange>0</IncludeOutOfRange>
        <Approximate>0</Approximate>
        <HistCounts>1|3|1|0|2|0|0|3|1|2|3|0|0|2|0|0|2|0|2|0|0|1|1|0|0|3|0|1|0|1|3|3|0|0|0|0|0|1|0|1|1|0|0|1|0|1|0|1|1|2|0|0|4|0|1|1|0|4|0|0|5|2|4|3|1|1|7|1|0|2|1|2|1|1|2|2|1|1|1|1|1|1|3|3|1|0|1|3|1|2|0|2|0|2|0|0|0|0|0|0|2|1|0|1|2|0|1|1|1|2|0|1|0|0|0|1|2|1|0|1|2|2|1|0|1|0|2|1|1|0|0|1|0|1|2|0|0|2|0|0|0|0|0|2|1|2|0|0|3|3|0|2|2|5|0|3|2|0|6|2|3|2|0|1|0|1|2|0|0|2|0|0|2|0|1|0|0|1|0|1|0|1|2|2|2|1|1|2|0|0|0|1|1|0|3|1|1|1|0|2|0|0|0|0|0|1|0|2|2|0|0|0|0|0|0|0|0|0|0|0|0|1|0|2|1</HistCounts>
      </HistItem>
    </Histograms>
    <Metadata>
      <MDI key="STATISTICS_MINIMUM">151</MDI>
      <MDI key="STATISTICS_MAXIMUM">451</MDI>
      <MDI key="STATISTICS_MEAN">289.77333333333</MDI>
      <MDI key="STATISTICS_STDDEV">80.410707965765</MDI>
      <MDI key="STATISTICS_VALID_PERCENT">100</MDI>
    </Metadata>
  </PAMRasterBand>
  <PAMRasterBand band="3">
    <Histograms>
      <HistItem>
        <HistMin>162.1044444444445</HistMin>
        <HistMax>566.8955555555556</HistMax>
        <BucketCount>225</BucketCount>
        <IncludeOutOfRange>0</IncludeOutOfRange>
        <Approximate>0</Approximate>
        <HistCounts>2|2|0|1|0|1|2|5|0|1|2|1|1|0|3|0|3|2|0|2|1|1|1|1|1|0|1|1|1|0|1|0|0|0|2|1|0|0|1|1|1|1|1|3|1|2|2|1|4|5|1|2|0|4|3|1|1|2|6|2|1|6|1|2|1|1|0|0|2|0|0|1|2|2|0|0|1|1|2|0|0|1|0|1|1|0|1|1|0|1|0|1|2|1|0|0|0|2|2|0|0|1|1|0|0|0|1|0|0|1|0|0|2|0|3|1|0|1|2|0|1|0|1|1|0|2|0|1|0|0|1|1|1|1|0|0|1|0|1|0|1|0|0|1|0|0|3|1|0|0|2|2|1|1|0|2|3|3|1|0|3|3|4|3|0|2|2|0|0|1|0|2|1|0|1|2|0|0|1|0|1|1|0|1|0|1|2|3|1|1|1|1|0|1|0|1|1|1|3|1|0|1|0|1|0|1|0|0|0|1|0|2|0|1|0|0|0|0|0|0|1|0|2|0|1</HistCounts>
      </HistItem>
    </Histograms>
    <Metadata>
      <MDI key="STATISTICS_MINIMUM">163</MDI>
      <MDI key="STATISTICS_MAXIMUM">566</MDI>
      <MDI key="STATISTICS_MEAN">341.53333333333</MDI>
      <MDI key="STATISTICS_STDDEV">115.2455156997</MDI>
      <MDI key="STATISTICS_VALID_PERCENT">100</MDI>
    </Metadata>
  </PAMRasterBand>
</PAMDataset>
