<PAMDataset>
  <PAMRasterBand band="1">
    <Histograms>
      <HistItem>
        <HistMin>313.6355555555556</HistMin>
        <HistMax>930.3644444444444</HistMax>
        <BucketCount>225</BucketCount>
        <IncludeOutOfRange>0</IncludeOutOfRange>
        <Approximate>0</Approximate>
        <HistCounts>1|0|0|0|3|1|0|4|1|2|1|0|3|1|1|2|1|2|1|1|1|0|5|3|1|4|2|5|5|6|4|8|6|3|3|5|4|2|2|4|8|2|3|5|3|3|1|2|0|5|2|2|1|2|3|1|1|3|3|2|0|4|3|2|1|0|1|0|0|0|1|0|0|0|0|0|0|0|0|1|0|0|0|1|0|0|0|0|0|1|0|0|0|0|0|0|0|0|0|0|1|1|0|1|0|0|1|1|3|0|1|1|0|0|0|1|1|0|1|0|2|1|1|2|1|2|0|4|2|0|0|0|1|0|1|2|0|0|0|0|0|0|0|0|0|0|0|1|0|0|0|1|0|0|0|0|0|0|0|0|0|0|0|0|0|0|1|0|0|0|0|0|0|0|0|0|0|0|0|0|0|0|0|1|0|0|1|0|0|1|1|0|1|1|2|1|2|1|1|1|0|0|0|1|1|1|0|2|1|3|0|0|0|0|0|0|0|0|0|0|0|1|0|0|1</HistCounts>
      </HistItem>
    </Histograms>
    <Metadata>
      <MDI key="STATISTICS_MINIMUM">315</MDI>
      <MDI key="STATISTICS_MAXIMUM">929</MDI>
      <MDI key="STATISTICS_MEAN">500.84888888889</MDI>
      <MDI key="STATISTICS_STDDEV">159.70718848668</MDI>
      <MDI key="STATISTICS_VALID_PERCENT">100</MDI>
    </Metadata>
  </PAMRasterBand>
  <PAMRasterBand band="2">
    <Histograms>
      <HistItem>
        <HistMin>233.7155555555556</HistMin>
        <HistMax>814.2844444444445</HistMax>
        <BucketCount>225</BucketCount>
        <IncludeOutOfRange>0</IncludeOutOfRange>
        <Approximate>0</Approximate>
        <HistCounts>2|0|0|1|1|0|0|0|0|0|2|2|0|1|1|1|1|2|0|0|1|1|2|0|0|2|0|1|1|3|1|3|5|1|3|2|2|0|0|1|1|1|0|2|1|5|0|1|2|1|2|1|0|1|2|3|0|0|0|0|1|2|2|2|3|1|1|5|3|3|2|2|2|2|3|1|5|2|4|5|1|9|7|7|2|1|3|2|3|2|0|0|2|2|0|0|1|1|0|0|2|2|1|0|1|1|0|1|0|0|0|0|0|0|0|1|3|2|1|0|1|0|1|1|1|0|1|0|1|1|0|2|0|2|0|0|0|0|0|0|0|0|0|1|0|0|1|0|1|0|0|0|0|1|0|0|1|0|2|0|1|0|3|1|1|0|0|0|0|0|0|0|0|0|1|0|0|0|0|0|1|0|1|0|0|0|0|1|0|0|0|0|0|1|0|0|1|0|0|1|0|0|1|1|0|0|0|0|2|0|1|1|2|2|2|1|0|3|1|0|1|0|0|0|1</HistCounts>
      </HistItem>
    </Histograms>
    <Metadata>
      <MDI key="STATISTICS_MINIMUM">235</MDI>
      <MDI key="STATISTICS_MAXIMUM">813</MDI>
      <MDI key="STATISTICS_MEAN">462.33777777778</MDI>
      <MDI key="STATISTICS_STDDEV">143.04256287924</MDI>
      <MDI key="STATISTICS_VALID_PERCENT">100</MDI>
    </Metadata>
  </PAMRasterBand>
  <PAMRasterBand band="3">
    <Histograms>
      <HistItem>
        <HistMin>293.7955555555556</HistMin>
        <HistMax>1290.204444444444</HistMax>
        <BucketCount>225</BucketCount>
        <IncludeOutOfRange>0</IncludeOutOfRange>
        <Approximate>0</Approximate>
        <HistCounts>1|0|1|1|1|0|0|1|2|1|2|1|2|0|1|0|1|1|0|2|1|1|3|3|1|2|3|2|2|0|1|0|2|4|4|1|1|0|1|1|2|0|1|1|1|0|1|1|1|0|0|2|0|0|0|0|0|1|2|1|0|0|1|4|3|2|1|0|4|2|1|0|1|3|1|5|2|3|2|4|2|3|2|7|4|6|6|3|4|8|0|0|2|2|1|3|1|0|1|2|1|2|0|2|1|1|1|2|0|1|1|1|2|1|1|0|0|1|0|1|0|1|0|0|0|1|1|1|0|1|0|0|0|0|0|0|0|1|0|0|1|0|0|0|0|0|0|1|1|0|0|0|0|0|0|3|0|0|0|1|1|0|0|0|0|0|2|0|1|0|0|2|2|2|0|0|0|0|0|2|1|0|2|0|0|1|0|0|1|2|1|0|1|0|1|0|1|0|2|0|1|1|0|1|0|0|0|0|0|1|0|0|0|0|0|0|0|2|0|0|0|0|0|0|1</HistCounts>
      </HistItem>
    </Histograms>
    <Metadata>
      <MDI key="STATISTICS_MINIMUM">296</MDI>
      <MDI key="STATISTICS_MAXIMUM">1288</MDI>
      <MDI key="STATISTICS_MEAN">678.46666666667</MDI>
      <MDI key="STATISTICS_STDDEV">234.15660476603</MDI>
      <MDI key="STATISTICS_VALID_PERCENT">100</MDI>
    </Metadata>
  </PAMRasterBand>
</PAMDataset>
