<PAMDataset>
  <PAMRasterBand band="1">
    <Histograms>
      <HistItem>
        <HistMin>284.5041666666667</HistMin>
        <HistMax>404.4958333333333</HistMax>
        <BucketCount>120</BucketCount>
        <IncludeOutOfRange>0</IncludeOutOfRange>
        <Approximate>0</Approximate>
        <HistCounts>2|2|2|1|0|0|1|1|1|2|2|3|4|5|3|1|6|5|7|5|8|3|4|3|6|7|4|8|7|7|5|5|2|7|5|4|2|3|5|3|4|4|1|5|3|2|3|0|2|2|5|1|3|0|1|1|0|0|3|3|0|0|0|2|0|0|1|0|0|0|2|0|0|0|5|1|3|1|1|0|0|0|2|1|0|0|0|2|0|0|0|0|1|0|0|0|0|0|0|0|0|0|0|0|2|0|0|0|3|1|0|1|0|0|0|0|1|0|0|1</HistCounts>
      </HistItem>
    </Histograms>
    <Metadata>
      <MDI key="STATISTICS_MINIMUM">285</MDI>
      <MDI key="STATISTICS_MAXIMUM">404</MDI>
      <MDI key="STATISTICS_MEAN">321.45777777778</MDI>
      <MDI key="STATISTICS_STDDEV">24.157248637384</MDI>
      <MDI key="STATISTICS_VALID_PERCENT">100</MDI>
    </Metadata>
  </PAMRasterBand>
  <PAMRasterBand band="2">
    <Histograms>
      <HistItem>
        <HistMin>203.505</HistMin>
        <HistMax>303.495</HistMax>
        <BucketCount>100</BucketCount>
        <IncludeOutOfRange>0</IncludeOutOfRange>
        <Approximate>0</Approximate>
        <HistCounts>2|0|0|0|0|0|0|0|2|1|1|0|1|0|1|4|3|5|3|11|6|4|5|7|2|11|8|17|3|5|6|5|8|4|10|3|7|3|5|9|3|2|3|2|4|2|1|5|3|6|2|0|1|1|1|0|0|0|1|1|1|6|1|1|0|2|1|1|0|1|0|0|0|1|0|0|1|0|0|0|0|0|0|1|0|0|2|1|0|0|0|3|1|0|0|0|0|0|0|1</HistCounts>
      </HistItem>
    </Histograms>
    <Metadata>
      <MDI key="STATISTICS_MINIMUM">204</MDI>
      <MDI key="STATISTICS_MAXIMUM">303</MDI>
      <MDI key="STATISTICS_MEAN">239.09333333333</MDI>
      <MDI key="STATISTICS_STDDEV">17.551579859248</MDI>
      <MDI key="STATISTICS_VALID_PERCENT">100</MDI>
    </Metadata>
  </PAMRasterBand>
  <PAMRasterBand band="3">
    <Histograms>
      <HistItem>
        <HistMin>173.5044642857143</HistMin>
        <HistMax>285.4955357142857</HistMax>
        <BucketCount>112</BucketCount>
        <IncludeOutOfRange>0</IncludeOutOfRange>
        <Approximate>0</Approximate>
        <HistCounts>1|0|0|1|0|0|0|1|0|0|0|0|1|0|2|1|1|0|2|1|2|5|4|3|5|4|6|8|7|5|10|5|10|6|8|8|5|9|6|6|8|5|6|2|7|5|5|3|3|5|2|1|0|3|2|2|0|2|2|3|1|2|0|0|1|1|2|1|1|1|0|0|0|0|0|0|0|1|0|1|0|0|0|0|0|1|0|1|0|1|1|1|0|0|0|0|3|1|0|0|0|0|1|1|0|0|2|0|0|0|0|1</HistCounts>
      </HistItem>
    </Histograms>
    <Metadata>
      <MDI key="STATISTICS_MINIMUM">174</MDI>
      <MDI key="STATISTICS_MAXIMUM">285</MDI>
      <MDI key="STATISTICS_MEAN">214.53333333333</MDI>
      <MDI key="STATISTICS_STDDEV">19.214809103629</MDI>
      <MDI key="STATISTICS_VALID_PERCENT">100</MDI>
    </Metadata>
  </PAMRasterBand>
</PAMDataset>
