<PAMDataset>
  <PAMRasterBand band="1">
    <Histograms>
      <HistItem>
        <HistMin>238.4333333333333</HistMin>
        <HistMax>494.5666666666667</HistMax>
        <BucketCount>225</BucketCount>
        <IncludeOutOfRange>0</IncludeOutOfRange>
        <Approximate>0</Approximate>
        <HistCounts>1|0|1|0|0|0|0|0|0|1|0|3|0|1|0|0|0|0|1|2|0|1|3|0|2|1|0|1|1|0|1|0|0|2|1|1|1|1|0|0|5|1|1|2|3|1|0|2|0|2|2|0|1|2|2|3|2|0|1|1|1|1|3|0|0|2|1|3|2|3|1|2|0|1|1|0|0|1|0|0|1|0|3|4|0|0|3|2|0|1|3|1|0|2|1|0|1|2|2|1|2|1|0|1|2|3|2|0|0|2|1|1|1|2|0|0|0|1|1|0|1|0|0|3|1|0|6|2|1|2|1|2|1|1|5|2|3|2|2|2|5|3|0|2|3|0|3|0|4|1|0|4|1|2|1|2|0|0|2|0|1|0|1|2|1|0|1|0|1|1|2|1|0|0|0|1|0|2|0|1|1|0|1|0|2|0|1|1|1|0|0|0|0|0|1|1|0|0|0|0|1|0|0|0|0|0|1|0|0|1|1|0|0|0|0|0|0|0|0|0|0|0|0|0|1</HistCounts>
      </HistItem>
    </Histograms>
    <Metadata>
      <MDI key="STATISTICS_MINIMUM">239</MDI>
      <MDI key="STATISTICS_MAXIMUM">494</MDI>
      <MDI key="STATISTICS_MEAN">355.73333333333</MDI>
      <MDI key="STATISTICS_STDDEV">58.068235723156</MDI>
      <MDI key="STATISTICS_VALID_PERCENT">100</MDI>
    </Metadata>
  </PAMRasterBand>
  <PAMRasterBand band="2">
    <Histograms>
      <HistItem>
        <HistMin>196.5022522522522</HistMin>
        <HistMax>418.4977477477477</HistMax>
        <BucketCount>222</BucketCount>
        <IncludeOutOfRange>0</IncludeOutOfRange>
        <Approximate>0</Approximate>
        <HistCounts>1|2|1|1|0|0|0|1|0|2|1|1|2|0|1|0|0|2|0|1|2|1|0|1|0|1|0|2|0|1|0|2|3|4|3|1|2|2|4|1|0|1|0|1|0|0|1|3|1|3|2|0|1|1|2|0|0|2|3|1|2|1|1|3|0|1|0|1|2|1|2|1|2|1|2|1|1|5|1|1|0|0|1|0|0|2|0|1|0|1|0|2|1|1|0|0|0|1|0|2|1|4|0|2|0|1|0|0|3|1|0|1|0|0|1|0|0|0|0|1|0|1|2|0|1|1|3|2|0|1|0|2|1|0|1|2|2|2|3|2|1|1|4|5|5|1|2|1|4|1|0|1|1|3|0|4|0|1|2|2|1|3|1|2|1|2|1|1|0|1|0|0|0|0|0|0|0|0|1|0|0|1|0|1|0|0|0|0|1|1|0|1|1|1|1|0|1|1|0|1|1|0|0|1|1|0|0|1|1|1|1|1|0|1|0|0|1|0|0|0|0|1</HistCounts>
      </HistItem>
    </Histograms>
    <Metadata>
      <MDI key="STATISTICS_MINIMUM">197</MDI>
      <MDI key="STATISTICS_MAXIMUM">418</MDI>
      <MDI key="STATISTICS_MEAN">298.55111111111</MDI>
      <MDI key="STATISTICS_STDDEV">57.937117721514</MDI>
      <MDI key="STATISTICS_VALID_PERCENT">100</MDI>
    </Metadata>
  </PAMRasterBand>
  <PAMRasterBand band="3">
    <Histograms>
      <HistItem>
        <HistMin>202.0777777777778</HistMin>
        <HistMax>618.9222222222222</HistMax>
        <BucketCount>225</BucketCount>
        <IncludeOutOfRange>0</IncludeOutOfRange>
        <Approximate>0</Approximate>
        <HistCounts>1|0|0|1|0|1|2|1|2|3|3|0|0|2|1|3|2|1|1|1|1|2|3|1|4|4|2|2|3|3|2|0|3|0|1|1|1|1|2|3|3|0|2|5|0|1|2|1|2|2|1|0|1|2|1|2|1|1|1|1|2|0|2|1|1|2|1|1|0|1|2|0|2|1|1|1|0|2|1|1|2|0|3|0|2|0|1|0|1|2|1|1|0|0|0|1|0|0|2|0|2|0|0|0|2|0|0|0|1|0|2|1|0|0|0|1|0|1|2|1|2|0|0|0|2|5|3|2|5|2|4|2|7|2|2|4|1|2|0|1|1|0|2|0|2|0|0|0|1|0|1|1|1|1|0|1|0|1|1|1|1|1|2|0|0|0|1|0|0|0|1|1|1|0|0|0|0|1|0|0|0|1|0|0|1|0|0|0|0|0|0|0|0|0|0|0|0|0|1|0|2|0|0|0|0|0|0|2|0|0|0|0|0|1|1|0|0|0|0|1|0|1|0|0|1</HistCounts>
      </HistItem>
    </Histograms>
    <Metadata>
      <MDI key="STATISTICS_MINIMUM">203</MDI>
      <MDI key="STATISTICS_MAXIMUM">618</MDI>
      <MDI key="STATISTICS_MEAN">360.86666666667</MDI>
      <MDI key="STATISTICS_STDDEV">103.97546719192</MDI>
      <MDI key="STATISTICS_VALID_PERCENT">100</MDI>
    </Metadata>
  </PAMRasterBand>
</PAMDataset>
