<PAMDataset>
  <PAMRasterBand band="1">
    <Histograms>
      <HistItem>
        <HistMin>204.5036496350365</HistMin>
        <HistMax>341.4963503649635</HistMax>
        <BucketCount>137</BucketCount>
        <IncludeOutOfRange>0</IncludeOutOfRange>
        <Approximate>0</Approximate>
        <HistCounts>1|0|0|1|1|1|1|0|0|0|0|1|1|0|0|1|1|0|0|1|2|0|0|0|0|0|0|0|0|0|0|0|0|1|0|0|0|0|0|0|0|0|0|0|0|0|0|0|1|0|0|0|2|0|0|0|0|0|1|0|0|0|0|0|0|0|0|0|0|0|0|0|3|0|0|0|1|0|0|0|0|0|0|0|1|0|0|1|0|0|1|1|2|3|5|14|6|11|4|8|7|11|10|10|14|5|8|6|7|5|6|1|4|4|6|4|3|3|5|2|1|3|3|3|2|4|3|3|1|0|0|1|1|0|0|0|1</HistCounts>
      </HistItem>
    </Histograms>
    <Metadata>
      <MDI key="STATISTICS_MINIMUM">205</MDI>
      <MDI key="STATISTICS_MAXIMUM">341</MDI>
      <MDI key="STATISTICS_MEAN">304.26666666667</MDI>
      <MDI key="STATISTICS_STDDEV">24.9835501436</MDI>
      <MDI key="STATISTICS_VALID_PERCENT">100</MDI>
    </Metadata>
  </PAMRasterBand>
  <PAMRasterBand band="2">
    <Histograms>
      <HistItem>
        <HistMin>160.5038461538462</HistMin>
        <HistMax>290.4961538461538</HistMax>
        <BucketCount>130</BucketCount>
        <IncludeOutOfRange>0</IncludeOutOfRange>
        <Approximate>0</Approximate>
        <HistCounts>1|0|2|0|1|0|1|0|0|0|0|1|0|0|0|1|1|1|1|0|1|0|1|0|0|0|0|0|0|0|0|0|0|0|1|0|0|0|1|1|0|0|0|0|0|0|0|0|0|0|0|2|0|0|0|0|0|1|0|0|0|0|0|1|0|0|0|0|0|1|0|0|0|1|0|2|0|0|2|3|1|0|1|4|2|6|2|2|13|9|12|12|13|15|11|9|8|5|3|5|3|5|2|4|4|3|2|5|2|1|4|2|4|3|4|2|2|1|3|2|2|1|0|1|1|0|0|0|0|1</HistCounts>
      </HistItem>
    </Histograms>
    <Metadata>
      <MDI key="STATISTICS_MINIMUM">161</MDI>
      <MDI key="STATISTICS_MAXIMUM">290</MDI>
      <MDI key="STATISTICS_MEAN">251.42222222222</MDI>
      <MDI key="STATISTICS_STDDEV">23.231098781962</MDI>
      <MDI key="STATISTICS_VALID_PERCENT">100</MDI>
    </Metadata>
  </PAMRasterBand>
  <PAMRasterBand band="3">
    <Histograms>
      <HistItem>
        <HistMin>193.5022421524664</HistMin>
        <HistMax>416.4977578475336</HistMax>
        <BucketCount>223</BucketCount>
        <IncludeOutOfRange>0</IncludeOutOfRange>
        <Approximate>0</Approximate>
        <HistCounts>1|0|0|1|0|0|1|0|0|0|0|0|2|0|0|0|0|1|0|0|0|0|0|0|0|1|0|0|0|1|1|0|0|0|0|0|0|0|0|0|1|0|0|0|0|0|1|0|1|0|0|0|0|1|0|0|0|0|0|0|1|0|1|0|0|1|0|0|0|0|0|0|0|0|0|0|0|0|0|0|0|1|0|0|0|0|0|0|0|0|0|0|0|0|0|0|0|0|0|0|0|1|0|0|1|1|1|0|0|0|0|0|1|0|0|0|1|1|0|0|0|0|1|0|1|0|1|0|2|0|0|1|0|0|0|1|0|0|0|0|0|0|0|1|0|0|0|2|2|1|1|0|1|0|1|0|3|2|1|3|4|5|8|0|2|5|9|4|8|7|4|4|4|4|5|2|3|4|3|3|3|2|1|1|4|7|5|4|0|2|2|2|1|7|1|1|6|5|0|1|3|3|0|2|4|1|0|4|4|1|0|0|0|1|5|1|0|2|0|1|0|0|1</HistCounts>
      </HistItem>
    </Histograms>
    <Metadata>
      <MDI key="STATISTICS_MINIMUM">194</MDI>
      <MDI key="STATISTICS_MAXIMUM">416</MDI>
      <MDI key="STATISTICS_MEAN">359.03555555556</MDI>
      <MDI key="STATISTICS_STDDEV">43.939843501241</MDI>
      <MDI key="STATISTICS_VALID_PERCENT">100</MDI>
    </Metadata>
  </PAMRasterBand>
</PAMDataset>
