<PAMDataset>
  <PAMRasterBand band="1">
    <Histograms>
      <HistItem>
        <HistMin>231.2066666666667</HistMin>
        <HistMax>589.7933333333333</HistMax>
        <BucketCount>225</BucketCount>
        <IncludeOutOfRange>0</IncludeOutOfRange>
        <Approximate>0</Approximate>
        <HistCounts>1|0|1|0|1|1|0|0|1|1|0|1|0|1|2|0|2|0|0|2|1|1|0|1|3|0|0|0|0|1|0|1|0|0|1|2|3|0|6|0|2|4|2|5|0|2|2|3|3|2|1|6|2|4|2|3|5|2|2|2|2|2|0|1|0|2|1|1|1|0|0|0|3|1|0|0|0|2|0|1|4|2|2|3|1|1|2|1|1|1|1|0|0|1|1|1|0|1|1|2|2|0|1|0|2|2|0|0|0|1|1|0|1|1|3|2|0|1|0|1|1|1|0|0|1|0|2|2|3|0|2|2|1|0|2|0|2|0|0|1|0|0|1|1|0|2|5|2|1|3|2|2|2|1|6|1|3|0|2|1|2|3|1|1|1|0|4|0|0|1|1|3|0|0|0|0|0|0|1|0|0|0|0|0|0|0|0|1|0|0|0|0|0|1|0|0|0|0|0|0|0|0|0|0|0|0|0|0|0|0|0|0|0|0|0|0|0|0|0|0|0|0|0|0|1</HistCounts>
      </HistItem>
    </Histograms>
    <Metadata>
      <MDI key="STATISTICS_MINIMUM">232</MDI>
      <MDI key="STATISTICS_MAXIMUM">589</MDI>
      <MDI key="STATISTICS_MEAN">375.87111111111</MDI>
      <MDI key="STATISTICS_STDDEV">80.012811813615</MDI>
      <MDI key="STATISTICS_VALID_PERCENT">100</MDI>
    </Metadata>
  </PAMRasterBand>
  <PAMRasterBand band="2">
    <Histograms>
      <HistItem>
        <HistMin>207.3466666666667</HistMin>
        <HistMax>502.6533333333333</HistMax>
        <BucketCount>225</BucketCount>
        <IncludeOutOfRange>0</IncludeOutOfRange>
        <Approximate>0</Approximate>
        <HistCounts>1|0|1|0|0|0|0|0|1|2|1|1|2|3|5|1|0|0|4|2|3|2|2|0|7|4|3|5|3|5|1|1|1|3|3|3|1|5|0|2|6|2|1|1|0|1|3|0|0|1|0|0|0|1|1|1|2|1|0|0|1|2|3|0|0|2|2|1|1|0|0|1|3|1|0|2|1|1|0|2|1|0|2|1|0|1|1|2|3|0|0|0|2|0|0|0|1|0|2|0|1|0|0|1|2|0|0|0|0|0|0|0|0|0|0|1|1|2|0|0|0|2|3|1|1|0|0|0|2|0|1|0|0|0|0|0|2|0|0|1|0|1|0|0|1|0|2|0|0|0|0|0|2|0|1|1|0|0|1|1|1|0|2|0|1|0|0|0|0|0|1|4|0|0|0|2|0|1|1|0|0|1|2|2|2|2|1|3|0|1|3|3|0|0|2|1|1|1|0|1|2|1|0|2|0|1|1|0|2|1|2|0|0|1|0|0|0|0|0|0|0|1|1|0|2</HistCounts>
      </HistItem>
    </Histograms>
    <Metadata>
      <MDI key="STATISTICS_MINIMUM">208</MDI>
      <MDI key="STATISTICS_MAXIMUM">502</MDI>
      <MDI key="STATISTICS_MEAN">327.78666666667</MDI>
      <MDI key="STATISTICS_STDDEV">89.220569626317</MDI>
      <MDI key="STATISTICS_VALID_PERCENT">100</MDI>
    </Metadata>
  </PAMRasterBand>
  <PAMRasterBand band="3">
    <Histograms>
      <HistItem>
        <HistMin>221.8066666666667</HistMin>
        <HistMax>761.1933333333334</HistMax>
        <BucketCount>225</BucketCount>
        <IncludeOutOfRange>0</IncludeOutOfRange>
        <Approximate>0</Approximate>
        <HistCounts>1|0|3|1|0|4|1|0|1|1|1|1|0|5|4|1|3|1|1|2|3|1|0|2|1|2|0|2|5|2|3|1|2|3|1|2|6|2|3|1|4|0|3|2|1|4|2|2|2|2|1|2|3|0|1|0|1|0|1|0|0|1|0|2|1|0|1|0|1|2|1|0|2|0|0|2|1|0|0|3|1|3|0|1|1|1|0|0|2|2|1|1|2|3|0|0|1|0|0|0|0|2|0|2|0|0|1|0|0|0|0|2|0|0|0|0|0|0|0|0|1|0|1|0|0|0|1|0|0|0|0|0|0|1|1|1|0|1|0|1|0|1|1|1|0|0|1|0|1|0|1|0|2|0|1|0|1|0|0|2|2|2|0|0|1|0|1|0|0|0|1|1|0|0|0|1|0|1|0|1|0|3|0|1|1|0|1|1|2|0|1|0|1|2|4|0|2|3|2|3|1|1|0|1|2|1|1|1|1|3|2|0|0|1|0|0|0|0|0|1|1|0|0|2|1</HistCounts>
      </HistItem>
    </Histograms>
    <Metadata>
      <MDI key="STATISTICS_MINIMUM">223</MDI>
      <MDI key="STATISTICS_MAXIMUM">760</MDI>
      <MDI key="STATISTICS_MEAN">444.04</MDI>
      <MDI key="STATISTICS_STDDEV">168.32020595678</MDI>
      <MDI key="STATISTICS_VALID_PERCENT">100</MDI>
    </Metadata>
  </PAMRasterBand>
</PAMDataset>
