<PAMDataset>
  <PAMRasterBand band="1">
    <Histograms>
      <HistItem>
        <HistMin>280.9066666666667</HistMin>
        <HistMax>775.0933333333334</HistMax>
        <BucketCount>225</BucketCount>
        <IncludeOutOfRange>0</IncludeOutOfRange>
        <Approximate>0</Approximate>
        <HistCounts>1|1|3|2|3|2|2|4|2|1|5|3|3|4|2|5|5|2|3|3|8|8|3|6|1|3|2|2|6|3|3|1|1|1|3|4|0|0|1|2|1|1|3|1|0|1|0|2|0|1|1|0|0|0|2|0|0|0|1|1|1|2|0|2|1|0|1|0|1|1|1|0|0|2|0|0|2|1|0|0|0|3|2|2|2|4|3|2|1|2|3|0|0|2|3|2|0|0|0|5|0|0|2|1|0|0|2|1|0|2|1|0|2|1|4|0|1|2|1|2|0|0|1|0|0|1|0|1|1|3|1|1|1|0|0|0|0|0|1|0|0|0|0|0|2|0|0|0|0|0|0|0|0|1|0|0|0|0|1|0|0|0|0|1|0|0|0|0|0|0|0|0|0|1|0|0|1|0|0|0|0|1|0|0|0|0|0|0|0|0|1|0|0|0|0|0|0|0|1|0|0|0|0|0|0|0|0|0|1|0|0|0|0|0|0|0|0|0|0|0|0|0|0|0|1</HistCounts>
      </HistItem>
    </Histograms>
    <Metadata>
      <MDI key="STATISTICS_MINIMUM">282</MDI>
      <MDI key="STATISTICS_MAXIMUM">774</MDI>
      <MDI key="STATISTICS_MEAN">409.45333333333</MDI>
      <MDI key="STATISTICS_STDDEV">105.55768849307</MDI>
      <MDI key="STATISTICS_VALID_PERCENT">100</MDI>
    </Metadata>
  </PAMRasterBand>
  <PAMRasterBand band="2">
    <Histograms>
      <HistItem>
        <HistMin>211.6666666666667</HistMin>
        <HistMax>814.3333333333334</HistMax>
        <BucketCount>225</BucketCount>
        <IncludeOutOfRange>0</IncludeOutOfRange>
        <Approximate>0</Approximate>
        <HistCounts>1|1|1|1|1|2|7|3|3|2|6|4|8|3|6|8|3|6|5|9|4|6|1|2|4|0|3|1|3|5|0|1|4|1|1|3|0|3|2|1|1|1|1|1|0|0|1|0|0|2|0|5|1|1|0|2|1|2|0|1|3|0|0|1|0|1|1|0|1|3|0|1|2|1|2|3|1|4|2|4|2|1|2|1|2|3|0|1|2|0|2|2|0|0|3|1|1|1|0|0|1|0|0|0|0|0|2|0|0|0|0|3|0|0|0|1|1|0|0|1|0|0|0|0|0|0|0|0|1|0|1|0|0|0|0|0|0|0|0|0|0|0|0|0|2|0|1|0|1|1|0|1|2|0|0|0|0|0|0|0|0|0|0|0|0|0|0|0|0|0|0|0|0|0|0|1|0|0|0|0|0|0|0|1|0|0|0|0|0|1|0|0|0|0|0|0|0|0|1|0|0|1|0|0|0|0|0|0|0|0|0|0|1|0|0|0|0|0|0|0|0|0|0|0|1</HistCounts>
      </HistItem>
    </Histograms>
    <Metadata>
      <MDI key="STATISTICS_MINIMUM">213</MDI>
      <MDI key="STATISTICS_MAXIMUM">813</MDI>
      <MDI key="STATISTICS_MEAN">348.05777777778</MDI>
      <MDI key="STATISTICS_STDDEV">122.16553885589</MDI>
      <MDI key="STATISTICS_VALID_PERCENT">100</MDI>
    </Metadata>
  </PAMRasterBand>
  <PAMRasterBand band="3">
    <Histograms>
      <HistItem>
        <HistMin>212.9511111111111</HistMin>
        <HistMax>1139.048888888889</HistMax>
        <BucketCount>225</BucketCount>
        <IncludeOutOfRange>0</IncludeOutOfRange>
        <Approximate>0</Approximate>
        <HistCounts>2|2|0|0|0|3|0|1|0|4|0|1|4|3|2|7|6|4|3|1|2|1|4|3|5|2|3|5|6|3|1|3|5|2|3|4|5|3|4|4|4|2|2|2|1|2|2|3|2|3|0|1|3|0|2|0|1|0|0|2|3|0|0|0|3|1|2|1|1|1|3|1|0|1|0|1|0|0|1|0|2|1|4|0|3|0|1|2|3|0|1|2|2|1|1|3|2|0|0|1|1|0|1|1|0|0|1|3|2|0|0|1|0|1|1|0|0|0|0|0|0|0|0|0|0|0|0|0|0|0|0|0|3|0|1|0|0|1|1|0|1|0|1|0|0|0|0|1|0|0|0|0|0|0|0|0|0|0|0|0|0|0|0|0|0|0|0|1|1|0|0|1|2|0|0|2|0|0|0|1|0|0|0|0|0|1|0|0|0|0|0|0|0|0|1|0|1|0|0|0|0|0|0|0|0|0|0|0|0|0|0|0|0|0|0|0|0|0|0|0|0|0|0|0|2</HistCounts>
      </HistItem>
    </Histograms>
    <Metadata>
      <MDI key="STATISTICS_MINIMUM">215</MDI>
      <MDI key="STATISTICS_MAXIMUM">1137</MDI>
      <MDI key="STATISTICS_MEAN">450.13333333333</MDI>
      <MDI key="STATISTICS_STDDEV">190.03609013962</MDI>
      <MDI key="STATISTICS_VALID_PERCENT">100</MDI>
    </Metadata>
  </PAMRasterBand>
</PAMDataset>
