<PAMDataset>
  <PAMRasterBand band="1">
    <Histograms>
      <HistItem>
        <HistMin>246.5029239766082</HistMin>
        <HistMax>417.4970760233918</HistMax>
        <BucketCount>171</BucketCount>
        <IncludeOutOfRange>0</IncludeOutOfRange>
        <Approximate>0</Approximate>
        <HistCounts>1|0|2|1|0|1|1|1|1|0|0|0|0|0|0|1|2|0|2|1|0|1|2|3|2|2|2|1|1|0|1|2|0|1|1|0|0|5|3|2|6|1|3|4|1|6|1|5|7|1|2|1|5|2|1|5|1|1|1|5|3|5|3|2|2|4|7|6|6|2|10|4|2|1|3|4|3|4|1|1|2|2|1|1|1|0|2|0|2|1|2|2|0|0|1|4|2|1|0|0|2|0|0|1|0|1|1|0|0|1|0|1|1|0|2|1|1|0|2|0|0|0|0|1|0|0|0|0|0|2|0|0|1|0|1|0|0|0|0|0|0|0|2|0|0|0|1|0|0|0|0|0|0|0|0|0|0|0|0|0|0|0|1|0|1|0|0|0|0|1|1</HistCounts>
      </HistItem>
    </Histograms>
    <Metadata>
      <MDI key="STATISTICS_MINIMUM">247</MDI>
      <MDI key="STATISTICS_MAXIMUM">417</MDI>
      <MDI key="STATISTICS_MEAN">310.59111111111</MDI>
      <MDI key="STATISTICS_STDDEV">31.525959830113</MDI>
      <MDI key="STATISTICS_VALID_PERCENT">100</MDI>
    </Metadata>
  </PAMRasterBand>
  <PAMRasterBand band="2">
    <Histograms>
      <HistItem>
        <HistMin>192.5029585798817</HistMin>
        <HistMax>361.4970414201184</HistMax>
        <BucketCount>169</BucketCount>
        <IncludeOutOfRange>0</IncludeOutOfRange>
        <Approximate>0</Approximate>
        <HistCounts>1|1|0|0|0|2|0|1|0|0|1|1|0|0|0|0|1|1|1|0|1|1|3|2|0|5|2|3|3|4|2|2|4|1|5|6|2|4|3|1|2|3|2|4|8|5|1|0|6|3|6|2|5|3|2|5|1|3|6|2|2|6|6|4|3|2|2|2|2|5|3|3|5|1|0|2|2|3|4|1|0|0|1|1|1|2|2|2|0|1|2|0|0|0|0|1|1|0|0|2|1|1|0|0|0|0|0|0|0|1|0|1|1|0|0|1|0|0|0|0|0|0|1|0|1|1|0|1|0|0|0|1|1|0|0|1|0|0|0|0|0|0|0|0|0|0|0|0|0|1|0|0|0|0|0|0|0|0|1|0|1|0|0|0|0|0|1|0|1</HistCounts>
      </HistItem>
    </Histograms>
    <Metadata>
      <MDI key="STATISTICS_MINIMUM">193</MDI>
      <MDI key="STATISTICS_MAXIMUM">361</MDI>
      <MDI key="STATISTICS_MEAN">250.23555555556</MDI>
      <MDI key="STATISTICS_STDDEV">29.784150561857</MDI>
      <MDI key="STATISTICS_VALID_PERCENT">100</MDI>
    </Metadata>
  </PAMRasterBand>
  <PAMRasterBand band="3">
    <Histograms>
      <HistItem>
        <HistMin>192.4622222222222</HistMin>
        <HistMax>435.5377777777778</HistMax>
        <BucketCount>225</BucketCount>
        <IncludeOutOfRange>0</IncludeOutOfRange>
        <Approximate>0</Approximate>
        <HistCounts>1|0|0|0|1|1|0|0|0|0|2|0|0|1|0|0|0|0|0|2|2|2|1|0|3|0|0|0|0|0|0|0|0|0|6|1|2|2|1|1|2|1|0|3|4|2|1|0|2|6|0|3|1|2|6|4|0|0|0|1|2|2|5|5|3|1|3|1|8|2|1|6|2|2|3|2|1|2|4|4|1|3|1|4|2|4|0|3|2|1|3|0|1|2|1|0|1|1|0|1|0|2|0|0|3|0|2|1|1|2|2|2|1|1|0|5|0|1|4|2|4|1|4|2|1|2|2|1|0|1|0|1|0|0|1|0|0|0|1|0|0|0|1|1|0|0|0|0|0|0|1|0|0|0|1|0|0|0|0|0|2|0|0|0|1|0|1|0|1|0|0|1|1|1|0|0|0|0|0|0|0|0|0|0|0|0|0|0|0|1|0|0|0|0|0|0|0|0|0|0|0|0|0|0|1|1|0|0|1|0|0|0|0|0|0|0|0|0|0|0|0|1|0|0|1</HistCounts>
      </HistItem>
    </Histograms>
    <Metadata>
      <MDI key="STATISTICS_MINIMUM">193</MDI>
      <MDI key="STATISTICS_MAXIMUM">435</MDI>
      <MDI key="STATISTICS_MEAN">281.34222222222</MDI>
      <MDI key="STATISTICS_STDDEV">45.02545694204</MDI>
      <MDI key="STATISTICS_VALID_PERCENT">100</MDI>
    </Metadata>
  </PAMRasterBand>
</PAMDataset>
