<PAMDataset>
  <PAMRasterBand band="1">
    <Histograms>
      <HistItem>
        <HistMin>245.4711111111111</HistMin>
        <HistMax>484.5288888888889</HistMax>
        <BucketCount>225</BucketCount>
        <IncludeOutOfRange>0</IncludeOutOfRange>
        <Approximate>0</Approximate>
        <HistCounts>1|1|1|0|0|0|0|0|0|0|0|0|0|1|0|0|1|0|0|0|0|0|0|0|0|0|0|0|0|0|1|0|0|0|0|1|0|0|0|0|0|1|0|1|0|0|0|0|0|2|0|0|0|0|1|0|1|2|0|0|2|1|1|0|1|1|0|0|1|0|1|1|6|2|1|1|1|1|0|0|0|0|0|0|2|4|1|0|1|0|2|1|0|2|3|5|7|2|5|2|1|3|4|2|4|2|2|4|2|0|4|4|2|0|2|2|1|3|2|0|3|3|1|3|1|1|0|2|1|1|0|2|3|3|4|1|3|4|1|2|3|1|3|2|2|1|1|1|3|0|1|1|4|1|2|4|2|0|2|0|0|1|0|2|0|2|1|1|0|0|1|2|2|2|1|1|0|0|0|1|2|0|0|0|3|2|0|1|0|1|0|0|1|0|1|1|1|0|0|0|0|0|1|0|0|0|1|1|0|0|0|1|0|0|0|0|0|0|0|0|0|0|0|0|1</HistCounts>
      </HistItem>
    </Histograms>
    <Metadata>
      <MDI key="STATISTICS_MINIMUM">246</MDI>
      <MDI key="STATISTICS_MAXIMUM">484</MDI>
      <MDI key="STATISTICS_MEAN">372.02222222222</MDI>
      <MDI key="STATISTICS_STDDEV">43.885147519856</MDI>
      <MDI key="STATISTICS_VALID_PERCENT">100</MDI>
    </Metadata>
  </PAMRasterBand>
  <PAMRasterBand band="2">
    <Histograms>
      <HistItem>
        <HistMin>207.5022321428571</HistMin>
        <HistMax>431.4977678571428</HistMax>
        <BucketCount>224</BucketCount>
        <IncludeOutOfRange>0</IncludeOutOfRange>
        <Approximate>0</Approximate>
        <HistCounts>2|0|1|0|0|0|0|0|0|0|0|0|0|0|1|1|0|0|0|0|0|0|0|0|0|0|0|0|1|1|0|0|1|0|0|1|1|0|1|2|0|0|0|0|0|1|0|1|0|2|1|2|1|0|1|0|3|1|2|0|0|3|0|1|2|0|1|0|3|1|3|0|3|1|2|2|1|0|2|1|0|0|2|0|4|2|3|1|1|0|5|3|2|4|2|2|1|4|3|3|0|2|3|1|4|1|2|3|0|0|2|3|6|1|0|1|1|3|1|1|1|0|2|0|2|0|1|0|1|2|2|1|2|1|1|1|3|3|3|2|5|3|2|0|2|3|1|1|0|1|4|3|0|1|5|0|1|1|0|1|0|1|1|0|3|1|3|0|0|0|0|1|2|0|2|0|1|0|0|1|1|1|0|0|0|1|1|1|0|0|1|0|1|0|1|1|1|0|0|1|0|0|1|0|1|0|1|0|0|0|0|0|0|1|0|0|0|0|0|0|0|0|0|1</HistCounts>
      </HistItem>
    </Histograms>
    <Metadata>
      <MDI key="STATISTICS_MINIMUM">208</MDI>
      <MDI key="STATISTICS_MAXIMUM">431</MDI>
      <MDI key="STATISTICS_MEAN">319.62222222222</MDI>
      <MDI key="STATISTICS_STDDEV">44.553832053116</MDI>
      <MDI key="STATISTICS_VALID_PERCENT">100</MDI>
    </Metadata>
  </PAMRasterBand>
  <PAMRasterBand band="3">
    <Histograms>
      <HistItem>
        <HistMin>279.24</HistMin>
        <HistMax>622.76</HistMax>
        <BucketCount>225</BucketCount>
        <IncludeOutOfRange>0</IncludeOutOfRange>
        <Approximate>0</Approximate>
        <HistCounts>1|0|2|0|0|0|0|0|0|0|1|0|0|0|0|0|1|0|0|0|1|0|0|0|0|0|0|1|0|1|0|0|0|1|1|1|0|0|0|2|0|2|0|2|3|1|0|1|2|1|1|0|0|2|3|0|2|1|0|0|0|2|0|1|2|0|0|4|0|2|0|6|1|0|2|4|0|2|1|3|0|3|1|2|2|1|2|1|2|3|2|1|2|1|5|4|6|0|4|2|2|0|4|1|2|3|2|2|1|0|1|0|0|1|1|1|2|2|0|3|0|0|2|2|3|0|2|0|3|2|3|2|1|3|1|0|2|1|3|1|5|1|2|2|2|5|0|3|0|1|2|1|0|2|1|2|0|2|0|0|0|0|4|0|2|0|0|0|0|1|1|0|1|1|1|0|0|0|0|0|0|1|0|2|0|0|1|1|1|0|1|1|0|0|0|0|1|0|0|0|1|1|0|0|0|0|1|0|2|0|0|0|0|1|0|0|0|0|0|0|0|0|0|0|1</HistCounts>
      </HistItem>
    </Histograms>
    <Metadata>
      <MDI key="STATISTICS_MINIMUM">280</MDI>
      <MDI key="STATISTICS_MAXIMUM">622</MDI>
      <MDI key="STATISTICS_MEAN">443.25777777778</MDI>
      <MDI key="STATISTICS_STDDEV">68.904089505756</MDI>
      <MDI key="STATISTICS_VALID_PERCENT">100</MDI>
    </Metadata>
  </PAMRasterBand>
</PAMDataset>
