<PAMDataset>
  <PAMRasterBand band="1">
    <Histograms>
      <HistItem>
        <HistMin>180.4111111111111</HistMin>
        <HistMax>1350.588888888889</HistMax>
        <BucketCount>225</BucketCount>
        <IncludeOutOfRange>0</IncludeOutOfRange>
        <Approximate>0</Approximate>
        <HistCounts>1|0|0|1|2|1|0|2|3|0|1|1|1|1|0|3|0|1|0|2|1|5|6|2|6|1|0|2|3|0|4|1|0|1|2|1|1|1|1|5|1|1|2|2|4|1|5|1|5|1|2|4|4|1|4|7|5|8|4|5|6|6|5|7|4|0|2|4|0|2|1|3|3|2|0|2|0|1|0|3|0|1|2|0|0|2|0|0|0|0|0|0|0|1|0|1|1|0|0|0|0|0|1|2|1|1|0|1|1|0|1|0|0|1|1|1|2|0|0|0|2|0|0|0|0|0|0|2|0|1|0|0|1|0|0|0|1|1|0|0|0|0|1|0|0|0|0|0|0|0|1|0|0|0|0|0|0|1|0|0|0|0|0|1|0|0|0|0|0|0|0|1|1|0|0|0|0|1|0|0|0|1|0|0|0|0|1|1|1|1|0|0|0|0|0|0|0|1|0|0|0|0|0|0|0|0|0|0|0|0|0|0|0|0|0|0|0|0|0|0|0|0|0|1|1</HistCounts>
      </HistItem>
    </Histograms>
    <Metadata>
      <MDI key="STATISTICS_MINIMUM">183</MDI>
      <MDI key="STATISTICS_MAXIMUM">1348</MDI>
      <MDI key="STATISTICS_MEAN">509.04888888889</MDI>
      <MDI key="STATISTICS_STDDEV">220.9311653708</MDI>
      <MDI key="STATISTICS_VALID_PERCENT">100</MDI>
    </Metadata>
  </PAMRasterBand>
  <PAMRasterBand band="2">
    <Histograms>
      <HistItem>
        <HistMin>234.6355555555556</HistMin>
        <HistMax>1303.364444444444</HistMax>
        <BucketCount>225</BucketCount>
        <IncludeOutOfRange>0</IncludeOutOfRange>
        <Approximate>0</Approximate>
        <HistCounts>1|2|2|0|0|1|2|4|3|2|0|0|4|5|1|2|2|4|2|2|4|1|2|6|1|7|1|4|5|3|2|5|5|3|3|4|2|4|3|9|1|6|4|8|3|4|3|8|2|0|1|4|0|2|1|0|1|1|0|1|0|0|0|1|0|1|0|1|1|2|0|0|1|2|0|0|1|2|2|1|0|1|1|0|1|1|1|0|0|0|1|0|2|1|0|0|0|1|1|0|1|0|0|0|0|0|1|0|1|0|0|1|1|0|0|1|1|1|0|0|0|0|0|1|0|0|2|0|1|0|2|0|0|0|0|0|0|0|0|1|0|0|0|1|0|1|0|0|0|2|1|0|0|0|0|2|0|0|0|0|0|1|0|0|0|0|0|1|0|0|0|0|0|1|0|1|0|0|0|0|1|0|0|0|0|0|1|0|0|0|0|1|1|0|0|0|0|1|0|0|0|0|0|0|0|1|0|0|0|0|0|0|0|1|0|0|0|0|0|0|1|0|0|1|1</HistCounts>
      </HistItem>
    </Histograms>
    <Metadata>
      <MDI key="STATISTICS_MINIMUM">237</MDI>
      <MDI key="STATISTICS_MAXIMUM">1301</MDI>
      <MDI key="STATISTICS_MEAN">502.62222222222</MDI>
      <MDI key="STATISTICS_STDDEV">234.17961661833</MDI>
      <MDI key="STATISTICS_VALID_PERCENT">100</MDI>
    </Metadata>
  </PAMRasterBand>
  <PAMRasterBand band="3">
    <Histograms>
      <HistItem>
        <HistMin>243.7955555555556</HistMin>
        <HistMax>2144.204444444445</HistMax>
        <BucketCount>225</BucketCount>
        <IncludeOutOfRange>0</IncludeOutOfRange>
        <Approximate>0</Approximate>
        <HistCounts>1|2|2|2|0|1|2|1|4|1|5|3|5|4|2|4|0|1|6|6|2|0|9|4|1|6|3|5|3|3|4|6|8|9|4|3|0|3|4|0|3|4|4|1|3|3|2|1|2|0|1|3|1|0|0|2|0|0|1|1|0|0|4|0|3|1|0|0|2|0|0|1|0|1|2|2|0|1|0|1|1|1|2|0|0|1|0|2|1|0|0|0|1|1|1|0|1|1|0|1|1|2|1|1|1|2|0|0|0|1|0|0|0|1|0|0|1|0|0|0|0|1|1|0|0|0|0|1|0|0|0|1|0|0|0|0|1|0|1|2|2|1|0|0|0|0|0|0|0|0|1|0|1|0|0|1|0|0|0|0|1|0|0|0|0|0|0|0|0|0|0|0|0|0|0|1|0|0|0|0|0|0|0|1|0|0|0|0|0|0|0|0|0|0|1|0|0|0|0|0|0|0|0|0|0|0|1|0|0|0|0|0|1|0|0|0|0|0|0|0|0|0|0|0|1</HistCounts>
      </HistItem>
    </Histograms>
    <Metadata>
      <MDI key="STATISTICS_MINIMUM">248</MDI>
      <MDI key="STATISTICS_MAXIMUM">2140</MDI>
      <MDI key="STATISTICS_MEAN">670.42666666667</MDI>
      <MDI key="STATISTICS_STDDEV">371.02385092546</MDI>
      <MDI key="STATISTICS_VALID_PERCENT">100</MDI>
    </Metadata>
  </PAMRasterBand>
</PAMDataset>
