<PAMDataset>
  <PAMRasterBand band="1">
    <Histograms>
      <HistItem>
        <HistMin>218.9488888888889</HistMin>
        <HistMax>694.0511111111111</HistMax>
        <BucketCount>225</BucketCount>
        <IncludeOutOfRange>0</IncludeOutOfRange>
        <Approximate>0</Approximate>
        <HistCounts>1|0|0|1|0|0|0|1|1|1|1|1|1|1|0|2|1|3|4|2|1|2|2|2|1|0|0|0|0|3|1|1|1|0|2|3|1|1|0|1|0|0|1|0|1|2|1|1|1|2|0|1|0|0|0|0|0|1|0|0|0|0|0|1|1|0|0|0|0|0|0|1|2|0|1|0|0|0|1|0|0|1|1|0|1|0|0|0|1|0|0|0|0|1|0|0|1|0|1|0|1|3|0|0|0|0|1|0|0|2|0|0|2|0|0|0|1|0|2|1|0|1|1|0|0|2|0|2|4|1|0|0|1|0|0|0|1|1|0|1|0|3|0|1|2|1|1|0|0|1|1|0|4|1|1|1|2|3|0|0|1|5|0|2|3|4|2|2|0|1|0|3|1|1|1|2|2|0|0|3|1|0|3|0|1|3|1|4|4|2|0|5|2|0|1|1|1|2|1|1|1|4|0|1|2|0|2|2|4|1|0|3|1|1|0|2|1|2|5|4|1|1|1|1|1</HistCounts>
      </HistItem>
    </Histograms>
    <Metadata>
      <MDI key="STATISTICS_MINIMUM">220</MDI>
      <MDI key="STATISTICS_MAXIMUM">693</MDI>
      <MDI key="STATISTICS_MEAN">498.70222222222</MDI>
      <MDI key="STATISTICS_STDDEV">146.36649660491</MDI>
      <MDI key="STATISTICS_VALID_PERCENT">100</MDI>
    </Metadata>
  </PAMRasterBand>
  <PAMRasterBand band="2">
    <Histograms>
      <HistItem>
        <HistMin>222.8755555555556</HistMin>
        <HistMax>731.1244444444444</HistMax>
        <BucketCount>225</BucketCount>
        <IncludeOutOfRange>0</IncludeOutOfRange>
        <Approximate>0</Approximate>
        <HistCounts>1|0|0|1|0|0|2|1|0|1|1|1|0|0|2|3|2|1|0|0|2|0|0|1|1|0|1|0|1|1|1|2|1|0|0|1|0|1|1|1|3|2|2|2|0|1|1|1|0|1|0|0|1|1|0|0|1|1|1|1|1|0|1|0|3|1|3|0|0|0|0|2|0|1|0|1|1|0|0|1|1|0|0|2|1|1|0|0|0|3|1|1|1|1|1|0|0|1|1|0|1|2|0|1|0|0|2|0|1|0|2|0|3|1|2|0|1|0|0|2|4|0|2|1|1|1|1|2|0|1|0|3|0|0|0|1|2|0|1|1|0|0|1|1|1|1|1|3|2|1|0|1|2|0|2|1|1|1|2|2|2|0|3|0|2|1|3|0|1|0|2|3|0|3|4|5|2|2|3|2|1|1|1|1|2|2|2|1|2|0|1|1|3|3|3|0|0|0|0|0|1|1|4|0|1|1|1|1|0|2|0|0|1|0|0|0|1|0|1|0|2|1|0|2|1</HistCounts>
      </HistItem>
    </Histograms>
    <Metadata>
      <MDI key="STATISTICS_MINIMUM">224</MDI>
      <MDI key="STATISTICS_MAXIMUM">730</MDI>
      <MDI key="STATISTICS_MEAN">499.56</MDI>
      <MDI key="STATISTICS_STDDEV">141.66686180379</MDI>
      <MDI key="STATISTICS_VALID_PERCENT">100</MDI>
    </Metadata>
  </PAMRasterBand>
  <PAMRasterBand band="3">
    <Histograms>
      <HistItem>
        <HistMin>236.2511111111111</HistMin>
        <HistMax>1026.748888888889</HistMax>
        <BucketCount>225</BucketCount>
        <IncludeOutOfRange>0</IncludeOutOfRange>
        <Approximate>0</Approximate>
        <HistCounts>1|1|0|0|0|2|0|1|0|1|1|2|1|0|1|0|1|0|1|0|0|0|0|1|2|2|1|0|0|0|1|0|0|1|0|1|0|2|0|0|1|1|0|0|2|2|2|0|1|1|0|1|1|1|3|2|0|2|0|0|0|1|3|1|0|1|0|1|2|2|0|0|0|2|1|4|0|2|1|0|0|2|1|1|1|0|0|0|1|1|0|1|0|0|2|0|1|0|2|1|0|1|1|0|2|0|2|1|1|0|0|0|1|0|1|1|1|0|2|0|1|1|1|1|1|3|1|3|3|1|0|1|0|0|1|1|0|0|1|1|2|2|2|1|1|1|0|0|0|0|0|1|2|0|1|0|1|0|1|0|3|2|1|1|1|1|1|4|3|0|2|0|1|0|2|0|2|0|1|2|0|6|2|2|1|1|0|0|4|1|0|1|2|4|3|0|1|1|2|0|2|0|2|1|3|4|1|4|2|1|2|3|2|2|1|0|0|1|0|1|2|2|0|1|1</HistCounts>
      </HistItem>
    </Histograms>
    <Metadata>
      <MDI key="STATISTICS_MINIMUM">238</MDI>
      <MDI key="STATISTICS_MAXIMUM">1025</MDI>
      <MDI key="STATISTICS_MEAN">689.85777777778</MDI>
      <MDI key="STATISTICS_STDDEV">226.70205065866</MDI>
      <MDI key="STATISTICS_VALID_PERCENT">100</MDI>
    </Metadata>
  </PAMRasterBand>
</PAMDataset>
