<PAMDataset>
  <PAMRasterBand band="1">
    <Histograms>
      <HistItem>
        <HistMin>287.0088888888889</HistMin>
        <HistMax>734.9911111111111</HistMax>
        <BucketCount>225</BucketCount>
        <IncludeOutOfRange>0</IncludeOutOfRange>
        <Approximate>0</Approximate>
        <HistCounts>1|0|0|0|0|1|1|1|0|1|0|0|2|0|0|1|0|0|0|0|0|0|1|0|0|0|1|1|0|0|1|1|0|0|0|0|0|0|1|1|1|1|1|0|2|0|1|1|1|2|0|0|1|1|0|2|2|1|2|3|3|0|4|2|4|1|0|2|3|2|5|3|1|2|4|2|1|2|0|2|2|2|3|3|1|2|5|3|2|1|1|1|0|2|5|2|1|1|5|2|2|1|4|2|4|0|0|1|3|5|3|2|2|1|3|0|2|2|3|4|3|2|0|1|2|2|1|0|1|3|1|0|3|0|3|1|3|0|1|1|3|1|1|2|2|0|0|0|0|2|0|1|0|0|2|1|0|0|0|0|0|0|1|0|1|1|1|1|1|0|0|0|0|1|0|0|0|0|1|0|0|0|0|0|0|0|0|0|0|1|1|0|0|1|0|0|0|0|0|0|0|0|0|1|0|0|0|0|0|0|1|0|0|0|0|0|0|0|0|0|0|0|0|0|1</HistCounts>
      </HistItem>
    </Histograms>
    <Metadata>
      <MDI key="STATISTICS_MINIMUM">288</MDI>
      <MDI key="STATISTICS_MAXIMUM">734</MDI>
      <MDI key="STATISTICS_MEAN">478.26222222222</MDI>
      <MDI key="STATISTICS_STDDEV">79.828358338762</MDI>
      <MDI key="STATISTICS_VALID_PERCENT">100</MDI>
    </Metadata>
  </PAMRasterBand>
  <PAMRasterBand band="2">
    <Histograms>
      <HistItem>
        <HistMin>266.1555555555556</HistMin>
        <HistMax>647.8444444444444</HistMax>
        <BucketCount>225</BucketCount>
        <IncludeOutOfRange>0</IncludeOutOfRange>
        <Approximate>0</Approximate>
        <HistCounts>1|1|0|0|0|0|0|0|0|0|0|0|1|0|0|0|0|0|0|2|1|0|1|1|1|1|0|0|0|0|0|0|0|0|1|0|0|0|0|1|0|0|2|0|0|2|0|1|0|1|2|0|4|2|3|1|3|3|0|1|3|2|3|0|2|4|1|2|0|1|1|3|1|3|0|1|2|3|0|1|0|2|2|4|2|1|0|4|1|2|2|2|2|0|6|3|3|2|3|0|2|3|0|3|1|1|3|3|1|1|1|1|0|2|7|2|1|3|0|0|1|0|0|1|1|0|2|2|0|1|1|2|0|0|2|0|5|0|0|3|2|0|0|4|0|1|1|0|0|0|2|1|0|1|0|0|0|2|2|1|0|0|0|0|1|0|1|2|1|0|3|1|5|1|2|0|3|1|1|2|1|2|0|0|1|2|1|2|0|2|0|0|0|0|0|0|0|0|0|0|1|0|0|0|0|0|0|0|0|0|0|0|0|1|0|1|0|1|1|0|0|0|0|0|1</HistCounts>
      </HistItem>
    </Histograms>
    <Metadata>
      <MDI key="STATISTICS_MINIMUM">267</MDI>
      <MDI key="STATISTICS_MAXIMUM">647</MDI>
      <MDI key="STATISTICS_MEAN">448.41333333333</MDI>
      <MDI key="STATISTICS_STDDEV">81.222836416586</MDI>
      <MDI key="STATISTICS_VALID_PERCENT">100</MDI>
    </Metadata>
  </PAMRasterBand>
  <PAMRasterBand band="3">
    <Histograms>
      <HistItem>
        <HistMin>355.7088888888889</HistMin>
        <HistMax>939.2911111111111</HistMax>
        <BucketCount>225</BucketCount>
        <IncludeOutOfRange>0</IncludeOutOfRange>
        <Approximate>0</Approximate>
        <HistCounts>1|1|0|0|0|0|0|0|0|0|1|0|0|0|0|0|0|0|0|2|4|0|0|0|2|3|0|1|0|0|3|2|2|0|1|3|0|1|2|2|1|0|2|1|3|0|2|4|1|2|0|5|1|0|3|1|0|1|2|2|0|3|0|0|4|2|2|3|0|3|0|3|1|1|4|2|0|6|4|0|1|5|0|5|1|1|0|1|4|2|0|1|0|3|0|0|4|3|3|3|1|2|4|2|0|0|3|1|1|1|1|1|0|0|4|2|1|1|0|0|0|0|0|1|1|1|0|0|0|0|1|2|1|1|0|2|1|0|1|2|0|1|0|0|1|1|1|0|0|1|0|1|1|2|0|0|1|0|1|1|1|1|1|2|2|1|0|0|3|0|1|1|0|0|0|4|1|2|1|2|1|0|0|0|1|1|0|1|0|0|1|0|0|0|1|2|1|0|0|0|0|0|0|0|0|0|0|1|0|0|0|1|0|0|0|0|0|1|0|0|0|1|0|0|1</HistCounts>
      </HistItem>
    </Histograms>
    <Metadata>
      <MDI key="STATISTICS_MINIMUM">357</MDI>
      <MDI key="STATISTICS_MAXIMUM">938</MDI>
      <MDI key="STATISTICS_MEAN">604.10222222222</MDI>
      <MDI key="STATISTICS_STDDEV">132.34165631071</MDI>
      <MDI key="STATISTICS_VALID_PERCENT">100</MDI>
    </Metadata>
  </PAMRasterBand>
</PAMDataset>
