<PAMDataset>
  <PAMRasterBand band="1">
    <Histograms>
      <HistItem>
        <HistMin>271.7244444444444</HistMin>
        <HistMax>848.2755555555556</HistMax>
        <BucketCount>225</BucketCount>
        <IncludeOutOfRange>0</IncludeOutOfRange>
        <Approximate>0</Approximate>
        <HistCounts>2|0|0|1|0|0|0|1|0|2|0|0|0|0|1|0|1|1|0|0|1|1|1|3|0|2|1|3|3|3|3|1|4|4|4|2|2|4|4|5|2|3|0|0|4|4|0|1|0|1|3|0|1|2|0|0|0|0|0|2|0|0|1|1|0|0|0|2|1|0|1|1|0|1|0|0|1|1|0|0|0|0|0|0|0|0|1|3|0|1|1|0|1|1|1|0|2|1|0|0|0|1|1|2|0|0|0|0|2|2|1|1|0|0|1|0|0|0|0|0|0|3|0|0|1|0|4|3|6|2|5|3|3|5|0|2|1|4|1|2|1|2|1|0|2|0|2|1|0|2|1|1|2|1|2|1|2|1|0|1|1|0|0|2|1|0|1|1|0|0|1|0|1|0|2|0|1|0|0|0|1|4|2|0|0|0|2|0|0|0|2|0|2|2|0|1|0|0|1|0|1|2|1|0|0|0|0|0|0|0|1|0|1|1|0|1|1|1|0|1|1|0|0|0|1</HistCounts>
      </HistItem>
    </Histograms>
    <Metadata>
      <MDI key="STATISTICS_MINIMUM">273</MDI>
      <MDI key="STATISTICS_MAXIMUM">847</MDI>
      <MDI key="STATISTICS_MEAN">532.99111111111</MDI>
      <MDI key="STATISTICS_STDDEV">156.1293478316</MDI>
      <MDI key="STATISTICS_VALID_PERCENT">100</MDI>
    </Metadata>
  </PAMRasterBand>
  <PAMRasterBand band="2">
    <Histograms>
      <HistItem>
        <HistMin>210.9288888888889</HistMin>
        <HistMax>695.0711111111111</HistMax>
        <BucketCount>225</BucketCount>
        <IncludeOutOfRange>0</IncludeOutOfRange>
        <Approximate>0</Approximate>
        <HistCounts>1|1|0|0|0|0|0|3|2|1|2|1|2|0|1|3|2|5|2|3|3|2|6|5|7|4|6|2|3|3|3|1|2|1|1|0|2|2|0|1|2|1|1|2|0|1|0|0|2|0|0|1|0|0|1|0|2|0|0|1|1|1|0|0|0|1|0|1|0|0|1|1|1|0|0|1|1|0|0|0|0|0|1|0|0|0|1|0|0|0|0|0|1|1|0|0|1|0|0|0|0|2|0|0|0|1|0|0|0|0|0|1|0|0|0|1|0|1|0|0|0|0|0|0|0|0|0|0|0|0|0|0|0|1|1|0|0|0|0|0|1|0|0|0|0|0|0|1|1|1|1|0|0|0|1|0|1|0|1|0|1|0|0|0|0|0|1|0|1|0|0|1|0|0|0|0|0|1|1|1|0|1|0|0|0|0|0|0|2|1|2|2|2|3|2|5|0|3|4|4|4|0|4|4|3|1|1|2|3|2|2|5|3|6|1|4|3|5|2|0|0|2|1|1|1</HistCounts>
      </HistItem>
    </Histograms>
    <Metadata>
      <MDI key="STATISTICS_MINIMUM">212</MDI>
      <MDI key="STATISTICS_MAXIMUM">694</MDI>
      <MDI key="STATISTICS_MEAN">456</MDI>
      <MDI key="STATISTICS_STDDEV">181.13805661858</MDI>
      <MDI key="STATISTICS_VALID_PERCENT">100</MDI>
    </Metadata>
  </PAMRasterBand>
  <PAMRasterBand band="3">
    <Histograms>
      <HistItem>
        <HistMin>221.2111111111111</HistMin>
        <HistMax>1029.788888888889</HistMax>
        <BucketCount>225</BucketCount>
        <IncludeOutOfRange>0</IncludeOutOfRange>
        <Approximate>0</Approximate>
        <HistCounts>1|0|1|1|3|2|2|2|3|10|5|4|3|4|2|6|7|8|9|2|4|1|1|0|0|2|2|2|1|2|0|3|1|1|1|0|1|0|1|1|0|1|1|0|1|0|0|1|0|1|0|2|0|1|0|0|0|0|0|1|0|1|0|0|0|0|0|0|0|0|0|1|0|1|0|0|2|1|0|0|1|0|0|0|0|0|1|0|0|0|0|1|0|0|0|0|0|0|0|0|0|1|0|1|0|0|0|0|0|0|1|0|0|0|1|0|0|0|0|0|1|0|0|0|0|1|0|2|0|0|0|0|0|0|1|0|0|1|0|0|0|1|0|0|0|1|0|0|0|1|0|0|2|0|0|0|0|0|0|1|0|0|0|1|1|0|0|2|0|1|0|1|1|2|3|0|3|3|3|3|1|1|1|0|2|1|1|3|1|3|2|1|3|7|1|2|3|0|2|2|3|1|2|0|1|2|1|1|5|1|0|1|0|0|0|1|2|2|4|1|1|0|0|1|1</HistCounts>
      </HistItem>
    </Histograms>
    <Metadata>
      <MDI key="STATISTICS_MINIMUM">223</MDI>
      <MDI key="STATISTICS_MAXIMUM">1028</MDI>
      <MDI key="STATISTICS_MEAN">583.49333333333</MDI>
      <MDI key="STATISTICS_STDDEV">300.58887567203</MDI>
      <MDI key="STATISTICS_VALID_PERCENT">100</MDI>
    </Metadata>
  </PAMRasterBand>
</PAMDataset>
