<PAMDataset>
  <PAMRasterBand band="1">
    <Histograms>
      <HistItem>
        <HistMin>310.5056818181818</HistMin>
        <HistMax>398.4943181818182</HistMax>
        <BucketCount>88</BucketCount>
        <IncludeOutOfRange>0</IncludeOutOfRange>
        <Approximate>0</Approximate>
        <HistCounts>3|0|0|1|1|0|1|2|0|1|1|3|5|4|3|3|3|4|2|1|4|11|4|1|3|3|1|11|0|3|6|5|9|17|5|8|5|6|12|11|4|9|8|7|5|7|3|2|5|2|0|1|1|1|0|1|0|0|0|0|1|2|0|0|0|0|0|0|1|0|0|0|1|0|0|0|0|0|0|0|0|0|0|0|0|0|0|1</HistCounts>
      </HistItem>
    </Histograms>
    <Metadata>
      <MDI key="STATISTICS_MINIMUM">311</MDI>
      <MDI key="STATISTICS_MAXIMUM">398</MDI>
      <MDI key="STATISTICS_MEAN">343.17777777778</MDI>
      <MDI key="STATISTICS_STDDEV">13.066817837372</MDI>
      <MDI key="STATISTICS_VALID_PERCENT">100</MDI>
    </Metadata>
  </PAMRasterBand>
  <PAMRasterBand band="2">
    <Histograms>
      <HistItem>
        <HistMin>220.5057471264368</HistMin>
        <HistMax>307.4942528735632</HistMax>
        <BucketCount>87</BucketCount>
        <IncludeOutOfRange>0</IncludeOutOfRange>
        <Approximate>0</Approximate>
        <HistCounts>1|2|0|0|1|4|4|2|3|2|2|6|2|0|1|1|4|2|2|3|2|2|0|2|3|2|5|7|9|1|5|8|7|8|13|11|15|15|12|13|8|8|4|3|4|2|3|3|1|0|0|0|0|0|0|0|0|0|1|0|0|0|0|0|1|0|1|1|1|0|0|0|0|0|0|1|0|0|0|0|0|0|0|0|0|0|1</HistCounts>
      </HistItem>
    </Histograms>
    <Metadata>
      <MDI key="STATISTICS_MINIMUM">221</MDI>
      <MDI key="STATISTICS_MAXIMUM">307</MDI>
      <MDI key="STATISTICS_MEAN">252.46222222222</MDI>
      <MDI key="STATISTICS_STDDEV">13.094516051282</MDI>
      <MDI key="STATISTICS_VALID_PERCENT">100</MDI>
    </Metadata>
  </PAMRasterBand>
  <PAMRasterBand band="3">
    <Histograms>
      <HistItem>
        <HistMin>211.5040983606557</HistMin>
        <HistMax>333.4959016393443</HistMax>
        <BucketCount>122</BucketCount>
        <IncludeOutOfRange>0</IncludeOutOfRange>
        <Approximate>0</Approximate>
        <HistCounts>1|0|1|1|1|4|3|3|1|3|2|2|2|2|5|0|1|1|2|5|1|3|2|1|7|10|3|13|8|14|2|11|5|16|10|10|10|7|8|12|9|5|6|1|1|0|0|1|0|0|0|1|0|0|0|0|0|0|1|0|0|0|0|0|0|0|0|0|0|1|0|0|0|0|0|0|0|0|0|0|0|0|0|0|0|0|0|0|0|0|0|0|0|0|0|1|1|0|1|0|0|1|0|0|0|0|0|0|0|0|1|0|0|0|0|0|0|0|0|0|0|1</HistCounts>
      </HistItem>
    </Histograms>
    <Metadata>
      <MDI key="STATISTICS_MINIMUM">212</MDI>
      <MDI key="STATISTICS_MAXIMUM">333</MDI>
      <MDI key="STATISTICS_MEAN">243.00444444444</MDI>
      <MDI key="STATISTICS_STDDEV">16.12051771371</MDI>
      <MDI key="STATISTICS_VALID_PERCENT">100</MDI>
    </Metadata>
  </PAMRasterBand>
</PAMDataset>
