<PAMDataset>
  <PAMRasterBand band="1">
    <Histograms>
      <HistItem>
        <HistMin>205.5028901734104</HistMin>
        <HistMax>378.4971098265896</HistMax>
        <BucketCount>173</BucketCount>
        <IncludeOutOfRange>0</IncludeOutOfRange>
        <Approximate>0</Approximate>
        <HistCounts>1|0|0|0|0|0|0|0|0|0|0|0|1|0|0|0|0|1|1|2|0|1|1|0|1|0|4|0|0|1|1|0|2|0|2|2|2|1|0|0|1|0|2|1|2|1|1|1|1|1|2|3|0|2|4|0|2|3|1|1|3|2|1|3|3|1|3|4|0|1|2|1|3|1|5|2|1|6|2|1|3|1|4|1|2|1|2|2|2|2|5|4|0|3|1|6|3|5|2|2|3|3|4|4|4|3|4|3|3|1|3|0|3|4|2|0|2|2|0|1|3|1|1|0|1|1|1|4|1|0|3|1|3|2|0|0|0|0|1|1|0|0|0|0|0|1|0|0|0|0|0|0|0|0|1|0|0|0|0|0|0|0|0|0|0|0|0|0|0|0|0|0|1</HistCounts>
      </HistItem>
    </Histograms>
    <Metadata>
      <MDI key="STATISTICS_MINIMUM">206</MDI>
      <MDI key="STATISTICS_MAXIMUM">378</MDI>
      <MDI key="STATISTICS_MEAN">288.87111111111</MDI>
      <MDI key="STATISTICS_STDDEV">31.393648488701</MDI>
      <MDI key="STATISTICS_VALID_PERCENT">100</MDI>
    </Metadata>
  </PAMRasterBand>
  <PAMRasterBand band="2">
    <Histograms>
      <HistItem>
        <HistMin>156.504</HistMin>
        <HistMax>281.496</HistMax>
        <BucketCount>125</BucketCount>
        <IncludeOutOfRange>0</IncludeOutOfRange>
        <Approximate>0</Approximate>
        <HistCounts>1|0|0|0|0|0|0|0|0|0|1|0|0|1|1|2|1|1|1|2|0|1|1|2|2|1|1|2|1|3|3|1|2|1|0|1|2|1|3|2|4|2|3|2|6|2|2|0|4|4|5|3|1|2|0|2|4|1|4|2|2|2|1|6|4|3|1|2|7|2|2|3|1|1|3|2|2|2|3|3|2|2|1|6|0|4|4|4|2|2|2|3|5|3|0|5|3|2|2|3|5|1|1|3|0|2|2|1|1|0|1|0|1|0|1|0|1|1|0|0|0|0|1|1|1</HistCounts>
      </HistItem>
    </Histograms>
    <Metadata>
      <MDI key="STATISTICS_MINIMUM">157</MDI>
      <MDI key="STATISTICS_MAXIMUM">281</MDI>
      <MDI key="STATISTICS_MEAN">222.63555555556</MDI>
      <MDI key="STATISTICS_STDDEV">26.999597985119</MDI>
      <MDI key="STATISTICS_VALID_PERCENT">100</MDI>
    </Metadata>
  </PAMRasterBand>
  <PAMRasterBand band="3">
    <Histograms>
      <HistItem>
        <HistMin>169.502688172043</HistMin>
        <HistMax>355.497311827957</HistMax>
        <BucketCount>186</BucketCount>
        <IncludeOutOfRange>0</IncludeOutOfRange>
        <Approximate>0</Approximate>
        <HistCounts>1|0|0|0|2|1|0|2|1|0|4|4|3|0|1|0|4|6|2|2|4|5|2|2|4|3|3|2|4|1|3|3|3|0|2|2|2|1|2|3|2|0|2|2|0|2|2|3|1|1|1|1|1|3|0|3|1|0|1|1|0|0|1|0|2|1|1|1|0|1|1|2|1|0|0|0|0|2|0|1|0|0|0|0|2|0|1|0|0|0|0|0|0|0|1|0|0|0|1|4|1|1|2|1|0|0|0|0|2|0|1|0|0|3|2|2|1|1|0|1|1|1|2|1|0|1|1|0|1|1|0|0|2|1|5|2|3|1|0|0|1|3|3|1|4|0|2|0|2|2|1|0|2|1|0|2|3|2|1|0|1|1|1|1|1|0|2|3|0|2|0|0|0|1|0|0|1|0|1|1|1|1|0|0|1|1</HistCounts>
      </HistItem>
    </Histograms>
    <Metadata>
      <MDI key="STATISTICS_MINIMUM">170</MDI>
      <MDI key="STATISTICS_MAXIMUM">355</MDI>
      <MDI key="STATISTICS_MEAN">249.25333333333</MDI>
      <MDI key="STATISTICS_STDDEV">55.957386961469</MDI>
      <MDI key="STATISTICS_VALID_PERCENT">100</MDI>
    </Metadata>
  </PAMRasterBand>
</PAMDataset>
