<PAMDataset>
  <PAMRasterBand band="1">
    <Histograms>
      <HistItem>
        <HistMin>244.5025</HistMin>
        <HistMax>444.4975</HistMax>
        <BucketCount>200</BucketCount>
        <IncludeOutOfRange>0</IncludeOutOfRange>
        <Approximate>0</Approximate>
        <HistCounts>1|0|0|1|0|2|0|3|2|2|2|1|0|1|1|2|4|3|2|0|2|1|0|0|3|3|2|2|1|2|1|1|1|0|3|1|2|3|0|0|0|5|2|4|2|0|1|7|1|6|3|5|1|4|6|2|0|4|2|5|4|4|4|6|4|1|2|2|4|1|1|1|0|1|2|2|2|2|1|0|1|1|1|0|1|0|1|3|2|1|2|1|0|1|0|0|0|1|0|0|1|2|0|0|0|2|0|2|1|0|0|0|0|1|0|0|0|1|0|1|0|0|1|2|0|0|0|0|0|0|0|0|0|0|0|0|0|0|1|0|1|1|0|0|2|0|1|1|0|0|0|0|1|1|0|1|1|1|0|0|0|1|1|1|3|2|0|0|0|2|1|2|0|1|1|0|0|2|0|0|0|1|1|0|1|0|1|0|0|0|0|1|0|1|0|0|0|0|0|1</HistCounts>
      </HistItem>
    </Histograms>
    <Metadata>
      <MDI key="STATISTICS_MINIMUM">245</MDI>
      <MDI key="STATISTICS_MAXIMUM">444</MDI>
      <MDI key="STATISTICS_MEAN">315.93777777778</MDI>
      <MDI key="STATISTICS_STDDEV">48.664617714351</MDI>
      <MDI key="STATISTICS_VALID_PERCENT">100</MDI>
    </Metadata>
  </PAMRasterBand>
  <PAMRasterBand band="2">
    <Histograms>
      <HistItem>
        <HistMin>184.5025125628141</HistMin>
        <HistMax>383.497487437186</HistMax>
        <BucketCount>199</BucketCount>
        <IncludeOutOfRange>0</IncludeOutOfRange>
        <Approximate>0</Approximate>
        <HistCounts>1|0|0|0|0|1|1|1|0|1|3|1|2|0|2|0|2|3|3|2|2|3|4|1|0|0|3|4|2|4|0|2|3|3|3|0|2|3|4|3|3|3|2|6|6|1|6|4|3|5|2|4|3|0|3|1|4|2|6|3|1|3|3|0|2|2|1|2|1|1|4|2|0|3|4|0|1|0|1|0|1|0|0|2|1|1|1|0|0|1|2|0|0|0|0|0|0|0|1|1|0|0|0|0|1|1|0|0|0|0|0|1|2|0|1|0|2|0|0|2|1|0|0|0|0|0|1|0|0|1|0|0|1|0|0|0|0|2|0|0|0|0|0|0|0|0|0|2|1|0|1|1|2|2|1|1|1|3|0|1|0|1|0|1|0|1|1|0|0|0|0|2|2|0|0|0|1|1|0|1|0|0|0|0|0|1|1|0|0|0|0|0|0|1|0|0|0|0|1</HistCounts>
      </HistItem>
    </Histograms>
    <Metadata>
      <MDI key="STATISTICS_MINIMUM">185</MDI>
      <MDI key="STATISTICS_MAXIMUM">383</MDI>
      <MDI key="STATISTICS_MEAN">251.84</MDI>
      <MDI key="STATISTICS_STDDEV">47.37679882249</MDI>
      <MDI key="STATISTICS_VALID_PERCENT">100</MDI>
    </Metadata>
  </PAMRasterBand>
  <PAMRasterBand band="3">
    <Histograms>
      <HistItem>
        <HistMin>195.4066666666667</HistMin>
        <HistMax>463.5933333333333</HistMax>
        <BucketCount>225</BucketCount>
        <IncludeOutOfRange>0</IncludeOutOfRange>
        <Approximate>0</Approximate>
        <HistCounts>1|1|0|0|0|0|1|0|1|0|0|1|1|3|4|0|0|2|3|3|3|2|2|5|1|3|4|2|5|6|0|1|3|5|5|5|2|1|3|5|2|2|0|3|5|1|3|3|2|2|3|4|4|4|1|7|2|1|3|3|4|1|1|1|0|3|2|2|0|2|0|0|0|1|2|2|1|2|0|2|1|0|1|1|0|1|2|0|0|0|1|0|0|0|0|0|2|0|0|1|1|0|1|1|0|0|0|1|0|0|1|0|0|0|1|0|1|0|0|0|0|0|2|0|3|1|0|0|0|0|0|0|0|0|0|0|0|1|0|0|0|2|1|0|0|0|0|1|0|0|1|0|0|0|0|0|0|0|0|0|0|0|0|0|2|0|1|2|0|1|0|0|0|0|0|0|1|0|0|1|1|0|0|0|2|2|0|1|0|2|1|0|0|2|2|0|0|0|1|1|0|1|1|0|1|0|0|0|0|2|1|0|0|0|0|0|0|0|0|1|0|0|0|0|1</HistCounts>
      </HistItem>
    </Histograms>
    <Metadata>
      <MDI key="STATISTICS_MINIMUM">196</MDI>
      <MDI key="STATISTICS_MAXIMUM">463</MDI>
      <MDI key="STATISTICS_MEAN">279.77333333333</MDI>
      <MDI key="STATISTICS_STDDEV">66.875653766275</MDI>
      <MDI key="STATISTICS_VALID_PERCENT">100</MDI>
    </Metadata>
  </PAMRasterBand>
</PAMDataset>
