<PAMDataset>
  <PAMRasterBand band="1">
    <Histograms>
      <HistItem>
        <HistMin>326.5074626865672</HistMin>
        <HistMax>393.4925373134328</HistMax>
        <BucketCount>67</BucketCount>
        <IncludeOutOfRange>0</IncludeOutOfRange>
        <Approximate>0</Approximate>
        <HistCounts>1|0|0|0|0|0|0|3|1|2|1|1|3|3|5|3|3|0|0|4|6|2|1|0|5|7|3|2|7|6|7|8|9|9|5|8|3|5|9|9|7|8|3|13|7|3|5|6|5|3|4|3|3|1|7|0|0|0|1|2|1|1|0|0|0|0|1</HistCounts>
      </HistItem>
    </Histograms>
    <Metadata>
      <MDI key="STATISTICS_MINIMUM">327</MDI>
      <MDI key="STATISTICS_MAXIMUM">393</MDI>
      <MDI key="STATISTICS_MEAN">361.57777777778</MDI>
      <MDI key="STATISTICS_STDDEV">12.423792387349</MDI>
      <MDI key="STATISTICS_VALID_PERCENT">100</MDI>
    </Metadata>
  </PAMRasterBand>
  <PAMRasterBand band="2">
    <Histograms>
      <HistItem>
        <HistMin>281.5078125</HistMin>
        <HistMax>345.4921875</HistMax>
        <BucketCount>64</BucketCount>
        <IncludeOutOfRange>0</IncludeOutOfRange>
        <Approximate>0</Approximate>
        <HistCounts>1|0|0|0|0|0|0|1|1|0|1|0|1|0|3|4|2|3|5|4|1|4|4|4|3|1|4|7|2|4|7|5|10|9|8|7|8|4|8|8|8|9|2|11|6|8|9|7|5|3|3|2|2|3|4|2|2|1|2|0|1|0|0|1</HistCounts>
      </HistItem>
    </Histograms>
    <Metadata>
      <MDI key="STATISTICS_MINIMUM">282</MDI>
      <MDI key="STATISTICS_MAXIMUM">345</MDI>
      <MDI key="STATISTICS_MEAN">317.70666666667</MDI>
      <MDI key="STATISTICS_STDDEV">11.580182305224</MDI>
      <MDI key="STATISTICS_VALID_PERCENT">100</MDI>
    </Metadata>
  </PAMRasterBand>
  <PAMRasterBand band="3">
    <Histograms>
      <HistItem>
        <HistMin>387.5051020408163</HistMin>
        <HistMax>485.4948979591837</HistMax>
        <BucketCount>98</BucketCount>
        <IncludeOutOfRange>0</IncludeOutOfRange>
        <Approximate>0</Approximate>
        <HistCounts>1|0|0|0|0|0|0|0|0|0|0|0|1|0|0|1|0|0|1|1|0|0|1|0|0|3|2|1|2|2|5|4|3|6|1|3|9|6|8|5|10|5|6|4|7|7|6|6|3|5|4|6|10|2|2|3|5|9|2|6|4|2|2|1|4|0|5|2|3|1|0|4|2|4|2|2|2|1|0|1|2|0|2|0|0|1|0|0|2|1|0|0|0|0|0|0|0|1</HistCounts>
      </HistItem>
    </Histograms>
    <Metadata>
      <MDI key="STATISTICS_MINIMUM">388</MDI>
      <MDI key="STATISTICS_MAXIMUM">485</MDI>
      <MDI key="STATISTICS_MEAN">436.94222222222</MDI>
      <MDI key="STATISTICS_STDDEV">15.724043710741</MDI>
      <MDI key="STATISTICS_VALID_PERCENT">100</MDI>
    </Metadata>
  </PAMRasterBand>
</PAMDataset>
