<PAMDataset>
  <PAMRasterBand band="1">
    <Histograms>
      <HistItem>
        <HistMin>392.502512562814</HistMin>
        <HistMax>591.4974874371859</HistMax>
        <BucketCount>199</BucketCount>
        <IncludeOutOfRange>0</IncludeOutOfRange>
        <Approximate>0</Approximate>
        <HistCounts>1|0|0|0|0|0|0|1|0|1|0|0|0|0|0|0|0|0|0|0|0|0|1|0|0|1|0|0|0|1|0|0|0|0|2|0|1|0|2|0|0|0|0|0|0|0|0|1|1|0|0|0|0|0|0|1|0|0|0|1|0|0|0|0|0|0|1|0|0|0|0|0|1|1|0|2|3|3|1|3|2|2|2|1|3|6|2|1|2|3|5|3|5|3|0|4|3|6|1|1|6|3|4|6|4|5|6|0|2|4|3|7|5|5|3|2|4|3|3|2|3|3|5|2|2|2|2|2|1|2|2|3|2|2|2|4|2|1|0|2|3|0|1|1|1|0|0|1|0|0|1|0|0|0|0|0|0|0|0|1|0|0|1|1|0|0|1|0|0|0|0|0|0|0|1|0|0|0|1|0|0|0|2|0|0|0|0|0|0|1|0|0|0|0|0|0|0|0|2</HistCounts>
      </HistItem>
    </Histograms>
    <Metadata>
      <MDI key="STATISTICS_MINIMUM">393</MDI>
      <MDI key="STATISTICS_MAXIMUM">591</MDI>
      <MDI key="STATISTICS_MEAN">498.20444444444</MDI>
      <MDI key="STATISTICS_STDDEV">30.656563230992</MDI>
      <MDI key="STATISTICS_VALID_PERCENT">100</MDI>
    </Metadata>
  </PAMRasterBand>
  <PAMRasterBand band="2">
    <Histograms>
      <HistItem>
        <HistMin>373.502538071066</HistMin>
        <HistMax>570.4974619289341</HistMax>
        <BucketCount>197</BucketCount>
        <IncludeOutOfRange>0</IncludeOutOfRange>
        <Approximate>0</Approximate>
        <HistCounts>1|0|0|0|0|0|0|0|0|0|1|0|1|0|0|1|0|0|0|0|0|0|0|1|0|0|0|0|0|0|0|0|2|0|0|0|0|0|1|0|1|0|0|0|2|0|0|0|0|2|0|0|0|0|0|0|0|0|0|1|0|0|1|1|0|0|0|0|0|0|0|0|0|0|0|0|1|0|0|1|1|1|0|0|1|0|0|1|0|3|1|1|3|0|4|1|5|2|7|6|2|8|6|5|5|2|3|1|2|4|3|3|4|4|3|3|5|7|5|4|6|5|3|4|3|2|2|1|1|0|0|5|1|2|0|2|0|2|1|1|3|4|5|1|4|4|3|2|3|0|3|2|2|0|1|1|1|0|0|0|0|0|0|2|1|0|1|0|2|0|0|1|0|2|0|0|0|0|0|0|0|0|0|0|0|0|0|1|0|0|0|0|0|0|0|0|1</HistCounts>
      </HistItem>
    </Histograms>
    <Metadata>
      <MDI key="STATISTICS_MINIMUM">374</MDI>
      <MDI key="STATISTICS_MAXIMUM">570</MDI>
      <MDI key="STATISTICS_MEAN">487.92444444444</MDI>
      <MDI key="STATISTICS_STDDEV">30.755936413827</MDI>
      <MDI key="STATISTICS_VALID_PERCENT">100</MDI>
    </Metadata>
  </PAMRasterBand>
  <PAMRasterBand band="3">
    <Histograms>
      <HistItem>
        <HistMin>521.26</HistMin>
        <HistMax>855.74</HistMax>
        <BucketCount>225</BucketCount>
        <IncludeOutOfRange>0</IncludeOutOfRange>
        <Approximate>0</Approximate>
        <HistCounts>1|0|0|0|0|0|0|0|0|0|0|1|0|1|0|0|1|0|0|0|0|1|0|0|0|0|0|0|0|0|0|0|0|0|0|1|0|1|0|0|0|1|0|0|0|0|0|0|2|0|0|0|1|0|0|0|0|0|0|0|0|1|0|0|1|0|0|0|0|0|1|0|1|0|0|0|0|0|0|0|0|0|0|0|1|1|0|0|0|1|1|0|0|0|0|0|0|1|0|0|0|0|0|0|1|1|0|0|1|0|1|0|1|0|2|0|2|0|2|0|2|1|2|2|6|1|2|0|5|2|4|0|5|4|1|4|4|3|3|3|2|6|1|2|1|2|1|1|1|8|0|2|1|4|2|7|4|4|3|6|4|4|2|3|1|4|0|1|2|0|2|0|2|2|2|1|1|0|1|2|1|0|2|0|0|0|1|1|2|0|2|1|3|2|2|2|1|3|2|2|2|2|1|1|3|1|0|2|0|1|0|0|0|2|0|0|2|2|0|0|0|0|0|1|1</HistCounts>
      </HistItem>
    </Histograms>
    <Metadata>
      <MDI key="STATISTICS_MINIMUM">522</MDI>
      <MDI key="STATISTICS_MAXIMUM">855</MDI>
      <MDI key="STATISTICS_MEAN">742.21777777778</MDI>
      <MDI key="STATISTICS_STDDEV">61.342330096993</MDI>
      <MDI key="STATISTICS_VALID_PERCENT">100</MDI>
    </Metadata>
  </PAMRasterBand>
</PAMDataset>
