<PAMDataset>
  <PAMRasterBand band="1">
    <Histograms>
      <HistItem>
        <HistMin>276.504347826087</HistMin>
        <HistMax>391.495652173913</HistMax>
        <BucketCount>115</BucketCount>
        <IncludeOutOfRange>0</IncludeOutOfRange>
        <Approximate>0</Approximate>
        <HistCounts>1|1|0|0|1|1|0|1|0|0|0|5|1|0|4|6|3|2|4|5|5|4|4|6|8|5|7|2|6|7|4|7|7|6|5|1|2|6|4|1|2|6|0|1|0|7|5|2|2|2|5|1|5|1|5|4|1|1|2|5|1|1|0|2|1|4|5|0|0|1|0|2|5|3|1|0|1|1|0|0|1|1|1|0|0|0|1|0|2|0|0|0|0|0|0|0|1|0|0|0|0|0|0|0|0|0|0|0|0|0|0|0|0|0|1</HistCounts>
      </HistItem>
    </Histograms>
    <Metadata>
      <MDI key="STATISTICS_MINIMUM">277</MDI>
      <MDI key="STATISTICS_MAXIMUM">391</MDI>
      <MDI key="STATISTICS_MEAN">315.77777777778</MDI>
      <MDI key="STATISTICS_STDDEV">20.077946872559</MDI>
      <MDI key="STATISTICS_VALID_PERCENT">100</MDI>
    </Metadata>
  </PAMRasterBand>
  <PAMRasterBand band="2">
    <Histograms>
      <HistItem>
        <HistMin>221.5056818181818</HistMin>
        <HistMax>309.4943181818182</HistMax>
        <BucketCount>88</BucketCount>
        <IncludeOutOfRange>0</IncludeOutOfRange>
        <Approximate>0</Approximate>
        <HistCounts>1|2|1|1|5|1|1|0|5|5|5|7|6|10|4|5|10|6|7|6|5|2|4|2|8|5|5|4|3|2|3|5|3|2|3|5|2|7|5|3|7|5|2|4|4|2|3|0|1|1|2|2|0|1|1|2|2|4|0|2|0|0|1|0|0|2|2|1|1|1|1|0|0|1|0|0|0|0|0|1|0|1|0|0|1|0|0|1</HistCounts>
      </HistItem>
    </Histograms>
    <Metadata>
      <MDI key="STATISTICS_MINIMUM">222</MDI>
      <MDI key="STATISTICS_MAXIMUM">309</MDI>
      <MDI key="STATISTICS_MEAN">250.89333333333</MDI>
      <MDI key="STATISTICS_STDDEV">17.882013309468</MDI>
      <MDI key="STATISTICS_VALID_PERCENT">100</MDI>
    </Metadata>
  </PAMRasterBand>
  <PAMRasterBand band="3">
    <Histograms>
      <HistItem>
        <HistMin>244.503937007874</HistMin>
        <HistMax>371.496062992126</HistMax>
        <BucketCount>127</BucketCount>
        <IncludeOutOfRange>0</IncludeOutOfRange>
        <Approximate>0</Approximate>
        <HistCounts>1|1|2|3|0|0|2|1|3|1|3|3|7|3|6|4|3|6|2|2|6|4|2|8|7|3|7|7|3|6|3|5|5|6|0|3|1|3|0|4|4|4|2|5|1|5|1|3|2|4|0|2|3|2|2|1|2|0|0|2|3|1|6|1|4|1|1|0|0|2|0|2|0|0|2|2|1|2|3|0|0|0|1|0|0|0|0|0|0|0|1|0|0|0|0|1|1|1|0|0|0|1|0|1|0|0|0|0|0|0|2|0|0|0|1|0|1|0|0|0|0|0|0|0|0|1|1</HistCounts>
      </HistItem>
    </Histograms>
    <Metadata>
      <MDI key="STATISTICS_MINIMUM">245</MDI>
      <MDI key="STATISTICS_MAXIMUM">371</MDI>
      <MDI key="STATISTICS_MEAN">282.92444444444</MDI>
      <MDI key="STATISTICS_STDDEV">25.24156321586</MDI>
      <MDI key="STATISTICS_VALID_PERCENT">100</MDI>
    </Metadata>
  </PAMRasterBand>
</PAMDataset>
