<PAMDataset>
  <PAMRasterBand band="1">
    <Histograms>
      <HistItem>
        <HistMin>257.2711111111111</HistMin>
        <HistMax>586.7288888888888</HistMax>
        <BucketCount>225</BucketCount>
        <IncludeOutOfRange>0</IncludeOutOfRange>
        <Approximate>0</Approximate>
        <HistCounts>1|0|0|0|0|1|1|0|0|1|0|1|1|0|0|0|1|0|1|2|1|0|1|0|1|0|0|1|1|0|0|2|1|1|0|0|0|0|0|0|1|1|2|0|2|1|1|0|2|0|1|1|1|0|1|1|0|0|1|0|0|0|0|0|0|0|3|0|3|0|0|0|1|0|0|0|1|0|1|1|1|2|0|1|0|1|0|1|1|2|0|0|1|0|1|2|1|0|0|0|3|0|2|1|5|2|2|4|2|4|2|3|5|6|1|4|1|1|1|0|1|0|2|1|2|0|4|1|2|1|3|1|1|2|3|0|1|4|2|2|1|1|1|2|1|0|1|0|1|1|1|3|1|1|4|2|2|0|0|0|0|0|0|0|0|2|1|2|3|4|0|1|0|2|1|0|1|0|2|0|0|1|2|1|0|0|2|0|1|1|1|2|0|2|2|0|2|1|1|1|1|1|1|0|4|0|3|1|1|2|0|0|1|0|3|0|0|0|1|0|0|1|1|0|1</HistCounts>
      </HistItem>
    </Histograms>
    <Metadata>
      <MDI key="STATISTICS_MINIMUM">258</MDI>
      <MDI key="STATISTICS_MAXIMUM">586</MDI>
      <MDI key="STATISTICS_MEAN">438.98222222222</MDI>
      <MDI key="STATISTICS_STDDEV">80.147140487949</MDI>
      <MDI key="STATISTICS_VALID_PERCENT">100</MDI>
    </Metadata>
  </PAMRasterBand>
  <PAMRasterBand band="2">
    <Histograms>
      <HistItem>
        <HistMin>220.1955555555556</HistMin>
        <HistMax>583.8044444444445</HistMax>
        <BucketCount>225</BucketCount>
        <IncludeOutOfRange>0</IncludeOutOfRange>
        <Approximate>0</Approximate>
        <HistCounts>1|0|0|0|0|0|0|0|1|1|1|0|0|0|1|0|0|0|0|1|2|1|1|0|0|0|0|0|2|1|0|0|0|2|2|1|1|0|0|0|0|1|0|0|1|0|0|2|0|0|2|1|0|1|0|1|0|0|3|2|2|0|0|0|1|0|0|1|1|0|0|0|1|0|1|2|0|2|1|3|1|3|4|1|0|7|1|2|5|0|2|3|3|4|1|4|1|2|3|1|2|2|1|2|1|0|1|0|1|3|2|4|1|2|2|3|2|0|2|3|0|2|1|2|1|1|2|2|1|1|0|2|1|2|2|1|1|2|0|2|1|0|0|3|2|3|0|2|0|0|2|0|0|3|1|0|1|1|2|1|0|1|3|0|0|0|0|0|2|1|1|1|1|0|0|0|1|1|1|2|1|2|0|2|1|2|0|3|3|1|0|0|3|1|2|0|1|0|1|1|1|0|2|0|1|1|0|0|1|0|0|0|1|0|0|0|0|0|0|0|0|0|0|0|1</HistCounts>
      </HistItem>
    </Histograms>
    <Metadata>
      <MDI key="STATISTICS_MINIMUM">221</MDI>
      <MDI key="STATISTICS_MAXIMUM">583</MDI>
      <MDI key="STATISTICS_MEAN">405.50222222222</MDI>
      <MDI key="STATISTICS_STDDEV">80.695814262613</MDI>
      <MDI key="STATISTICS_VALID_PERCENT">100</MDI>
    </Metadata>
  </PAMRasterBand>
  <PAMRasterBand band="3">
    <Histograms>
      <HistItem>
        <HistMin>233.8355555555555</HistMin>
        <HistMax>760.1644444444445</HistMax>
        <BucketCount>225</BucketCount>
        <IncludeOutOfRange>0</IncludeOutOfRange>
        <Approximate>0</Approximate>
        <HistCounts>1|0|0|0|0|0|1|0|0|2|0|0|1|0|0|0|2|0|2|1|0|0|1|0|1|0|1|1|0|2|1|0|0|1|1|1|2|0|0|0|0|0|1|0|0|1|0|4|0|0|0|1|0|3|0|2|1|1|0|2|1|0|0|2|1|1|0|0|0|0|1|0|1|0|1|0|0|0|2|2|0|0|0|0|1|0|0|0|0|0|1|2|1|0|2|0|0|1|0|0|2|1|1|1|0|1|2|4|0|4|5|2|2|5|1|4|2|1|2|4|0|3|2|2|3|1|0|2|0|0|2|2|0|3|2|5|5|2|1|0|1|2|3|1|2|4|1|4|1|0|1|1|1|2|2|0|2|0|2|2|2|3|2|0|2|0|3|0|0|0|0|1|0|2|2|1|0|1|0|3|2|3|1|2|2|0|0|0|0|2|2|1|0|1|4|0|0|2|0|1|2|1|0|1|1|0|0|0|0|0|1|2|1|1|0|0|0|0|0|0|0|0|0|0|1</HistCounts>
      </HistItem>
    </Histograms>
    <Metadata>
      <MDI key="STATISTICS_MINIMUM">235</MDI>
      <MDI key="STATISTICS_MAXIMUM">759</MDI>
      <MDI key="STATISTICS_MEAN">520.01333333333</MDI>
      <MDI key="STATISTICS_STDDEV">121.64036172258</MDI>
      <MDI key="STATISTICS_VALID_PERCENT">100</MDI>
    </Metadata>
  </PAMRasterBand>
</PAMDataset>
