<PAMDataset>
  <PAMRasterBand band="1">
    <Histograms>
      <HistItem>
        <HistMin>228.9955555555556</HistMin>
        <HistMax>683.0044444444444</HistMax>
        <BucketCount>225</BucketCount>
        <IncludeOutOfRange>0</IncludeOutOfRange>
        <Approximate>0</Approximate>
        <HistCounts>1|0|1|0|0|0|1|0|0|1|0|1|2|0|1|0|2|1|3|3|2|3|2|3|2|5|3|5|2|6|6|5|6|3|4|5|2|4|7|6|7|8|2|7|4|4|4|4|5|2|6|4|5|3|4|1|3|2|1|0|0|2|0|0|0|1|3|2|1|0|1|0|0|0|0|2|2|1|1|0|1|1|0|0|2|1|0|0|1|2|3|2|1|0|1|0|1|0|0|0|0|0|0|0|0|0|0|0|0|0|1|0|0|0|0|0|0|0|1|0|0|3|0|1|1|1|0|0|1|1|0|0|0|0|0|0|0|0|0|0|0|0|0|0|0|0|0|0|0|0|0|0|0|1|0|1|0|0|0|0|0|0|0|0|0|0|1|0|1|0|0|0|0|0|0|0|0|1|0|0|0|0|0|0|0|0|0|0|0|0|0|0|1|0|0|0|0|0|1|0|0|0|0|0|0|0|0|0|0|0|0|0|0|0|0|1|0|0|0|0|0|0|0|0|1</HistCounts>
      </HistItem>
    </Histograms>
    <Metadata>
      <MDI key="STATISTICS_MINIMUM">230</MDI>
      <MDI key="STATISTICS_MAXIMUM">682</MDI>
      <MDI key="STATISTICS_MEAN">334.82222222222</MDI>
      <MDI key="STATISTICS_STDDEV">74.274412788401</MDI>
      <MDI key="STATISTICS_VALID_PERCENT">100</MDI>
    </Metadata>
  </PAMRasterBand>
  <PAMRasterBand band="2">
    <Histograms>
      <HistItem>
        <HistMin>160.0111111111111</HistMin>
        <HistMax>606.9888888888889</HistMax>
        <BucketCount>225</BucketCount>
        <IncludeOutOfRange>0</IncludeOutOfRange>
        <Approximate>0</Approximate>
        <HistCounts>1|0|1|0|1|0|0|0|1|1|2|5|1|1|3|6|1|3|1|4|1|1|1|2|5|0|4|6|4|7|5|3|7|8|5|6|4|6|10|4|6|5|10|5|2|7|5|3|3|4|2|4|3|3|0|3|1|1|1|1|0|0|1|0|1|2|2|0|1|0|2|1|1|0|1|1|2|0|0|0|0|1|0|0|0|0|0|0|0|0|0|1|0|0|0|0|0|0|0|0|1|1|0|0|3|1|1|1|1|0|0|0|0|0|0|0|0|0|0|0|0|0|0|0|0|0|0|0|0|0|0|0|0|0|0|0|1|0|1|0|0|0|0|0|0|0|0|0|1|0|0|1|0|0|0|0|0|0|0|0|0|1|0|0|0|0|0|0|0|0|0|0|0|0|1|0|0|0|0|0|1|0|0|0|0|0|0|0|0|0|0|0|0|0|0|0|0|0|0|0|0|0|0|0|0|0|0|0|0|0|0|0|0|0|0|0|0|0|1|0|0|0|0|0|1</HistCounts>
      </HistItem>
    </Histograms>
    <Metadata>
      <MDI key="STATISTICS_MINIMUM">161</MDI>
      <MDI key="STATISTICS_MAXIMUM">606</MDI>
      <MDI key="STATISTICS_MEAN">250.38666666667</MDI>
      <MDI key="STATISTICS_STDDEV">65.846331543813</MDI>
      <MDI key="STATISTICS_VALID_PERCENT">100</MDI>
    </Metadata>
  </PAMRasterBand>
  <PAMRasterBand band="3">
    <Histograms>
      <HistItem>
        <HistMin>175.5555555555555</HistMin>
        <HistMax>828.4444444444445</HistMax>
        <BucketCount>225</BucketCount>
        <IncludeOutOfRange>0</IncludeOutOfRange>
        <Approximate>0</Approximate>
        <HistCounts>1|2|0|0|1|0|0|2|4|2|3|5|2|4|4|1|2|1|2|3|4|2|3|8|1|5|3|10|5|10|11|6|5|11|6|6|4|9|4|4|7|3|4|3|1|0|0|1|1|1|1|1|1|1|0|1|0|2|1|2|1|0|0|0|2|1|0|0|0|0|1|0|0|0|1|1|0|2|1|2|0|1|1|2|1|0|0|1|0|0|0|1|0|0|0|0|0|0|0|0|0|0|1|0|0|0|0|0|0|0|0|1|0|0|0|0|1|0|1|0|0|0|2|2|0|1|1|0|0|0|0|0|0|0|0|0|0|0|0|0|0|0|0|0|0|1|0|1|0|0|0|0|0|0|0|0|0|1|0|1|0|0|0|0|0|0|0|0|0|1|0|0|0|0|0|0|0|0|0|0|0|0|0|1|0|0|0|0|0|0|0|0|0|0|1|0|0|0|0|0|0|0|0|0|0|0|0|0|0|0|0|0|0|0|0|0|0|0|1|0|0|0|0|0|1</HistCounts>
      </HistItem>
    </Histograms>
    <Metadata>
      <MDI key="STATISTICS_MINIMUM">177</MDI>
      <MDI key="STATISTICS_MAXIMUM">827</MDI>
      <MDI key="STATISTICS_MEAN">301.52888888889</MDI>
      <MDI key="STATISTICS_STDDEV">108.26695529974</MDI>
      <MDI key="STATISTICS_VALID_PERCENT">100</MDI>
    </Metadata>
  </PAMRasterBand>
</PAMDataset>
