<PAMDataset>
  <PAMRasterBand band="1">
    <Histograms>
      <HistItem>
        <HistMin>289.2533333333333</HistMin>
        <HistMax>626.7466666666667</HistMax>
        <BucketCount>225</BucketCount>
        <IncludeOutOfRange>0</IncludeOutOfRange>
        <Approximate>0</Approximate>
        <HistCounts>1|0|0|1|0|0|1|0|0|1|0|0|0|0|0|0|0|0|1|1|0|1|0|0|0|3|0|0|0|1|0|1|3|1|0|2|1|4|0|2|5|2|0|0|1|3|2|3|2|2|2|2|0|5|2|2|1|0|1|2|4|6|2|2|0|2|0|3|1|2|1|2|0|3|0|4|0|2|0|0|1|1|0|1|1|2|2|1|0|1|3|3|0|1|1|6|1|2|3|1|2|5|1|2|0|2|0|4|1|3|1|1|0|3|1|1|0|1|1|2|1|0|0|6|3|2|1|2|1|3|1|1|1|1|0|1|0|0|0|1|2|0|1|2|3|3|0|0|0|0|0|4|0|2|0|2|0|0|0|4|1|1|0|2|2|0|0|0|0|0|0|2|0|0|0|2|0|0|1|1|0|0|0|0|0|0|0|0|0|0|0|1|0|0|1|0|0|0|0|1|0|0|0|0|0|0|0|0|1|1|0|0|0|0|0|0|0|0|0|1|0|0|0|0|1</HistCounts>
      </HistItem>
    </Histograms>
    <Metadata>
      <MDI key="STATISTICS_MINIMUM">290</MDI>
      <MDI key="STATISTICS_MAXIMUM">626</MDI>
      <MDI key="STATISTICS_MEAN">430.09333333333</MDI>
      <MDI key="STATISTICS_STDDEV">69.455566611563</MDI>
      <MDI key="STATISTICS_VALID_PERCENT">100</MDI>
    </Metadata>
  </PAMRasterBand>
  <PAMRasterBand band="2">
    <Histograms>
      <HistItem>
        <HistMin>278.3511111111111</HistMin>
        <HistMax>571.6488888888889</HistMax>
        <BucketCount>225</BucketCount>
        <IncludeOutOfRange>0</IncludeOutOfRange>
        <Approximate>0</Approximate>
        <HistCounts>2|0|1|0|0|0|0|1|2|0|2|0|1|0|1|2|0|0|2|1|3|3|0|1|1|1|2|1|2|0|1|2|2|1|1|3|3|1|4|0|1|5|0|1|4|0|3|2|5|2|1|2|3|0|5|1|0|1|1|0|1|1|1|2|2|0|1|0|1|0|1|2|1|2|2|1|0|2|1|0|2|1|0|1|0|1|0|1|1|1|2|7|0|2|2|2|1|0|1|1|2|0|6|1|3|1|2|2|2|2|1|3|3|1|8|1|0|2|2|3|1|2|1|2|0|0|0|1|0|2|3|1|0|1|0|2|1|2|0|1|2|1|0|0|0|1|0|1|0|0|1|0|0|1|0|3|0|2|2|0|0|1|0|0|0|0|1|1|0|0|2|0|0|2|0|1|0|0|0|0|1|0|0|1|0|0|0|0|0|0|0|0|0|0|0|0|0|1|0|0|0|0|0|0|0|0|0|0|0|0|0|0|0|0|0|0|1|1|0|1|0|0|0|0|1</HistCounts>
      </HistItem>
    </Histograms>
    <Metadata>
      <MDI key="STATISTICS_MINIMUM">279</MDI>
      <MDI key="STATISTICS_MAXIMUM">571</MDI>
      <MDI key="STATISTICS_MEAN">389.77333333333</MDI>
      <MDI key="STATISTICS_STDDEV">63.362780522603</MDI>
      <MDI key="STATISTICS_VALID_PERCENT">100</MDI>
    </Metadata>
  </PAMRasterBand>
  <PAMRasterBand band="3">
    <Histograms>
      <HistItem>
        <HistMin>351.9777777777778</HistMin>
        <HistMax>814.0222222222222</HistMax>
        <BucketCount>225</BucketCount>
        <IncludeOutOfRange>0</IncludeOutOfRange>
        <Approximate>0</Approximate>
        <HistCounts>1|0|3|0|0|1|0|0|1|3|1|0|2|0|0|1|2|0|1|1|1|1|0|1|3|3|2|1|3|2|2|2|1|2|1|1|0|4|0|3|0|3|4|3|1|2|2|4|1|3|1|4|0|1|1|2|3|3|0|0|2|0|1|0|1|0|0|1|0|1|2|0|3|1|1|0|1|0|1|1|0|2|0|0|0|2|1|0|1|0|1|1|4|2|1|3|0|2|0|2|2|1|3|3|1|2|5|2|1|4|2|1|2|6|5|1|3|0|3|2|2|3|0|0|0|0|0|3|0|2|0|2|2|2|0|0|0|1|1|0|0|2|0|0|1|1|2|1|0|0|0|1|1|0|0|1|1|3|0|2|0|0|1|0|1|0|0|0|1|0|0|0|1|0|2|0|1|2|1|0|0|0|1|0|0|0|0|0|0|0|0|0|0|0|0|0|0|1|0|0|0|0|0|0|0|0|0|0|0|0|0|0|0|0|0|1|0|0|0|1|0|0|1|0|1</HistCounts>
      </HistItem>
    </Histograms>
    <Metadata>
      <MDI key="STATISTICS_MINIMUM">353</MDI>
      <MDI key="STATISTICS_MAXIMUM">813</MDI>
      <MDI key="STATISTICS_MEAN">528.22222222222</MDI>
      <MDI key="STATISTICS_STDDEV">102.6994512349</MDI>
      <MDI key="STATISTICS_VALID_PERCENT">100</MDI>
    </Metadata>
  </PAMRasterBand>
</PAMDataset>
