<PAMDataset>
  <PAMRasterBand band="1">
    <Histograms>
      <HistItem>
        <HistMin>241.82</HistMin>
        <HistMax>775.1799999999999</HistMax>
        <BucketCount>225</BucketCount>
        <IncludeOutOfRange>0</IncludeOutOfRange>
        <Approximate>0</Approximate>
        <HistCounts>1|0|1|0|0|2|1|0|0|2|1|1|3|0|2|1|3|1|2|3|1|2|7|0|3|2|2|4|0|3|5|1|1|1|1|4|2|2|4|3|1|1|1|2|3|0|1|1|4|4|1|5|3|2|4|0|2|2|2|3|2|0|0|2|3|1|1|0|1|0|4|2|1|3|1|0|1|1|2|1|3|2|0|0|3|0|0|0|1|0|0|2|0|1|1|0|0|1|1|1|1|0|0|1|2|1|1|0|0|0|1|2|0|0|0|0|1|1|1|1|0|2|1|0|0|1|1|0|0|0|0|1|0|0|0|1|0|1|0|2|2|2|0|0|0|0|0|0|1|1|0|2|1|0|2|1|0|1|0|1|1|1|1|1|0|0|0|0|0|0|2|0|1|1|1|0|2|1|0|1|0|0|1|1|0|0|1|0|0|3|1|1|1|1|0|1|0|0|0|1|0|1|1|0|0|1|1|0|0|0|0|0|0|0|0|0|0|0|1|1|0|0|0|0|1</HistCounts>
      </HistItem>
    </Histograms>
    <Metadata>
      <MDI key="STATISTICS_MINIMUM">243</MDI>
      <MDI key="STATISTICS_MAXIMUM">774</MDI>
      <MDI key="STATISTICS_MEAN">430.80888888889</MDI>
      <MDI key="STATISTICS_STDDEV">137.30272769359</MDI>
      <MDI key="STATISTICS_VALID_PERCENT">100</MDI>
    </Metadata>
  </PAMRasterBand>
  <PAMRasterBand band="2">
    <Histograms>
      <HistItem>
        <HistMin>221.7355555555555</HistMin>
        <HistMax>793.2644444444444</HistMax>
        <BucketCount>225</BucketCount>
        <IncludeOutOfRange>0</IncludeOutOfRange>
        <Approximate>0</Approximate>
        <HistCounts>1|0|1|2|0|3|3|3|1|2|3|1|1|3|1|4|1|6|1|3|2|4|3|1|6|2|4|1|3|2|6|2|3|4|0|3|1|4|3|5|0|3|1|4|2|2|3|0|1|0|1|3|2|2|0|2|2|6|2|4|1|0|0|0|0|0|1|0|0|0|0|0|2|1|1|0|0|0|1|0|0|0|1|0|1|0|1|0|0|4|0|1|0|0|0|2|0|0|1|0|1|0|1|0|1|2|0|0|0|1|0|1|0|0|0|0|1|1|0|1|1|0|0|0|0|2|2|0|0|0|0|1|0|1|1|0|2|1|0|0|1|1|1|1|0|0|0|0|0|1|2|1|1|0|1|0|0|1|1|0|1|2|0|0|0|1|2|0|0|0|2|1|2|2|0|0|0|0|1|0|1|2|0|1|0|1|0|0|1|0|0|2|0|0|0|1|1|0|1|1|1|0|0|0|2|0|0|0|0|0|0|1|0|2|0|0|2|0|0|0|0|0|0|0|1</HistCounts>
      </HistItem>
    </Histograms>
    <Metadata>
      <MDI key="STATISTICS_MINIMUM">223</MDI>
      <MDI key="STATISTICS_MAXIMUM">792</MDI>
      <MDI key="STATISTICS_MEAN">409.76888888889</MDI>
      <MDI key="STATISTICS_STDDEV">158.17509260622</MDI>
      <MDI key="STATISTICS_VALID_PERCENT">100</MDI>
    </Metadata>
  </PAMRasterBand>
  <PAMRasterBand band="3">
    <Histograms>
      <HistItem>
        <HistMin>242.1466666666667</HistMin>
        <HistMax>1079.853333333333</HistMax>
        <BucketCount>225</BucketCount>
        <IncludeOutOfRange>0</IncludeOutOfRange>
        <Approximate>0</Approximate>
        <HistCounts>1|0|1|2|0|7|7|2|4|2|6|1|3|1|1|6|0|6|0|3|6|5|5|3|4|3|2|4|0|6|3|1|2|3|4|1|2|4|1|2|0|5|1|3|0|1|1|1|1|0|1|1|0|0|0|2|1|2|0|0|0|0|0|1|0|1|0|1|2|0|1|1|0|0|2|1|1|0|0|0|2|0|0|0|1|2|1|0|1|0|1|0|0|0|0|0|1|0|0|0|0|1|0|0|0|0|2|0|0|1|1|1|1|1|1|1|0|0|0|0|0|0|0|1|0|1|0|4|1|0|0|0|0|0|1|0|1|1|0|1|0|1|0|1|0|1|0|0|0|2|0|0|0|1|1|1|3|1|1|0|0|2|1|1|1|2|0|0|0|0|1|1|1|1|1|1|2|0|0|1|1|1|0|1|1|1|1|1|0|0|0|0|0|1|1|1|0|2|0|1|1|0|0|1|0|0|1|0|0|0|2|0|0|0|1|1|0|0|0|0|0|0|0|0|1</HistCounts>
      </HistItem>
    </Histograms>
    <Metadata>
      <MDI key="STATISTICS_MINIMUM">244</MDI>
      <MDI key="STATISTICS_MAXIMUM">1078</MDI>
      <MDI key="STATISTICS_MEAN">509.78666666667</MDI>
      <MDI key="STATISTICS_STDDEV">243.16677185284</MDI>
      <MDI key="STATISTICS_VALID_PERCENT">100</MDI>
    </Metadata>
  </PAMRasterBand>
</PAMDataset>
