<PAMDataset>
  <PAMRasterBand band="1">
    <Histograms>
      <HistItem>
        <HistMin>243.0044444444444</HistMin>
        <HistMax>692.9955555555556</HistMax>
        <BucketCount>225</BucketCount>
        <IncludeOutOfRange>0</IncludeOutOfRange>
        <Approximate>0</Approximate>
        <HistCounts>1|0|1|0|0|1|3|0|0|2|2|3|1|1|2|2|0|2|0|3|2|1|1|1|0|1|1|0|1|1|1|1|0|0|3|1|2|0|2|2|0|1|2|0|0|3|0|1|1|3|2|0|0|3|1|4|2|0|1|2|0|2|0|1|2|2|1|1|0|1|0|0|0|1|2|0|0|2|0|1|1|2|2|0|0|1|0|1|2|2|0|1|0|1|0|0|1|0|2|2|0|1|1|3|0|0|2|2|1|1|0|2|1|2|0|2|3|2|1|2|0|1|1|0|2|0|1|1|2|1|2|0|1|0|1|3|1|3|1|0|2|0|1|3|0|1|2|1|4|0|3|0|5|1|3|4|0|1|4|1|2|0|0|3|0|0|1|1|2|0|1|1|2|0|1|0|1|0|0|2|0|1|0|0|0|0|0|0|0|0|0|1|1|0|1|2|0|0|1|2|0|0|0|2|1|1|0|1|0|1|0|0|0|0|0|0|0|1|1|0|1|0|0|0|2</HistCounts>
      </HistItem>
    </Histograms>
    <Metadata>
      <MDI key="STATISTICS_MINIMUM">244</MDI>
      <MDI key="STATISTICS_MAXIMUM">692</MDI>
      <MDI key="STATISTICS_MEAN">447.91555555556</MDI>
      <MDI key="STATISTICS_STDDEV">118.13764844556</MDI>
      <MDI key="STATISTICS_VALID_PERCENT">100</MDI>
    </Metadata>
  </PAMRasterBand>
  <PAMRasterBand band="2">
    <Histograms>
      <HistItem>
        <HistMin>204.9622222222222</HistMin>
        <HistMax>674.0377777777778</HistMax>
        <BucketCount>225</BucketCount>
        <IncludeOutOfRange>0</IncludeOutOfRange>
        <Approximate>0</Approximate>
        <HistCounts>2|0|4|0|2|1|1|1|1|1|2|2|0|4|2|2|0|1|3|2|3|6|3|0|3|1|0|1|2|2|5|0|1|0|4|3|0|1|1|2|3|1|0|1|0|2|1|1|0|1|0|0|1|2|3|2|2|0|0|3|0|0|0|0|0|2|1|2|1|2|1|1|1|2|1|0|0|2|1|1|0|0|3|0|0|0|0|1|3|0|1|1|1|1|2|0|0|0|2|2|1|1|2|2|0|2|1|1|2|1|2|0|0|0|2|1|0|2|1|2|1|2|1|1|0|1|0|2|1|5|0|2|1|1|0|1|4|1|2|1|0|5|2|0|0|0|2|0|0|2|1|0|0|2|1|0|1|0|2|3|4|0|0|2|1|0|0|0|0|1|0|0|1|1|2|3|0|1|0|0|0|0|0|1|1|0|0|0|0|1|0|0|0|1|1|0|0|0|1|0|0|0|0|0|0|0|0|1|2|0|0|0|0|0|0|0|1|0|0|0|0|0|0|0|1</HistCounts>
      </HistItem>
    </Histograms>
    <Metadata>
      <MDI key="STATISTICS_MINIMUM">206</MDI>
      <MDI key="STATISTICS_MAXIMUM">673</MDI>
      <MDI key="STATISTICS_MEAN">385.92</MDI>
      <MDI key="STATISTICS_STDDEV">120.51590139433</MDI>
      <MDI key="STATISTICS_VALID_PERCENT">100</MDI>
    </Metadata>
  </PAMRasterBand>
  <PAMRasterBand band="3">
    <Histograms>
      <HistItem>
        <HistMin>255.2244444444445</HistMin>
        <HistMax>1057.775555555555</HistMax>
        <BucketCount>225</BucketCount>
        <IncludeOutOfRange>0</IncludeOutOfRange>
        <Approximate>0</Approximate>
        <HistCounts>1|0|0|4|3|0|1|4|1|3|3|1|2|1|2|4|2|1|4|4|4|3|3|1|2|3|4|0|0|2|0|1|1|1|1|1|2|1|0|1|3|1|2|3|1|0|2|1|0|0|1|0|1|1|2|1|1|1|2|2|1|0|1|1|3|1|0|0|2|0|1|1|2|0|0|0|1|1|1|0|1|1|0|2|0|1|1|1|0|0|0|3|1|0|2|1|1|1|1|0|1|1|3|1|2|2|0|0|0|1|2|0|0|2|0|0|2|2|0|2|2|2|0|4|2|2|0|0|1|0|2|3|2|1|2|3|2|2|1|2|1|1|2|0|0|0|2|0|0|1|1|2|3|0|1|1|1|0|1|0|1|0|0|0|0|0|1|1|1|0|1|0|0|2|3|0|2|1|0|2|1|0|0|0|1|0|0|0|0|0|0|0|0|0|0|0|0|0|0|1|0|1|1|0|1|0|0|1|0|0|0|0|0|0|0|0|0|0|0|0|1|0|0|0|1</HistCounts>
      </HistItem>
    </Histograms>
    <Metadata>
      <MDI key="STATISTICS_MINIMUM">257</MDI>
      <MDI key="STATISTICS_MAXIMUM">1056</MDI>
      <MDI key="STATISTICS_MEAN">552.61333333333</MDI>
      <MDI key="STATISTICS_STDDEV">207.29280804376</MDI>
      <MDI key="STATISTICS_VALID_PERCENT">100</MDI>
    </Metadata>
  </PAMRasterBand>
</PAMDataset>
