<PAMDataset>
  <PAMRasterBand band="1">
    <Histograms>
      <HistItem>
        <HistMin>303.504</HistMin>
        <HistMax>428.496</HistMax>
        <BucketCount>125</BucketCount>
        <IncludeOutOfRange>0</IncludeOutOfRange>
        <Approximate>0</Approximate>
        <HistCounts>1|0|0|0|0|0|0|0|1|0|0|0|1|0|0|0|0|0|2|0|0|0|0|0|0|0|3|2|2|1|1|1|1|2|4|1|1|7|3|4|4|2|4|5|1|5|4|3|6|5|5|3|3|1|3|5|4|8|4|2|7|5|4|4|3|4|5|0|2|1|1|2|4|2|4|3|5|1|3|1|2|1|2|5|3|0|0|1|2|2|1|0|1|2|2|0|2|2|1|3|2|0|0|1|1|3|0|0|0|0|0|2|1|1|1|0|1|1|0|0|1|0|1|0|1</HistCounts>
      </HistItem>
    </Histograms>
    <Metadata>
      <MDI key="STATISTICS_MINIMUM">304</MDI>
      <MDI key="STATISTICS_MAXIMUM">428</MDI>
      <MDI key="STATISTICS_MEAN">365.68888888889</MDI>
      <MDI key="STATISTICS_STDDEV">23.539113758662</MDI>
      <MDI key="STATISTICS_VALID_PERCENT">100</MDI>
    </Metadata>
  </PAMRasterBand>
  <PAMRasterBand band="2">
    <Histograms>
      <HistItem>
        <HistMin>255.5045454545455</HistMin>
        <HistMax>365.4954545454545</HistMax>
        <BucketCount>110</BucketCount>
        <IncludeOutOfRange>0</IncludeOutOfRange>
        <Approximate>0</Approximate>
        <HistCounts>1|0|0|0|0|0|0|0|1|0|0|1|0|0|1|1|0|1|0|1|4|0|2|1|3|5|0|3|6|4|2|3|2|2|6|2|4|3|3|2|4|8|3|4|2|4|1|5|4|3|5|3|7|3|3|3|3|1|6|2|6|3|3|4|2|1|3|5|2|2|1|1|1|2|1|3|1|5|1|0|0|3|3|2|2|0|2|2|2|6|1|2|0|1|0|1|0|0|1|1|2|1|1|0|1|1|2|1|1|1</HistCounts>
      </HistItem>
    </Histograms>
    <Metadata>
      <MDI key="STATISTICS_MINIMUM">256</MDI>
      <MDI key="STATISTICS_MAXIMUM">365</MDI>
      <MDI key="STATISTICS_MEAN">310.56444444444</MDI>
      <MDI key="STATISTICS_STDDEV">23.357826721161</MDI>
      <MDI key="STATISTICS_VALID_PERCENT">100</MDI>
    </Metadata>
  </PAMRasterBand>
  <PAMRasterBand band="3">
    <Histograms>
      <HistItem>
        <HistMin>315.5028089887641</HistMin>
        <HistMax>493.4971910112359</HistMax>
        <BucketCount>178</BucketCount>
        <IncludeOutOfRange>0</IncludeOutOfRange>
        <Approximate>0</Approximate>
        <HistCounts>1|0|0|0|0|0|0|0|0|0|0|2|0|0|0|0|0|0|0|0|0|0|0|0|1|1|0|0|0|0|0|0|3|1|2|1|1|1|0|0|3|0|2|4|2|4|1|1|2|1|2|3|1|2|0|0|2|0|1|2|0|4|4|1|1|4|4|1|1|1|2|0|2|2|1|3|7|1|7|5|4|1|3|3|1|3|3|5|2|2|1|3|2|0|1|3|2|1|1|1|5|2|2|2|0|2|3|2|2|3|1|1|2|0|2|0|2|1|0|2|2|4|0|1|1|0|4|3|2|2|0|0|1|2|1|0|2|1|0|0|0|2|0|2|0|2|4|1|0|0|1|1|0|1|0|0|0|1|1|0|2|0|0|0|0|0|0|4|1|0|1|0|0|0|0|0|0|1</HistCounts>
      </HistItem>
    </Histograms>
    <Metadata>
      <MDI key="STATISTICS_MINIMUM">316</MDI>
      <MDI key="STATISTICS_MAXIMUM">493</MDI>
      <MDI key="STATISTICS_MEAN">405.36</MDI>
      <MDI key="STATISTICS_STDDEV">36.134676481801</MDI>
      <MDI key="STATISTICS_VALID_PERCENT">100</MDI>
    </Metadata>
  </PAMRasterBand>
</PAMDataset>
