<PAMDataset>
  <PAMRasterBand band="1">
    <Histograms>
      <HistItem>
        <HistMin>261.9911111111111</HistMin>
        <HistMax>718.0088888888889</HistMax>
        <BucketCount>225</BucketCount>
        <IncludeOutOfRange>0</IncludeOutOfRange>
        <Approximate>0</Approximate>
        <HistCounts>2|0|0|1|0|2|0|3|1|2|1|2|3|3|2|3|4|5|5|2|10|8|8|3|2|7|6|6|4|2|4|5|5|4|2|4|1|1|1|2|8|3|1|1|0|1|1|0|1|2|2|1|2|2|2|1|3|0|0|2|3|0|0|1|3|1|1|1|2|0|0|0|0|1|0|1|1|1|0|0|1|1|0|0|0|0|0|0|1|1|1|0|0|0|0|0|0|1|2|0|0|1|0|1|0|0|1|1|0|0|1|0|1|1|0|0|0|2|0|0|1|0|1|0|0|0|0|2|0|0|2|0|0|1|0|0|0|0|0|2|2|0|1|0|0|1|1|0|1|0|0|0|0|1|0|0|0|0|1|0|1|0|0|1|0|0|2|0|0|0|0|0|0|1|1|0|0|0|1|0|1|1|0|0|1|0|0|0|0|0|0|0|0|1|0|0|0|0|1|0|0|0|0|0|1|0|0|0|0|0|0|0|0|0|0|0|1|0|0|0|1|0|0|0|1</HistCounts>
      </HistItem>
    </Histograms>
    <Metadata>
      <MDI key="STATISTICS_MINIMUM">263</MDI>
      <MDI key="STATISTICS_MAXIMUM">717</MDI>
      <MDI key="STATISTICS_MEAN">375.4</MDI>
      <MDI key="STATISTICS_STDDEV">103.48848567192</MDI>
      <MDI key="STATISTICS_VALID_PERCENT">100</MDI>
    </Metadata>
  </PAMRasterBand>
  <PAMRasterBand band="2">
    <Histograms>
      <HistItem>
        <HistMin>203.9555555555555</HistMin>
        <HistMax>676.0444444444445</HistMax>
        <BucketCount>225</BucketCount>
        <IncludeOutOfRange>0</IncludeOutOfRange>
        <Approximate>0</Approximate>
        <HistCounts>1|2|1|0|1|7|2|2|1|3|4|0|5|4|3|6|8|3|6|7|5|6|10|2|6|5|3|7|2|3|2|4|3|0|2|3|3|1|3|1|2|3|4|2|1|1|1|2|1|0|0|1|2|1|1|1|1|0|0|0|1|0|1|2|0|0|0|0|2|2|1|3|1|0|1|0|0|0|0|0|0|0|0|0|1|1|1|1|2|0|0|0|0|1|0|0|0|0|0|0|0|0|0|0|0|0|1|1|0|1|0|1|1|1|0|0|0|0|0|0|0|0|0|0|0|1|0|0|2|1|0|1|0|1|0|0|0|1|2|1|0|0|1|0|0|1|0|2|0|0|0|0|0|1|0|0|0|0|0|0|0|0|1|2|0|0|0|0|0|0|1|0|0|1|0|0|0|2|0|0|0|1|0|0|0|0|2|0|0|0|0|1|0|1|0|0|0|0|0|0|1|0|0|0|2|0|1|0|0|1|1|0|1|0|0|0|0|0|0|1|0|0|0|1|1</HistCounts>
      </HistItem>
    </Histograms>
    <Metadata>
      <MDI key="STATISTICS_MINIMUM">205</MDI>
      <MDI key="STATISTICS_MAXIMUM">675</MDI>
      <MDI key="STATISTICS_MEAN">320.16444444444</MDI>
      <MDI key="STATISTICS_STDDEV">120.03852928781</MDI>
      <MDI key="STATISTICS_VALID_PERCENT">100</MDI>
    </Metadata>
  </PAMRasterBand>
  <PAMRasterBand band="3">
    <Histograms>
      <HistItem>
        <HistMin>213.3822222222222</HistMin>
        <HistMax>944.6177777777777</HistMax>
        <BucketCount>225</BucketCount>
        <IncludeOutOfRange>0</IncludeOutOfRange>
        <Approximate>0</Approximate>
        <HistCounts>2|0|0|4|4|2|4|2|2|6|7|5|8|10|5|8|9|6|6|3|6|5|4|5|6|2|2|3|3|4|3|2|3|2|1|1|1|0|0|2|1|0|1|3|4|0|0|0|1|0|0|0|1|1|1|0|3|1|1|0|1|1|0|1|0|1|0|1|1|1|1|0|0|0|0|1|0|0|2|0|1|0|0|1|1|0|0|0|2|0|0|0|0|0|0|1|0|0|0|0|0|0|0|1|0|0|1|1|0|0|0|2|0|0|1|0|0|0|0|2|1|1|0|0|1|0|0|0|0|2|1|0|0|0|2|1|1|0|0|0|0|1|1|0|0|1|0|0|0|1|1|0|0|0|0|0|0|1|0|0|0|0|0|0|0|0|0|0|1|0|0|0|0|0|0|1|0|0|1|0|0|2|1|1|0|0|0|0|1|1|0|0|0|1|0|0|0|1|0|0|0|1|0|1|0|0|0|0|0|0|0|0|0|0|2|0|0|0|0|0|2|0|0|0|1</HistCounts>
      </HistItem>
    </Histograms>
    <Metadata>
      <MDI key="STATISTICS_MINIMUM">215</MDI>
      <MDI key="STATISTICS_MAXIMUM">943</MDI>
      <MDI key="STATISTICS_MEAN">377.88888888889</MDI>
      <MDI key="STATISTICS_STDDEV">183.47214408275</MDI>
      <MDI key="STATISTICS_VALID_PERCENT">100</MDI>
    </Metadata>
  </PAMRasterBand>
</PAMDataset>
