<PAMDataset>
  <PAMRasterBand band="1">
    <Histograms>
      <HistItem>
        <HistMin>218.9888888888889</HistMin>
        <HistMax>676.0111111111111</HistMax>
        <BucketCount>225</BucketCount>
        <IncludeOutOfRange>0</IncludeOutOfRange>
        <Approximate>0</Approximate>
        <HistCounts>2|1|0|1|0|1|1|0|1|0|1|0|4|1|2|0|0|0|1|0|0|1|0|0|1|0|5|0|1|2|3|3|6|4|3|5|3|5|2|1|2|3|4|2|0|2|1|1|4|2|2|1|3|5|1|1|0|0|1|0|0|1|1|1|1|1|3|1|2|1|2|2|2|1|1|1|0|2|2|1|0|0|1|3|2|2|0|1|0|0|2|0|1|1|0|3|3|0|0|0|0|1|0|0|0|1|1|0|0|0|0|0|0|0|0|0|0|2|0|0|0|0|0|0|0|1|0|0|3|0|0|0|2|0|0|0|0|2|0|1|2|0|0|0|0|1|0|0|0|0|0|1|0|0|1|0|0|1|0|0|3|1|0|3|2|1|1|1|1|0|0|0|2|1|0|1|1|1|1|1|4|2|2|2|1|0|3|0|1|0|1|0|1|0|1|1|0|1|0|1|1|1|2|1|0|1|0|1|0|1|2|2|0|0|1|0|1|1|0|1|2|2|0|1|1</HistCounts>
      </HistItem>
    </Histograms>
    <Metadata>
      <MDI key="STATISTICS_MINIMUM">220</MDI>
      <MDI key="STATISTICS_MAXIMUM">675</MDI>
      <MDI key="STATISTICS_MEAN">414.06222222222</MDI>
      <MDI key="STATISTICS_STDDEV">136.41660258828</MDI>
      <MDI key="STATISTICS_VALID_PERCENT">100</MDI>
    </Metadata>
  </PAMRasterBand>
  <PAMRasterBand band="2">
    <Histograms>
      <HistItem>
        <HistMin>178.8266666666667</HistMin>
        <HistMax>709.1733333333333</HistMax>
        <BucketCount>225</BucketCount>
        <IncludeOutOfRange>0</IncludeOutOfRange>
        <Approximate>0</Approximate>
        <HistCounts>1|1|2|2|2|0|0|1|2|0|0|0|1|4|3|2|2|0|2|1|1|2|4|0|4|4|6|3|4|2|2|2|1|1|0|0|0|1|2|1|0|0|1|1|0|0|0|0|1|2|0|2|3|1|0|1|0|1|2|2|0|3|0|0|3|0|0|1|1|2|3|2|2|0|2|1|1|2|0|1|1|3|3|1|3|2|3|1|1|0|0|1|1|1|0|3|1|0|0|0|0|0|0|0|1|0|0|1|2|2|0|0|0|1|0|2|0|0|1|0|0|0|0|0|0|0|1|0|0|0|0|0|1|1|0|1|0|0|0|0|0|0|0|0|0|0|0|0|1|0|0|0|1|0|2|3|2|1|0|0|2|1|3|1|0|0|0|0|1|0|0|1|0|2|0|0|1|1|1|0|0|1|1|0|2|2|0|2|3|1|0|1|0|1|0|2|3|1|0|1|1|1|4|0|1|0|0|0|2|2|2|0|3|1|1|1|4|2|3|1|2|1|1|0|1</HistCounts>
      </HistItem>
    </Histograms>
    <Metadata>
      <MDI key="STATISTICS_MINIMUM">180</MDI>
      <MDI key="STATISTICS_MAXIMUM">708</MDI>
      <MDI key="STATISTICS_MEAN">419.02222222222</MDI>
      <MDI key="STATISTICS_STDDEV">171.338091878</MDI>
      <MDI key="STATISTICS_VALID_PERCENT">100</MDI>
    </Metadata>
  </PAMRasterBand>
  <PAMRasterBand band="3">
    <Histograms>
      <HistItem>
        <HistMin>216.0822222222222</HistMin>
        <HistMax>1082.917777777778</HistMax>
        <BucketCount>225</BucketCount>
        <IncludeOutOfRange>0</IncludeOutOfRange>
        <Approximate>0</Approximate>
        <HistCounts>1|2|2|1|0|2|1|1|2|1|0|1|1|1|2|4|2|3|1|2|2|2|2|3|5|5|2|1|1|2|2|0|4|1|0|0|0|0|0|4|0|0|1|0|0|1|0|0|0|0|2|0|1|3|0|2|1|1|1|1|0|0|1|3|2|0|2|0|2|0|2|3|3|1|2|1|1|0|2|2|2|0|3|3|2|2|2|2|1|2|1|0|0|0|1|0|2|0|2|0|0|0|1|0|0|0|1|1|0|0|0|2|1|1|2|0|0|0|0|0|0|0|1|1|0|0|0|1|1|0|1|0|0|0|0|0|0|0|0|0|0|1|1|0|1|3|1|0|1|0|2|2|0|1|1|0|0|0|2|2|0|2|2|1|0|0|1|0|0|1|1|0|0|0|3|2|1|0|1|0|0|1|0|1|1|0|2|1|1|3|1|2|1|2|1|0|1|0|0|1|4|1|0|0|4|0|3|1|5|1|1|1|1|0|1|2|1|0|0|0|0|0|0|0|1</HistCounts>
      </HistItem>
    </Histograms>
    <Metadata>
      <MDI key="STATISTICS_MINIMUM">218</MDI>
      <MDI key="STATISTICS_MAXIMUM">1081</MDI>
      <MDI key="STATISTICS_MEAN">597.95111111111</MDI>
      <MDI key="STATISTICS_STDDEV">267.16275906664</MDI>
      <MDI key="STATISTICS_VALID_PERCENT">100</MDI>
    </Metadata>
  </PAMRasterBand>
</PAMDataset>
