<PAMDataset>
  <PAMRasterBand band="1">
    <Histograms>
      <HistItem>
        <HistMin>193.5030674846626</HistMin>
        <HistMax>356.4969325153374</HistMax>
        <BucketCount>163</BucketCount>
        <IncludeOutOfRange>0</IncludeOutOfRange>
        <Approximate>0</Approximate>
        <HistCounts>1|1|0|0|1|0|1|1|1|0|0|0|0|1|1|1|4|0|0|0|1|2|2|1|1|2|1|1|3|1|3|0|2|0|2|0|1|1|0|1|1|2|0|2|3|4|2|5|1|3|3|0|1|0|2|2|4|0|2|2|3|2|3|1|2|1|2|1|2|3|4|4|5|5|1|2|3|5|3|3|1|2|2|5|1|2|2|2|2|4|4|1|3|1|0|1|1|5|1|2|4|2|0|0|0|1|3|1|0|1|3|1|1|1|0|3|1|1|0|2|2|0|0|0|1|0|1|1|0|2|0|2|0|1|1|1|2|1|1|2|0|1|0|0|0|3|0|0|0|0|2|0|0|0|1|0|0|0|0|0|0|0|1</HistCounts>
      </HistItem>
    </Histograms>
    <Metadata>
      <MDI key="STATISTICS_MINIMUM">194</MDI>
      <MDI key="STATISTICS_MAXIMUM">356</MDI>
      <MDI key="STATISTICS_MEAN">268.05333333333</MDI>
      <MDI key="STATISTICS_STDDEV">35.384576677794</MDI>
      <MDI key="STATISTICS_VALID_PERCENT">100</MDI>
    </Metadata>
  </PAMRasterBand>
  <PAMRasterBand band="2">
    <Histograms>
      <HistItem>
        <HistMin>147.5038461538462</HistMin>
        <HistMax>277.4961538461538</HistMax>
        <BucketCount>130</BucketCount>
        <IncludeOutOfRange>0</IncludeOutOfRange>
        <Approximate>0</Approximate>
        <HistCounts>1|1|0|1|1|2|2|1|2|2|0|2|1|1|2|3|1|4|2|2|1|2|1|3|1|4|4|6|1|1|1|1|3|2|2|2|3|1|1|1|1|7|2|5|4|2|4|8|5|5|2|3|5|5|3|4|2|4|8|2|0|1|3|3|3|1|0|2|1|1|1|1|3|2|2|2|1|2|0|1|3|0|0|2|0|0|2|1|1|1|2|1|1|1|0|1|1|1|1|1|1|2|1|1|1|1|1|2|0|3|1|0|1|1|2|1|1|0|0|0|0|0|0|0|0|0|1|0|0|1</HistCounts>
      </HistItem>
    </Histograms>
    <Metadata>
      <MDI key="STATISTICS_MINIMUM">148</MDI>
      <MDI key="STATISTICS_MAXIMUM">277</MDI>
      <MDI key="STATISTICS_MEAN">200.53333333333</MDI>
      <MDI key="STATISTICS_STDDEV">29.111280745901</MDI>
      <MDI key="STATISTICS_VALID_PERCENT">100</MDI>
    </Metadata>
  </PAMRasterBand>
  <PAMRasterBand band="3">
    <Histograms>
      <HistItem>
        <HistMin>142.5036496350365</HistMin>
        <HistMax>279.4963503649635</HistMax>
        <BucketCount>137</BucketCount>
        <IncludeOutOfRange>0</IncludeOutOfRange>
        <Approximate>0</Approximate>
        <HistCounts>1|0|2|1|2|2|4|1|5|5|8|2|8|5|5|3|6|7|4|1|3|4|4|1|1|4|2|1|2|3|3|1|1|1|5|4|4|1|5|2|2|2|0|0|2|2|1|1|2|3|1|3|5|2|0|0|0|1|3|2|1|0|1|4|1|1|1|1|1|5|4|0|2|1|0|2|1|0|0|0|0|1|0|0|2|0|1|1|0|1|0|3|0|1|0|1|1|0|1|1|0|1|1|1|1|0|1|0|0|0|0|0|1|0|0|3|0|1|1|2|0|1|3|0|0|1|2|1|1|1|0|1|0|2|1|1|1</HistCounts>
      </HistItem>
    </Histograms>
    <Metadata>
      <MDI key="STATISTICS_MINIMUM">143</MDI>
      <MDI key="STATISTICS_MAXIMUM">279</MDI>
      <MDI key="STATISTICS_MEAN">189.65777777778</MDI>
      <MDI key="STATISTICS_STDDEV">37.107570290165</MDI>
      <MDI key="STATISTICS_VALID_PERCENT">100</MDI>
    </Metadata>
  </PAMRasterBand>
</PAMDataset>
