<PAMDataset>
  <PAMRasterBand band="1">
    <Histograms>
      <HistItem>
        <HistMin>212.5037593984962</HistMin>
        <HistMax>345.4962406015038</HistMax>
        <BucketCount>133</BucketCount>
        <IncludeOutOfRange>0</IncludeOutOfRange>
        <Approximate>0</Approximate>
        <HistCounts>2|0|0|0|0|0|0|1|0|1|2|1|1|2|1|3|3|3|2|3|3|0|3|2|3|2|1|3|0|1|2|1|1|1|1|5|3|2|4|2|0|2|3|3|5|2|1|1|7|5|8|3|3|4|5|3|4|3|4|2|3|2|4|2|2|2|1|1|5|3|0|4|3|3|2|1|2|5|2|4|2|1|0|2|3|1|2|2|2|2|2|3|0|1|0|0|1|0|0|0|2|1|0|2|0|0|0|1|2|0|0|0|0|1|0|0|0|0|2|1|1|0|0|0|0|1|1|0|0|1|0|0|1</HistCounts>
      </HistItem>
    </Histograms>
    <Metadata>
      <MDI key="STATISTICS_MINIMUM">213</MDI>
      <MDI key="STATISTICS_MAXIMUM">345</MDI>
      <MDI key="STATISTICS_MEAN">268.76</MDI>
      <MDI key="STATISTICS_STDDEV">27.583814900127</MDI>
      <MDI key="STATISTICS_VALID_PERCENT">100</MDI>
    </Metadata>
  </PAMRasterBand>
  <PAMRasterBand band="2">
    <Histograms>
      <HistItem>
        <HistMin>158.5051546391753</HistMin>
        <HistMax>255.4948453608247</HistMax>
        <BucketCount>97</BucketCount>
        <IncludeOutOfRange>0</IncludeOutOfRange>
        <Approximate>0</Approximate>
        <HistCounts>1|1|0|0|1|0|2|1|2|1|2|2|7|2|2|4|2|4|3|0|4|1|2|2|4|1|3|2|4|2|1|3|5|4|1|3|3|5|0|7|10|5|2|4|4|8|2|6|3|0|5|2|1|7|3|3|1|4|1|1|2|3|3|4|8|1|1|0|3|4|0|1|3|0|3|0|2|4|0|2|2|1|0|2|2|2|0|0|2|0|1|2|0|0|0|0|1</HistCounts>
      </HistItem>
    </Histograms>
    <Metadata>
      <MDI key="STATISTICS_MINIMUM">159</MDI>
      <MDI key="STATISTICS_MAXIMUM">255</MDI>
      <MDI key="STATISTICS_MEAN">202.88888888889</MDI>
      <MDI key="STATISTICS_STDDEV">21.893502051951</MDI>
      <MDI key="STATISTICS_VALID_PERCENT">100</MDI>
    </Metadata>
  </PAMRasterBand>
  <PAMRasterBand band="3">
    <Histograms>
      <HistItem>
        <HistMin>151.5035714285714</HistMin>
        <HistMax>291.4964285714286</HistMax>
        <BucketCount>140</BucketCount>
        <IncludeOutOfRange>0</IncludeOutOfRange>
        <Approximate>0</Approximate>
        <HistCounts>1|0|0|0|2|0|1|2|2|2|0|2|2|1|2|2|3|0|3|1|1|3|1|0|1|4|2|6|1|0|2|2|0|4|3|1|2|4|0|2|3|0|3|3|1|0|1|4|2|1|1|2|1|1|1|1|1|1|4|4|1|1|2|1|2|3|2|3|2|4|5|1|4|2|2|2|2|3|2|3|2|4|2|3|3|4|3|0|1|3|3|5|6|2|1|6|1|1|3|0|4|0|2|0|1|2|0|1|2|0|0|1|0|0|1|0|0|0|1|1|0|1|2|0|0|1|1|0|0|0|1|0|2|0|0|0|0|0|0|1</HistCounts>
      </HistItem>
    </Histograms>
    <Metadata>
      <MDI key="STATISTICS_MINIMUM">152</MDI>
      <MDI key="STATISTICS_MAXIMUM">291</MDI>
      <MDI key="STATISTICS_MEAN">214.56888888889</MDI>
      <MDI key="STATISTICS_STDDEV">32.043802120238</MDI>
      <MDI key="STATISTICS_VALID_PERCENT">100</MDI>
    </Metadata>
  </PAMRasterBand>
</PAMDataset>
