<PAMDataset>
  <PAMRasterBand band="1">
    <Histograms>
      <HistItem>
        <HistMin>278.5070422535211</HistMin>
        <HistMax>349.4929577464789</HistMax>
        <BucketCount>71</BucketCount>
        <IncludeOutOfRange>0</IncludeOutOfRange>
        <Approximate>0</Approximate>
        <HistCounts>1|0|0|0|2|1|1|2|0|2|1|3|4|5|2|4|4|3|5|6|7|3|11|6|5|10|7|4|7|7|7|6|3|3|4|4|2|1|3|7|3|6|3|4|4|5|7|5|0|2|2|5|2|2|2|2|2|1|2|2|0|4|0|1|2|1|0|1|0|1|1</HistCounts>
      </HistItem>
    </Histograms>
    <Metadata>
      <MDI key="STATISTICS_MINIMUM">279</MDI>
      <MDI key="STATISTICS_MAXIMUM">349</MDI>
      <MDI key="STATISTICS_MEAN">311.13777777778</MDI>
      <MDI key="STATISTICS_STDDEV">14.923021572038</MDI>
      <MDI key="STATISTICS_VALID_PERCENT">100</MDI>
    </Metadata>
  </PAMRasterBand>
  <PAMRasterBand band="2">
    <Histograms>
      <HistItem>
        <HistMin>223.5081967213115</HistMin>
        <HistMax>284.4918032786885</HistMax>
        <BucketCount>61</BucketCount>
        <IncludeOutOfRange>0</IncludeOutOfRange>
        <Approximate>0</Approximate>
        <HistCounts>1|0|0|1|0|1|0|0|3|2|1|0|5|5|5|6|4|5|5|9|8|7|7|4|10|4|11|8|6|4|4|8|4|9|6|5|5|4|4|1|7|4|4|4|5|2|4|2|4|1|2|0|4|3|2|1|2|1|0|0|1</HistCounts>
      </HistItem>
    </Histograms>
    <Metadata>
      <MDI key="STATISTICS_MINIMUM">224</MDI>
      <MDI key="STATISTICS_MAXIMUM">284</MDI>
      <MDI key="STATISTICS_MEAN">253.32</MDI>
      <MDI key="STATISTICS_STDDEV">12.294345583777</MDI>
      <MDI key="STATISTICS_VALID_PERCENT">100</MDI>
    </Metadata>
  </PAMRasterBand>
  <PAMRasterBand band="3">
    <Histograms>
      <HistItem>
        <HistMin>253.5055555555556</HistMin>
        <HistMax>343.4944444444445</HistMax>
        <BucketCount>90</BucketCount>
        <IncludeOutOfRange>0</IncludeOutOfRange>
        <Approximate>0</Approximate>
        <HistCounts>1|0|1|0|0|0|0|1|0|0|0|0|2|0|0|1|0|3|4|2|1|4|3|1|4|3|3|5|5|5|5|7|7|5|7|2|7|5|4|6|3|6|5|6|1|4|5|3|6|5|7|4|3|6|2|4|2|3|5|2|3|2|4|1|2|4|4|0|0|0|4|0|0|3|0|3|1|2|1|0|1|1|1|0|0|1|0|0|0|1</HistCounts>
      </HistItem>
    </Histograms>
    <Metadata>
      <MDI key="STATISTICS_MINIMUM">254</MDI>
      <MDI key="STATISTICS_MAXIMUM">343</MDI>
      <MDI key="STATISTICS_MEAN">297.02666666667</MDI>
      <MDI key="STATISTICS_STDDEV">16.841989853406</MDI>
      <MDI key="STATISTICS_VALID_PERCENT">100</MDI>
    </Metadata>
  </PAMRasterBand>
</PAMDataset>
