<PAMDataset>
  <PAMRasterBand band="1">
    <Histograms>
      <HistItem>
        <HistMin>234.4511111111111</HistMin>
        <HistMax>482.5488888888889</HistMax>
        <BucketCount>225</BucketCount>
        <IncludeOutOfRange>0</IncludeOutOfRange>
        <Approximate>0</Approximate>
        <HistCounts>1|0|0|0|0|1|0|1|0|0|1|0|2|0|1|3|0|3|1|2|2|1|0|1|1|1|1|0|1|2|0|1|1|3|1|3|1|2|1|0|3|1|1|2|0|2|3|1|0|0|3|3|1|1|4|2|4|1|5|4|0|3|3|6|2|2|8|4|4|3|4|5|2|7|2|5|3|5|2|1|5|1|6|1|0|2|2|2|3|0|3|2|1|3|0|0|1|1|0|1|1|1|3|1|1|0|0|0|1|0|0|0|1|0|0|1|0|0|0|1|0|0|0|0|0|0|0|0|0|0|0|1|0|0|0|1|1|0|0|0|0|0|1|0|0|0|0|0|0|0|0|1|1|0|0|0|0|0|0|1|0|2|0|0|0|0|0|0|0|0|0|0|1|1|0|0|0|0|0|0|0|0|1|0|0|1|1|0|1|2|0|0|0|0|0|0|0|0|2|0|1|1|0|0|0|2|0|0|0|0|1|0|1|0|0|0|0|1|1|0|0|1|0|0|1</HistCounts>
      </HistItem>
    </Histograms>
    <Metadata>
      <MDI key="STATISTICS_MINIMUM">235</MDI>
      <MDI key="STATISTICS_MAXIMUM">482</MDI>
      <MDI key="STATISTICS_MEAN">320.11111111111</MDI>
      <MDI key="STATISTICS_STDDEV">52.552036527711</MDI>
      <MDI key="STATISTICS_VALID_PERCENT">100</MDI>
    </Metadata>
  </PAMRasterBand>
  <PAMRasterBand band="2">
    <Histograms>
      <HistItem>
        <HistMin>168.3533333333333</HistMin>
        <HistMax>460.6466666666666</HistMax>
        <BucketCount>225</BucketCount>
        <IncludeOutOfRange>0</IncludeOutOfRange>
        <Approximate>0</Approximate>
        <HistCounts>1|0|0|0|0|2|0|0|1|0|1|1|3|2|2|3|1|1|2|1|2|0|1|2|2|4|0|1|1|0|5|0|6|0|2|5|1|2|6|2|2|2|3|1|3|6|3|4|5|4|3|5|7|2|8|12|4|0|1|10|3|1|8|1|4|4|4|3|1|1|1|1|0|1|0|1|0|2|1|2|0|1|0|1|2|0|0|0|0|0|0|1|0|0|1|0|1|0|0|0|0|0|1|0|0|1|0|0|0|0|1|0|0|0|0|0|0|1|0|0|0|0|1|0|1|0|0|1|1|0|0|0|1|0|0|0|0|0|0|0|2|0|0|0|0|0|0|0|0|1|0|0|1|0|0|0|0|0|0|0|0|0|0|0|0|1|0|0|0|0|0|1|0|0|0|1|0|0|0|1|1|0|0|0|0|0|2|0|1|0|0|0|0|0|0|0|1|1|0|0|1|0|1|0|0|0|1|0|1|0|0|0|0|1|0|1|0|0|0|1|0|0|0|0|1</HistCounts>
      </HistItem>
    </Histograms>
    <Metadata>
      <MDI key="STATISTICS_MINIMUM">169</MDI>
      <MDI key="STATISTICS_MAXIMUM">460</MDI>
      <MDI key="STATISTICS_MEAN">251.42666666667</MDI>
      <MDI key="STATISTICS_STDDEV">60.805593309973</MDI>
      <MDI key="STATISTICS_VALID_PERCENT">100</MDI>
    </Metadata>
  </PAMRasterBand>
  <PAMRasterBand band="3">
    <Histograms>
      <HistItem>
        <HistMin>179.9711111111111</HistMin>
        <HistMax>645.0288888888889</HistMax>
        <BucketCount>225</BucketCount>
        <IncludeOutOfRange>0</IncludeOutOfRange>
        <Approximate>0</Approximate>
        <HistCounts>1|1|0|1|4|0|1|0|0|1|4|1|2|0|3|3|4|3|1|2|2|0|0|4|3|2|1|6|3|2|4|4|1|2|3|1|3|1|5|2|6|6|6|6|5|4|5|6|2|5|8|3|7|2|3|4|4|4|1|2|1|2|2|0|0|3|2|0|0|0|0|1|0|1|1|0|0|1|0|2|0|0|0|2|0|2|1|1|0|0|0|0|0|0|0|0|1|1|1|0|0|0|0|1|0|0|0|0|0|0|0|0|1|1|0|0|0|0|0|1|0|0|0|2|0|0|0|1|0|0|0|1|0|0|0|1|1|0|0|0|0|0|0|0|0|0|0|0|1|0|0|0|0|1|0|0|0|0|1|0|0|0|0|0|0|0|0|0|0|1|1|0|0|0|1|1|0|0|0|1|0|0|0|0|2|0|0|0|0|0|0|0|0|0|0|1|0|2|0|0|0|0|0|0|0|2|0|0|0|0|0|1|0|0|1|0|0|2|0|0|0|0|0|0|1</HistCounts>
      </HistItem>
    </Histograms>
    <Metadata>
      <MDI key="STATISTICS_MINIMUM">181</MDI>
      <MDI key="STATISTICS_MAXIMUM">644</MDI>
      <MDI key="STATISTICS_MEAN">300.53777777778</MDI>
      <MDI key="STATISTICS_STDDEV">99.955499629449</MDI>
      <MDI key="STATISTICS_VALID_PERCENT">100</MDI>
    </Metadata>
  </PAMRasterBand>
</PAMDataset>
