<PAMDataset>
  <PAMRasterBand band="1">
    <Histograms>
      <HistItem>
        <HistMin>245.3533333333333</HistMin>
        <HistMax>989.6466666666666</HistMax>
        <BucketCount>225</BucketCount>
        <IncludeOutOfRange>0</IncludeOutOfRange>
        <Approximate>0</Approximate>
        <HistCounts>1|0|1|2|1|1|1|2|6|1|2|4|5|6|4|13|6|7|9|7|8|8|10|9|13|4|6|3|4|4|7|5|3|3|2|3|0|4|0|3|2|4|2|1|2|1|1|1|0|0|0|2|1|0|2|2|1|1|1|0|2|0|1|2|2|0|0|1|0|1|1|1|1|0|2|0|0|1|0|0|0|0|0|0|0|0|0|0|0|0|0|0|0|0|0|0|0|0|0|0|0|0|0|0|0|0|0|0|0|1|0|0|0|0|0|0|0|0|0|0|0|0|0|0|0|0|1|0|0|0|0|0|0|0|0|0|0|0|0|0|0|0|0|1|0|0|0|0|0|0|0|0|0|0|0|0|0|0|0|0|0|0|0|0|0|0|0|0|0|0|0|0|0|0|0|0|0|1|0|0|0|0|0|0|0|0|0|0|0|0|1|0|0|0|0|0|0|0|0|0|0|0|1|0|0|0|0|0|0|0|0|0|0|0|0|0|0|0|0|0|0|1|0|0|1</HistCounts>
      </HistItem>
    </Histograms>
    <Metadata>
      <MDI key="STATISTICS_MINIMUM">247</MDI>
      <MDI key="STATISTICS_MAXIMUM">988</MDI>
      <MDI key="STATISTICS_MEAN">353.19111111111</MDI>
      <MDI key="STATISTICS_STDDEV">106.88021919102</MDI>
      <MDI key="STATISTICS_VALID_PERCENT">100</MDI>
    </Metadata>
  </PAMRasterBand>
  <PAMRasterBand band="2">
    <Histograms>
      <HistItem>
        <HistMin>191.5355555555556</HistMin>
        <HistMax>1305.464444444445</HistMax>
        <BucketCount>225</BucketCount>
        <IncludeOutOfRange>0</IncludeOutOfRange>
        <Approximate>0</Approximate>
        <HistCounts>2|2|4|4|3|4|2|3|6|5|4|9|5|9|10|8|14|8|11|12|10|3|9|6|3|1|7|2|2|2|2|2|1|2|5|0|2|4|1|1|1|1|2|2|2|2|0|1|3|0|0|0|1|0|0|0|0|2|0|0|0|0|0|1|1|0|1|0|1|0|1|0|0|1|1|0|0|0|0|0|0|0|0|0|0|1|0|0|1|0|0|0|0|0|0|0|0|0|0|0|1|0|0|0|0|0|0|0|0|0|0|0|0|0|0|1|0|0|0|0|0|0|0|0|0|1|0|0|0|0|0|0|0|0|0|0|0|0|0|0|0|0|0|0|0|0|0|0|1|0|0|0|0|0|0|0|0|0|0|0|0|0|0|0|0|0|0|0|0|0|0|0|0|0|0|0|1|0|0|0|1|0|0|0|0|0|0|0|0|0|0|0|0|0|0|0|0|0|0|0|0|0|0|0|1|0|0|0|0|0|0|0|0|0|0|0|0|0|0|1|0|0|0|0|1</HistCounts>
      </HistItem>
    </Histograms>
    <Metadata>
      <MDI key="STATISTICS_MINIMUM">194</MDI>
      <MDI key="STATISTICS_MAXIMUM">1303</MDI>
      <MDI key="STATISTICS_MEAN">330.47555555556</MDI>
      <MDI key="STATISTICS_STDDEV">164.40127217074</MDI>
      <MDI key="STATISTICS_VALID_PERCENT">100</MDI>
    </Metadata>
  </PAMRasterBand>
  <PAMRasterBand band="3">
    <Histograms>
      <HistItem>
        <HistMin>231.9933333333333</HistMin>
        <HistMax>2043.006666666667</HistMax>
        <BucketCount>225</BucketCount>
        <IncludeOutOfRange>0</IncludeOutOfRange>
        <Approximate>0</Approximate>
        <HistCounts>5|6|5|0|4|6|10|4|12|6|9|12|7|7|10|16|9|8|7|4|6|3|4|3|2|1|1|2|5|1|1|3|0|3|3|3|1|0|3|2|1|0|2|3|1|0|0|2|1|0|0|0|0|1|1|0|0|0|0|1|1|0|1|0|0|0|1|0|1|0|0|1|0|1|1|0|0|0|0|0|0|0|1|0|0|0|0|0|0|1|0|0|0|0|0|1|0|0|0|0|0|0|0|0|0|0|0|0|0|0|0|0|0|0|0|0|1|0|0|0|0|1|0|0|0|0|0|0|0|0|0|0|0|0|0|0|0|0|0|0|0|0|0|0|0|0|0|0|0|1|0|0|0|0|0|0|0|0|0|0|0|0|0|0|0|0|0|0|0|0|0|0|1|0|1|0|0|0|0|0|0|0|0|0|0|0|0|0|0|0|0|0|0|0|0|0|0|0|0|0|0|0|0|0|1|0|0|0|0|0|0|0|0|0|0|1|0|0|0|0|0|0|0|0|1</HistCounts>
      </HistItem>
    </Histograms>
    <Metadata>
      <MDI key="STATISTICS_MINIMUM">236</MDI>
      <MDI key="STATISTICS_MAXIMUM">2039</MDI>
      <MDI key="STATISTICS_MEAN">435.97777777778</MDI>
      <MDI key="STATISTICS_STDDEV">269.61276666845</MDI>
      <MDI key="STATISTICS_VALID_PERCENT">100</MDI>
    </Metadata>
  </PAMRasterBand>
</PAMDataset>
