<PAMDataset>
  <PAMRasterBand band="1">
    <Histograms>
      <HistItem>
        <HistMin>238.1377777777778</HistMin>
        <HistMax>627.8622222222223</HistMax>
        <BucketCount>225</BucketCount>
        <IncludeOutOfRange>0</IncludeOutOfRange>
        <Approximate>0</Approximate>
        <HistCounts>3|0|0|0|0|1|1|0|1|0|2|3|1|2|3|0|2|3|3|1|2|2|1|5|2|1|0|2|5|2|2|9|1|1|1|1|6|1|1|1|2|0|0|1|2|0|1|1|1|0|2|1|0|1|1|1|1|3|0|0|0|1|4|0|1|1|2|0|3|1|3|0|1|1|0|0|1|0|1|0|0|2|0|4|1|1|0|0|1|0|1|1|0|1|1|1|3|0|1|1|0|0|0|0|2|0|1|1|0|2|2|2|0|2|1|2|1|2|1|0|1|2|1|0|0|1|2|1|0|0|2|0|4|3|1|1|2|0|0|0|1|1|0|0|4|0|1|0|2|0|1|0|0|1|3|1|0|1|1|2|1|0|3|1|2|0|1|0|2|0|2|3|1|0|2|1|1|0|0|0|0|1|1|0|0|0|0|0|2|2|1|1|0|0|0|0|0|1|0|0|0|2|1|0|0|0|2|1|1|0|0|0|0|0|0|0|0|0|0|0|0|0|0|0|1</HistCounts>
      </HistItem>
    </Histograms>
    <Metadata>
      <MDI key="STATISTICS_MINIMUM">239</MDI>
      <MDI key="STATISTICS_MAXIMUM">627</MDI>
      <MDI key="STATISTICS_MEAN">392.97777777778</MDI>
      <MDI key="STATISTICS_STDDEV">103.50937453817</MDI>
      <MDI key="STATISTICS_VALID_PERCENT">100</MDI>
    </Metadata>
  </PAMRasterBand>
  <PAMRasterBand band="2">
    <Histograms>
      <HistItem>
        <HistMin>198.8755555555556</HistMin>
        <HistMax>707.1244444444444</HistMax>
        <BucketCount>225</BucketCount>
        <IncludeOutOfRange>0</IncludeOutOfRange>
        <Approximate>0</Approximate>
        <HistCounts>2|0|3|0|1|1|2|4|4|2|3|5|6|3|3|4|2|1|0|7|0|3|0|3|1|2|1|2|2|3|4|0|2|2|2|1|1|0|4|0|2|2|3|1|0|0|2|2|1|0|5|0|0|0|3|2|0|1|4|1|0|0|1|2|2|1|1|0|2|1|1|2|0|0|0|0|2|1|1|1|2|2|1|1|0|1|1|1|0|1|2|1|4|3|1|1|0|2|0|0|0|1|0|2|2|2|1|4|2|2|4|3|1|3|1|5|0|3|0|1|1|1|0|2|1|0|0|3|0|0|0|4|1|2|0|1|1|0|0|0|1|1|1|0|1|0|0|0|0|0|0|0|0|0|0|0|0|1|0|0|0|0|0|0|0|0|0|0|0|0|0|0|0|0|1|1|1|1|0|0|0|0|0|0|0|0|0|0|0|0|0|1|0|0|0|1|0|0|0|0|0|0|0|0|0|0|0|0|1|0|0|1|0|0|0|0|0|0|0|0|0|0|0|0|1</HistCounts>
      </HistItem>
    </Histograms>
    <Metadata>
      <MDI key="STATISTICS_MINIMUM">200</MDI>
      <MDI key="STATISTICS_MAXIMUM">706</MDI>
      <MDI key="STATISTICS_MEAN">351.46222222222</MDI>
      <MDI key="STATISTICS_STDDEV">111.35512618822</MDI>
      <MDI key="STATISTICS_VALID_PERCENT">100</MDI>
    </Metadata>
  </PAMRasterBand>
  <PAMRasterBand band="3">
    <Histograms>
      <HistItem>
        <HistMin>212.9288888888889</HistMin>
        <HistMax>1149.071111111111</HistMax>
        <BucketCount>225</BucketCount>
        <IncludeOutOfRange>0</IncludeOutOfRange>
        <Approximate>0</Approximate>
        <HistCounts>1|0|2|2|3|6|8|4|2|3|6|3|4|4|0|5|2|0|3|2|5|1|2|2|2|4|3|2|0|1|1|1|4|0|2|3|0|3|1|2|4|1|1|2|2|1|1|0|2|1|1|1|1|0|0|3|3|2|3|0|1|1|3|2|4|1|3|3|0|2|6|0|3|2|0|2|2|4|5|1|2|2|0|3|1|0|3|2|1|2|0|0|2|0|3|1|0|1|0|1|1|1|1|1|1|1|0|0|0|2|1|1|0|0|0|1|0|0|0|0|1|0|1|0|0|0|0|1|0|0|1|1|0|0|0|0|0|0|1|0|0|0|0|0|0|0|0|1|0|0|0|0|0|1|0|0|0|0|0|0|0|0|0|0|0|0|0|1|0|0|0|0|0|0|1|0|0|0|1|0|0|1|0|0|0|0|0|1|0|0|0|0|0|0|1|0|0|0|0|0|0|0|0|0|0|0|0|0|0|0|1|1|0|0|0|0|0|0|0|0|0|0|0|0|1</HistCounts>
      </HistItem>
    </Histograms>
    <Metadata>
      <MDI key="STATISTICS_MINIMUM">215</MDI>
      <MDI key="STATISTICS_MAXIMUM">1147</MDI>
      <MDI key="STATISTICS_MEAN">442.88</MDI>
      <MDI key="STATISTICS_STDDEV">185.35910803986</MDI>
      <MDI key="STATISTICS_VALID_PERCENT">100</MDI>
    </Metadata>
  </PAMRasterBand>
</PAMDataset>
