<PAMDataset>
  <PAMRasterBand band="1">
    <Histograms>
      <HistItem>
        <HistMin>241.3533333333333</HistMin>
        <HistMax>533.6466666666666</HistMax>
        <BucketCount>225</BucketCount>
        <IncludeOutOfRange>0</IncludeOutOfRange>
        <Approximate>0</Approximate>
        <HistCounts>1|0|3|0|1|2|0|0|2|0|0|1|1|2|1|1|0|0|3|1|1|1|3|2|1|1|0|1|0|4|1|1|3|1|2|2|1|1|2|1|0|4|2|4|1|3|2|0|5|2|0|4|2|1|0|3|1|2|1|1|1|1|6|1|2|0|0|0|0|1|3|2|1|1|3|0|1|2|0|3|2|0|2|1|3|3|0|2|1|3|0|1|1|2|2|3|0|0|1|2|1|2|3|1|0|4|2|0|1|3|1|0|3|1|1|3|0|1|3|4|0|0|2|2|0|0|2|0|0|2|0|0|3|2|1|2|0|2|0|0|1|1|1|0|1|3|1|0|0|0|0|1|1|1|0|0|1|0|0|1|0|1|1|1|1|0|1|0|2|2|2|0|0|0|0|0|0|0|0|0|0|0|2|0|0|0|0|0|0|0|0|1|0|0|0|0|0|0|0|0|1|0|0|0|0|0|0|0|0|0|0|0|1|0|0|0|0|0|0|0|0|0|0|0|1</HistCounts>
      </HistItem>
    </Histograms>
    <Metadata>
      <MDI key="STATISTICS_MINIMUM">242</MDI>
      <MDI key="STATISTICS_MAXIMUM">533</MDI>
      <MDI key="STATISTICS_MEAN">348.44</MDI>
      <MDI key="STATISTICS_STDDEV">62.458286168539</MDI>
      <MDI key="STATISTICS_VALID_PERCENT">100</MDI>
    </Metadata>
  </PAMRasterBand>
  <PAMRasterBand band="2">
    <Histograms>
      <HistItem>
        <HistMin>186.4288888888889</HistMin>
        <HistMax>444.5711111111111</HistMax>
        <BucketCount>225</BucketCount>
        <IncludeOutOfRange>0</IncludeOutOfRange>
        <Approximate>0</Approximate>
        <HistCounts>1|5|0|1|1|2|1|2|1|1|2|0|3|1|1|0|0|1|1|1|2|2|3|2|1|0|3|0|3|1|2|5|1|0|1|1|2|0|0|1|0|0|2|3|2|2|0|0|1|0|1|1|1|1|1|1|1|0|7|1|0|1|1|0|4|0|1|1|3|0|3|1|2|2|0|2|0|0|0|1|1|2|0|0|0|1|2|2|0|0|1|2|1|3|1|3|1|1|2|2|1|2|1|1|2|1|2|1|1|1|1|0|5|1|2|3|2|1|1|3|3|3|2|1|1|2|1|1|0|0|0|0|3|2|1|1|0|2|0|1|0|1|1|1|2|1|5|0|0|0|0|2|0|1|0|1|0|1|0|2|4|0|0|0|0|1|0|2|0|1|1|1|0|0|1|0|1|0|1|0|1|0|0|0|0|0|0|3|0|0|0|0|1|0|1|1|0|0|0|1|0|0|0|0|0|0|0|0|0|0|0|0|0|0|1|0|0|0|1|0|0|0|0|0|1</HistCounts>
      </HistItem>
    </Histograms>
    <Metadata>
      <MDI key="STATISTICS_MINIMUM">187</MDI>
      <MDI key="STATISTICS_MAXIMUM">444</MDI>
      <MDI key="STATISTICS_MEAN">287.60888888889</MDI>
      <MDI key="STATISTICS_STDDEV">61.906581313109</MDI>
      <MDI key="STATISTICS_VALID_PERCENT">100</MDI>
    </Metadata>
  </PAMRasterBand>
  <PAMRasterBand band="3">
    <Histograms>
      <HistItem>
        <HistMin>193.1355555555556</HistMin>
        <HistMax>583.8644444444444</HistMax>
        <BucketCount>225</BucketCount>
        <IncludeOutOfRange>0</IncludeOutOfRange>
        <Approximate>0</Approximate>
        <HistCounts>1|0|1|0|1|0|2|1|1|4|0|0|2|0|0|0|0|1|1|1|2|1|1|0|0|2|2|1|4|2|2|0|0|5|0|4|1|4|0|3|2|3|1|2|2|2|1|1|2|0|1|0|0|2|1|0|0|1|1|2|0|2|3|1|3|0|2|0|1|3|0|1|2|4|2|2|1|1|1|2|1|0|0|1|0|2|3|0|1|2|0|0|0|2|3|0|0|0|1|2|2|2|1|1|2|2|1|2|3|0|1|1|0|0|2|1|4|1|0|0|2|0|2|2|1|1|3|0|0|2|2|3|3|2|0|1|1|0|0|4|0|0|3|1|1|0|0|0|1|0|2|3|1|1|1|0|0|2|0|0|0|1|1|0|1|1|1|2|0|3|1|0|0|1|0|0|2|2|0|0|1|2|0|0|0|0|0|0|0|1|0|0|0|1|0|0|1|0|1|0|0|2|0|1|0|0|2|0|0|0|0|0|0|0|0|0|0|0|2|0|0|0|0|0|1</HistCounts>
      </HistItem>
    </Histograms>
    <Metadata>
      <MDI key="STATISTICS_MINIMUM">194</MDI>
      <MDI key="STATISTICS_MAXIMUM">583</MDI>
      <MDI key="STATISTICS_MEAN">354.38666666667</MDI>
      <MDI key="STATISTICS_STDDEV">95.357650977779</MDI>
      <MDI key="STATISTICS_VALID_PERCENT">100</MDI>
    </Metadata>
  </PAMRasterBand>
</PAMDataset>
