<PAMDataset>
  <PAMRasterBand band="1">
    <Histograms>
      <HistItem>
        <HistMin>266.6066666666667</HistMin>
        <HistMax>896.3933333333333</HistMax>
        <BucketCount>225</BucketCount>
        <IncludeOutOfRange>0</IncludeOutOfRange>
        <Approximate>0</Approximate>
        <HistCounts>1|1|0|1|0|2|0|1|1|0|1|0|1|1|1|1|1|2|0|0|1|0|1|0|1|1|0|0|0|0|2|0|0|3|0|0|0|0|0|3|4|3|0|2|1|0|1|1|1|2|1|4|2|1|4|3|2|4|6|10|10|8|3|10|8|7|2|2|5|2|1|4|0|0|2|3|1|2|1|1|3|2|1|2|2|2|2|0|1|1|2|1|0|3|0|1|0|1|0|0|0|1|0|1|1|1|1|1|2|1|1|0|0|2|1|1|0|1|0|1|0|0|0|1|1|1|1|0|2|0|0|0|0|0|1|0|0|0|0|3|0|1|0|1|0|0|0|1|0|1|2|0|0|1|1|0|0|0|0|1|0|0|0|0|0|1|0|1|0|0|0|1|0|0|0|0|0|0|0|0|0|0|0|1|2|1|0|0|1|0|0|0|0|0|0|1|0|0|0|0|1|2|0|0|0|0|0|0|0|0|0|0|0|1|0|0|1|0|0|0|0|0|0|0|1</HistCounts>
      </HistItem>
    </Histograms>
    <Metadata>
      <MDI key="STATISTICS_MINIMUM">268</MDI>
      <MDI key="STATISTICS_MAXIMUM">895</MDI>
      <MDI key="STATISTICS_MEAN">483.41333333333</MDI>
      <MDI key="STATISTICS_STDDEV">123.68451910674</MDI>
      <MDI key="STATISTICS_VALID_PERCENT">100</MDI>
    </Metadata>
  </PAMRasterBand>
  <PAMRasterBand band="2">
    <Histograms>
      <HistItem>
        <HistMin>231.3377777777778</HistMin>
        <HistMax>982.6622222222222</HistMax>
        <BucketCount>225</BucketCount>
        <IncludeOutOfRange>0</IncludeOutOfRange>
        <Approximate>0</Approximate>
        <HistCounts>1|1|0|2|0|0|0|2|0|2|0|0|2|2|0|0|2|1|1|1|1|1|0|0|3|3|0|0|2|0|1|8|2|4|7|1|3|8|0|1|4|3|3|6|7|3|4|2|2|8|5|2|8|8|4|0|2|0|6|1|6|4|1|1|0|1|4|2|2|0|0|0|2|2|2|3|0|1|1|1|0|1|3|1|1|0|2|1|0|1|0|0|1|0|0|1|0|3|0|1|2|0|0|1|0|1|0|1|0|0|1|2|0|0|0|0|1|1|0|0|0|1|1|0|0|0|0|1|0|1|0|0|0|0|1|0|0|0|0|2|0|0|0|1|1|2|0|0|0|1|0|1|1|0|1|0|0|0|0|0|0|0|0|0|0|0|0|0|0|0|0|0|0|1|1|0|0|0|0|0|0|0|0|0|1|0|1|0|1|0|0|0|0|0|0|0|1|0|0|1|0|1|0|0|0|0|1|0|0|0|0|0|0|0|0|0|0|0|0|0|0|0|0|1|1</HistCounts>
      </HistItem>
    </Histograms>
    <Metadata>
      <MDI key="STATISTICS_MINIMUM">233</MDI>
      <MDI key="STATISTICS_MAXIMUM">981</MDI>
      <MDI key="STATISTICS_MEAN">446.46222222222</MDI>
      <MDI key="STATISTICS_STDDEV">146.13029085776</MDI>
      <MDI key="STATISTICS_VALID_PERCENT">100</MDI>
    </Metadata>
  </PAMRasterBand>
  <PAMRasterBand band="3">
    <Histograms>
      <HistItem>
        <HistMin>282.48</HistMin>
        <HistMax>1421.52</HistMax>
        <BucketCount>225</BucketCount>
        <IncludeOutOfRange>0</IncludeOutOfRange>
        <Approximate>0</Approximate>
        <HistCounts>1|1|0|2|0|0|2|0|1|1|0|1|2|2|0|2|1|0|0|1|1|3|3|0|1|3|1|1|4|1|3|4|2|1|2|3|4|7|5|3|0|2|3|5|1|2|0|3|3|2|2|2|1|0|4|3|6|2|6|5|4|4|1|2|4|2|2|3|1|2|4|1|2|3|2|2|1|1|0|1|0|1|0|4|3|1|3|1|0|2|1|0|1|0|2|0|0|2|0|1|1|0|0|0|2|0|0|2|1|2|0|1|0|0|1|0|1|0|0|1|0|0|1|0|0|0|1|2|1|0|0|0|0|0|1|0|0|0|1|0|0|0|0|2|0|0|0|1|1|0|1|1|0|1|0|0|0|2|0|0|0|1|0|0|0|0|0|0|0|0|0|0|0|0|0|0|1|0|0|0|0|1|0|0|0|0|1|1|0|0|0|0|1|0|0|0|1|0|0|0|0|0|0|1|1|0|0|1|0|0|0|0|0|0|0|0|0|0|0|0|0|0|0|1|1</HistCounts>
      </HistItem>
    </Histograms>
    <Metadata>
      <MDI key="STATISTICS_MINIMUM">285</MDI>
      <MDI key="STATISTICS_MAXIMUM">1419</MDI>
      <MDI key="STATISTICS_MEAN">625.77333333333</MDI>
      <MDI key="STATISTICS_STDDEV">229.31049731266</MDI>
      <MDI key="STATISTICS_VALID_PERCENT">100</MDI>
    </Metadata>
  </PAMRasterBand>
</PAMDataset>
