<PAMDataset>
  <PAMRasterBand band="1">
    <Histograms>
      <HistItem>
        <HistMin>334.3688888888889</HistMin>
        <HistMax>619.6311111111111</HistMax>
        <BucketCount>225</BucketCount>
        <IncludeOutOfRange>0</IncludeOutOfRange>
        <Approximate>0</Approximate>
        <HistCounts>1|0|0|0|0|0|0|0|0|0|0|0|0|0|0|0|0|0|0|0|0|0|0|0|0|0|0|0|0|0|0|0|1|0|0|0|0|0|1|0|0|0|0|0|0|0|0|0|0|0|1|0|0|1|0|0|0|0|0|0|0|0|0|0|0|0|1|1|1|1|3|2|3|5|1|8|5|14|3|9|23|13|12|10|18|4|3|4|6|4|4|6|5|0|3|4|1|0|0|2|0|5|1|2|1|1|5|2|1|1|1|1|1|0|2|0|0|2|1|0|3|0|0|0|0|0|0|0|2|1|0|0|0|0|0|0|0|0|0|1|1|0|0|0|1|0|0|0|0|0|0|0|0|0|0|0|1|0|0|0|0|1|0|0|1|0|0|0|0|0|0|0|0|0|0|0|0|0|0|0|0|0|0|0|0|0|0|0|0|0|0|0|0|0|0|0|0|0|0|0|0|0|0|0|0|0|0|0|0|0|0|0|0|0|0|1|0|0|0|0|0|0|0|0|1</HistCounts>
      </HistItem>
    </Histograms>
    <Metadata>
      <MDI key="STATISTICS_MINIMUM">335</MDI>
      <MDI key="STATISTICS_MAXIMUM">619</MDI>
      <MDI key="STATISTICS_MEAN">446.6</MDI>
      <MDI key="STATISTICS_STDDEV">27.728845790781</MDI>
      <MDI key="STATISTICS_VALID_PERCENT">100</MDI>
    </Metadata>
  </PAMRasterBand>
  <PAMRasterBand band="2">
    <Histograms>
      <HistItem>
        <HistMin>282.32</HistMin>
        <HistMax>589.6799999999999</HistMax>
        <BucketCount>225</BucketCount>
        <IncludeOutOfRange>0</IncludeOutOfRange>
        <Approximate>0</Approximate>
        <HistCounts>1|0|0|0|0|0|0|0|0|0|0|0|0|0|0|0|0|0|0|0|0|0|0|0|0|0|0|0|0|2|0|0|0|0|0|0|0|0|0|0|0|0|0|0|0|1|1|0|0|0|0|0|0|1|0|0|0|0|0|0|0|1|0|0|0|0|1|2|2|1|1|2|5|4|2|11|7|13|32|11|5|17|9|13|6|7|7|1|4|1|1|1|2|0|2|3|0|1|1|2|0|1|1|0|1|2|0|1|4|2|2|1|0|1|1|1|1|1|1|0|1|1|3|0|2|0|1|1|0|0|0|0|1|0|0|0|1|0|1|0|0|0|1|1|0|0|0|0|1|0|0|0|0|0|0|0|0|1|0|1|0|0|0|0|0|0|0|0|0|0|0|0|0|0|0|0|0|0|0|0|1|0|0|0|0|0|0|0|0|0|0|0|0|0|0|0|0|0|0|0|0|0|0|0|1|0|0|0|0|0|0|0|0|0|0|0|0|0|0|0|0|0|0|0|1</HistCounts>
      </HistItem>
    </Histograms>
    <Metadata>
      <MDI key="STATISTICS_MINIMUM">283</MDI>
      <MDI key="STATISTICS_MAXIMUM">589</MDI>
      <MDI key="STATISTICS_MEAN">402.11111111111</MDI>
      <MDI key="STATISTICS_STDDEV">32.220229823459</MDI>
      <MDI key="STATISTICS_VALID_PERCENT">100</MDI>
    </Metadata>
  </PAMRasterBand>
  <PAMRasterBand band="3">
    <Histograms>
      <HistItem>
        <HistMin>396.0355555555556</HistMin>
        <HistMax>831.9644444444444</HistMax>
        <BucketCount>225</BucketCount>
        <IncludeOutOfRange>0</IncludeOutOfRange>
        <Approximate>0</Approximate>
        <HistCounts>1|0|0|0|0|0|0|0|0|0|0|0|0|0|0|0|0|0|0|0|0|0|0|0|0|0|0|0|2|0|0|0|0|0|0|0|0|0|0|0|0|0|0|1|0|1|0|0|0|0|1|0|0|0|0|0|0|0|0|1|0|0|0|0|0|1|0|0|0|2|0|0|0|0|1|1|0|3|0|3|2|2|9|14|6|12|13|18|17|8|13|5|7|6|11|5|2|5|1|4|1|0|2|3|2|0|1|2|3|2|2|0|1|1|4|1|0|1|1|1|0|1|0|3|2|0|1|0|0|0|0|0|0|0|0|1|0|1|0|0|0|0|0|1|2|0|0|1|0|0|0|1|0|0|0|0|0|0|1|1|0|0|0|0|0|0|0|0|0|0|0|0|0|0|0|0|0|0|0|0|1|0|0|0|0|0|0|0|0|0|0|0|0|0|0|0|0|0|0|0|0|0|0|0|0|1|0|0|0|0|0|0|0|0|0|0|0|0|0|0|0|0|0|0|1</HistCounts>
      </HistItem>
    </Histograms>
    <Metadata>
      <MDI key="STATISTICS_MINIMUM">397</MDI>
      <MDI key="STATISTICS_MAXIMUM">831</MDI>
      <MDI key="STATISTICS_MEAN">578.36</MDI>
      <MDI key="STATISTICS_STDDEV">43.502226762929</MDI>
      <MDI key="STATISTICS_VALID_PERCENT">100</MDI>
    </Metadata>
  </PAMRasterBand>
</PAMDataset>
