<PAMDataset>
  <PAMRasterBand band="1">
    <Histograms>
      <HistItem>
        <HistMin>256.3577777777778</HistMin>
        <HistMax>998.6422222222222</HistMax>
        <BucketCount>225</BucketCount>
        <IncludeOutOfRange>0</IncludeOutOfRange>
        <Approximate>0</Approximate>
        <HistCounts>1|0|0|0|0|0|0|0|0|1|1|0|2|1|2|2|1|5|2|4|0|4|1|2|2|3|3|0|3|2|1|2|3|2|0|1|2|2|3|0|0|0|0|3|0|0|2|2|0|1|3|2|0|0|1|2|1|0|1|2|1|2|1|1|1|2|0|1|1|2|0|0|0|0|1|1|0|0|0|1|0|3|1|2|0|2|0|3|1|1|1|3|1|0|0|2|0|1|0|2|0|0|1|3|1|0|0|1|0|1|0|1|4|0|1|1|0|0|2|3|2|0|0|0|2|1|3|4|2|1|2|1|3|3|0|2|1|2|0|4|1|0|2|0|0|0|2|1|1|1|2|0|0|0|0|0|1|0|0|2|1|1|2|0|1|2|0|1|0|0|0|0|0|1|0|2|1|0|1|0|2|0|0|0|0|0|2|3|0|1|1|0|1|0|1|0|1|1|1|1|0|0|2|0|2|1|0|1|0|1|1|0|1|1|1|0|2|0|1|0|0|0|1|0|1</HistCounts>
      </HistItem>
    </Histograms>
    <Metadata>
      <MDI key="STATISTICS_MINIMUM">258</MDI>
      <MDI key="STATISTICS_MAXIMUM">997</MDI>
      <MDI key="STATISTICS_MEAN">583.21777777778</MDI>
      <MDI key="STATISTICS_STDDEV">203.76897952653</MDI>
      <MDI key="STATISTICS_VALID_PERCENT">100</MDI>
    </Metadata>
  </PAMRasterBand>
  <PAMRasterBand band="2">
    <Histograms>
      <HistItem>
        <HistMin>236.9466666666667</HistMin>
        <HistMax>1165.053333333333</HistMax>
        <BucketCount>225</BucketCount>
        <IncludeOutOfRange>0</IncludeOutOfRange>
        <Approximate>0</Approximate>
        <HistCounts>1|1|1|3|2|1|4|3|6|3|5|3|2|2|0|2|4|2|1|3|0|2|0|4|3|1|2|2|2|1|1|0|1|3|2|1|0|1|0|2|1|1|2|3|0|2|1|1|2|2|1|1|0|0|1|0|2|0|1|1|1|0|2|2|0|0|2|1|0|1|0|0|5|3|3|1|0|1|0|1|2|1|0|1|2|1|0|0|0|0|0|0|1|1|0|0|2|0|0|1|1|1|2|2|1|0|0|1|2|2|0|2|2|0|0|1|0|2|0|1|1|0|0|1|0|0|1|1|1|1|0|1|0|0|0|2|0|0|1|0|1|2|2|2|1|0|0|1|0|1|1|1|0|0|1|1|2|0|0|1|0|0|2|1|0|3|2|1|0|0|0|0|0|1|0|0|3|1|1|0|0|1|3|2|0|2|0|0|0|1|1|2|0|0|1|0|2|0|0|0|1|0|0|0|0|0|0|2|1|0|1|0|0|1|1|0|2|1|0|1|0|1|0|0|2</HistCounts>
      </HistItem>
    </Histograms>
    <Metadata>
      <MDI key="STATISTICS_MINIMUM">239</MDI>
      <MDI key="STATISTICS_MAXIMUM">1163</MDI>
      <MDI key="STATISTICS_MEAN">593.19555555556</MDI>
      <MDI key="STATISTICS_STDDEV">275.26878497252</MDI>
      <MDI key="STATISTICS_VALID_PERCENT">100</MDI>
    </Metadata>
  </PAMRasterBand>
  <PAMRasterBand band="3">
    <Histograms>
      <HistItem>
        <HistMin>283.7422222222222</HistMin>
        <HistMax>1304.257777777778</HistMax>
        <BucketCount>225</BucketCount>
        <IncludeOutOfRange>0</IncludeOutOfRange>
        <Approximate>0</Approximate>
        <HistCounts>1|1|3|1|2|1|2|4|3|1|4|0|4|2|2|4|3|1|0|4|2|2|0|0|1|0|3|2|3|0|1|0|2|0|1|2|0|1|0|1|1|3|5|1|1|1|2|2|0|0|1|0|0|0|0|0|0|0|2|0|1|0|3|2|2|3|0|3|1|0|0|2|1|1|0|1|0|0|0|1|2|1|1|2|0|1|0|1|1|1|1|3|0|0|0|1|2|2|0|0|5|2|2|1|1|3|0|0|2|1|0|1|0|0|0|1|0|3|5|1|1|1|0|2|1|2|1|0|1|3|2|2|2|0|5|1|3|0|1|2|1|2|1|1|0|2|1|1|1|1|1|1|1|0|0|1|1|0|0|1|0|0|0|1|0|1|1|0|1|0|2|3|0|1|0|0|1|0|1|0|0|0|0|1|0|1|0|0|0|1|0|1|0|0|0|1|0|1|0|0|0|1|2|0|0|0|0|1|0|0|0|0|1|0|0|0|0|0|0|1|0|0|2|0|1</HistCounts>
      </HistItem>
    </Histograms>
    <Metadata>
      <MDI key="STATISTICS_MINIMUM">286</MDI>
      <MDI key="STATISTICS_MAXIMUM">1302</MDI>
      <MDI key="STATISTICS_MEAN">679.81333333333</MDI>
      <MDI key="STATISTICS_STDDEV">269.71300104617</MDI>
      <MDI key="STATISTICS_VALID_PERCENT">100</MDI>
    </Metadata>
  </PAMRasterBand>
</PAMDataset>
