<PAMDataset>
  <PAMRasterBand band="1">
    <Histograms>
      <HistItem>
        <HistMin>282.5933333333333</HistMin>
        <HistMax>918.4066666666666</HistMax>
        <BucketCount>225</BucketCount>
        <IncludeOutOfRange>0</IncludeOutOfRange>
        <Approximate>0</Approximate>
        <HistCounts>1|0|0|0|1|0|0|0|1|0|0|1|1|1|1|1|1|1|4|2|3|3|2|4|3|1|1|2|3|2|3|2|0|1|0|1|2|2|5|4|0|0|1|4|4|2|1|0|3|0|1|3|2|2|0|0|1|0|0|0|0|2|0|1|1|2|1|3|2|1|1|0|1|3|0|2|4|2|0|1|1|1|1|2|4|1|0|2|1|0|2|3|0|2|3|0|1|1|2|0|2|0|2|2|1|1|5|0|1|0|0|3|3|0|0|0|1|1|3|2|1|0|3|0|0|1|2|0|1|0|2|2|0|1|2|0|1|1|2|1|1|1|1|1|0|2|0|0|0|2|1|0|0|1|3|0|0|0|0|4|0|0|1|1|1|1|1|1|0|1|0|1|0|1|1|3|3|0|0|1|0|0|0|0|0|1|1|0|2|0|0|0|0|0|0|0|0|0|0|0|0|0|0|0|1|0|0|0|0|0|0|0|0|0|0|0|0|0|0|0|0|0|0|0|1</HistCounts>
      </HistItem>
    </Histograms>
    <Metadata>
      <MDI key="STATISTICS_MINIMUM">284</MDI>
      <MDI key="STATISTICS_MAXIMUM">917</MDI>
      <MDI key="STATISTICS_MEAN">524.33333333333</MDI>
      <MDI key="STATISTICS_STDDEV">145.29176775639</MDI>
      <MDI key="STATISTICS_VALID_PERCENT">100</MDI>
    </Metadata>
  </PAMRasterBand>
  <PAMRasterBand band="2">
    <Histograms>
      <HistItem>
        <HistMin>247.5133333333333</HistMin>
        <HistMax>919.4866666666667</HistMax>
        <BucketCount>225</BucketCount>
        <IncludeOutOfRange>0</IncludeOutOfRange>
        <Approximate>0</Approximate>
        <HistCounts>1|1|1|2|2|4|1|5|3|3|4|1|2|0|2|2|1|1|3|0|1|0|1|0|1|1|2|1|0|2|0|0|0|0|0|1|1|2|2|2|0|1|0|3|1|0|2|1|2|2|1|1|2|0|0|1|3|1|3|0|0|1|2|2|1|0|0|3|1|3|2|0|3|1|0|1|0|3|1|1|1|0|0|0|0|2|1|2|3|0|3|0|1|1|2|2|1|4|0|1|0|0|2|2|1|2|0|2|1|1|4|1|0|2|2|2|2|0|0|0|3|1|0|1|2|0|0|0|2|1|2|1|0|1|0|1|2|0|3|1|2|1|1|1|2|0|2|1|1|1|0|3|4|2|0|0|0|1|1|1|3|2|1|1|2|0|1|0|0|1|2|1|0|1|0|0|1|0|0|1|0|0|0|0|1|1|0|0|1|0|0|0|0|0|0|1|1|0|1|0|0|0|0|0|0|0|0|0|0|0|0|3|0|0|0|0|0|0|0|0|0|0|0|0|1</HistCounts>
      </HistItem>
    </Histograms>
    <Metadata>
      <MDI key="STATISTICS_MINIMUM">249</MDI>
      <MDI key="STATISTICS_MAXIMUM">918</MDI>
      <MDI key="STATISTICS_MEAN">511.28444444444</MDI>
      <MDI key="STATISTICS_STDDEV">168.49157968484</MDI>
      <MDI key="STATISTICS_VALID_PERCENT">100</MDI>
    </Metadata>
  </PAMRasterBand>
  <PAMRasterBand band="3">
    <Histograms>
      <HistItem>
        <HistMin>312.7466666666667</HistMin>
        <HistMax>1331.253333333333</HistMax>
        <BucketCount>225</BucketCount>
        <IncludeOutOfRange>0</IncludeOutOfRange>
        <Approximate>0</Approximate>
        <HistCounts>2|0|0|0|1|1|2|1|2|1|3|4|2|2|2|1|2|1|2|3|0|2|4|1|2|1|0|0|3|1|0|0|2|0|1|0|0|0|2|1|1|0|2|0|2|1|4|1|2|0|1|0|1|1|1|1|3|0|1|0|2|2|1|2|2|1|2|1|1|2|2|1|1|1|3|2|1|0|0|1|1|0|1|0|3|1|0|1|0|1|1|0|3|1|0|3|1|1|2|2|0|0|2|6|4|1|1|2|0|0|4|2|2|2|1|1|0|1|0|1|1|2|0|1|0|2|0|1|2|0|1|1|0|1|1|1|0|3|0|0|4|1|0|2|2|2|1|1|2|0|0|1|3|1|0|1|1|3|1|2|0|3|0|1|3|2|0|0|1|1|0|3|0|0|0|0|1|1|1|0|1|0|0|0|0|0|0|1|0|0|0|0|1|0|0|0|0|1|0|0|1|0|0|0|0|0|1|2|0|0|0|0|0|0|0|0|0|0|0|0|0|0|0|0|1</HistCounts>
      </HistItem>
    </Histograms>
    <Metadata>
      <MDI key="STATISTICS_MINIMUM">315</MDI>
      <MDI key="STATISTICS_MAXIMUM">1329</MDI>
      <MDI key="STATISTICS_MEAN">720.70666666667</MDI>
      <MDI key="STATISTICS_STDDEV">248.56976342445</MDI>
      <MDI key="STATISTICS_VALID_PERCENT">100</MDI>
    </Metadata>
  </PAMRasterBand>
</PAMDataset>
