<PAMDataset>
  <PAMRasterBand band="1">
    <Histograms>
      <HistItem>
        <HistMin>256.2466666666667</HistMin>
        <HistMax>596.7533333333333</HistMax>
        <BucketCount>225</BucketCount>
        <IncludeOutOfRange>0</IncludeOutOfRange>
        <Approximate>0</Approximate>
        <HistCounts>2|1|0|1|1|1|0|3|1|3|1|1|1|4|2|2|2|5|5|1|6|3|4|2|2|5|4|2|9|2|3|1|0|2|6|2|4|0|4|3|3|5|8|3|8|1|6|2|0|2|5|1|3|6|1|2|4|4|2|0|0|1|0|2|2|2|1|1|1|0|1|1|2|0|0|2|2|1|2|1|0|1|0|0|0|0|0|1|0|1|1|0|0|1|1|0|1|2|0|0|0|0|1|0|0|1|0|0|0|0|2|0|0|0|1|1|0|0|0|0|0|0|0|0|0|1|0|0|0|0|0|0|0|0|1|0|1|1|0|0|0|1|0|0|0|0|0|1|0|0|1|0|0|0|0|0|0|0|0|0|0|1|0|0|0|0|0|0|2|0|0|0|0|0|0|1|0|1|0|0|0|0|0|0|0|0|0|1|0|0|0|0|0|0|0|0|0|1|2|1|0|0|0|0|0|0|0|0|0|1|0|1|0|0|0|0|0|0|0|0|0|1|0|0|1</HistCounts>
      </HistItem>
    </Histograms>
    <Metadata>
      <MDI key="STATISTICS_MINIMUM">257</MDI>
      <MDI key="STATISTICS_MAXIMUM">596</MDI>
      <MDI key="STATISTICS_MEAN">338.52888888889</MDI>
      <MDI key="STATISTICS_STDDEV">69.656939104673</MDI>
      <MDI key="STATISTICS_VALID_PERCENT">100</MDI>
    </Metadata>
  </PAMRasterBand>
  <PAMRasterBand band="2">
    <Histograms>
      <HistItem>
        <HistMin>194.2288888888889</HistMin>
        <HistMax>542.7711111111112</HistMax>
        <BucketCount>225</BucketCount>
        <IncludeOutOfRange>0</IncludeOutOfRange>
        <Approximate>0</Approximate>
        <HistCounts>1|0|0|0|1|4|1|0|1|1|1|3|2|1|2|3|2|1|1|0|0|2|3|3|0|2|1|2|3|1|5|0|1|1|7|4|5|3|5|8|5|6|1|7|2|15|7|3|4|3|3|2|4|0|5|2|1|0|1|4|1|1|2|1|2|2|2|0|1|2|2|0|3|0|1|0|2|1|1|1|0|1|0|1|2|2|0|1|0|1|1|0|0|0|1|0|0|2|0|0|0|0|2|1|0|0|1|2|0|0|0|0|2|1|0|0|1|0|0|0|1|0|0|0|0|1|0|0|0|0|0|0|0|0|0|0|2|1|0|0|0|0|0|0|0|0|0|0|1|0|0|0|1|0|1|0|1|0|0|1|0|0|0|0|0|0|0|0|0|0|0|0|1|0|0|0|0|0|0|1|0|1|0|0|0|0|0|0|1|0|0|1|1|0|0|0|0|1|0|0|0|0|0|1|0|0|0|0|0|1|0|0|0|0|0|0|0|0|1|0|1|0|0|0|1</HistCounts>
      </HistItem>
    </Histograms>
    <Metadata>
      <MDI key="STATISTICS_MINIMUM">195</MDI>
      <MDI key="STATISTICS_MAXIMUM">542</MDI>
      <MDI key="STATISTICS_MEAN">286.36888888889</MDI>
      <MDI key="STATISTICS_STDDEV">69.784633208886</MDI>
      <MDI key="STATISTICS_VALID_PERCENT">100</MDI>
    </Metadata>
  </PAMRasterBand>
  <PAMRasterBand band="3">
    <Histograms>
      <HistItem>
        <HistMin>182.9355555555556</HistMin>
        <HistMax>664.0644444444445</HistMax>
        <BucketCount>225</BucketCount>
        <IncludeOutOfRange>0</IncludeOutOfRange>
        <Approximate>0</Approximate>
        <HistCounts>1|0|1|2|0|1|1|2|0|2|2|6|0|2|0|2|2|1|0|1|3|1|1|0|1|0|1|0|0|2|2|0|2|0|1|2|0|2|2|2|0|1|2|0|5|1|1|1|0|2|0|1|1|0|1|0|3|0|3|0|3|1|1|4|3|3|4|3|4|3|1|3|4|5|0|3|1|3|5|1|3|6|3|4|4|4|2|5|2|2|1|0|3|1|2|2|2|0|2|1|2|3|2|2|0|1|1|0|0|0|0|0|1|1|0|5|1|0|0|0|1|1|0|1|1|1|0|3|0|0|0|0|1|0|0|0|1|2|0|0|0|0|0|2|0|0|0|0|0|0|0|2|0|0|0|0|0|0|1|0|1|0|1|0|0|0|0|0|0|0|0|1|0|0|0|0|1|0|1|0|0|0|0|0|1|0|1|0|1|0|0|0|0|0|0|0|0|1|0|0|0|0|1|0|0|0|0|1|1|1|0|0|0|0|0|0|1|0|0|0|0|0|0|0|1</HistCounts>
      </HistItem>
    </Histograms>
    <Metadata>
      <MDI key="STATISTICS_MINIMUM">184</MDI>
      <MDI key="STATISTICS_MAXIMUM">663</MDI>
      <MDI key="STATISTICS_MEAN">348.32888888889</MDI>
      <MDI key="STATISTICS_STDDEV">97.921593628604</MDI>
      <MDI key="STATISTICS_VALID_PERCENT">100</MDI>
    </Metadata>
  </PAMRasterBand>
</PAMDataset>
