<PAMDataset>
  <PAMRasterBand band="1">
    <Histograms>
      <HistItem>
        <HistMin>469.5022624434389</HistMin>
        <HistMax>690.4977375565611</HistMax>
        <BucketCount>221</BucketCount>
        <IncludeOutOfRange>0</IncludeOutOfRange>
        <Approximate>0</Approximate>
        <HistCounts>1|0|0|1|0|0|0|0|0|0|0|0|0|0|0|0|1|1|0|0|0|0|0|1|0|0|0|0|1|0|0|0|0|1|1|0|0|1|0|1|1|2|1|1|0|1|0|2|0|1|0|0|0|0|0|0|1|0|0|0|1|0|2|3|1|0|1|1|1|0|0|0|0|0|1|0|2|0|1|0|0|0|1|0|2|4|1|1|0|2|1|0|1|1|0|1|1|1|1|0|0|1|1|1|0|1|1|0|0|0|0|2|1|0|0|0|1|3|4|0|2|0|1|0|2|1|0|0|0|0|1|0|0|1|3|1|1|1|1|0|1|0|1|0|2|1|2|0|2|2|1|1|1|0|2|1|0|0|3|1|0|1|1|0|1|1|0|0|1|2|1|0|0|3|5|4|0|2|1|2|3|4|1|2|0|1|5|2|5|4|2|4|1|5|1|4|0|3|5|5|3|4|3|2|2|3|4|5|4|2|1|0|1|1|0|0|0|1|1|0|2</HistCounts>
      </HistItem>
    </Histograms>
    <Metadata>
      <MDI key="STATISTICS_MINIMUM">470</MDI>
      <MDI key="STATISTICS_MAXIMUM">690</MDI>
      <MDI key="STATISTICS_MEAN">618.10666666667</MDI>
      <MDI key="STATISTICS_STDDEV">55.821677987439</MDI>
      <MDI key="STATISTICS_VALID_PERCENT">100</MDI>
    </Metadata>
  </PAMRasterBand>
  <PAMRasterBand band="2">
    <Histograms>
      <HistItem>
        <HistMin>494.4177777777778</HistMin>
        <HistMax>757.5822222222222</HistMax>
        <BucketCount>225</BucketCount>
        <IncludeOutOfRange>0</IncludeOutOfRange>
        <Approximate>0</Approximate>
        <HistCounts>1|0|0|0|0|0|0|1|0|0|0|0|0|1|0|1|0|0|0|0|0|0|1|0|0|0|0|2|1|0|0|1|1|0|0|0|2|0|3|1|0|0|0|1|0|0|2|0|0|2|2|0|0|0|0|1|2|2|2|0|0|0|0|0|2|0|1|2|0|0|1|0|1|1|1|1|2|2|2|0|1|0|1|2|1|1|0|0|0|0|0|1|1|1|1|1|1|2|0|0|0|3|3|1|0|1|0|0|1|2|0|2|1|1|0|3|1|1|0|0|0|2|2|0|1|0|1|0|0|2|0|0|1|1|0|3|0|1|1|0|1|1|0|0|1|0|1|1|1|1|2|4|0|1|1|1|2|1|2|0|1|0|1|3|1|3|2|0|3|0|1|1|2|2|1|4|1|1|0|2|5|0|3|2|0|3|4|1|2|3|3|1|2|3|2|1|0|2|0|1|5|0|1|3|1|1|0|2|1|5|1|2|3|3|0|1|0|2|3|0|1|3|1|1|2</HistCounts>
      </HistItem>
    </Histograms>
    <Metadata>
      <MDI key="STATISTICS_MINIMUM">495</MDI>
      <MDI key="STATISTICS_MAXIMUM">757</MDI>
      <MDI key="STATISTICS_MEAN">660.16444444444</MDI>
      <MDI key="STATISTICS_STDDEV">68.986276108789</MDI>
      <MDI key="STATISTICS_VALID_PERCENT">100</MDI>
    </Metadata>
  </PAMRasterBand>
  <PAMRasterBand band="3">
    <Histograms>
      <HistItem>
        <HistMin>764.9866666666667</HistMin>
        <HistMax>1223.013333333333</HistMax>
        <BucketCount>225</BucketCount>
        <IncludeOutOfRange>0</IncludeOutOfRange>
        <Approximate>0</Approximate>
        <HistCounts>1|0|1|0|0|0|0|1|0|1|1|1|0|0|1|0|0|0|0|0|1|0|2|0|0|0|0|0|2|0|1|0|2|1|0|0|1|0|2|2|0|0|2|0|0|2|1|2|0|4|0|2|0|0|2|1|1|0|0|1|0|0|1|0|0|0|1|0|0|2|0|2|4|0|0|2|0|0|0|1|1|3|0|3|2|0|0|2|5|0|0|0|1|1|2|1|0|0|0|2|2|0|1|0|3|0|0|0|0|1|1|3|0|1|1|1|0|1|1|1|0|0|0|0|1|1|0|2|2|0|0|1|0|1|1|0|2|0|2|1|0|0|0|1|1|1|0|2|3|0|1|3|0|1|0|3|0|1|2|5|2|3|3|0|1|4|0|3|0|3|1|0|5|2|1|1|3|1|0|2|2|2|2|1|0|1|2|1|0|4|1|0|2|1|1|3|1|1|1|1|0|1|2|1|2|1|0|1|4|1|0|4|1|4|2|2|0|0|1|1|2|1|0|0|2</HistCounts>
      </HistItem>
    </Histograms>
    <Metadata>
      <MDI key="STATISTICS_MINIMUM">766</MDI>
      <MDI key="STATISTICS_MAXIMUM">1222</MDI>
      <MDI key="STATISTICS_MEAN">1034.5155555556</MDI>
      <MDI key="STATISTICS_STDDEV">124.06998375568</MDI>
      <MDI key="STATISTICS_VALID_PERCENT">100</MDI>
    </Metadata>
  </PAMRasterBand>
</PAMDataset>
