<PAMDataset>
  <PAMRasterBand band="1">
    <Histograms>
      <HistItem>
        <HistMin>234.5040322580645</HistMin>
        <HistMax>358.4959677419355</HistMax>
        <BucketCount>124</BucketCount>
        <IncludeOutOfRange>0</IncludeOutOfRange>
        <Approximate>0</Approximate>
        <HistCounts>1|1|0|0|0|1|1|0|1|3|0|1|1|2|0|0|1|1|0|0|1|0|0|0|1|1|2|1|2|0|0|2|0|0|1|0|3|3|0|0|0|0|0|0|1|0|1|2|1|2|1|1|3|4|3|1|0|2|4|3|3|6|4|9|4|4|3|11|4|6|5|7|2|5|4|6|7|5|3|5|9|4|8|7|2|2|2|2|2|2|1|4|3|2|1|0|1|1|0|0|0|0|1|2|0|0|0|0|1|0|0|0|0|0|0|0|2|0|1|0|1|0|0|1</HistCounts>
      </HistItem>
    </Histograms>
    <Metadata>
      <MDI key="STATISTICS_MINIMUM">235</MDI>
      <MDI key="STATISTICS_MAXIMUM">358</MDI>
      <MDI key="STATISTICS_MEAN">301.06222222222</MDI>
      <MDI key="STATISTICS_STDDEV">22.88105755995</MDI>
      <MDI key="STATISTICS_VALID_PERCENT">100</MDI>
    </Metadata>
  </PAMRasterBand>
  <PAMRasterBand band="2">
    <Histograms>
      <HistItem>
        <HistMin>179.5036764705882</HistMin>
        <HistMax>315.4963235294118</HistMax>
        <BucketCount>136</BucketCount>
        <IncludeOutOfRange>0</IncludeOutOfRange>
        <Approximate>0</Approximate>
        <HistCounts>1|0|1|0|0|0|1|1|3|1|2|0|1|1|1|1|0|1|1|1|0|0|1|2|0|1|1|1|0|2|1|1|2|0|0|2|0|0|0|2|1|0|3|0|4|1|0|4|3|0|0|4|2|1|1|2|2|1|4|0|2|7|8|2|4|2|3|8|4|3|14|7|8|6|5|6|3|4|6|0|4|2|1|3|2|2|2|1|1|1|3|2|2|0|1|1|1|2|0|1|1|1|0|0|3|1|2|1|2|1|1|1|0|1|1|0|0|0|1|0|2|0|2|0|0|0|0|0|0|1|1|1|0|0|0|1</HistCounts>
      </HistItem>
    </Histograms>
    <Metadata>
      <MDI key="STATISTICS_MINIMUM">180</MDI>
      <MDI key="STATISTICS_MAXIMUM">315</MDI>
      <MDI key="STATISTICS_MEAN">246.75111111111</MDI>
      <MDI key="STATISTICS_STDDEV">26.874197639473</MDI>
      <MDI key="STATISTICS_VALID_PERCENT">100</MDI>
    </Metadata>
  </PAMRasterBand>
  <PAMRasterBand band="3">
    <Histograms>
      <HistItem>
        <HistMin>215.5027027027027</HistMin>
        <HistMax>400.4972972972973</HistMax>
        <BucketCount>185</BucketCount>
        <IncludeOutOfRange>0</IncludeOutOfRange>
        <Approximate>0</Approximate>
        <HistCounts>1|0|0|0|1|0|0|1|0|3|0|0|0|0|0|3|0|0|0|1|4|0|0|0|0|2|1|0|1|0|1|0|0|1|1|0|1|0|2|0|0|0|0|0|0|0|0|1|0|0|2|0|0|2|0|0|1|1|4|0|2|1|1|3|0|0|0|1|1|3|1|1|0|0|2|0|2|2|0|5|1|4|5|2|2|4|3|2|5|3|5|4|2|3|11|6|1|7|6|0|2|2|2|0|3|3|1|1|4|5|1|2|0|2|1|1|3|0|1|3|1|4|1|1|2|2|2|2|2|0|1|0|0|0|1|2|1|2|0|1|1|0|0|0|1|0|5|3|0|2|1|1|1|0|1|0|0|0|2|0|0|0|0|2|0|2|0|0|0|0|1|0|0|0|0|0|0|1|1|0|0|1|0|0|1</HistCounts>
      </HistItem>
    </Histograms>
    <Metadata>
      <MDI key="STATISTICS_MINIMUM">216</MDI>
      <MDI key="STATISTICS_MAXIMUM">400</MDI>
      <MDI key="STATISTICS_MEAN">310.11111111111</MDI>
      <MDI key="STATISTICS_STDDEV">37.435587478715</MDI>
      <MDI key="STATISTICS_VALID_PERCENT">100</MDI>
    </Metadata>
  </PAMRasterBand>
</PAMDataset>
