<PAMDataset>
  <PAMRasterBand band="1">
    <Histograms>
      <HistItem>
        <HistMin>265.4244444444444</HistMin>
        <HistMax>525.5755555555555</HistMax>
        <BucketCount>225</BucketCount>
        <IncludeOutOfRange>0</IncludeOutOfRange>
        <Approximate>0</Approximate>
        <HistCounts>1|0|2|0|0|1|1|0|0|0|0|0|0|0|1|0|2|1|0|0|0|0|0|1|1|2|0|1|1|0|0|1|0|1|1|1|0|0|0|2|0|1|1|0|0|0|2|0|1|0|1|0|0|0|2|0|2|0|1|1|0|3|1|1|1|2|0|2|0|1|1|0|1|1|3|2|2|1|0|1|0|0|1|1|0|1|0|2|3|1|0|0|1|1|0|2|0|1|0|4|0|0|2|0|1|0|0|1|2|1|0|2|3|3|3|1|0|3|2|3|4|3|4|5|1|2|4|3|3|6|6|6|5|1|2|4|2|2|6|1|1|2|3|1|4|1|4|0|3|1|6|1|2|1|3|0|0|1|0|0|2|2|0|3|0|0|0|1|0|0|0|1|0|2|0|1|0|0|0|0|0|0|1|0|1|0|0|0|0|0|0|0|0|0|0|0|0|0|0|0|0|0|0|0|1|1|0|0|0|0|0|0|0|0|0|3|0|0|0|0|0|0|0|0|1</HistCounts>
      </HistItem>
    </Histograms>
    <Metadata>
      <MDI key="STATISTICS_MINIMUM">266</MDI>
      <MDI key="STATISTICS_MAXIMUM">525</MDI>
      <MDI key="STATISTICS_MEAN">394.6</MDI>
      <MDI key="STATISTICS_STDDEV">51.525613910839</MDI>
      <MDI key="STATISTICS_VALID_PERCENT">100</MDI>
    </Metadata>
  </PAMRasterBand>
  <PAMRasterBand band="2">
    <Histograms>
      <HistItem>
        <HistMin>233.2955555555556</HistMin>
        <HistMax>551.7044444444444</HistMax>
        <BucketCount>225</BucketCount>
        <IncludeOutOfRange>0</IncludeOutOfRange>
        <Approximate>0</Approximate>
        <HistCounts>1|0|0|0|1|2|0|1|0|0|0|0|0|1|0|0|0|0|0|1|3|0|0|1|0|1|1|0|1|0|0|0|2|1|1|0|0|4|0|0|2|0|2|0|0|0|1|2|1|1|3|1|1|0|2|1|1|0|0|3|1|1|0|0|3|1|0|0|0|3|0|1|0|1|0|0|4|0|0|1|1|1|0|2|1|0|3|0|0|2|1|0|2|3|1|1|1|1|4|4|5|0|2|1|2|6|2|9|4|3|9|6|3|5|4|4|3|5|2|0|7|2|4|2|3|4|4|3|0|3|3|2|0|1|2|0|1|1|1|1|0|0|0|0|0|1|2|0|0|0|0|0|1|2|0|1|0|0|0|0|1|0|0|2|0|0|1|0|0|0|0|1|0|0|0|0|0|1|0|0|0|0|0|1|0|0|0|0|0|0|0|1|0|0|0|0|0|0|0|0|0|0|0|0|0|0|0|0|1|0|0|0|1|0|0|0|0|0|0|0|0|0|1|0|1</HistCounts>
      </HistItem>
    </Histograms>
    <Metadata>
      <MDI key="STATISTICS_MINIMUM">234</MDI>
      <MDI key="STATISTICS_MAXIMUM">551</MDI>
      <MDI key="STATISTICS_MEAN">374.27555555556</MDI>
      <MDI key="STATISTICS_STDDEV">56.695244384361</MDI>
      <MDI key="STATISTICS_VALID_PERCENT">100</MDI>
    </Metadata>
  </PAMRasterBand>
  <PAMRasterBand band="3">
    <Histograms>
      <HistItem>
        <HistMin>307.8044444444445</HistMin>
        <HistMax>848.1955555555555</HistMax>
        <BucketCount>225</BucketCount>
        <IncludeOutOfRange>0</IncludeOutOfRange>
        <Approximate>0</Approximate>
        <HistCounts>1|0|0|0|1|0|0|1|0|2|0|0|1|0|0|2|0|3|0|0|0|0|3|1|0|3|1|1|1|1|1|2|3|2|0|2|1|2|1|0|1|1|0|3|2|1|0|0|0|0|0|0|0|1|1|2|1|1|0|0|0|0|2|1|1|0|0|2|0|0|2|0|1|2|3|1|0|1|0|0|1|1|1|0|2|3|1|1|2|5|1|1|2|0|4|2|1|7|4|2|9|6|5|5|2|6|1|3|1|1|4|3|1|1|1|1|2|4|3|2|1|0|2|3|1|1|1|2|3|4|1|2|1|0|2|0|0|1|1|1|3|0|0|0|2|0|1|4|1|2|0|0|0|0|1|0|0|1|0|0|0|0|0|1|2|0|0|1|0|1|0|0|0|1|0|0|0|2|0|0|0|0|0|0|1|0|0|0|0|0|0|0|0|0|0|1|0|0|0|0|0|0|1|0|1|0|0|0|0|0|0|0|0|0|0|0|0|0|0|1|0|0|1|0|1</HistCounts>
      </HistItem>
    </Histograms>
    <Metadata>
      <MDI key="STATISTICS_MINIMUM">309</MDI>
      <MDI key="STATISTICS_MAXIMUM">847</MDI>
      <MDI key="STATISTICS_MEAN">537.63555555556</MDI>
      <MDI key="STATISTICS_STDDEV">106.6718356155</MDI>
      <MDI key="STATISTICS_VALID_PERCENT">100</MDI>
    </Metadata>
  </PAMRasterBand>
</PAMDataset>
