<PAMDataset>
  <PAMRasterBand band="1">
    <Histograms>
      <HistItem>
        <HistMin>266.505</HistMin>
        <HistMax>366.495</HistMax>
        <BucketCount>100</BucketCount>
        <IncludeOutOfRange>0</IncludeOutOfRange>
        <Approximate>0</Approximate>
        <HistCounts>1|1|0|1|1|0|0|0|1|0|0|1|1|3|1|1|4|0|0|3|1|4|2|1|1|2|1|0|2|3|1|1|2|1|2|2|1|5|8|0|4|2|5|3|4|4|5|5|1|0|6|5|6|4|3|5|4|3|3|7|4|4|2|4|6|1|8|3|2|2|6|3|4|4|6|4|4|1|6|1|2|1|1|1|0|0|0|1|1|1|1|0|0|0|0|0|2|0|0|1</HistCounts>
      </HistItem>
    </Histograms>
    <Metadata>
      <MDI key="STATISTICS_MINIMUM">267</MDI>
      <MDI key="STATISTICS_MAXIMUM">366</MDI>
      <MDI key="STATISTICS_MEAN">318.81777777778</MDI>
      <MDI key="STATISTICS_STDDEV">20.431732279731</MDI>
      <MDI key="STATISTICS_VALID_PERCENT">100</MDI>
    </Metadata>
  </PAMRasterBand>
  <PAMRasterBand band="2">
    <Histograms>
      <HistItem>
        <HistMin>206.5046296296296</HistMin>
        <HistMax>314.4953703703704</HistMax>
        <BucketCount>108</BucketCount>
        <IncludeOutOfRange>0</IncludeOutOfRange>
        <Approximate>0</Approximate>
        <HistCounts>1|2|1|0|2|1|1|0|0|2|0|1|0|1|1|0|0|1|0|0|0|1|0|1|2|5|1|2|2|1|0|0|3|2|2|1|3|2|2|4|4|4|5|3|8|4|2|8|8|0|6|5|6|3|6|4|4|3|8|2|3|5|3|7|4|4|3|3|2|3|9|4|2|3|4|4|2|4|0|3|2|0|0|0|1|1|1|1|2|0|1|0|0|0|0|0|0|1|0|0|0|0|0|0|0|0|0|2</HistCounts>
      </HistItem>
    </Histograms>
    <Metadata>
      <MDI key="STATISTICS_MINIMUM">207</MDI>
      <MDI key="STATISTICS_MAXIMUM">314</MDI>
      <MDI key="STATISTICS_MEAN">259.31111111111</MDI>
      <MDI key="STATISTICS_STDDEV">19.817637735918</MDI>
      <MDI key="STATISTICS_VALID_PERCENT">100</MDI>
    </Metadata>
  </PAMRasterBand>
  <PAMRasterBand band="3">
    <Histograms>
      <HistItem>
        <HistMin>245.5032258064516</HistMin>
        <HistMax>400.4967741935484</HistMax>
        <BucketCount>155</BucketCount>
        <IncludeOutOfRange>0</IncludeOutOfRange>
        <Approximate>0</Approximate>
        <HistCounts>1|0|0|2|1|0|0|0|0|0|0|0|0|2|1|0|1|2|1|0|1|1|0|0|1|0|3|0|1|1|1|1|2|2|2|2|4|0|2|2|5|4|3|1|2|0|2|4|4|2|3|5|2|3|2|4|3|1|2|2|4|2|3|0|2|4|2|4|3|5|5|3|2|4|2|2|2|4|2|4|5|3|6|2|5|3|2|3|2|4|4|2|0|1|4|2|2|1|1|1|2|1|1|0|0|1|0|3|0|0|3|0|0|0|2|1|1|0|0|0|0|2|0|0|0|1|1|0|0|0|0|0|0|1|0|0|0|0|0|0|0|0|0|0|0|0|0|0|0|0|1|0|0|0|1</HistCounts>
      </HistItem>
    </Histograms>
    <Metadata>
      <MDI key="STATISTICS_MINIMUM">246</MDI>
      <MDI key="STATISTICS_MAXIMUM">400</MDI>
      <MDI key="STATISTICS_MEAN">312.13777777778</MDI>
      <MDI key="STATISTICS_STDDEV">27.490986715964</MDI>
      <MDI key="STATISTICS_VALID_PERCENT">100</MDI>
    </Metadata>
  </PAMRasterBand>
</PAMDataset>
