<PAMDataset>
  <PAMRasterBand band="1">
    <Histograms>
      <HistItem>
        <HistMin>329.8822222222222</HistMin>
        <HistMax>835.1177777777777</HistMax>
        <BucketCount>225</BucketCount>
        <IncludeOutOfRange>0</IncludeOutOfRange>
        <Approximate>0</Approximate>
        <HistCounts>1|0|0|0|0|0|0|0|0|0|0|0|0|0|0|0|0|0|1|0|0|0|1|0|1|0|1|1|0|0|6|2|2|3|3|0|0|10|2|4|5|4|7|3|1|4|2|6|4|6|6|4|4|4|5|8|4|9|8|3|1|3|5|1|4|3|2|2|1|0|0|1|0|2|0|0|0|0|0|2|1|0|0|1|2|0|2|0|0|0|0|0|1|0|0|0|1|1|1|2|1|0|3|0|0|0|1|0|0|0|3|1|0|2|1|1|0|0|2|0|1|0|1|0|0|0|0|0|2|0|1|1|3|0|0|0|0|0|1|0|1|0|0|0|0|0|0|0|1|0|0|1|2|0|0|2|0|0|0|0|0|1|1|1|0|1|0|0|0|0|0|0|2|1|1|0|1|0|1|1|0|1|1|0|0|0|0|0|0|0|0|0|2|0|2|0|0|0|0|0|0|0|0|0|0|0|0|1|0|0|0|0|0|0|0|0|0|0|0|0|0|0|0|0|1</HistCounts>
      </HistItem>
    </Histograms>
    <Metadata>
      <MDI key="STATISTICS_MINIMUM">331</MDI>
      <MDI key="STATISTICS_MAXIMUM">834</MDI>
      <MDI key="STATISTICS_MEAN">494.64</MDI>
      <MDI key="STATISTICS_STDDEV">99.985417603435</MDI>
      <MDI key="STATISTICS_VALID_PERCENT">100</MDI>
    </Metadata>
  </PAMRasterBand>
  <PAMRasterBand band="2">
    <Histograms>
      <HistItem>
        <HistMin>291.8111111111111</HistMin>
        <HistMax>829.1888888888889</HistMax>
        <BucketCount>225</BucketCount>
        <IncludeOutOfRange>0</IncludeOutOfRange>
        <Approximate>0</Approximate>
        <HistCounts>1|0|0|0|0|0|0|0|0|0|0|0|1|1|0|3|2|2|2|0|0|2|2|3|3|3|4|1|4|2|1|3|1|1|0|0|2|0|1|2|3|1|0|3|8|2|7|3|4|10|6|8|5|6|6|2|3|5|5|4|4|2|1|3|3|0|1|0|1|1|1|1|0|0|0|1|0|0|1|0|1|0|0|0|1|0|0|0|1|1|0|1|1|0|0|1|2|0|0|2|1|1|1|0|0|0|0|0|1|0|1|0|0|0|1|1|1|0|1|0|2|0|1|0|1|0|1|0|1|1|2|0|1|1|1|0|1|0|0|0|0|0|0|2|0|0|0|1|0|0|1|0|2|1|0|0|1|0|0|0|2|0|0|0|0|0|0|3|0|0|0|0|1|1|0|1|0|0|0|0|2|1|0|0|1|0|0|0|1|1|0|1|0|1|1|0|0|1|0|2|0|0|0|0|0|0|1|0|0|0|2|2|0|0|0|0|0|0|0|0|0|0|0|0|1</HistCounts>
      </HistItem>
    </Histograms>
    <Metadata>
      <MDI key="STATISTICS_MINIMUM">293</MDI>
      <MDI key="STATISTICS_MAXIMUM">828</MDI>
      <MDI key="STATISTICS_MEAN">470.99555555556</MDI>
      <MDI key="STATISTICS_STDDEV">125.21013440622</MDI>
      <MDI key="STATISTICS_VALID_PERCENT">100</MDI>
    </Metadata>
  </PAMRasterBand>
  <PAMRasterBand band="3">
    <Histograms>
      <HistItem>
        <HistMin>431.9177777777778</HistMin>
        <HistMax>1373.082222222222</HistMax>
        <BucketCount>225</BucketCount>
        <IncludeOutOfRange>0</IncludeOutOfRange>
        <Approximate>0</Approximate>
        <HistCounts>1|0|5|2|4|6|1|4|1|3|2|0|2|1|1|0|0|0|3|2|0|3|2|1|1|0|1|1|2|2|3|2|6|5|7|3|6|1|4|2|3|0|3|2|2|1|4|2|1|2|5|1|3|1|2|4|1|4|1|4|2|2|1|3|2|0|1|1|1|1|0|3|1|1|1|1|0|0|0|0|0|2|0|0|0|0|1|0|0|0|0|0|1|2|0|0|1|0|2|1|0|0|0|0|3|1|0|0|0|1|0|1|0|1|0|1|0|0|0|1|1|0|0|1|2|0|2|0|0|0|1|2|1|0|2|0|0|0|0|1|0|0|1|1|0|0|0|1|1|0|0|1|1|0|0|0|1|1|2|0|0|0|0|0|0|0|0|0|2|2|0|1|1|0|0|0|0|0|0|0|1|1|0|1|1|1|0|1|0|0|1|0|0|0|0|1|2|0|0|0|0|1|0|1|0|0|2|0|0|1|1|1|0|2|0|0|0|0|0|0|0|0|0|0|1</HistCounts>
      </HistItem>
    </Histograms>
    <Metadata>
      <MDI key="STATISTICS_MINIMUM">434</MDI>
      <MDI key="STATISTICS_MAXIMUM">1371</MDI>
      <MDI key="STATISTICS_MEAN">726.29777777778</MDI>
      <MDI key="STATISTICS_STDDEV">244.61947818228</MDI>
      <MDI key="STATISTICS_VALID_PERCENT">100</MDI>
    </Metadata>
  </PAMRasterBand>
</PAMDataset>
