<PAMDataset>
  <PAMRasterBand band="1">
    <Histograms>
      <HistItem>
        <HistMin>260.505376344086</HistMin>
        <HistMax>353.494623655914</HistMax>
        <BucketCount>93</BucketCount>
        <IncludeOutOfRange>0</IncludeOutOfRange>
        <Approximate>0</Approximate>
        <HistCounts>1|0|0|0|0|0|0|0|0|1|1|0|0|0|0|0|0|1|0|1|2|1|4|2|3|3|2|2|3|5|5|5|4|3|6|5|6|5|5|7|7|6|9|9|8|5|5|2|5|0|3|4|3|7|6|4|6|6|8|1|0|1|3|3|3|4|3|0|4|2|0|1|2|1|1|2|0|1|2|0|1|0|0|0|0|0|1|1|0|0|0|1|1</HistCounts>
      </HistItem>
    </Histograms>
    <Metadata>
      <MDI key="STATISTICS_MINIMUM">261</MDI>
      <MDI key="STATISTICS_MAXIMUM">353</MDI>
      <MDI key="STATISTICS_MEAN">306.52</MDI>
      <MDI key="STATISTICS_STDDEV">15.642415272443</MDI>
      <MDI key="STATISTICS_VALID_PERCENT">100</MDI>
    </Metadata>
  </PAMRasterBand>
  <PAMRasterBand band="2">
    <Histograms>
      <HistItem>
        <HistMin>204.5081967213115</HistMin>
        <HistMax>265.4918032786885</HistMax>
        <BucketCount>61</BucketCount>
        <IncludeOutOfRange>0</IncludeOutOfRange>
        <Approximate>0</Approximate>
        <HistCounts>3|2|0|0|2|2|5|3|4|3|7|10|8|5|10|14|7|8|7|11|8|5|3|5|6|4|1|7|4|6|8|7|5|2|2|6|2|5|2|5|3|3|1|4|2|2|0|1|2|0|1|0|0|0|0|0|0|0|0|1|1</HistCounts>
      </HistItem>
    </Histograms>
    <Metadata>
      <MDI key="STATISTICS_MINIMUM">205</MDI>
      <MDI key="STATISTICS_MAXIMUM">265</MDI>
      <MDI key="STATISTICS_MEAN">227.36</MDI>
      <MDI key="STATISTICS_STDDEV">11.801288065292</MDI>
      <MDI key="STATISTICS_VALID_PERCENT">100</MDI>
    </Metadata>
  </PAMRasterBand>
  <PAMRasterBand band="3">
    <Histograms>
      <HistItem>
        <HistMin>180.504132231405</HistMin>
        <HistMax>301.495867768595</HistMax>
        <BucketCount>121</BucketCount>
        <IncludeOutOfRange>0</IncludeOutOfRange>
        <Approximate>0</Approximate>
        <HistCounts>2|0|1|1|0|1|2|2|2|3|5|8|5|15|5|9|5|8|9|4|10|8|7|8|9|5|6|6|5|3|4|4|7|4|3|2|2|1|1|1|2|3|1|2|2|0|1|0|3|1|1|1|1|0|1|0|2|0|0|1|1|0|0|0|1|0|0|1|1|0|1|0|0|0|2|1|0|0|0|3|0|0|0|0|1|0|2|0|0|1|0|0|0|0|0|0|0|1|0|0|0|0|2|0|0|0|0|0|0|0|0|0|0|0|1|0|0|0|0|0|1</HistCounts>
      </HistItem>
    </Histograms>
    <Metadata>
      <MDI key="STATISTICS_MINIMUM">181</MDI>
      <MDI key="STATISTICS_MAXIMUM">301</MDI>
      <MDI key="STATISTICS_MEAN">209.38222222222</MDI>
      <MDI key="STATISTICS_STDDEV">20.978627101451</MDI>
      <MDI key="STATISTICS_VALID_PERCENT">100</MDI>
    </Metadata>
  </PAMRasterBand>
</PAMDataset>
