<PAMDataset>
  <PAMRasterBand band="1">
    <Histograms>
      <HistItem>
        <HistMin>268.7844444444444</HistMin>
        <HistMax>818.2155555555555</HistMax>
        <BucketCount>225</BucketCount>
        <IncludeOutOfRange>0</IncludeOutOfRange>
        <Approximate>0</Approximate>
        <HistCounts>1|0|2|0|2|0|2|1|1|0|1|3|0|1|2|2|6|2|4|4|3|3|7|7|1|3|5|3|1|5|2|3|3|2|7|4|5|4|4|3|2|10|5|5|8|6|4|4|5|4|5|3|0|3|0|0|0|2|0|0|0|1|0|0|0|0|2|0|0|1|0|0|0|0|0|2|1|0|0|1|0|0|0|0|0|1|0|0|0|0|1|0|0|0|0|1|0|0|0|0|0|0|0|0|0|2|0|1|0|0|0|0|0|0|1|0|0|0|0|0|0|1|1|0|1|0|0|0|0|0|0|0|0|1|0|0|1|0|0|0|2|0|0|0|0|0|0|0|0|0|0|0|1|1|0|0|0|0|1|0|0|0|0|1|2|0|0|0|0|0|1|0|1|0|0|0|1|0|0|0|0|0|1|0|0|0|3|0|0|1|1|0|0|0|0|1|0|0|0|3|0|2|0|0|0|1|0|1|0|0|0|0|0|0|2|0|0|0|0|0|0|1|1|0|1</HistCounts>
      </HistItem>
    </Histograms>
    <Metadata>
      <MDI key="STATISTICS_MINIMUM">270</MDI>
      <MDI key="STATISTICS_MAXIMUM">817</MDI>
      <MDI key="STATISTICS_MEAN">412.57333333333</MDI>
      <MDI key="STATISTICS_STDDEV">135.19672974349</MDI>
      <MDI key="STATISTICS_VALID_PERCENT">100</MDI>
    </Metadata>
  </PAMRasterBand>
  <PAMRasterBand band="2">
    <Histograms>
      <HistItem>
        <HistMin>222.9711111111111</HistMin>
        <HistMax>688.0288888888889</HistMax>
        <BucketCount>225</BucketCount>
        <IncludeOutOfRange>0</IncludeOutOfRange>
        <Approximate>0</Approximate>
        <HistCounts>2|1|0|1|1|0|1|0|1|1|3|0|2|1|1|0|1|0|5|4|2|2|3|5|6|4|6|3|4|6|10|6|3|3|6|1|4|4|6|3|5|6|3|5|4|8|7|0|3|4|3|4|3|1|0|0|1|1|1|1|0|1|1|0|2|2|0|0|0|0|0|0|0|0|1|0|0|1|0|0|0|1|0|0|1|1|1|0|0|0|1|0|0|0|0|0|0|0|0|0|2|0|0|0|0|0|1|0|2|0|0|0|0|0|1|0|0|0|0|0|0|0|0|0|0|2|0|1|3|0|0|0|0|0|0|0|0|1|0|0|0|0|1|0|1|0|0|0|0|0|0|2|0|0|0|1|0|0|0|1|1|0|0|0|0|0|1|0|0|0|0|0|1|1|2|0|0|1|0|1|0|1|0|0|0|0|0|0|0|0|0|0|0|2|0|0|0|1|0|1|0|0|0|1|0|0|1|0|0|1|1|0|0|0|0|1|0|1|0|0|0|0|0|1|1</HistCounts>
      </HistItem>
    </Histograms>
    <Metadata>
      <MDI key="STATISTICS_MINIMUM">224</MDI>
      <MDI key="STATISTICS_MAXIMUM">687</MDI>
      <MDI key="STATISTICS_MEAN">344.33333333333</MDI>
      <MDI key="STATISTICS_STDDEV">109.32186931768</MDI>
      <MDI key="STATISTICS_VALID_PERCENT">100</MDI>
    </Metadata>
  </PAMRasterBand>
  <PAMRasterBand band="3">
    <Histograms>
      <HistItem>
        <HistMin>252.72</HistMin>
        <HistMax>831.28</HistMax>
        <BucketCount>225</BucketCount>
        <IncludeOutOfRange>0</IncludeOutOfRange>
        <Approximate>0</Approximate>
        <HistCounts>1|4|0|2|3|1|0|4|1|3|4|3|1|1|3|3|1|5|3|5|3|3|1|2|3|6|5|3|7|3|1|4|3|4|6|9|1|6|5|2|7|2|6|3|2|5|1|2|4|1|1|1|2|0|0|2|1|0|0|2|1|1|1|1|0|1|0|2|0|0|1|1|0|2|0|1|0|1|1|0|0|0|0|0|0|0|0|0|1|0|0|0|1|0|0|0|1|1|0|0|0|1|1|0|1|0|0|2|0|1|0|0|0|0|0|1|0|0|0|0|0|0|0|0|0|0|1|0|0|0|1|0|1|2|0|0|1|1|0|1|0|0|0|0|1|0|0|0|0|0|0|0|1|0|0|0|2|0|1|0|0|0|1|0|0|0|1|0|0|0|0|0|2|0|0|1|1|1|0|1|0|0|1|0|1|1|0|1|0|0|0|0|0|0|1|1|0|1|0|0|0|0|0|0|0|0|0|0|1|0|0|0|0|0|0|1|0|0|0|1|1|0|0|0|1</HistCounts>
      </HistItem>
    </Histograms>
    <Metadata>
      <MDI key="STATISTICS_MINIMUM">254</MDI>
      <MDI key="STATISTICS_MAXIMUM">830</MDI>
      <MDI key="STATISTICS_MEAN">396.63111111111</MDI>
      <MDI key="STATISTICS_STDDEV">137.34550726337</MDI>
      <MDI key="STATISTICS_VALID_PERCENT">100</MDI>
    </Metadata>
  </PAMRasterBand>
</PAMDataset>
