<PAMDataset>
  <PAMRasterBand band="1">
    <Histograms>
      <HistItem>
        <HistMin>258.2288888888889</HistMin>
        <HistMax>606.7711111111112</HistMax>
        <BucketCount>225</BucketCount>
        <IncludeOutOfRange>0</IncludeOutOfRange>
        <Approximate>0</Approximate>
        <HistCounts>1|0|1|2|1|4|2|2|4|4|1|3|7|4|5|4|3|7|2|8|2|7|2|6|0|6|5|0|1|0|4|0|3|2|3|1|4|3|1|3|1|6|1|4|3|7|7|4|2|0|3|2|1|0|2|2|2|4|1|0|1|2|0|2|1|1|0|0|0|0|0|1|1|0|2|0|0|3|2|0|1|0|0|0|0|0|0|0|0|2|1|1|0|0|4|0|1|1|0|1|1|0|1|4|1|0|1|0|1|0|1|0|1|0|0|0|0|0|0|1|1|0|0|1|0|0|0|0|0|0|0|0|0|0|2|0|1|0|0|0|0|0|0|0|0|0|0|0|1|1|0|0|0|0|0|0|0|0|0|2|0|0|0|0|0|0|0|1|0|0|0|0|0|0|0|0|0|1|0|0|0|0|0|1|0|0|0|0|0|0|0|1|0|1|0|0|0|0|0|0|0|0|0|0|0|0|0|0|0|0|0|0|0|0|0|0|0|0|0|0|0|0|0|0|1</HistCounts>
      </HistItem>
    </Histograms>
    <Metadata>
      <MDI key="STATISTICS_MINIMUM">259</MDI>
      <MDI key="STATISTICS_MAXIMUM">606</MDI>
      <MDI key="STATISTICS_MEAN">332.42666666667</MDI>
      <MDI key="STATISTICS_STDDEV">63.765788110344</MDI>
      <MDI key="STATISTICS_VALID_PERCENT">100</MDI>
    </Metadata>
  </PAMRasterBand>
  <PAMRasterBand band="2">
    <Histograms>
      <HistItem>
        <HistMin>197.2177777777778</HistMin>
        <HistMax>550.7822222222222</HistMax>
        <BucketCount>225</BucketCount>
        <IncludeOutOfRange>0</IncludeOutOfRange>
        <Approximate>0</Approximate>
        <HistCounts>1|0|0|1|3|4|3|1|2|1|5|5|2|4|1|3|1|5|8|1|7|4|7|2|5|5|3|2|3|1|0|6|3|1|4|2|2|1|2|3|4|3|3|5|3|4|2|1|8|2|8|2|2|0|0|0|1|2|0|2|1|2|2|1|1|1|0|0|0|0|1|0|0|0|2|0|1|1|0|0|1|0|0|0|0|2|0|3|2|0|0|0|1|0|0|0|0|0|0|1|0|1|1|0|0|0|0|0|1|1|3|1|0|3|2|1|1|1|1|0|2|0|0|1|0|1|0|0|0|0|1|1|0|1|1|1|0|0|0|1|0|0|0|0|0|0|0|0|0|0|0|0|0|1|0|0|0|1|0|1|0|0|0|0|0|1|0|0|0|0|0|0|0|0|0|0|0|0|0|0|0|1|0|0|0|1|0|0|0|0|1|1|0|0|0|0|0|0|0|0|0|0|0|0|0|0|0|0|0|0|0|0|0|0|0|0|0|0|0|0|0|0|0|0|1</HistCounts>
      </HistItem>
    </Histograms>
    <Metadata>
      <MDI key="STATISTICS_MINIMUM">198</MDI>
      <MDI key="STATISTICS_MAXIMUM">550</MDI>
      <MDI key="STATISTICS_MEAN">276.95555555556</MDI>
      <MDI key="STATISTICS_STDDEV">67.160092500616</MDI>
      <MDI key="STATISTICS_VALID_PERCENT">100</MDI>
    </Metadata>
  </PAMRasterBand>
  <PAMRasterBand band="3">
    <Histograms>
      <HistItem>
        <HistMin>210.7644444444445</HistMin>
        <HistMax>769.2355555555556</HistMax>
        <BucketCount>225</BucketCount>
        <IncludeOutOfRange>0</IncludeOutOfRange>
        <Approximate>0</Approximate>
        <HistCounts>1|0|1|0|0|2|1|1|1|2|3|2|5|2|5|0|2|5|5|6|3|6|2|3|1|4|2|4|3|3|2|6|1|7|1|1|1|3|1|4|2|1|2|3|4|0|7|0|7|6|4|1|5|3|1|1|2|1|4|1|0|2|2|1|4|0|0|1|0|0|1|2|0|2|1|3|0|0|0|0|1|1|0|0|0|0|0|0|1|2|1|0|1|0|0|0|2|1|1|1|0|0|0|0|0|0|0|0|0|0|2|1|0|1|1|0|2|0|0|1|1|0|2|1|2|1|0|1|0|1|0|1|1|1|1|0|0|1|2|0|0|1|0|0|1|0|1|0|1|0|0|0|0|0|0|0|0|0|0|1|0|0|0|0|0|1|1|0|0|0|1|0|0|0|0|0|0|0|0|0|0|0|0|0|0|0|1|0|0|0|0|0|1|0|1|1|0|0|0|0|0|0|0|0|0|0|0|0|0|0|0|0|0|0|0|0|0|0|0|0|0|0|0|0|1</HistCounts>
      </HistItem>
    </Histograms>
    <Metadata>
      <MDI key="STATISTICS_MINIMUM">212</MDI>
      <MDI key="STATISTICS_MAXIMUM">768</MDI>
      <MDI key="STATISTICS_MEAN">350.21777777778</MDI>
      <MDI key="STATISTICS_STDDEV">109.9139527871</MDI>
      <MDI key="STATISTICS_VALID_PERCENT">100</MDI>
    </Metadata>
  </PAMRasterBand>
</PAMDataset>
