<PAMDataset>
  <PAMRasterBand band="1">
    <Histograms>
      <HistItem>
        <HistMin>215.2977777777778</HistMin>
        <HistMax>532.7022222222222</HistMax>
        <BucketCount>225</BucketCount>
        <IncludeOutOfRange>0</IncludeOutOfRange>
        <Approximate>0</Approximate>
        <HistCounts>1|0|0|0|2|0|0|0|0|2|0|3|0|1|1|0|1|0|0|0|1|1|0|1|0|1|0|0|0|0|0|0|0|1|0|2|1|0|4|0|0|2|0|0|0|0|0|0|1|0|1|1|2|1|1|1|0|3|1|0|0|0|1|1|0|0|1|1|2|2|0|0|1|0|4|0|0|2|0|0|1|0|3|0|0|1|6|2|0|0|2|5|3|4|4|3|4|4|5|5|5|5|3|8|8|3|5|1|2|2|4|7|3|3|0|3|3|1|9|1|1|3|2|2|1|2|1|0|3|0|1|2|0|4|0|0|0|0|2|0|3|0|1|1|0|3|1|1|0|0|0|0|0|0|0|0|0|1|0|0|0|1|1|0|1|0|0|0|0|0|1|1|0|1|0|0|0|0|0|0|0|1|0|0|0|0|0|0|0|0|0|1|0|0|0|0|0|0|0|0|0|0|0|0|0|0|0|0|0|0|0|0|0|1|0|0|0|0|0|0|0|0|0|0|1</HistCounts>
      </HistItem>
    </Histograms>
    <Metadata>
      <MDI key="STATISTICS_MINIMUM">216</MDI>
      <MDI key="STATISTICS_MAXIMUM">532</MDI>
      <MDI key="STATISTICS_MEAN">352.40444444444</MDI>
      <MDI key="STATISTICS_STDDEV">52.70193736922</MDI>
      <MDI key="STATISTICS_VALID_PERCENT">100</MDI>
    </Metadata>
  </PAMRasterBand>
  <PAMRasterBand band="2">
    <Histograms>
      <HistItem>
        <HistMin>166.0822222222222</HistMin>
        <HistMax>580.9177777777778</HistMax>
        <BucketCount>225</BucketCount>
        <IncludeOutOfRange>0</IncludeOutOfRange>
        <Approximate>0</Approximate>
        <HistCounts>1|1|1|0|0|1|0|1|0|0|2|0|0|0|1|0|0|0|0|0|0|0|0|0|2|0|1|1|0|0|1|0|0|0|2|1|0|1|1|1|1|1|1|1|0|0|0|0|1|3|1|3|8|10|4|4|1|10|0|12|6|6|9|6|5|7|9|4|6|5|2|5|1|3|4|4|6|2|5|3|1|4|3|0|0|2|2|2|1|1|0|0|3|0|2|1|1|2|0|1|0|0|0|0|0|2|1|0|1|0|0|2|1|0|0|1|0|0|0|2|1|0|1|0|0|1|0|1|0|0|1|1|0|0|0|0|0|1|0|0|0|0|0|0|0|0|1|0|0|0|0|1|0|0|0|0|0|0|0|0|0|0|0|0|0|0|0|0|0|0|0|0|0|0|0|0|0|0|0|0|0|0|0|0|0|0|0|0|0|0|0|0|0|0|0|0|0|0|0|0|0|0|0|0|0|0|0|0|0|0|0|0|0|0|0|1|0|0|0|0|0|0|0|0|1</HistCounts>
      </HistItem>
    </Histograms>
    <Metadata>
      <MDI key="STATISTICS_MINIMUM">167</MDI>
      <MDI key="STATISTICS_MAXIMUM">580</MDI>
      <MDI key="STATISTICS_MEAN">292.99555555556</MDI>
      <MDI key="STATISTICS_STDDEV">51.733977468308</MDI>
      <MDI key="STATISTICS_VALID_PERCENT">100</MDI>
    </Metadata>
  </PAMRasterBand>
  <PAMRasterBand band="3">
    <Histograms>
      <HistItem>
        <HistMin>162.7222222222222</HistMin>
        <HistMax>740.2777777777778</HistMax>
        <BucketCount>225</BucketCount>
        <IncludeOutOfRange>0</IncludeOutOfRange>
        <Approximate>0</Approximate>
        <HistCounts>2|0|0|1|0|2|1|1|0|0|0|1|0|0|0|0|1|0|1|1|0|1|0|0|0|1|0|0|1|2|0|0|1|0|0|2|0|1|0|0|0|1|1|1|2|1|5|3|9|9|6|11|9|5|10|8|9|5|7|7|2|1|5|7|2|4|1|2|2|1|6|4|3|0|1|2|1|1|1|1|3|1|3|2|0|1|0|1|1|1|0|3|0|2|0|0|0|0|1|2|2|0|1|1|1|0|2|1|2|0|0|1|0|1|1|1|0|1|0|0|0|0|0|1|0|2|1|0|1|1|0|0|1|0|0|1|1|0|0|0|0|0|1|0|1|0|0|0|0|0|0|0|0|0|0|0|0|0|0|0|0|0|0|0|0|0|0|0|0|0|0|0|0|0|0|0|0|0|0|0|0|0|0|0|0|0|0|0|0|0|0|0|0|0|0|0|0|0|0|0|0|0|0|0|0|0|0|0|0|0|1|0|0|0|0|0|0|0|0|0|0|0|0|0|1</HistCounts>
      </HistItem>
    </Histograms>
    <Metadata>
      <MDI key="STATISTICS_MINIMUM">164</MDI>
      <MDI key="STATISTICS_MAXIMUM">739</MDI>
      <MDI key="STATISTICS_MEAN">330.12888888889</MDI>
      <MDI key="STATISTICS_STDDEV">77.147975050036</MDI>
      <MDI key="STATISTICS_VALID_PERCENT">100</MDI>
    </Metadata>
  </PAMRasterBand>
</PAMDataset>
