<PAMDataset>
  <PAMRasterBand band="1">
    <Histograms>
      <HistItem>
        <HistMin>493.5034482758621</HistMin>
        <HistMax>638.4965517241379</HistMax>
        <BucketCount>145</BucketCount>
        <IncludeOutOfRange>0</IncludeOutOfRange>
        <Approximate>0</Approximate>
        <HistCounts>1|0|0|0|0|0|0|0|1|0|0|2|1|1|0|1|2|0|0|1|1|1|0|2|0|0|1|1|2|0|3|2|2|3|0|2|3|6|3|3|5|5|10|9|4|2|10|8|6|2|3|5|6|10|8|7|3|9|6|1|0|2|4|0|2|3|6|2|4|0|2|1|0|0|0|1|2|3|1|1|1|1|0|3|1|1|1|0|3|1|0|1|0|1|0|0|0|0|0|0|2|0|3|0|0|1|2|0|0|0|0|1|0|0|0|0|0|0|1|1|1|0|0|0|0|0|0|0|0|0|0|0|0|0|0|0|0|0|0|0|0|0|0|0|1</HistCounts>
      </HistItem>
    </Histograms>
    <Metadata>
      <MDI key="STATISTICS_MINIMUM">494</MDI>
      <MDI key="STATISTICS_MAXIMUM">638</MDI>
      <MDI key="STATISTICS_MEAN">547.65777777778</MDI>
      <MDI key="STATISTICS_STDDEV">21.786912369982</MDI>
      <MDI key="STATISTICS_VALID_PERCENT">100</MDI>
    </Metadata>
  </PAMRasterBand>
  <PAMRasterBand band="2">
    <Histograms>
      <HistItem>
        <HistMin>462.4444444444445</HistMin>
        <HistMax>713.5555555555555</HistMax>
        <BucketCount>225</BucketCount>
        <IncludeOutOfRange>0</IncludeOutOfRange>
        <Approximate>0</Approximate>
        <HistCounts>1|0|0|0|0|0|0|0|0|0|0|0|0|0|0|0|0|0|0|0|0|1|1|2|1|0|1|0|1|2|6|3|0|1|3|3|4|0|2|7|2|5|2|3|3|1|4|9|2|2|4|3|1|4|2|1|5|3|6|4|4|1|3|1|0|10|1|2|2|0|3|2|1|8|3|3|2|2|1|0|2|0|3|2|2|0|1|4|1|1|6|2|1|3|3|1|3|1|2|5|0|2|1|1|2|1|1|1|2|0|1|1|2|0|0|1|0|0|1|0|0|0|0|0|0|1|0|0|0|0|0|0|0|0|0|0|0|0|1|1|0|0|0|0|0|1|0|0|0|1|0|0|0|0|0|0|0|0|1|0|0|0|0|0|0|0|0|0|0|0|0|0|1|0|0|0|0|0|0|0|0|0|0|0|0|0|0|1|0|0|1|0|0|0|0|0|0|0|0|0|0|0|0|1|0|0|0|0|0|0|0|0|0|0|0|0|0|0|0|0|0|0|0|0|1</HistCounts>
      </HistItem>
    </Histograms>
    <Metadata>
      <MDI key="STATISTICS_MINIMUM">463</MDI>
      <MDI key="STATISTICS_MAXIMUM">713</MDI>
      <MDI key="STATISTICS_MEAN">539.68888888889</MDI>
      <MDI key="STATISTICS_STDDEV">36.871441657149</MDI>
      <MDI key="STATISTICS_VALID_PERCENT">100</MDI>
    </Metadata>
  </PAMRasterBand>
  <PAMRasterBand band="3">
    <Histograms>
      <HistItem>
        <HistMin>687.2088888888889</HistMin>
        <HistMax>1044.791111111111</HistMax>
        <BucketCount>225</BucketCount>
        <IncludeOutOfRange>0</IncludeOutOfRange>
        <Approximate>0</Approximate>
        <HistCounts>1|0|0|0|0|0|0|0|0|0|0|0|0|0|0|0|0|0|0|0|0|0|0|0|0|0|0|0|1|0|0|4|0|0|0|0|1|0|0|1|0|0|3|1|0|0|0|0|1|2|8|0|2|1|0|3|0|6|4|6|3|3|3|1|1|4|3|2|0|3|3|0|6|2|4|3|6|4|2|4|3|4|0|0|5|4|7|4|3|2|3|4|5|3|2|2|4|3|3|4|3|2|1|4|2|1|3|2|2|1|0|3|3|2|1|3|2|2|1|1|1|2|0|1|0|0|0|0|0|0|2|1|1|0|0|0|1|0|1|0|1|0|0|0|0|1|0|0|0|0|0|0|0|0|1|0|0|0|0|0|0|0|0|0|1|0|0|0|0|0|0|0|0|0|0|0|0|0|0|0|0|0|1|1|0|0|0|1|0|0|0|0|0|0|0|0|0|1|0|0|0|0|0|0|0|0|0|0|0|0|0|0|0|0|0|0|0|0|0|0|0|0|0|0|1</HistCounts>
      </HistItem>
    </Histograms>
    <Metadata>
      <MDI key="STATISTICS_MINIMUM">688</MDI>
      <MDI key="STATISTICS_MAXIMUM">1044</MDI>
      <MDI key="STATISTICS_MEAN">823.24888888889</MDI>
      <MDI key="STATISTICS_STDDEV">47.783868138954</MDI>
      <MDI key="STATISTICS_VALID_PERCENT">100</MDI>
    </Metadata>
  </PAMRasterBand>
</PAMDataset>
