<PAMDataset>
  <PAMRasterBand band="1">
    <Histograms>
      <HistItem>
        <HistMin>278.8555555555556</HistMin>
        <HistMax>796.1444444444444</HistMax>
        <BucketCount>225</BucketCount>
        <IncludeOutOfRange>0</IncludeOutOfRange>
        <Approximate>0</Approximate>
        <HistCounts>1|1|1|2|0|1|2|0|0|0|5|3|1|6|2|1|2|6|3|1|2|3|3|4|4|4|3|3|2|3|4|1|0|2|1|2|2|2|1|2|4|1|4|2|2|2|1|2|0|0|6|0|2|0|3|1|0|1|1|2|0|0|3|2|0|0|0|1|1|2|0|3|1|0|1|1|1|1|0|0|2|1|0|0|0|1|2|0|2|2|1|0|0|2|1|0|2|3|2|0|1|0|2|0|1|0|0|3|1|1|1|0|0|1|2|1|3|0|1|1|2|0|1|0|3|0|0|1|1|2|1|0|3|2|4|0|3|0|1|0|0|0|1|2|0|0|0|1|2|0|3|1|1|0|0|1|1|2|0|1|1|0|0|0|0|1|1|1|1|0|0|0|1|0|0|0|0|0|0|0|0|0|0|0|0|0|0|0|0|0|0|0|0|0|0|0|0|0|0|1|0|0|0|0|0|0|0|0|0|0|0|0|0|0|0|0|0|0|0|0|0|0|0|0|1</HistCounts>
      </HistItem>
    </Histograms>
    <Metadata>
      <MDI key="STATISTICS_MINIMUM">280</MDI>
      <MDI key="STATISTICS_MAXIMUM">795</MDI>
      <MDI key="STATISTICS_MEAN">438.77333333333</MDI>
      <MDI key="STATISTICS_STDDEV">114.94994930162</MDI>
      <MDI key="STATISTICS_VALID_PERCENT">100</MDI>
    </Metadata>
  </PAMRasterBand>
  <PAMRasterBand band="2">
    <Histograms>
      <HistItem>
        <HistMin>204.7733333333333</HistMin>
        <HistMax>759.2266666666667</HistMax>
        <BucketCount>225</BucketCount>
        <IncludeOutOfRange>0</IncludeOutOfRange>
        <Approximate>0</Approximate>
        <HistCounts>1|1|1|0|1|0|2|1|0|2|2|7|2|3|1|6|1|4|1|2|3|2|2|2|3|4|3|2|1|2|0|2|3|1|4|0|2|2|3|1|3|1|2|1|2|0|3|5|3|2|2|1|2|0|0|1|5|1|1|2|2|0|1|1|0|2|1|0|1|1|2|0|0|3|2|3|0|0|1|2|0|2|1|0|4|1|3|0|1|1|0|0|0|3|1|3|0|2|0|1|0|2|0|2|0|1|2|0|1|0|2|0|2|1|1|0|1|0|2|1|0|0|0|1|3|1|7|4|2|3|2|1|1|0|1|1|0|0|1|1|1|2|0|1|2|0|0|0|0|1|1|0|0|0|0|0|0|0|1|1|0|1|0|0|0|0|0|0|1|0|0|0|0|0|0|0|1|1|0|0|0|0|0|0|0|0|0|0|0|0|0|0|0|0|0|0|0|0|0|0|0|0|0|0|0|0|0|1|0|0|0|0|0|0|0|0|0|0|0|0|0|0|0|0|1</HistCounts>
      </HistItem>
    </Histograms>
    <Metadata>
      <MDI key="STATISTICS_MINIMUM">206</MDI>
      <MDI key="STATISTICS_MAXIMUM">758</MDI>
      <MDI key="STATISTICS_MEAN">374.06222222222</MDI>
      <MDI key="STATISTICS_STDDEV">116.1941503383</MDI>
      <MDI key="STATISTICS_VALID_PERCENT">100</MDI>
    </Metadata>
  </PAMRasterBand>
  <PAMRasterBand band="3">
    <Histograms>
      <HistItem>
        <HistMin>210.9911111111111</HistMin>
        <HistMax>1119.008888888889</HistMax>
        <BucketCount>225</BucketCount>
        <IncludeOutOfRange>0</IncludeOutOfRange>
        <Approximate>0</Approximate>
        <HistCounts>1|3|2|6|8|3|0|3|0|6|3|4|2|1|3|4|3|0|0|0|4|4|1|2|2|3|2|3|1|1|2|3|3|0|5|4|1|3|0|3|2|2|2|1|2|0|2|1|1|1|0|3|3|1|1|1|1|3|0|1|1|2|1|4|0|1|1|3|3|2|0|1|0|1|2|0|0|3|0|1|3|0|3|1|1|1|3|1|0|1|2|3|1|0|1|2|1|0|1|2|1|1|1|2|6|1|1|1|3|2|1|1|1|0|1|0|0|1|0|0|0|0|1|1|0|2|2|0|2|1|1|0|1|0|0|0|0|2|0|0|0|0|0|0|1|0|0|0|0|0|0|0|1|0|0|0|0|0|0|1|0|1|0|0|0|0|0|0|0|0|0|0|0|0|0|0|0|1|0|0|1|0|0|0|0|0|0|0|0|0|0|0|0|0|0|0|0|0|0|0|0|0|0|0|1|0|0|0|0|0|0|0|0|0|0|0|0|0|0|0|0|0|0|0|1</HistCounts>
      </HistItem>
    </Histograms>
    <Metadata>
      <MDI key="STATISTICS_MINIMUM">213</MDI>
      <MDI key="STATISTICS_MAXIMUM">1117</MDI>
      <MDI key="STATISTICS_MEAN">445.04444444444</MDI>
      <MDI key="STATISTICS_STDDEV">178.92433603256</MDI>
      <MDI key="STATISTICS_VALID_PERCENT">100</MDI>
    </Metadata>
  </PAMRasterBand>
</PAMDataset>
