<PAMDataset>
  <PAMRasterBand band="1">
    <Histograms>
      <HistItem>
        <HistMin>267.1422222222222</HistMin>
        <HistMax>654.8577777777778</HistMax>
        <BucketCount>225</BucketCount>
        <IncludeOutOfRange>0</IncludeOutOfRange>
        <Approximate>0</Approximate>
        <HistCounts>1|0|0|0|0|0|1|0|0|0|0|0|2|0|0|0|0|1|0|0|0|0|0|2|0|0|0|0|0|0|0|0|0|0|1|0|0|0|1|0|0|1|0|0|0|0|0|0|0|2|0|0|0|0|0|0|0|0|0|1|0|0|2|1|3|0|4|1|1|0|3|6|3|4|9|11|5|12|11|7|15|8|7|3|12|8|11|1|3|2|1|0|5|1|1|0|0|2|0|1|3|0|2|0|0|1|0|0|0|0|2|0|0|2|2|1|1|0|1|0|1|3|0|1|3|0|0|4|2|2|0|1|1|1|1|2|0|0|0|0|0|1|1|0|1|0|0|0|0|0|0|0|1|0|0|0|0|1|0|0|0|0|0|0|0|0|0|0|0|0|0|1|0|0|0|0|0|0|0|0|1|0|0|0|0|0|0|0|0|0|0|1|0|0|0|1|1|0|0|0|0|0|0|0|0|0|0|0|0|0|0|0|0|0|0|0|0|0|0|0|0|0|0|0|1</HistCounts>
      </HistItem>
    </Histograms>
    <Metadata>
      <MDI key="STATISTICS_MINIMUM">268</MDI>
      <MDI key="STATISTICS_MAXIMUM">654</MDI>
      <MDI key="STATISTICS_MEAN">418.68444444444</MDI>
      <MDI key="STATISTICS_STDDEV">51.227102009063</MDI>
      <MDI key="STATISTICS_VALID_PERCENT">100</MDI>
    </Metadata>
  </PAMRasterBand>
  <PAMRasterBand band="2">
    <Histograms>
      <HistItem>
        <HistMin>214.2466666666667</HistMin>
        <HistMax>554.7533333333333</HistMax>
        <BucketCount>225</BucketCount>
        <IncludeOutOfRange>0</IncludeOutOfRange>
        <Approximate>0</Approximate>
        <HistCounts>1|0|0|0|0|1|0|0|0|0|1|0|0|1|0|0|1|0|1|0|1|0|0|0|0|0|0|0|0|0|1|0|0|0|0|0|0|0|1|0|1|0|0|0|0|0|1|0|0|1|0|0|0|0|1|0|1|1|0|0|0|1|0|1|3|0|0|1|0|3|0|4|0|0|2|2|0|6|1|6|2|2|2|9|4|12|5|9|6|8|7|12|9|10|14|2|8|3|5|0|1|0|0|0|1|2|0|0|0|1|0|0|0|0|1|0|3|2|0|2|0|0|1|0|1|0|0|0|0|0|0|1|0|0|0|3|0|4|1|1|0|3|2|1|1|0|0|0|1|0|0|0|0|0|0|1|0|1|2|0|2|1|0|0|0|1|0|0|0|0|0|0|1|0|1|0|0|0|0|0|1|0|0|1|0|0|1|0|0|0|0|0|1|0|0|0|0|1|0|0|0|0|0|0|0|0|0|0|0|0|0|0|0|1|0|0|0|0|0|0|1|0|0|0|1</HistCounts>
      </HistItem>
    </Histograms>
    <Metadata>
      <MDI key="STATISTICS_MINIMUM">215</MDI>
      <MDI key="STATISTICS_MAXIMUM">554</MDI>
      <MDI key="STATISTICS_MEAN">360.48444444444</MDI>
      <MDI key="STATISTICS_STDDEV">52.021969528078</MDI>
      <MDI key="STATISTICS_VALID_PERCENT">100</MDI>
    </Metadata>
  </PAMRasterBand>
  <PAMRasterBand band="3">
    <Histograms>
      <HistItem>
        <HistMin>289.9355555555555</HistMin>
        <HistMax>771.0644444444445</HistMax>
        <BucketCount>225</BucketCount>
        <IncludeOutOfRange>0</IncludeOutOfRange>
        <Approximate>0</Approximate>
        <HistCounts>1|0|0|0|0|1|1|0|0|0|0|2|0|0|0|1|0|0|0|0|1|0|0|0|0|0|1|0|0|0|0|1|0|0|0|0|2|0|0|1|0|0|0|0|0|0|1|0|0|0|0|3|1|1|0|0|0|0|1|0|0|1|0|2|0|4|1|0|2|3|6|1|5|2|4|4|6|9|9|14|3|10|16|10|7|11|5|11|2|4|2|1|0|0|0|1|0|0|0|0|0|0|0|0|1|2|0|0|0|1|0|0|0|0|0|0|1|1|1|1|2|0|0|1|1|0|0|1|0|1|0|0|0|0|0|0|1|0|0|0|0|0|1|0|1|1|1|2|1|2|1|1|3|1|1|0|0|1|1|0|1|0|1|0|1|1|2|0|1|0|0|0|0|0|1|0|0|1|0|0|0|0|1|0|0|0|1|0|1|0|0|0|0|0|1|0|0|1|0|0|0|0|0|0|0|0|0|0|0|0|0|0|0|0|1|0|0|0|0|0|1|0|0|0|1</HistCounts>
      </HistItem>
    </Histograms>
    <Metadata>
      <MDI key="STATISTICS_MINIMUM">291</MDI>
      <MDI key="STATISTICS_MAXIMUM">770</MDI>
      <MDI key="STATISTICS_MEAN">486.65333333333</MDI>
      <MDI key="STATISTICS_STDDEV">81.404530586448</MDI>
      <MDI key="STATISTICS_VALID_PERCENT">100</MDI>
    </Metadata>
  </PAMRasterBand>
</PAMDataset>
