<PAMDataset>
  <PAMRasterBand band="1">
    <Histograms>
      <HistItem>
        <HistMin>271.5024752475247</HistMin>
        <HistMax>473.4975247524753</HistMax>
        <BucketCount>202</BucketCount>
        <IncludeOutOfRange>0</IncludeOutOfRange>
        <Approximate>0</Approximate>
        <HistCounts>1|0|0|0|0|1|0|0|1|0|0|0|0|1|0|0|1|2|2|0|2|1|0|0|0|1|2|1|2|1|3|3|0|3|1|2|2|4|0|1|1|2|1|1|0|3|2|2|1|2|4|3|4|3|1|2|2|1|2|3|3|2|4|3|2|7|5|1|1|2|3|2|6|0|3|0|5|1|4|1|2|1|4|3|4|1|3|1|2|3|1|3|4|2|1|2|1|0|4|1|2|2|0|1|0|3|2|0|0|0|0|0|4|1|1|3|2|1|0|4|0|0|0|0|0|2|0|2|0|0|1|2|1|1|0|0|0|0|0|0|0|0|1|1|1|0|0|0|0|0|0|0|0|0|0|1|1|2|1|0|0|0|0|0|0|0|0|0|0|0|0|1|2|0|0|0|0|0|0|0|1|0|0|0|0|0|0|0|0|0|0|0|0|0|0|0|0|0|1|0|0|1</HistCounts>
      </HistItem>
    </Histograms>
    <Metadata>
      <MDI key="STATISTICS_MINIMUM">272</MDI>
      <MDI key="STATISTICS_MAXIMUM">473</MDI>
      <MDI key="STATISTICS_MEAN">347.4</MDI>
      <MDI key="STATISTICS_STDDEV">37.055034145923</MDI>
      <MDI key="STATISTICS_VALID_PERCENT">100</MDI>
    </Metadata>
  </PAMRasterBand>
  <PAMRasterBand band="2">
    <Histograms>
      <HistItem>
        <HistMin>216.5034246575343</HistMin>
        <HistMax>362.4965753424657</HistMax>
        <BucketCount>146</BucketCount>
        <IncludeOutOfRange>0</IncludeOutOfRange>
        <Approximate>0</Approximate>
        <HistCounts>1|0|0|1|1|0|1|1|0|0|1|2|1|2|1|2|2|3|3|0|0|2|3|2|3|4|2|3|2|5|1|4|3|0|2|3|1|2|4|1|5|3|0|3|6|1|2|6|2|3|1|4|4|1|1|1|2|1|3|3|3|2|3|6|4|6|2|3|3|2|6|2|2|1|1|5|1|2|1|1|6|0|1|1|1|0|0|2|3|0|1|1|1|1|1|1|0|1|1|3|2|2|0|0|2|0|0|0|2|0|1|0|1|0|0|0|0|1|2|0|0|0|2|0|1|0|0|0|0|0|0|0|0|0|0|0|1|0|0|3|0|1|0|0|1|1</HistCounts>
      </HistItem>
    </Histograms>
    <Metadata>
      <MDI key="STATISTICS_MINIMUM">217</MDI>
      <MDI key="STATISTICS_MAXIMUM">362</MDI>
      <MDI key="STATISTICS_MEAN">274.53333333333</MDI>
      <MDI key="STATISTICS_STDDEV">31.04935139777</MDI>
      <MDI key="STATISTICS_VALID_PERCENT">100</MDI>
    </Metadata>
  </PAMRasterBand>
  <PAMRasterBand band="3">
    <Histograms>
      <HistItem>
        <HistMin>212.4511111111111</HistMin>
        <HistMax>460.5488888888889</HistMax>
        <BucketCount>225</BucketCount>
        <IncludeOutOfRange>0</IncludeOutOfRange>
        <Approximate>0</Approximate>
        <HistCounts>1|0|0|0|0|2|0|0|0|0|1|0|0|0|1|3|0|0|2|0|1|1|1|2|4|1|2|0|1|1|2|4|1|2|4|2|0|0|1|5|1|2|2|1|4|1|1|1|2|3|3|1|3|3|3|1|4|1|1|6|4|2|0|2|0|0|1|1|2|1|0|0|1|1|0|0|0|1|0|0|2|0|1|1|0|2|0|1|0|0|0|1|1|2|0|1|0|0|0|0|1|1|1|0|2|0|2|1|1|2|0|0|2|2|1|0|0|1|1|0|2|0|2|0|3|1|0|1|3|1|0|1|0|2|0|1|2|1|0|1|0|0|1|0|2|1|0|0|2|2|2|5|0|0|0|1|1|0|0|2|0|3|0|1|2|1|2|1|1|1|4|1|1|1|1|1|2|2|1|3|2|1|0|0|0|0|0|0|1|2|0|1|3|0|0|1|1|1|2|0|1|0|0|1|0|0|0|0|0|0|0|0|0|0|0|0|0|3|0|0|0|0|0|0|1</HistCounts>
      </HistItem>
    </Histograms>
    <Metadata>
      <MDI key="STATISTICS_MINIMUM">213</MDI>
      <MDI key="STATISTICS_MAXIMUM">460</MDI>
      <MDI key="STATISTICS_MEAN">321.21333333333</MDI>
      <MDI key="STATISTICS_STDDEV">65.44241777658</MDI>
      <MDI key="STATISTICS_VALID_PERCENT">100</MDI>
    </Metadata>
  </PAMRasterBand>
</PAMDataset>
