<PAMDataset>
  <PAMRasterBand band="1">
    <Histograms>
      <HistItem>
        <HistMin>229.2711111111111</HistMin>
        <HistMax>558.7288888888888</HistMax>
        <BucketCount>225</BucketCount>
        <IncludeOutOfRange>0</IncludeOutOfRange>
        <Approximate>0</Approximate>
        <HistCounts>1|0|0|0|1|0|0|0|2|1|1|0|1|0|0|0|1|0|0|0|1|0|1|1|0|3|0|2|0|2|1|4|3|5|2|2|3|1|9|2|5|1|16|3|6|5|5|7|4|6|2|6|2|7|1|5|2|5|1|3|1|3|1|1|6|3|2|0|6|2|1|1|2|0|1|0|0|0|1|2|1|2|2|1|0|0|0|0|0|0|0|0|1|0|0|0|1|0|1|0|0|0|0|0|1|0|0|1|0|0|1|2|1|0|0|0|1|1|1|0|1|0|0|0|0|0|0|0|0|0|1|0|1|0|0|1|0|1|0|1|0|0|0|1|0|0|2|0|1|1|0|0|1|0|0|0|1|0|0|2|0|0|0|0|0|0|0|1|2|3|0|0|0|0|0|0|0|0|0|0|1|0|0|0|0|0|0|0|0|0|0|0|0|0|0|0|1|0|0|2|0|0|0|0|1|2|0|0|0|0|0|0|0|0|0|0|1|0|0|0|0|0|0|2|1</HistCounts>
      </HistItem>
    </Histograms>
    <Metadata>
      <MDI key="STATISTICS_MINIMUM">230</MDI>
      <MDI key="STATISTICS_MAXIMUM">558</MDI>
      <MDI key="STATISTICS_MEAN">329.51111111111</MDI>
      <MDI key="STATISTICS_STDDEV">69.368651972942</MDI>
      <MDI key="STATISTICS_VALID_PERCENT">100</MDI>
    </Metadata>
  </PAMRasterBand>
  <PAMRasterBand band="2">
    <Histograms>
      <HistItem>
        <HistMin>174.3377777777778</HistMin>
        <HistMax>473.6622222222222</HistMax>
        <BucketCount>225</BucketCount>
        <IncludeOutOfRange>0</IncludeOutOfRange>
        <Approximate>0</Approximate>
        <HistCounts>2|0|2|0|1|1|0|0|2|1|0|0|0|0|0|1|0|1|0|1|1|1|1|1|2|0|1|3|2|5|2|3|1|2|0|4|1|2|8|4|3|5|1|1|3|3|3|9|3|6|6|2|5|6|0|6|4|1|6|5|3|1|3|3|0|1|4|0|2|1|1|1|3|3|3|1|2|0|0|0|2|1|0|0|0|0|1|0|2|2|0|1|1|1|2|0|0|1|1|2|0|0|0|0|1|2|0|0|0|0|0|0|0|0|0|0|0|0|0|0|4|0|0|0|0|1|1|0|0|0|1|0|1|1|0|1|1|1|0|0|1|2|0|0|0|0|0|0|0|0|1|0|0|1|0|1|0|0|0|0|0|0|0|0|0|0|0|0|0|1|0|1|0|2|0|0|0|3|0|0|0|0|0|0|0|1|0|0|1|0|0|0|1|0|0|0|0|1|0|2|0|2|0|1|0|0|1|0|0|0|0|0|0|0|2|1|0|0|0|0|0|0|0|0|1</HistCounts>
      </HistItem>
    </Histograms>
    <Metadata>
      <MDI key="STATISTICS_MINIMUM">175</MDI>
      <MDI key="STATISTICS_MAXIMUM">473</MDI>
      <MDI key="STATISTICS_MEAN">268.98666666667</MDI>
      <MDI key="STATISTICS_STDDEV">66.292180199142</MDI>
      <MDI key="STATISTICS_VALID_PERCENT">100</MDI>
    </Metadata>
  </PAMRasterBand>
  <PAMRasterBand band="3">
    <Histograms>
      <HistItem>
        <HistMin>195.1177777777778</HistMin>
        <HistMax>593.8822222222223</HistMax>
        <BucketCount>225</BucketCount>
        <IncludeOutOfRange>0</IncludeOutOfRange>
        <Approximate>0</Approximate>
        <HistCounts>1|0|0|1|0|1|4|0|1|0|0|0|0|0|0|0|1|2|1|1|0|1|1|3|0|8|2|3|3|7|4|2|7|6|3|3|4|9|7|5|0|4|5|4|4|3|3|5|2|3|0|3|2|0|1|0|0|2|1|0|1|1|3|3|2|1|2|0|2|1|1|2|3|0|2|0|0|0|0|0|1|1|0|1|4|1|0|1|1|1|0|1|1|0|0|1|1|1|0|1|1|1|1|0|1|0|2|1|2|0|0|0|1|0|0|2|0|0|1|0|0|1|0|0|1|2|0|0|0|1|0|0|0|1|0|0|1|2|0|0|0|1|0|0|0|0|0|0|0|0|1|0|2|0|0|1|0|0|0|1|0|0|0|0|0|0|0|0|1|0|0|0|0|2|1|0|0|0|1|0|0|0|0|1|0|1|0|0|0|0|1|2|0|0|0|0|1|0|0|0|0|0|0|1|0|0|1|0|0|0|3|0|0|0|2|0|2|0|0|1|1|0|0|0|1</HistCounts>
      </HistItem>
    </Histograms>
    <Metadata>
      <MDI key="STATISTICS_MINIMUM">196</MDI>
      <MDI key="STATISTICS_MAXIMUM">593</MDI>
      <MDI key="STATISTICS_MEAN">319.76888888889</MDI>
      <MDI key="STATISTICS_STDDEV">96.865633906452</MDI>
      <MDI key="STATISTICS_VALID_PERCENT">100</MDI>
    </Metadata>
  </PAMRasterBand>
</PAMDataset>
