<PAMDataset>
  <PAMRasterBand band="1">
    <Histograms>
      <HistItem>
        <HistMin>321.7688888888889</HistMin>
        <HistMax>878.2311111111111</HistMax>
        <BucketCount>225</BucketCount>
        <IncludeOutOfRange>0</IncludeOutOfRange>
        <Approximate>0</Approximate>
        <HistCounts>1|0|0|0|0|0|0|1|0|0|0|0|0|3|0|0|0|2|0|1|0|0|2|3|0|1|0|0|1|1|1|1|0|0|4|0|1|2|2|0|1|0|0|1|0|0|0|1|0|0|1|1|0|0|0|1|0|1|0|1|2|0|1|0|0|1|3|1|0|1|1|1|1|0|1|0|0|1|0|0|0|1|0|0|0|1|0|2|0|0|0|0|0|0|0|0|0|3|0|1|3|0|0|0|1|0|2|0|1|0|1|1|0|0|0|0|2|0|3|3|1|1|0|1|0|1|0|2|3|4|2|3|0|0|1|0|0|2|0|1|1|1|3|2|1|1|0|1|0|0|3|1|2|0|1|4|1|0|4|4|3|0|2|2|3|1|3|5|3|3|3|4|3|1|2|3|3|1|5|1|3|2|3|0|4|0|2|2|1|0|2|0|3|5|1|0|0|2|2|2|2|0|1|1|0|1|1|1|0|0|3|0|2|0|0|0|0|0|0|0|1|0|0|0|1</HistCounts>
      </HistItem>
    </Histograms>
    <Metadata>
      <MDI key="STATISTICS_MINIMUM">323</MDI>
      <MDI key="STATISTICS_MAXIMUM">877</MDI>
      <MDI key="STATISTICS_MEAN">652.91555555556</MDI>
      <MDI key="STATISTICS_STDDEV">140.57771904309</MDI>
      <MDI key="STATISTICS_VALID_PERCENT">100</MDI>
    </Metadata>
  </PAMRasterBand>
  <PAMRasterBand band="2">
    <Histograms>
      <HistItem>
        <HistMin>247.4444444444445</HistMin>
        <HistMax>950.5555555555555</HistMax>
        <BucketCount>225</BucketCount>
        <IncludeOutOfRange>0</IncludeOutOfRange>
        <Approximate>0</Approximate>
        <HistCounts>1|1|3|1|1|1|1|0|1|0|1|2|5|0|0|1|0|1|1|0|1|1|2|1|0|2|2|0|2|0|1|0|1|0|1|2|0|0|0|0|2|0|1|0|1|0|1|1|0|1|1|0|1|0|0|1|1|0|0|2|2|1|0|0|0|0|0|0|0|2|0|0|1|1|0|0|0|0|1|2|0|0|0|0|2|0|0|0|0|1|1|0|0|0|0|0|0|0|0|0|2|1|0|1|1|0|1|2|1|1|1|0|0|2|3|1|1|2|0|1|1|1|0|2|1|3|0|1|1|1|1|0|0|4|1|1|1|1|1|0|1|1|0|3|1|0|1|1|1|2|2|1|0|1|1|1|3|1|1|1|0|1|1|2|2|1|1|2|0|1|4|1|1|2|0|2|3|1|0|2|2|1|1|1|1|3|3|3|0|2|3|4|2|1|4|1|3|1|2|0|2|2|6|2|0|3|1|1|0|1|3|1|2|2|0|1|1|0|0|2|0|0|0|0|1</HistCounts>
      </HistItem>
    </Histograms>
    <Metadata>
      <MDI key="STATISTICS_MINIMUM">249</MDI>
      <MDI key="STATISTICS_MAXIMUM">949</MDI>
      <MDI key="STATISTICS_MEAN">651.72888888889</MDI>
      <MDI key="STATISTICS_STDDEV">208.30296805078</MDI>
      <MDI key="STATISTICS_VALID_PERCENT">100</MDI>
    </Metadata>
  </PAMRasterBand>
  <PAMRasterBand band="3">
    <Histograms>
      <HistItem>
        <HistMin>294.2911111111111</HistMin>
        <HistMax>1518.708888888889</HistMax>
        <BucketCount>225</BucketCount>
        <IncludeOutOfRange>0</IncludeOutOfRange>
        <Approximate>0</Approximate>
        <HistCounts>1|1|3|3|0|2|1|0|1|1|3|0|3|1|2|3|1|1|0|0|0|2|1|0|0|1|4|1|0|1|1|1|1|1|0|1|1|1|0|1|0|0|1|0|1|1|0|0|0|0|1|1|1|0|0|2|1|0|0|0|3|0|1|0|0|0|1|0|0|1|0|0|0|1|0|1|0|0|1|1|0|0|0|0|0|1|0|0|0|1|0|2|3|1|1|0|2|2|0|1|2|1|2|2|0|1|3|1|1|0|0|2|0|0|1|1|3|1|1|2|0|2|0|3|3|0|0|0|2|0|3|0|0|1|1|0|3|0|1|0|1|1|0|3|2|1|0|2|1|0|1|0|0|2|1|2|0|2|0|0|3|1|0|0|3|1|1|0|0|2|1|2|0|2|1|0|1|3|3|1|1|1|0|0|0|3|0|0|1|1|1|0|2|5|1|1|2|1|0|1|3|1|1|4|0|0|3|4|1|3|0|2|2|2|2|2|1|0|2|2|1|0|0|2|1</HistCounts>
      </HistItem>
    </Histograms>
    <Metadata>
      <MDI key="STATISTICS_MINIMUM">297</MDI>
      <MDI key="STATISTICS_MAXIMUM">1516</MDI>
      <MDI key="STATISTICS_MEAN">963.06666666667</MDI>
      <MDI key="STATISTICS_STDDEV">376.78840510587</MDI>
      <MDI key="STATISTICS_VALID_PERCENT">100</MDI>
    </Metadata>
  </PAMRasterBand>
</PAMDataset>
