<PAMDataset>
  <PAMRasterBand band="1">
    <Histograms>
      <HistItem>
        <HistMin>261.3888888888889</HistMin>
        <HistMax>537.6111111111111</HistMax>
        <BucketCount>225</BucketCount>
        <IncludeOutOfRange>0</IncludeOutOfRange>
        <Approximate>0</Approximate>
        <HistCounts>1|0|0|0|0|0|0|0|0|0|0|0|0|0|0|0|0|0|0|0|0|0|0|0|0|0|0|0|0|0|0|0|0|0|0|1|1|1|0|0|0|0|0|0|0|0|0|0|1|0|0|0|0|0|1|0|0|0|0|1|0|0|0|0|0|0|0|0|0|0|0|0|0|0|0|0|0|0|0|0|0|0|0|0|0|1|0|0|0|0|1|0|0|0|0|0|0|0|0|0|0|0|1|0|0|0|0|1|0|0|0|0|0|0|0|0|0|0|0|0|0|1|1|0|1|1|1|1|1|5|14|7|8|5|18|4|7|13|11|11|3|7|5|11|4|4|7|9|1|2|2|4|6|3|3|0|1|3|2|1|2|3|3|0|0|1|0|1|0|0|0|1|0|0|0|0|0|1|1|0|0|0|1|0|0|0|0|0|0|1|0|0|1|1|0|0|0|0|0|1|3|0|0|0|1|0|0|0|0|0|0|1|0|0|0|0|0|0|0|1|1|0|0|0|1</HistCounts>
      </HistItem>
    </Histograms>
    <Metadata>
      <MDI key="STATISTICS_MINIMUM">262</MDI>
      <MDI key="STATISTICS_MAXIMUM">537</MDI>
      <MDI key="STATISTICS_MEAN">434.49333333333</MDI>
      <MDI key="STATISTICS_STDDEV">32.308666879888</MDI>
      <MDI key="STATISTICS_VALID_PERCENT">100</MDI>
    </Metadata>
  </PAMRasterBand>
  <PAMRasterBand band="2">
    <Histograms>
      <HistItem>
        <HistMin>198.4</HistMin>
        <HistMax>469.6</HistMax>
        <BucketCount>225</BucketCount>
        <IncludeOutOfRange>0</IncludeOutOfRange>
        <Approximate>0</Approximate>
        <HistCounts>1|0|0|0|0|0|0|0|0|0|0|0|0|0|0|0|0|0|0|0|0|0|0|0|2|1|0|0|0|0|0|0|1|0|0|0|1|0|1|0|0|0|0|0|0|0|0|0|0|0|0|0|0|0|0|0|0|0|0|0|0|0|0|0|1|0|0|1|0|0|0|0|0|0|0|1|0|0|0|1|0|0|0|0|0|0|0|0|1|0|0|1|0|0|0|1|1|0|0|0|1|0|0|0|0|2|1|0|0|2|1|0|1|0|2|1|1|0|0|3|2|0|4|3|4|3|4|5|6|15|8|11|7|9|21|8|10|9|8|12|4|1|4|4|2|0|1|1|4|0|1|2|0|2|0|1|1|0|0|0|2|0|1|0|0|0|1|0|0|1|0|0|0|0|0|0|0|1|0|0|1|0|0|1|0|1|0|0|0|0|0|0|1|0|1|1|0|0|1|0|0|0|1|0|0|0|0|0|0|1|0|0|0|0|0|0|0|0|0|0|1|0|1|0|1</HistCounts>
      </HistItem>
    </Histograms>
    <Metadata>
      <MDI key="STATISTICS_MINIMUM">199</MDI>
      <MDI key="STATISTICS_MAXIMUM">469</MDI>
      <MDI key="STATISTICS_MEAN">357.88</MDI>
      <MDI key="STATISTICS_STDDEV">34.380857723125</MDI>
      <MDI key="STATISTICS_VALID_PERCENT">100</MDI>
    </Metadata>
  </PAMRasterBand>
  <PAMRasterBand band="3">
    <Histograms>
      <HistItem>
        <HistMin>214.0866666666667</HistMin>
        <HistMax>626.9133333333333</HistMax>
        <BucketCount>225</BucketCount>
        <IncludeOutOfRange>0</IncludeOutOfRange>
        <Approximate>0</Approximate>
        <HistCounts>1|0|0|0|0|0|0|0|0|0|0|0|0|0|0|0|2|1|0|0|0|1|0|1|0|1|0|0|0|0|0|0|0|0|0|0|0|0|0|0|0|0|0|0|0|1|0|0|1|0|0|0|0|1|0|0|1|0|0|0|0|0|0|1|0|1|0|0|1|1|0|1|0|0|0|0|0|2|1|1|1|1|0|1|0|1|1|0|1|1|0|1|1|2|2|0|2|0|1|1|2|2|3|2|1|4|2|0|4|1|6|1|4|2|2|3|4|4|1|2|9|3|4|5|9|10|4|2|6|10|7|4|6|0|5|4|2|2|3|4|2|5|2|1|4|0|0|2|0|0|0|2|2|1|1|0|0|1|0|0|1|0|0|0|0|0|0|1|0|0|1|0|0|0|0|1|0|0|0|0|0|0|0|0|1|0|0|1|0|1|0|0|0|0|1|2|0|1|0|0|0|1|0|0|0|0|0|0|1|0|0|0|0|0|0|0|0|0|0|0|0|0|1|1|1</HistCounts>
      </HistItem>
    </Histograms>
    <Metadata>
      <MDI key="STATISTICS_MINIMUM">215</MDI>
      <MDI key="STATISTICS_MAXIMUM">626</MDI>
      <MDI key="STATISTICS_MEAN">436.14222222222</MDI>
      <MDI key="STATISTICS_STDDEV">61.609142499358</MDI>
      <MDI key="STATISTICS_VALID_PERCENT">100</MDI>
    </Metadata>
  </PAMRasterBand>
</PAMDataset>
