<PAMDataset>
  <PAMRasterBand band="1">
    <Histograms>
      <HistItem>
        <HistMin>234.4977777777778</HistMin>
        <HistMax>461.5022222222222</HistMax>
        <BucketCount>225</BucketCount>
        <IncludeOutOfRange>0</IncludeOutOfRange>
        <Approximate>0</Approximate>
        <HistCounts>1|1|2|3|1|1|1|0|1|2|1|1|1|1|2|1|0|1|1|1|0|1|0|1|1|0|2|1|1|2|1|1|1|0|3|0|1|2|0|1|3|1|2|1|1|0|3|1|2|0|1|1|1|2|1|0|1|3|1|0|1|0|1|0|2|2|0|2|1|0|1|0|0|0|1|1|0|0|2|1|1|1|3|0|0|0|0|2|0|1|1|1|1|1|1|2|0|0|0|0|0|2|0|2|0|1|0|1|0|2|0|0|0|0|2|0|0|0|0|2|0|1|1|0|1|0|2|1|1|0|0|0|1|3|2|2|3|0|1|1|3|2|0|0|0|0|0|0|0|1|1|0|2|0|1|2|3|3|3|1|1|1|1|2|2|1|2|1|4|1|1|1|2|1|1|3|2|0|0|3|1|1|0|1|2|1|3|3|0|2|1|2|0|1|2|2|2|1|0|0|0|2|0|1|0|1|0|0|5|1|0|1|1|0|2|0|2|0|1|1|0|0|0|0|1</HistCounts>
      </HistItem>
    </Histograms>
    <Metadata>
      <MDI key="STATISTICS_MINIMUM">235</MDI>
      <MDI key="STATISTICS_MAXIMUM">461</MDI>
      <MDI key="STATISTICS_MEAN">349.02666666667</MDI>
      <MDI key="STATISTICS_STDDEV">67.08846034238</MDI>
      <MDI key="STATISTICS_VALID_PERCENT">100</MDI>
    </Metadata>
  </PAMRasterBand>
  <PAMRasterBand band="2">
    <Histograms>
      <HistItem>
        <HistMin>180.5022321428571</HistMin>
        <HistMax>404.4977678571428</HistMax>
        <BucketCount>224</BucketCount>
        <IncludeOutOfRange>0</IncludeOutOfRange>
        <Approximate>0</Approximate>
        <HistCounts>1|0|1|1|1|0|2|0|1|2|2|1|2|1|0|1|1|2|1|3|0|2|5|0|1|3|1|2|0|2|2|1|5|1|3|3|1|0|2|3|1|0|1|1|2|0|1|1|3|3|1|2|1|1|2|1|2|0|0|1|1|0|2|1|3|0|0|1|1|1|0|0|0|3|0|1|1|2|0|0|0|0|0|1|1|0|1|0|0|0|0|0|1|0|0|0|1|0|0|0|0|1|0|0|0|0|2|1|1|1|1|1|0|0|0|0|0|1|1|0|0|1|0|0|0|0|1|1|0|1|2|0|1|1|1|1|0|0|0|0|1|2|1|0|1|2|0|1|0|0|2|0|0|3|1|1|1|1|0|3|1|2|0|0|3|2|1|1|1|2|0|2|1|3|1|2|1|3|3|0|1|1|2|1|1|0|1|1|2|2|0|1|1|2|2|1|2|2|1|1|1|2|2|1|2|1|3|0|1|0|1|1|0|1|0|4|1|1|1|0|0|1|0|1</HistCounts>
      </HistItem>
    </Histograms>
    <Metadata>
      <MDI key="STATISTICS_MINIMUM">181</MDI>
      <MDI key="STATISTICS_MAXIMUM">404</MDI>
      <MDI key="STATISTICS_MEAN">289.82222222222</MDI>
      <MDI key="STATISTICS_STDDEV">71.121457580642</MDI>
      <MDI key="STATISTICS_VALID_PERCENT">100</MDI>
    </Metadata>
  </PAMRasterBand>
  <PAMRasterBand band="3">
    <Histograms>
      <HistItem>
        <HistMin>181.94</HistMin>
        <HistMax>661.0599999999999</HistMax>
        <BucketCount>225</BucketCount>
        <IncludeOutOfRange>0</IncludeOutOfRange>
        <Approximate>0</Approximate>
        <HistCounts>1|1|1|3|3|3|0|1|3|2|1|1|2|2|1|4|1|0|3|2|1|4|2|2|1|1|2|1|0|2|2|5|3|1|1|1|1|1|1|4|2|3|2|1|0|0|0|3|1|0|2|1|0|0|2|1|3|0|1|0|0|1|1|1|0|0|1|0|0|1|1|0|0|0|1|1|0|0|0|1|0|1|0|0|0|0|1|1|0|0|0|0|1|0|0|1|0|0|0|1|1|0|0|2|1|0|0|1|0|0|1|2|0|0|0|1|0|0|0|1|0|1|1|1|1|0|0|1|2|1|0|1|1|0|1|0|1|0|0|2|1|1|0|1|0|1|0|1|1|1|1|1|2|1|0|1|0|1|3|1|3|2|0|0|0|3|0|0|1|1|1|0|3|0|0|3|2|1|5|1|0|0|1|2|3|1|1|0|2|1|1|1|2|2|1|1|1|1|1|2|0|1|0|0|0|3|3|4|0|1|4|0|1|1|3|0|1|0|1|0|1|0|0|0|1</HistCounts>
      </HistItem>
    </Histograms>
    <Metadata>
      <MDI key="STATISTICS_MINIMUM">183</MDI>
      <MDI key="STATISTICS_MAXIMUM">660</MDI>
      <MDI key="STATISTICS_MEAN">405.36888888889</MDI>
      <MDI key="STATISTICS_STDDEV">157.05535304786</MDI>
      <MDI key="STATISTICS_VALID_PERCENT">100</MDI>
    </Metadata>
  </PAMRasterBand>
</PAMDataset>
