<PAMDataset>
  <PAMRasterBand band="1">
    <Histograms>
      <HistItem>
        <HistMin>252.5060240963855</HistMin>
        <HistMax>335.4939759036145</HistMax>
        <BucketCount>83</BucketCount>
        <IncludeOutOfRange>0</IncludeOutOfRange>
        <Approximate>0</Approximate>
        <HistCounts>1|1|1|1|0|3|1|1|1|2|2|2|2|2|3|1|1|3|5|4|2|5|3|5|8|5|8|6|5|4|4|3|7|6|5|5|4|4|5|7|5|2|3|4|5|6|4|8|3|1|6|2|4|2|3|3|3|2|1|2|1|1|1|2|2|1|1|3|1|2|0|1|0|0|0|0|0|0|0|0|0|1|1</HistCounts>
      </HistItem>
    </Histograms>
    <Metadata>
      <MDI key="STATISTICS_MINIMUM">253</MDI>
      <MDI key="STATISTICS_MAXIMUM">335</MDI>
      <MDI key="STATISTICS_MEAN">288.46222222222</MDI>
      <MDI key="STATISTICS_STDDEV">16.311949115621</MDI>
      <MDI key="STATISTICS_VALID_PERCENT">100</MDI>
    </Metadata>
  </PAMRasterBand>
  <PAMRasterBand band="2">
    <Histograms>
      <HistItem>
        <HistMin>199.5073529411765</HistMin>
        <HistMax>267.4926470588235</HistMax>
        <BucketCount>68</BucketCount>
        <IncludeOutOfRange>0</IncludeOutOfRange>
        <Approximate>0</Approximate>
        <HistCounts>1|0|3|1|1|3|0|4|3|4|3|3|7|4|6|7|7|6|8|8|7|10|6|3|6|4|9|6|8|4|5|8|6|8|6|4|5|4|2|4|3|3|1|4|5|4|1|1|1|1|2|0|1|0|0|0|0|1|0|0|0|0|0|0|1|1|0|1</HistCounts>
      </HistItem>
    </Histograms>
    <Metadata>
      <MDI key="STATISTICS_MINIMUM">200</MDI>
      <MDI key="STATISTICS_MAXIMUM">267</MDI>
      <MDI key="STATISTICS_MEAN">225.57777777778</MDI>
      <MDI key="STATISTICS_STDDEV">12.447737659491</MDI>
      <MDI key="STATISTICS_VALID_PERCENT">100</MDI>
    </Metadata>
  </PAMRasterBand>
  <PAMRasterBand band="3">
    <Histograms>
      <HistItem>
        <HistMin>262.5055555555555</HistMin>
        <HistMax>352.4944444444445</HistMax>
        <BucketCount>90</BucketCount>
        <IncludeOutOfRange>0</IncludeOutOfRange>
        <Approximate>0</Approximate>
        <HistCounts>3|3|2|3|1|1|2|5|2|1|2|0|1|2|5|2|3|4|2|1|5|0|4|4|2|7|3|2|2|3|4|4|3|10|5|8|5|4|4|2|1|3|1|2|2|5|8|2|6|5|3|5|7|3|4|2|5|3|2|3|1|4|2|2|2|3|0|3|1|0|4|2|0|1|1|0|0|0|0|0|0|0|0|0|0|0|0|0|0|1</HistCounts>
      </HistItem>
    </Histograms>
    <Metadata>
      <MDI key="STATISTICS_MINIMUM">263</MDI>
      <MDI key="STATISTICS_MAXIMUM">352</MDI>
      <MDI key="STATISTICS_MEAN">299.81333333333</MDI>
      <MDI key="STATISTICS_STDDEV">18.922785794439</MDI>
      <MDI key="STATISTICS_VALID_PERCENT">100</MDI>
    </Metadata>
  </PAMRasterBand>
</PAMDataset>
