<PAMDataset>
  <PAMRasterBand band="1">
    <Histograms>
      <HistItem>
        <HistMin>390.5057471264368</HistMin>
        <HistMax>477.4942528735632</HistMax>
        <BucketCount>87</BucketCount>
        <IncludeOutOfRange>0</IncludeOutOfRange>
        <Approximate>0</Approximate>
        <HistCounts>2|0|0|1|0|1|0|0|2|0|2|3|2|4|3|3|8|3|1|0|0|6|2|7|4|5|6|4|6|8|4|1|2|7|7|9|7|5|8|8|5|6|2|6|4|3|4|5|5|5|2|4|4|4|1|1|0|0|2|2|2|0|0|3|0|1|2|4|2|0|0|0|1|0|1|0|1|0|0|1|0|0|0|0|0|0|1</HistCounts>
      </HistItem>
    </Histograms>
    <Metadata>
      <MDI key="STATISTICS_MINIMUM">391</MDI>
      <MDI key="STATISTICS_MAXIMUM">477</MDI>
      <MDI key="STATISTICS_MEAN">426.87555555556</MDI>
      <MDI key="STATISTICS_STDDEV">15.875699887362</MDI>
      <MDI key="STATISTICS_VALID_PERCENT">100</MDI>
    </Metadata>
  </PAMRasterBand>
  <PAMRasterBand band="2">
    <Histograms>
      <HistItem>
        <HistMin>349.5064935064935</HistMin>
        <HistMax>426.4935064935065</HistMax>
        <BucketCount>77</BucketCount>
        <IncludeOutOfRange>0</IncludeOutOfRange>
        <Approximate>0</Approximate>
        <HistCounts>1|0|1|0|1|1|0|1|0|3|1|2|3|3|2|4|3|3|2|7|5|5|8|7|5|7|7|3|6|7|9|8|3|6|12|7|5|4|5|3|3|4|4|6|2|2|1|0|3|3|1|2|0|2|2|2|2|3|2|1|4|0|6|1|0|0|2|2|0|0|0|0|3|0|1|0|1</HistCounts>
      </HistItem>
    </Histograms>
    <Metadata>
      <MDI key="STATISTICS_MINIMUM">350</MDI>
      <MDI key="STATISTICS_MAXIMUM">426</MDI>
      <MDI key="STATISTICS_MEAN">383.53333333333</MDI>
      <MDI key="STATISTICS_STDDEV">15.494801995795</MDI>
      <MDI key="STATISTICS_VALID_PERCENT">100</MDI>
    </Metadata>
  </PAMRasterBand>
  <PAMRasterBand band="3">
    <Histograms>
      <HistItem>
        <HistMin>474.5044642857143</HistMin>
        <HistMax>586.4955357142857</HistMax>
        <BucketCount>112</BucketCount>
        <IncludeOutOfRange>0</IncludeOutOfRange>
        <Approximate>0</Approximate>
        <HistCounts>1|0|1|0|0|0|0|2|1|0|1|1|1|2|3|0|0|2|2|0|0|0|2|1|1|3|3|2|3|3|3|3|2|3|3|3|4|0|5|4|2|4|4|4|2|5|5|0|4|4|3|6|4|3|4|3|2|1|5|8|1|3|5|5|5|3|4|3|5|3|6|2|2|1|2|4|5|0|3|4|1|2|2|0|0|1|2|0|1|0|2|1|0|0|2|1|0|0|1|0|0|0|0|0|2|1|0|0|1|0|0|1</HistCounts>
      </HistItem>
    </Histograms>
    <Metadata>
      <MDI key="STATISTICS_MINIMUM">475</MDI>
      <MDI key="STATISTICS_MAXIMUM">586</MDI>
      <MDI key="STATISTICS_MEAN">527.64</MDI>
      <MDI key="STATISTICS_STDDEV">22.036519184703</MDI>
      <MDI key="STATISTICS_VALID_PERCENT">100</MDI>
    </Metadata>
  </PAMRasterBand>
</PAMDataset>
