<PAMDataset>
  <PAMRasterBand band="1">
    <Histograms>
      <HistItem>
        <HistMin>239.5040322580645</HistMin>
        <HistMax>363.4959677419355</HistMax>
        <BucketCount>124</BucketCount>
        <IncludeOutOfRange>0</IncludeOutOfRange>
        <Approximate>0</Approximate>
        <HistCounts>1|1|0|0|0|2|1|1|1|2|1|2|2|1|3|0|0|1|2|2|0|0|2|2|1|2|2|0|0|0|2|0|1|2|0|1|2|1|3|2|5|3|3|6|6|4|1|2|3|4|5|6|4|5|3|5|7|8|2|4|7|3|1|3|7|7|0|4|5|4|4|3|1|3|1|3|5|1|2|0|2|1|0|3|0|1|1|1|1|1|3|1|0|0|4|0|0|0|2|0|0|0|2|0|0|0|0|1|0|1|1|0|0|0|0|0|0|2|0|0|0|0|0|1</HistCounts>
      </HistItem>
    </Histograms>
    <Metadata>
      <MDI key="STATISTICS_MINIMUM">240</MDI>
      <MDI key="STATISTICS_MAXIMUM">363</MDI>
      <MDI key="STATISTICS_MEAN">294.84888888889</MDI>
      <MDI key="STATISTICS_STDDEV">23.699869875144</MDI>
      <MDI key="STATISTICS_VALID_PERCENT">100</MDI>
    </Metadata>
  </PAMRasterBand>
  <PAMRasterBand band="2">
    <Histograms>
      <HistItem>
        <HistMin>179.5048076923077</HistMin>
        <HistMax>283.4951923076923</HistMax>
        <BucketCount>104</BucketCount>
        <IncludeOutOfRange>0</IncludeOutOfRange>
        <Approximate>0</Approximate>
        <HistCounts>1|0|1|0|2|0|2|1|1|2|3|1|1|2|2|2|2|2|2|1|1|0|2|0|0|0|1|0|2|2|1|0|1|2|1|2|2|2|5|2|3|1|3|2|2|8|5|9|5|6|5|3|4|4|8|4|6|8|2|3|7|10|5|8|1|4|9|3|2|5|5|1|2|0|0|0|1|2|1|2|0|1|1|3|0|0|2|0|0|0|1|1|0|0|0|0|0|0|0|2|0|0|0|1</HistCounts>
      </HistItem>
    </Histograms>
    <Metadata>
      <MDI key="STATISTICS_MINIMUM">180</MDI>
      <MDI key="STATISTICS_MAXIMUM">283</MDI>
      <MDI key="STATISTICS_MEAN">230.09777777778</MDI>
      <MDI key="STATISTICS_STDDEV">20.150307291717</MDI>
      <MDI key="STATISTICS_VALID_PERCENT">100</MDI>
    </Metadata>
  </PAMRasterBand>
  <PAMRasterBand band="3">
    <Histograms>
      <HistItem>
        <HistMin>178.5035714285714</HistMin>
        <HistMax>318.4964285714286</HistMax>
        <BucketCount>140</BucketCount>
        <IncludeOutOfRange>0</IncludeOutOfRange>
        <Approximate>0</Approximate>
        <HistCounts>1|0|1|0|1|1|1|0|1|0|1|0|0|0|1|0|2|0|1|1|1|2|0|3|4|1|0|2|1|0|0|2|0|0|3|0|0|0|1|1|2|1|0|0|0|0|1|0|0|2|1|0|2|0|0|0|1|0|0|0|2|2|1|0|2|0|1|3|1|1|0|0|0|0|0|0|2|3|2|2|0|0|0|0|0|2|1|1|4|2|1|4|5|2|1|2|6|3|1|6|5|3|5|6|3|6|4|2|2|6|5|7|0|6|4|6|2|2|4|4|4|2|1|1|3|4|1|5|1|1|2|2|3|1|1|2|0|2|0|1</HistCounts>
      </HistItem>
    </Histograms>
    <Metadata>
      <MDI key="STATISTICS_MINIMUM">179</MDI>
      <MDI key="STATISTICS_MAXIMUM">318</MDI>
      <MDI key="STATISTICS_MEAN">268.72444444444</MDI>
      <MDI key="STATISTICS_STDDEV">35.046693650079</MDI>
      <MDI key="STATISTICS_VALID_PERCENT">100</MDI>
    </Metadata>
  </PAMRasterBand>
</PAMDataset>
