<PAMDataset>
  <PAMRasterBand band="1">
    <Histograms>
      <HistItem>
        <HistMin>368.4044444444444</HistMin>
        <HistMax>637.5955555555555</HistMax>
        <BucketCount>225</BucketCount>
        <IncludeOutOfRange>0</IncludeOutOfRange>
        <Approximate>0</Approximate>
        <HistCounts>1|0|1|0|0|0|0|0|0|0|0|0|0|0|0|0|0|0|0|0|0|0|0|0|0|0|0|0|0|0|0|0|0|0|0|0|0|1|0|0|0|0|0|0|0|0|0|0|0|0|0|0|0|0|0|0|0|0|0|0|0|0|0|0|0|0|0|0|0|0|1|0|0|0|0|0|0|0|0|0|0|0|0|0|0|0|0|0|0|0|0|0|0|0|0|0|0|0|0|0|0|0|0|0|0|1|0|0|0|0|0|0|0|0|0|0|0|0|1|1|0|0|0|0|0|1|0|0|0|0|0|0|0|0|0|0|0|0|1|0|1|0|0|0|0|0|0|0|0|0|1|0|0|0|0|2|0|0|1|0|0|0|1|0|0|1|0|3|0|1|2|4|2|5|5|0|5|8|4|4|0|9|5|3|10|3|9|4|2|6|5|5|5|3|2|6|12|3|2|6|5|7|4|4|11|8|5|3|2|1|0|3|2|2|0|3|1|0|1|0|1|1|1|0|1</HistCounts>
      </HistItem>
    </Histograms>
    <Metadata>
      <MDI key="STATISTICS_MINIMUM">369</MDI>
      <MDI key="STATISTICS_MAXIMUM">637</MDI>
      <MDI key="STATISTICS_MEAN">591.67111111111</MDI>
      <MDI key="STATISTICS_STDDEV">33.282071398025</MDI>
      <MDI key="STATISTICS_VALID_PERCENT">100</MDI>
    </Metadata>
  </PAMRasterBand>
  <PAMRasterBand band="2">
    <Histograms>
      <HistItem>
        <HistMin>358.3377777777778</HistMin>
        <HistMax>657.6622222222222</HistMax>
        <BucketCount>225</BucketCount>
        <IncludeOutOfRange>0</IncludeOutOfRange>
        <Approximate>0</Approximate>
        <HistCounts>1|0|0|0|1|0|0|0|0|0|0|0|0|0|0|0|0|0|0|0|0|0|0|0|0|0|0|0|0|0|0|0|0|1|0|0|0|0|0|0|0|0|0|0|0|0|0|0|0|0|0|0|0|0|0|0|0|0|0|0|0|0|0|0|0|0|0|0|0|0|0|0|0|0|1|0|0|0|0|0|0|0|0|0|0|0|0|0|0|0|0|0|0|0|0|0|0|0|0|1|0|0|1|0|0|0|0|0|1|0|0|0|1|0|0|0|0|1|0|0|0|0|0|0|0|0|0|0|0|0|0|0|1|0|0|2|0|0|1|1|0|1|0|0|3|0|1|3|2|1|4|1|1|2|1|1|5|2|5|8|4|5|4|2|1|5|2|2|4|2|2|3|3|3|9|2|2|4|1|4|4|6|3|6|3|5|7|5|5|7|1|2|8|5|6|7|6|4|1|1|1|5|2|0|1|0|0|1|1|0|0|0|0|1|0|0|0|0|0|0|0|1|0|0|1</HistCounts>
      </HistItem>
    </Histograms>
    <Metadata>
      <MDI key="STATISTICS_MINIMUM">359</MDI>
      <MDI key="STATISTICS_MAXIMUM">657</MDI>
      <MDI key="STATISTICS_MEAN">588</MDI>
      <MDI key="STATISTICS_STDDEV">37.585576429736</MDI>
      <MDI key="STATISTICS_VALID_PERCENT">100</MDI>
    </Metadata>
  </PAMRasterBand>
  <PAMRasterBand band="3">
    <Histograms>
      <HistItem>
        <HistMin>487.0088888888889</HistMin>
        <HistMax>934.9911111111111</HistMax>
        <BucketCount>225</BucketCount>
        <IncludeOutOfRange>0</IncludeOutOfRange>
        <Approximate>0</Approximate>
        <HistCounts>1|0|0|0|0|1|0|0|0|0|0|0|0|0|0|0|0|0|0|0|0|0|0|0|0|0|0|0|0|0|0|0|0|1|0|0|0|0|0|0|0|0|0|0|0|0|0|0|0|0|0|0|0|0|0|0|0|0|0|0|0|0|0|0|0|0|0|0|0|0|1|0|0|0|0|0|0|0|0|0|0|0|0|0|0|0|0|0|0|0|0|0|0|0|0|0|1|0|1|0|0|0|0|0|0|0|0|1|0|0|2|0|0|0|0|0|0|0|0|0|0|0|0|0|0|0|0|0|0|0|1|0|1|0|0|0|0|0|0|1|0|0|0|0|0|1|2|1|1|1|1|2|0|2|4|1|3|2|3|0|3|2|5|3|4|6|5|2|5|2|2|2|2|4|1|6|3|5|7|3|7|3|2|3|10|7|8|8|6|6|4|2|5|5|4|5|7|4|6|3|2|1|4|1|0|0|0|0|0|0|1|0|1|0|1|0|0|0|0|0|0|0|0|0|1</HistCounts>
      </HistItem>
    </Histograms>
    <Metadata>
      <MDI key="STATISTICS_MINIMUM">488</MDI>
      <MDI key="STATISTICS_MAXIMUM">934</MDI>
      <MDI key="STATISTICS_MEAN">835.38222222222</MDI>
      <MDI key="STATISTICS_STDDEV">55.466231123646</MDI>
      <MDI key="STATISTICS_VALID_PERCENT">100</MDI>
    </Metadata>
  </PAMRasterBand>
</PAMDataset>
