<PAMDataset>
  <PAMRasterBand band="1">
    <Histograms>
      <HistItem>
        <HistMin>292.5037313432836</HistMin>
        <HistMax>426.4962686567164</HistMax>
        <BucketCount>134</BucketCount>
        <IncludeOutOfRange>0</IncludeOutOfRange>
        <Approximate>0</Approximate>
        <HistCounts>1|0|0|0|1|0|0|0|0|1|0|0|0|1|0|0|1|0|2|0|1|1|0|1|0|1|5|1|0|1|3|2|0|1|2|2|1|1|0|0|2|0|1|1|1|1|1|2|3|2|5|2|1|0|2|2|2|1|1|0|2|3|3|1|6|4|1|1|0|4|5|3|1|1|5|5|5|2|5|6|6|2|2|2|5|1|4|3|7|2|2|6|5|2|2|10|5|2|1|4|0|1|4|2|0|2|2|2|0|0|0|1|1|1|1|2|0|2|2|1|0|0|0|1|0|1|0|1|0|0|0|0|1|1</HistCounts>
      </HistItem>
    </Histograms>
    <Metadata>
      <MDI key="STATISTICS_MINIMUM">293</MDI>
      <MDI key="STATISTICS_MAXIMUM">426</MDI>
      <MDI key="STATISTICS_MEAN">366.35111111111</MDI>
      <MDI key="STATISTICS_STDDEV">26.831098227593</MDI>
      <MDI key="STATISTICS_VALID_PERCENT">100</MDI>
    </Metadata>
  </PAMRasterBand>
  <PAMRasterBand band="2">
    <Histograms>
      <HistItem>
        <HistMin>250.504132231405</HistMin>
        <HistMax>371.495867768595</HistMax>
        <BucketCount>121</BucketCount>
        <IncludeOutOfRange>0</IncludeOutOfRange>
        <Approximate>0</Approximate>
        <HistCounts>2|0|0|1|0|1|0|1|0|0|1|1|2|4|1|1|1|1|0|0|0|2|2|1|2|0|1|0|1|0|2|2|0|2|1|1|2|2|0|0|1|0|3|1|0|0|0|2|2|3|0|0|2|1|3|2|3|2|6|2|3|5|5|0|5|4|1|4|2|2|4|7|5|4|2|7|4|5|5|7|8|9|5|4|4|2|5|3|2|1|1|0|2|2|5|1|1|0|1|1|1|2|2|0|0|1|4|1|1|1|0|0|0|1|0|0|0|1|0|0|1</HistCounts>
      </HistItem>
    </Histograms>
    <Metadata>
      <MDI key="STATISTICS_MINIMUM">251</MDI>
      <MDI key="STATISTICS_MAXIMUM">371</MDI>
      <MDI key="STATISTICS_MEAN">316.90222222222</MDI>
      <MDI key="STATISTICS_STDDEV">25.424908948937</MDI>
      <MDI key="STATISTICS_VALID_PERCENT">100</MDI>
    </Metadata>
  </PAMRasterBand>
  <PAMRasterBand band="3">
    <Histograms>
      <HistItem>
        <HistMin>292.5030674846626</HistMin>
        <HistMax>455.4969325153374</HistMax>
        <BucketCount>163</BucketCount>
        <IncludeOutOfRange>0</IncludeOutOfRange>
        <Approximate>0</Approximate>
        <HistCounts>1|0|0|0|0|0|1|0|0|0|1|0|0|0|0|0|0|1|0|1|0|1|0|1|0|1|1|2|2|1|0|1|2|1|1|1|1|2|3|0|1|1|1|0|1|1|0|0|1|0|0|2|3|1|2|1|0|0|1|1|1|1|0|0|2|2|1|1|2|2|3|0|2|2|2|2|4|1|3|2|1|1|3|1|1|2|3|4|1|2|6|3|3|1|4|3|3|2|3|2|1|5|3|1|2|3|2|2|5|6|2|4|2|2|5|2|1|2|2|1|0|5|0|2|2|6|2|1|0|1|1|0|3|2|0|3|1|2|2|1|2|0|2|1|0|0|0|0|2|0|0|2|0|1|0|0|1|1|0|0|0|0|1</HistCounts>
      </HistItem>
    </Histograms>
    <Metadata>
      <MDI key="STATISTICS_MINIMUM">293</MDI>
      <MDI key="STATISTICS_MAXIMUM">455</MDI>
      <MDI key="STATISTICS_MEAN">383.82666666667</MDI>
      <MDI key="STATISTICS_STDDEV">34.284835650117</MDI>
      <MDI key="STATISTICS_VALID_PERCENT">100</MDI>
    </Metadata>
  </PAMRasterBand>
</PAMDataset>
