<PAMDataset>
  <PAMRasterBand band="1">
    <Histograms>
      <HistItem>
        <HistMin>349.50390625</HistMin>
        <HistMax>477.49609375</HistMax>
        <BucketCount>128</BucketCount>
        <IncludeOutOfRange>0</IncludeOutOfRange>
        <Approximate>0</Approximate>
        <HistCounts>1|0|0|0|0|0|0|0|0|0|0|0|0|0|0|1|0|0|0|1|1|0|0|0|0|0|0|1|0|0|0|1|1|0|0|0|1|0|0|1|1|0|0|0|1|0|0|0|0|1|0|0|0|0|0|1|2|1|1|1|2|2|1|4|2|3|3|6|3|2|2|3|6|3|3|6|9|8|8|3|4|5|7|5|6|4|3|3|10|7|6|4|6|6|5|3|0|5|1|3|3|4|4|5|3|2|0|0|3|1|0|3|0|1|0|0|0|0|0|2|0|1|1|0|0|1|0|1</HistCounts>
      </HistItem>
    </Histograms>
    <Metadata>
      <MDI key="STATISTICS_MINIMUM">350</MDI>
      <MDI key="STATISTICS_MAXIMUM">477</MDI>
      <MDI key="STATISTICS_MEAN">431.51555555556</MDI>
      <MDI key="STATISTICS_STDDEV">18.998268407124</MDI>
      <MDI key="STATISTICS_VALID_PERCENT">100</MDI>
    </Metadata>
  </PAMRasterBand>
  <PAMRasterBand band="2">
    <Histograms>
      <HistItem>
        <HistMin>308.5036764705882</HistMin>
        <HistMax>444.4963235294118</HistMax>
        <BucketCount>136</BucketCount>
        <IncludeOutOfRange>0</IncludeOutOfRange>
        <Approximate>0</Approximate>
        <HistCounts>1|0|0|0|0|0|0|0|0|0|0|0|0|0|0|0|2|0|0|0|1|1|0|0|0|1|0|0|1|0|0|0|1|0|0|0|0|1|0|0|0|0|0|1|0|1|0|0|1|0|0|1|1|1|1|0|0|2|1|0|2|2|4|1|3|0|5|3|1|3|6|5|1|4|5|6|5|6|3|5|6|2|6|4|6|6|8|3|1|10|6|4|5|2|7|4|6|3|2|2|2|3|4|4|1|2|3|3|1|1|0|4|3|0|1|1|1|1|0|0|0|0|0|1|1|1|0|0|0|1|0|0|1|1|1|1</HistCounts>
      </HistItem>
    </Histograms>
    <Metadata>
      <MDI key="STATISTICS_MINIMUM">309</MDI>
      <MDI key="STATISTICS_MAXIMUM">444</MDI>
      <MDI key="STATISTICS_MEAN">392.2</MDI>
      <MDI key="STATISTICS_STDDEV">21.116396999067</MDI>
      <MDI key="STATISTICS_VALID_PERCENT">100</MDI>
    </Metadata>
  </PAMRasterBand>
  <PAMRasterBand band="3">
    <Histograms>
      <HistItem>
        <HistMin>393.5023041474655</HistMin>
        <HistMax>610.4976958525345</HistMax>
        <BucketCount>217</BucketCount>
        <IncludeOutOfRange>0</IncludeOutOfRange>
        <Approximate>0</Approximate>
        <HistCounts>1|0|0|0|0|0|0|0|0|0|0|1|0|0|0|0|0|0|0|0|0|0|0|1|1|0|1|0|0|0|1|1|0|0|0|0|0|0|0|0|0|0|0|0|0|0|0|0|0|1|0|0|0|0|0|0|0|0|1|0|0|0|0|0|1|1|0|0|0|0|0|0|0|1|0|1|1|0|0|0|0|0|0|0|0|0|0|1|0|0|1|0|1|0|0|3|1|1|0|0|1|1|0|2|2|2|1|1|1|1|1|1|1|3|1|0|1|1|2|0|1|2|3|3|1|2|7|0|5|3|0|3|3|1|1|3|3|4|2|3|3|4|3|3|3|4|8|2|5|3|3|1|3|1|1|2|3|3|2|2|3|2|4|4|3|0|3|2|3|3|2|4|3|0|0|0|1|0|5|1|1|0|2|0|2|1|1|1|2|1|4|1|1|0|1|1|0|1|0|0|0|1|0|1|0|0|0|2|1|1|0|0|0|0|1|0|1</HistCounts>
      </HistItem>
    </Histograms>
    <Metadata>
      <MDI key="STATISTICS_MINIMUM">394</MDI>
      <MDI key="STATISTICS_MAXIMUM">610</MDI>
      <MDI key="STATISTICS_MEAN">535.11111111111</MDI>
      <MDI key="STATISTICS_STDDEV">37.185793118832</MDI>
      <MDI key="STATISTICS_VALID_PERCENT">100</MDI>
    </Metadata>
  </PAMRasterBand>
</PAMDataset>
