<PAMDataset>
  <PAMRasterBand band="1">
    <Histograms>
      <HistItem>
        <HistMin>327.5034013605442</HistMin>
        <HistMax>474.4965986394558</HistMax>
        <BucketCount>147</BucketCount>
        <IncludeOutOfRange>0</IncludeOutOfRange>
        <Approximate>0</Approximate>
        <HistCounts>1|0|0|0|0|1|0|0|0|0|0|0|0|0|0|1|0|0|0|0|0|4|0|1|0|0|0|1|2|1|1|1|0|1|0|1|1|0|1|0|0|0|1|0|1|1|2|1|0|0|2|3|0|2|1|0|0|2|0|1|0|0|2|1|0|1|0|1|0|0|0|2|1|0|0|2|1|0|0|2|1|2|3|2|1|1|1|4|3|1|5|4|2|2|5|4|2|3|1|8|3|3|2|5|7|6|6|6|3|7|9|4|5|5|3|3|1|7|2|3|5|4|1|4|3|2|0|2|1|1|2|0|0|0|1|0|0|2|0|1|1|1|0|0|0|0|1</HistCounts>
      </HistItem>
    </Histograms>
    <Metadata>
      <MDI key="STATISTICS_MINIMUM">328</MDI>
      <MDI key="STATISTICS_MAXIMUM">474</MDI>
      <MDI key="STATISTICS_MEAN">421.84888888889</MDI>
      <MDI key="STATISTICS_STDDEV">29.100199481731</MDI>
      <MDI key="STATISTICS_VALID_PERCENT">100</MDI>
    </Metadata>
  </PAMRasterBand>
  <PAMRasterBand band="2">
    <Histograms>
      <HistItem>
        <HistMin>271.5035971223022</HistMin>
        <HistMax>410.4964028776978</HistMax>
        <BucketCount>139</BucketCount>
        <IncludeOutOfRange>0</IncludeOutOfRange>
        <Approximate>0</Approximate>
        <HistCounts>1|0|0|1|0|0|0|0|1|0|1|0|0|0|0|1|0|0|0|4|0|0|0|2|0|0|1|1|2|0|1|3|1|1|2|1|0|0|0|1|0|2|0|0|0|4|2|0|0|1|2|1|3|0|0|0|0|1|2|0|1|0|1|3|1|1|0|0|0|0|0|0|1|3|1|2|1|0|1|0|1|1|1|2|1|3|1|1|1|2|2|4|4|4|1|4|1|7|2|3|4|4|3|5|3|3|2|3|1|3|5|4|1|8|2|3|6|2|4|6|6|5|6|3|4|1|3|2|6|2|2|1|3|1|1|0|1|0|1</HistCounts>
      </HistItem>
    </Histograms>
    <Metadata>
      <MDI key="STATISTICS_MINIMUM">272</MDI>
      <MDI key="STATISTICS_MAXIMUM">410</MDI>
      <MDI key="STATISTICS_MEAN">364.24</MDI>
      <MDI key="STATISTICS_STDDEV">32.916530126299</MDI>
      <MDI key="STATISTICS_VALID_PERCENT">100</MDI>
    </Metadata>
  </PAMRasterBand>
  <PAMRasterBand band="3">
    <Histograms>
      <HistItem>
        <HistMin>353.502688172043</HistMin>
        <HistMax>539.497311827957</HistMax>
        <BucketCount>186</BucketCount>
        <IncludeOutOfRange>0</IncludeOutOfRange>
        <Approximate>0</Approximate>
        <HistCounts>1|0|0|0|0|1|0|1|0|0|1|0|0|0|0|0|1|0|0|0|1|0|3|0|0|0|0|0|0|1|2|1|1|0|1|1|2|1|0|0|2|0|1|1|1|1|0|1|0|0|1|0|2|0|3|0|0|0|0|1|1|0|0|3|0|1|0|2|0|0|0|1|2|1|0|1|0|0|0|0|0|0|0|2|1|2|0|2|0|0|2|1|1|0|0|0|0|0|1|0|3|1|0|0|1|0|0|0|0|0|0|1|0|0|0|1|1|2|1|1|2|1|4|2|0|2|1|1|4|0|2|1|5|0|3|2|3|4|1|2|2|1|2|0|2|2|8|6|3|4|4|2|2|4|4|2|2|5|2|3|1|3|3|4|4|2|4|2|4|3|4|3|4|2|4|1|1|2|1|0|2|0|1|0|0|1</HistCounts>
      </HistItem>
    </Histograms>
    <Metadata>
      <MDI key="STATISTICS_MINIMUM">354</MDI>
      <MDI key="STATISTICS_MAXIMUM">539</MDI>
      <MDI key="STATISTICS_MEAN">478.45777777778</MDI>
      <MDI key="STATISTICS_STDDEV">46.797713566602</MDI>
      <MDI key="STATISTICS_VALID_PERCENT">100</MDI>
    </Metadata>
  </PAMRasterBand>
</PAMDataset>
