<PAMDataset>
  <PAMRasterBand band="1">
    <Histograms>
      <HistItem>
        <HistMin>211.5036764705882</HistMin>
        <HistMax>347.4963235294118</HistMax>
        <BucketCount>136</BucketCount>
        <IncludeOutOfRange>0</IncludeOutOfRange>
        <Approximate>0</Approximate>
        <HistCounts>1|0|1|1|1|0|0|2|1|2|0|0|0|0|0|1|1|3|2|2|1|5|2|1|3|2|1|2|1|1|2|3|2|0|1|0|2|1|2|2|6|3|1|2|1|5|5|4|3|1|5|1|3|2|3|1|2|1|1|1|4|5|3|6|3|7|1|2|3|1|1|0|4|5|3|2|3|3|1|2|2|3|2|2|3|5|5|0|2|2|1|2|1|0|1|1|1|0|0|2|2|1|1|3|2|0|2|0|0|1|1|1|1|1|1|0|0|1|0|2|1|2|1|0|2|1|0|0|0|0|0|0|0|0|0|1</HistCounts>
      </HistItem>
    </Histograms>
    <Metadata>
      <MDI key="STATISTICS_MINIMUM">212</MDI>
      <MDI key="STATISTICS_MAXIMUM">347</MDI>
      <MDI key="STATISTICS_MEAN">273.4</MDI>
      <MDI key="STATISTICS_STDDEV">29.707911404203</MDI>
      <MDI key="STATISTICS_VALID_PERCENT">100</MDI>
    </Metadata>
  </PAMRasterBand>
  <PAMRasterBand band="2">
    <Histograms>
      <HistItem>
        <HistMin>152.5049019607843</HistMin>
        <HistMax>254.4950980392157</HistMax>
        <BucketCount>102</BucketCount>
        <IncludeOutOfRange>0</IncludeOutOfRange>
        <Approximate>0</Approximate>
        <HistCounts>1|1|0|2|0|0|1|1|1|0|0|1|2|3|0|1|1|5|5|7|1|2|4|2|1|0|0|1|1|0|3|1|6|1|1|1|2|2|2|6|4|2|5|2|4|5|3|2|0|4|4|4|5|1|1|4|1|1|5|4|4|2|4|3|5|3|1|4|3|2|3|6|7|3|7|1|1|2|2|2|3|1|3|4|4|0|0|1|0|0|2|2|1|0|1|3|4|0|0|0|0|1</HistCounts>
      </HistItem>
    </Histograms>
    <Metadata>
      <MDI key="STATISTICS_MINIMUM">153</MDI>
      <MDI key="STATISTICS_MAXIMUM">254</MDI>
      <MDI key="STATISTICS_MEAN">205.04444444444</MDI>
      <MDI key="STATISTICS_STDDEV">23.947122820039</MDI>
      <MDI key="STATISTICS_VALID_PERCENT">100</MDI>
    </Metadata>
  </PAMRasterBand>
  <PAMRasterBand band="3">
    <Histograms>
      <HistItem>
        <HistMin>157.5036231884058</HistMin>
        <HistMax>295.4963768115942</HistMax>
        <BucketCount>138</BucketCount>
        <IncludeOutOfRange>0</IncludeOutOfRange>
        <Approximate>0</Approximate>
        <HistCounts>1|0|0|1|0|0|0|1|2|1|2|3|1|2|2|2|4|1|2|4|0|4|1|0|1|2|4|3|3|2|3|3|2|2|0|1|1|1|1|0|4|1|0|4|1|3|0|1|0|0|1|1|0|2|3|2|0|0|2|3|1|1|4|3|5|1|0|1|1|2|4|2|3|1|1|0|1|2|1|6|3|1|2|2|1|4|1|2|1|3|3|3|1|4|1|1|6|3|4|1|1|4|3|5|3|3|1|4|2|0|3|2|2|0|1|1|1|1|0|1|1|1|0|1|0|0|1|0|1|1|1|0|0|0|1|0|0|1</HistCounts>
      </HistItem>
    </Histograms>
    <Metadata>
      <MDI key="STATISTICS_MINIMUM">158</MDI>
      <MDI key="STATISTICS_MAXIMUM">295</MDI>
      <MDI key="STATISTICS_MEAN">224.43555555556</MDI>
      <MDI key="STATISTICS_STDDEV">34.649952095882</MDI>
      <MDI key="STATISTICS_VALID_PERCENT">100</MDI>
    </Metadata>
  </PAMRasterBand>
</PAMDataset>
