<PAMDataset>
  <PAMRasterBand band="1">
    <Histograms>
      <HistItem>
        <HistMin>201.5026737967914</HistMin>
        <HistMax>388.4973262032086</HistMax>
        <BucketCount>187</BucketCount>
        <IncludeOutOfRange>0</IncludeOutOfRange>
        <Approximate>0</Approximate>
        <HistCounts>1|0|0|0|0|3|2|1|1|0|0|0|1|1|0|0|1|1|0|1|0|1|0|0|0|1|0|1|0|1|0|0|1|1|0|0|1|0|0|0|1|0|1|0|1|0|1|1|2|2|3|0|1|0|2|1|0|1|3|0|0|2|2|1|1|1|1|0|1|2|3|2|5|2|4|4|1|0|4|4|2|1|6|1|1|1|3|3|2|5|3|4|1|3|2|4|3|2|3|2|2|2|1|5|0|6|1|4|1|3|2|0|1|0|0|2|1|1|1|2|3|0|0|2|0|2|1|2|2|1|2|1|1|2|3|2|0|2|2|2|1|0|1|1|2|1|0|1|0|0|1|1|2|0|2|0|0|0|2|1|1|0|1|0|2|2|0|0|1|0|1|0|0|0|1|1|1|0|0|0|0|0|0|0|0|0|1</HistCounts>
      </HistItem>
    </Histograms>
    <Metadata>
      <MDI key="STATISTICS_MINIMUM">202</MDI>
      <MDI key="STATISTICS_MAXIMUM">388</MDI>
      <MDI key="STATISTICS_MEAN">295.20888888889</MDI>
      <MDI key="STATISTICS_STDDEV">39.551551857304</MDI>
      <MDI key="STATISTICS_VALID_PERCENT">100</MDI>
    </Metadata>
  </PAMRasterBand>
  <PAMRasterBand band="2">
    <Histograms>
      <HistItem>
        <HistMin>196.4977777777778</HistMin>
        <HistMax>423.5022222222222</HistMax>
        <BucketCount>225</BucketCount>
        <IncludeOutOfRange>0</IncludeOutOfRange>
        <Approximate>0</Approximate>
        <HistCounts>2|0|1|1|1|1|1|2|2|2|2|3|1|3|5|1|1|1|2|6|2|3|5|7|0|2|5|5|1|11|5|8|5|10|5|2|5|9|5|4|6|5|4|4|2|3|6|3|0|2|2|4|0|0|6|5|4|0|3|1|1|1|0|3|0|1|2|1|0|2|0|1|2|1|1|0|0|1|1|2|0|0|0|0|0|1|0|0|1|0|1|0|0|0|0|0|0|1|0|0|1|0|0|0|0|0|0|0|0|1|0|0|0|0|0|0|0|0|0|0|0|0|0|0|0|0|0|0|0|0|0|0|0|0|0|0|0|0|0|0|0|0|0|0|0|0|0|0|0|1|0|0|0|0|0|0|0|0|0|0|0|0|0|0|0|0|0|0|0|0|0|0|0|0|0|0|0|0|0|0|0|0|0|0|0|0|0|0|0|0|0|0|0|0|0|0|0|0|0|0|0|0|0|0|0|0|0|0|0|0|0|0|0|0|0|0|0|0|0|0|0|0|0|0|1</HistCounts>
      </HistItem>
    </Histograms>
    <Metadata>
      <MDI key="STATISTICS_MINIMUM">197</MDI>
      <MDI key="STATISTICS_MAXIMUM">423</MDI>
      <MDI key="STATISTICS_MEAN">235.70666666667</MDI>
      <MDI key="STATISTICS_STDDEV">24.427729234531</MDI>
      <MDI key="STATISTICS_VALID_PERCENT">100</MDI>
    </Metadata>
  </PAMRasterBand>
  <PAMRasterBand band="3">
    <Histograms>
      <HistItem>
        <HistMin>214.26</HistMin>
        <HistMax>548.74</HistMax>
        <BucketCount>225</BucketCount>
        <IncludeOutOfRange>0</IncludeOutOfRange>
        <Approximate>0</Approximate>
        <HistCounts>1|1|0|1|0|0|2|3|1|0|1|1|2|3|6|2|1|4|1|0|1|4|3|2|4|3|9|3|6|2|4|4|5|2|5|1|5|4|4|1|6|0|5|1|6|3|4|2|8|4|4|3|5|2|6|4|1|5|2|5|1|6|0|4|1|2|1|4|0|3|0|2|3|3|1|3|0|0|2|1|1|0|1|1|0|0|1|1|0|0|0|0|0|1|0|1|0|0|0|0|0|0|0|0|0|0|1|0|0|0|0|0|0|0|0|0|0|0|0|0|0|0|0|0|0|0|0|0|0|0|0|0|0|0|0|0|0|0|0|0|0|0|0|0|0|0|0|0|0|0|0|0|0|0|0|0|0|0|1|0|0|0|0|0|0|0|0|0|0|0|0|0|0|0|0|0|0|0|0|0|0|0|0|0|0|0|0|0|0|0|0|0|0|0|0|0|0|0|0|0|0|0|0|0|0|0|0|0|0|0|0|0|0|0|0|0|0|0|0|0|0|0|0|0|1</HistCounts>
      </HistItem>
    </Histograms>
    <Metadata>
      <MDI key="STATISTICS_MINIMUM">215</MDI>
      <MDI key="STATISTICS_MAXIMUM">548</MDI>
      <MDI key="STATISTICS_MEAN">280.08</MDI>
      <MDI key="STATISTICS_STDDEV">36.980268612689</MDI>
      <MDI key="STATISTICS_VALID_PERCENT">100</MDI>
    </Metadata>
  </PAMRasterBand>
</PAMDataset>
