<PAMDataset>
  <PAMRasterBand band="1">
    <Histograms>
      <HistItem>
        <HistMin>310.4311111111111</HistMin>
        <HistMax>1019.568888888889</HistMax>
        <BucketCount>225</BucketCount>
        <IncludeOutOfRange>0</IncludeOutOfRange>
        <Approximate>0</Approximate>
        <HistCounts>1|1|1|0|0|1|2|2|0|0|1|1|1|0|0|0|0|0|1|1|0|1|0|1|2|2|0|1|2|0|0|0|0|2|0|0|3|0|0|1|0|0|1|0|0|2|1|1|1|4|1|0|0|1|0|4|0|3|1|2|2|5|1|9|6|9|4|8|6|11|4|4|11|7|9|9|8|5|5|4|5|4|5|0|1|0|2|0|0|0|2|1|0|2|0|1|0|0|0|0|0|0|0|0|3|1|1|0|0|1|1|0|0|0|0|0|0|0|1|0|0|0|0|0|0|0|0|0|2|1|0|0|0|0|0|0|1|0|0|0|1|0|1|0|0|0|0|1|0|0|0|0|0|1|0|1|0|0|2|0|0|0|0|0|0|0|0|0|0|1|0|0|0|0|0|0|0|0|0|0|0|0|0|0|0|0|0|0|0|0|0|0|0|0|0|1|0|1|0|0|0|0|0|0|0|0|0|1|0|0|0|0|0|0|0|0|0|0|0|0|1|0|0|0|1</HistCounts>
      </HistItem>
    </Histograms>
    <Metadata>
      <MDI key="STATISTICS_MINIMUM">312</MDI>
      <MDI key="STATISTICS_MAXIMUM">1018</MDI>
      <MDI key="STATISTICS_MEAN">538.49777777778</MDI>
      <MDI key="STATISTICS_STDDEV">109.18547418425</MDI>
      <MDI key="STATISTICS_VALID_PERCENT">100</MDI>
    </Metadata>
  </PAMRasterBand>
  <PAMRasterBand band="2">
    <Histograms>
      <HistItem>
        <HistMin>259.5888888888889</HistMin>
        <HistMax>897.4111111111112</HistMax>
        <BucketCount>225</BucketCount>
        <IncludeOutOfRange>0</IncludeOutOfRange>
        <Approximate>0</Approximate>
        <HistCounts>2|1|1|0|2|1|0|0|0|2|0|1|0|0|1|0|1|2|1|0|0|0|1|1|0|2|0|0|2|0|2|1|0|0|2|0|1|1|1|1|0|1|0|0|1|1|1|0|1|0|1|0|0|1|0|2|2|1|1|3|1|1|1|6|2|0|2|0|4|3|2|2|2|2|0|8|3|3|3|4|1|5|1|3|1|7|4|5|3|6|15|6|4|2|2|3|9|4|3|3|1|3|2|4|0|3|2|1|3|1|0|0|0|0|0|0|1|1|0|1|1|0|0|1|0|0|0|1|0|0|1|0|0|0|1|0|0|0|0|0|0|1|0|0|0|1|1|0|0|1|0|0|1|1|0|1|0|1|0|0|0|0|0|0|0|0|0|0|0|0|0|0|0|0|0|0|1|0|0|0|0|0|0|0|0|0|0|1|0|0|1|0|0|0|0|0|0|0|0|0|0|0|0|0|0|1|0|0|0|0|0|0|0|0|0|0|0|1|0|0|0|0|0|1|1</HistCounts>
      </HistItem>
    </Histograms>
    <Metadata>
      <MDI key="STATISTICS_MINIMUM">261</MDI>
      <MDI key="STATISTICS_MAXIMUM">896</MDI>
      <MDI key="STATISTICS_MEAN">493.34222222222</MDI>
      <MDI key="STATISTICS_STDDEV">106.43973044537</MDI>
      <MDI key="STATISTICS_VALID_PERCENT">100</MDI>
    </Metadata>
  </PAMRasterBand>
  <PAMRasterBand band="3">
    <Histograms>
      <HistItem>
        <HistMin>356.08</HistMin>
        <HistMax>1223.92</HistMax>
        <BucketCount>225</BucketCount>
        <IncludeOutOfRange>0</IncludeOutOfRange>
        <Approximate>0</Approximate>
        <HistCounts>1|2|1|0|1|1|0|1|3|1|0|0|1|0|1|0|1|1|0|1|1|1|0|1|2|2|1|0|0|1|1|0|0|1|1|0|2|1|1|0|2|0|1|2|0|0|1|0|0|0|1|0|2|3|2|1|3|4|0|2|0|2|2|4|0|1|5|2|2|1|1|1|1|1|3|5|2|3|4|5|5|8|6|4|6|3|7|9|5|11|8|2|4|3|1|3|2|0|1|2|0|2|0|0|1|2|0|1|0|0|1|0|0|1|1|2|1|1|0|1|0|0|0|0|0|0|1|0|0|1|0|1|0|0|1|0|0|0|0|1|1|0|0|0|0|0|0|1|0|0|1|0|0|0|1|0|0|0|0|1|1|0|0|2|0|0|0|0|0|0|0|0|0|0|0|0|0|0|0|0|0|0|1|1|0|0|0|0|0|0|0|0|0|0|0|1|0|0|0|0|0|0|0|0|0|0|0|1|0|0|0|0|0|0|0|0|0|0|0|0|0|0|1|0|2</HistCounts>
      </HistItem>
    </Histograms>
    <Metadata>
      <MDI key="STATISTICS_MINIMUM">358</MDI>
      <MDI key="STATISTICS_MAXIMUM">1222</MDI>
      <MDI key="STATISTICS_MEAN">662.54666666667</MDI>
      <MDI key="STATISTICS_STDDEV">150.15419866849</MDI>
      <MDI key="STATISTICS_VALID_PERCENT">100</MDI>
    </Metadata>
  </PAMRasterBand>
</PAMDataset>
