<PAMDataset>
  <PAMRasterBand band="1">
    <Histograms>
      <HistItem>
        <HistMin>359.2066666666666</HistMin>
        <HistMax>717.7933333333333</HistMax>
        <BucketCount>225</BucketCount>
        <IncludeOutOfRange>0</IncludeOutOfRange>
        <Approximate>0</Approximate>
        <HistCounts>1|0|0|2|0|1|2|0|4|1|1|1|0|3|5|2|3|3|4|2|1|4|1|1|3|5|2|2|5|0|2|3|0|3|1|5|8|1|0|2|2|2|0|4|0|5|4|2|2|0|4|0|1|4|2|1|1|1|2|1|4|2|1|5|2|1|2|1|0|0|0|1|1|1|1|1|0|2|3|0|1|0|2|2|0|1|1|0|0|1|0|0|0|0|0|0|0|1|1|0|1|0|0|0|3|2|0|0|1|1|3|1|1|0|0|0|0|0|0|0|0|0|0|0|0|0|0|0|0|1|0|2|1|0|3|0|2|1|0|0|0|0|0|0|0|0|0|2|0|1|0|0|1|0|2|0|0|2|0|1|0|1|0|3|1|0|2|0|0|1|1|0|1|0|2|0|0|2|1|1|0|1|0|0|0|1|0|0|0|1|0|0|1|0|0|1|1|0|0|1|2|1|1|2|0|0|0|2|0|0|0|0|0|0|0|0|0|0|0|1|0|0|0|0|1</HistCounts>
      </HistItem>
    </Histograms>
    <Metadata>
      <MDI key="STATISTICS_MINIMUM">360</MDI>
      <MDI key="STATISTICS_MAXIMUM">717</MDI>
      <MDI key="STATISTICS_MEAN">478.39111111111</MDI>
      <MDI key="STATISTICS_STDDEV">94.250389500456</MDI>
      <MDI key="STATISTICS_VALID_PERCENT">100</MDI>
    </Metadata>
  </PAMRasterBand>
  <PAMRasterBand band="2">
    <Histograms>
      <HistItem>
        <HistMin>294.9888888888889</HistMin>
        <HistMax>752.0111111111111</HistMax>
        <BucketCount>225</BucketCount>
        <IncludeOutOfRange>0</IncludeOutOfRange>
        <Approximate>0</Approximate>
        <HistCounts>2|0|1|1|2|3|2|2|1|2|1|0|1|1|3|4|1|2|1|0|2|2|1|6|2|2|2|5|2|0|1|3|2|0|2|0|1|2|1|1|0|1|1|2|6|3|2|0|0|2|3|0|0|0|1|1|1|3|1|1|1|1|1|2|1|1|3|4|2|0|1|2|4|1|3|1|1|1|1|1|1|0|2|0|0|0|0|3|2|1|2|0|1|0|2|2|1|1|0|0|2|2|0|0|1|0|0|0|1|1|0|1|0|0|0|1|1|0|1|1|1|1|3|0|0|0|0|1|0|0|1|0|1|0|0|0|0|1|1|0|1|0|1|0|0|0|0|3|1|0|1|0|1|0|2|1|2|0|1|0|0|0|0|0|0|1|0|1|1|0|0|1|0|0|1|0|0|0|1|2|0|3|0|0|1|0|1|0|0|2|1|1|3|0|0|1|0|1|1|3|1|1|0|1|4|0|0|2|2|1|2|1|0|0|0|0|0|2|0|0|0|0|0|0|1</HistCounts>
      </HistItem>
    </Histograms>
    <Metadata>
      <MDI key="STATISTICS_MINIMUM">296</MDI>
      <MDI key="STATISTICS_MAXIMUM">751</MDI>
      <MDI key="STATISTICS_MEAN">474.25777777778</MDI>
      <MDI key="STATISTICS_STDDEV">132.90834015949</MDI>
      <MDI key="STATISTICS_VALID_PERCENT">100</MDI>
    </Metadata>
  </PAMRasterBand>
  <PAMRasterBand band="3">
    <Histograms>
      <HistItem>
        <HistMin>325.2844444444444</HistMin>
        <HistMax>1100.715555555556</HistMax>
        <BucketCount>225</BucketCount>
        <IncludeOutOfRange>0</IncludeOutOfRange>
        <Approximate>0</Approximate>
        <HistCounts>1|5|2|3|2|3|1|5|6|1|4|2|2|1|2|0|1|0|3|1|2|3|1|0|1|1|1|1|3|1|0|0|2|0|1|2|1|2|1|2|2|0|0|1|2|1|0|0|2|1|2|1|0|1|0|1|1|2|2|0|1|1|3|0|0|1|2|0|1|0|2|1|1|0|2|3|1|0|2|1|1|2|1|1|0|2|2|0|2|2|1|2|0|1|1|0|0|1|2|3|1|1|0|3|4|1|0|0|0|0|1|1|0|1|0|1|1|1|0|0|1|0|0|1|3|0|1|2|2|1|0|0|3|0|0|0|0|0|0|1|0|1|1|0|1|0|1|0|0|0|1|0|3|2|0|1|1|0|0|0|1|0|0|0|1|1|0|1|1|0|0|1|0|1|1|1|1|1|2|1|0|0|1|2|2|3|0|1|0|3|0|1|3|1|1|2|1|1|1|1|0|0|3|0|0|0|0|1|0|1|0|0|1|1|0|0|0|1|0|0|0|0|0|0|1</HistCounts>
      </HistItem>
    </Histograms>
    <Metadata>
      <MDI key="STATISTICS_MINIMUM">327</MDI>
      <MDI key="STATISTICS_MAXIMUM">1099</MDI>
      <MDI key="STATISTICS_MEAN">633.36444444444</MDI>
      <MDI key="STATISTICS_STDDEV">226.57357024994</MDI>
      <MDI key="STATISTICS_VALID_PERCENT">100</MDI>
    </Metadata>
  </PAMRasterBand>
</PAMDataset>
