<PAMDataset>
  <PAMRasterBand band="1">
    <Histograms>
      <HistItem>
        <HistMin>234.5034965034965</HistMin>
        <HistMax>377.4965034965035</HistMax>
        <BucketCount>143</BucketCount>
        <IncludeOutOfRange>0</IncludeOutOfRange>
        <Approximate>0</Approximate>
        <HistCounts>1|0|0|0|1|0|1|0|0|0|0|1|0|0|0|3|0|0|0|1|1|0|1|0|1|0|1|1|0|0|1|1|1|1|1|1|1|1|3|0|4|0|1|1|0|0|1|1|1|0|1|1|1|1|2|2|1|1|6|1|5|4|1|5|4|1|1|2|2|4|7|6|6|1|3|6|1|6|6|5|3|2|6|2|9|3|3|6|2|8|2|5|3|3|0|0|6|2|0|1|2|1|2|4|3|2|0|0|1|4|0|0|0|0|0|1|0|1|2|0|0|2|2|2|0|1|1|0|0|0|0|0|0|0|1|0|0|0|0|0|0|0|1</HistCounts>
      </HistItem>
    </Histograms>
    <Metadata>
      <MDI key="STATISTICS_MINIMUM">235</MDI>
      <MDI key="STATISTICS_MAXIMUM">377</MDI>
      <MDI key="STATISTICS_MEAN">309.54222222222</MDI>
      <MDI key="STATISTICS_STDDEV">25.575843541113</MDI>
      <MDI key="STATISTICS_VALID_PERCENT">100</MDI>
    </Metadata>
  </PAMRasterBand>
  <PAMRasterBand band="2">
    <Histograms>
      <HistItem>
        <HistMin>179.503937007874</HistMin>
        <HistMax>306.496062992126</HistMax>
        <BucketCount>127</BucketCount>
        <IncludeOutOfRange>0</IncludeOutOfRange>
        <Approximate>0</Approximate>
        <HistCounts>1|1|0|0|1|1|0|0|1|0|0|0|1|1|0|2|1|2|1|2|1|0|1|0|3|3|1|4|1|4|0|0|2|2|1|0|0|0|1|2|0|1|2|1|2|1|4|0|2|6|5|2|6|3|2|3|4|3|3|7|8|7|3|4|6|4|4|4|1|3|3|5|6|1|3|2|7|2|7|6|1|1|3|4|3|2|3|3|2|4|2|1|0|1|1|0|0|2|1|0|0|0|1|2|1|0|0|1|0|0|0|0|1|0|0|0|0|0|0|0|0|0|0|0|0|0|1</HistCounts>
      </HistItem>
    </Histograms>
    <Metadata>
      <MDI key="STATISTICS_MINIMUM">180</MDI>
      <MDI key="STATISTICS_MAXIMUM">306</MDI>
      <MDI key="STATISTICS_MEAN">240.18666666667</MDI>
      <MDI key="STATISTICS_STDDEV">23.061864625394</MDI>
      <MDI key="STATISTICS_VALID_PERCENT">100</MDI>
    </Metadata>
  </PAMRasterBand>
  <PAMRasterBand band="3">
    <Histograms>
      <HistItem>
        <HistMin>181.5024630541872</HistMin>
        <HistMax>384.4975369458128</HistMax>
        <BucketCount>203</BucketCount>
        <IncludeOutOfRange>0</IncludeOutOfRange>
        <Approximate>0</Approximate>
        <HistCounts>1|0|0|0|0|0|0|0|0|1|0|1|2|2|1|0|0|0|0|0|2|1|0|1|0|1|0|0|1|1|1|1|0|0|0|0|0|1|0|1|0|1|1|2|1|1|2|2|1|1|2|2|2|1|1|2|0|0|0|0|1|1|0|1|1|0|1|2|1|0|2|1|2|2|1|2|0|2|1|0|3|2|0|1|1|1|0|1|0|2|3|1|3|2|1|2|3|0|2|2|6|4|1|5|3|2|2|1|2|2|0|1|3|1|0|1|3|3|3|3|0|3|4|1|0|4|0|0|1|2|2|2|3|3|2|2|3|1|3|1|2|0|2|1|1|0|1|3|2|0|6|1|1|2|2|2|0|6|1|1|0|0|0|3|0|0|2|0|0|0|1|0|0|1|0|0|1|0|1|1|0|0|0|1|1|1|0|0|0|0|0|0|0|0|0|0|0|1|0|0|0|0|2</HistCounts>
      </HistItem>
    </Histograms>
    <Metadata>
      <MDI key="STATISTICS_MINIMUM">182</MDI>
      <MDI key="STATISTICS_MAXIMUM">384</MDI>
      <MDI key="STATISTICS_MEAN">285.98222222222</MDI>
      <MDI key="STATISTICS_STDDEV">43.680553969263</MDI>
      <MDI key="STATISTICS_VALID_PERCENT">100</MDI>
    </Metadata>
  </PAMRasterBand>
</PAMDataset>
