<PAMDataset>
  <PAMRasterBand band="1">
    <Histograms>
      <HistItem>
        <HistMin>366.0311111111111</HistMin>
        <HistMax>803.9688888888888</HistMax>
        <BucketCount>225</BucketCount>
        <IncludeOutOfRange>0</IncludeOutOfRange>
        <Approximate>0</Approximate>
        <HistCounts>1|1|0|0|1|0|1|2|0|1|1|0|0|0|0|1|0|3|5|0|0|0|2|2|3|2|2|5|3|10|1|2|6|4|3|3|5|1|4|2|2|1|1|3|3|5|1|4|1|1|1|1|0|2|1|0|0|0|0|0|0|2|2|1|0|1|1|1|0|1|0|1|1|1|0|0|0|0|0|0|2|1|1|1|1|0|0|0|0|2|0|1|0|0|0|1|0|1|0|0|0|0|0|0|1|1|0|0|0|0|0|1|0|0|0|0|1|1|0|0|0|0|0|0|1|1|0|1|0|1|1|0|0|0|2|0|0|0|0|0|0|0|1|0|0|0|0|2|1|0|0|1|1|1|0|0|0|0|1|0|1|2|1|2|1|2|1|0|1|2|2|3|2|1|2|1|0|2|1|0|2|0|1|3|2|3|1|1|2|2|2|2|0|2|2|2|1|2|1|3|1|1|0|1|1|2|2|0|1|0|2|0|1|0|2|0|0|0|0|0|0|0|1|1|1</HistCounts>
      </HistItem>
    </Histograms>
    <Metadata>
      <MDI key="STATISTICS_MINIMUM">367</MDI>
      <MDI key="STATISTICS_MAXIMUM">803</MDI>
      <MDI key="STATISTICS_MEAN">559.58222222222</MDI>
      <MDI key="STATISTICS_STDDEV">139.44765212778</MDI>
      <MDI key="STATISTICS_VALID_PERCENT">100</MDI>
    </Metadata>
  </PAMRasterBand>
  <PAMRasterBand band="2">
    <Histograms>
      <HistItem>
        <HistMin>334.7733333333333</HistMin>
        <HistMax>889.2266666666667</HistMax>
        <BucketCount>225</BucketCount>
        <IncludeOutOfRange>0</IncludeOutOfRange>
        <Approximate>0</Approximate>
        <HistCounts>2|1|1|3|3|1|4|4|4|8|2|4|3|3|5|5|2|2|4|4|4|4|7|1|3|1|3|0|4|3|1|4|2|1|4|3|1|2|1|1|1|0|0|3|0|1|1|2|0|0|0|0|0|0|1|0|1|0|1|0|0|0|0|0|1|0|1|1|0|0|0|3|0|0|0|0|1|1|0|0|0|0|0|2|1|0|0|0|0|0|1|0|0|0|0|0|0|0|0|2|0|0|1|0|1|1|0|0|0|0|0|0|0|0|0|0|1|0|0|0|0|0|0|1|1|1|0|0|0|1|1|0|0|1|2|2|1|0|1|0|1|0|2|2|4|1|1|3|2|1|1|1|1|2|2|1|1|3|2|1|1|0|2|1|2|2|1|1|2|1|0|0|0|0|0|0|0|1|2|0|0|1|0|0|0|0|0|2|0|0|0|0|2|0|2|1|0|0|1|0|1|0|2|3|0|0|0|0|1|1|0|1|0|0|0|0|0|0|0|0|0|0|1|1|1</HistCounts>
      </HistItem>
    </Histograms>
    <Metadata>
      <MDI key="STATISTICS_MINIMUM">336</MDI>
      <MDI key="STATISTICS_MAXIMUM">888</MDI>
      <MDI key="STATISTICS_MEAN">526.57777777778</MDI>
      <MDI key="STATISTICS_STDDEV">171.67847064775</MDI>
      <MDI key="STATISTICS_VALID_PERCENT">100</MDI>
    </Metadata>
  </PAMRasterBand>
  <PAMRasterBand band="3">
    <Histograms>
      <HistItem>
        <HistMin>437.1333333333333</HistMin>
        <HistMax>1280.866666666667</HistMax>
        <BucketCount>225</BucketCount>
        <IncludeOutOfRange>0</IncludeOutOfRange>
        <Approximate>0</Approximate>
        <HistCounts>2|1|4|6|4|5|8|6|6|4|6|7|2|3|2|4|3|2|0|1|2|1|1|5|1|5|2|4|2|4|0|2|0|0|0|1|1|1|2|0|0|1|1|2|0|1|1|1|2|1|1|2|0|0|0|1|1|0|0|0|0|0|1|0|0|1|0|0|1|0|0|1|0|1|0|0|0|0|1|0|0|2|0|0|0|0|1|0|1|0|1|0|1|1|0|0|0|0|0|0|0|0|0|0|1|0|1|1|1|0|0|1|0|0|0|0|0|0|0|0|0|0|1|0|0|0|1|0|0|0|1|1|0|0|2|0|0|2|0|0|2|0|0|1|1|0|1|0|0|3|2|1|1|2|1|2|5|0|4|0|1|1|1|2|1|3|2|1|1|1|1|2|1|1|0|0|0|1|1|0|1|0|1|2|2|0|0|0|0|1|0|3|0|0|0|1|0|0|0|0|0|2|1|0|2|1|0|0|0|2|1|0|0|0|0|1|1|1|1|0|0|0|1|1|1</HistCounts>
      </HistItem>
    </Histograms>
    <Metadata>
      <MDI key="STATISTICS_MINIMUM">439</MDI>
      <MDI key="STATISTICS_MAXIMUM">1279</MDI>
      <MDI key="STATISTICS_MEAN">735.30222222222</MDI>
      <MDI key="STATISTICS_STDDEV">276.9539668841</MDI>
      <MDI key="STATISTICS_VALID_PERCENT">100</MDI>
    </Metadata>
  </PAMRasterBand>
</PAMDataset>
