<PAMDataset>
  <PAMRasterBand band="1">
    <Histograms>
      <HistItem>
        <HistMin>242.3088888888889</HistMin>
        <HistMax>554.6911111111111</HistMax>
        <BucketCount>225</BucketCount>
        <IncludeOutOfRange>0</IncludeOutOfRange>
        <Approximate>0</Approximate>
        <HistCounts>1|0|0|0|0|0|1|0|0|1|0|0|0|0|1|0|0|0|0|0|0|0|0|1|2|0|0|1|1|0|0|0|0|0|0|0|2|2|0|0|1|0|1|0|1|1|2|1|2|3|0|0|3|0|2|1|2|0|4|1|0|3|2|3|1|2|2|4|6|0|5|12|1|4|2|3|3|1|4|2|3|1|3|0|2|4|3|1|1|5|3|4|1|2|8|3|2|4|3|4|1|1|2|1|1|1|0|2|1|2|3|1|2|0|1|2|0|2|2|0|1|1|3|0|0|3|1|2|1|2|1|0|0|1|0|1|0|0|0|2|1|0|1|0|1|0|0|2|1|0|0|1|0|0|2|0|0|0|2|0|1|1|1|2|0|0|1|0|0|1|1|0|0|0|0|0|0|0|0|0|0|0|0|0|3|0|0|0|0|0|0|0|0|0|0|1|0|0|0|1|0|0|1|0|0|0|0|0|0|0|0|0|0|0|0|0|0|0|0|0|0|0|0|0|1</HistCounts>
      </HistItem>
    </Histograms>
    <Metadata>
      <MDI key="STATISTICS_MINIMUM">243</MDI>
      <MDI key="STATISTICS_MAXIMUM">554</MDI>
      <MDI key="STATISTICS_MEAN">369.19555555556</MDI>
      <MDI key="STATISTICS_STDDEV">52.883074190165</MDI>
      <MDI key="STATISTICS_VALID_PERCENT">100</MDI>
    </Metadata>
  </PAMRasterBand>
  <PAMRasterBand band="2">
    <Histograms>
      <HistItem>
        <HistMin>230.4622222222222</HistMin>
        <HistMax>473.5377777777778</HistMax>
        <BucketCount>225</BucketCount>
        <IncludeOutOfRange>0</IncludeOutOfRange>
        <Approximate>0</Approximate>
        <HistCounts>1|0|0|0|0|2|1|0|0|1|1|2|0|0|1|1|1|1|1|3|1|2|1|0|2|2|3|3|1|2|2|3|3|2|4|0|1|1|2|3|1|2|1|3|6|2|2|6|5|5|4|3|5|3|1|1|1|2|0|1|2|1|1|2|5|0|3|0|3|1|1|2|0|1|2|0|1|1|0|2|0|1|0|1|3|1|2|2|1|0|1|2|1|1|0|1|0|0|3|2|0|0|3|0|1|0|0|0|1|0|0|0|2|1|1|3|1|0|4|2|1|0|2|1|1|0|0|3|0|0|1|0|1|3|0|2|1|1|0|1|0|0|2|0|0|1|0|0|1|0|0|1|0|1|2|0|1|1|2|0|0|1|1|1|1|0|1|0|0|0|1|1|1|0|0|1|0|1|0|0|0|0|1|0|0|0|1|0|0|0|0|0|0|0|0|0|0|0|1|0|0|1|0|0|0|0|0|0|0|0|1|0|2|0|0|0|0|0|0|0|0|0|0|0|1</HistCounts>
      </HistItem>
    </Histograms>
    <Metadata>
      <MDI key="STATISTICS_MINIMUM">231</MDI>
      <MDI key="STATISTICS_MAXIMUM">473</MDI>
      <MDI key="STATISTICS_MEAN">314.72888888889</MDI>
      <MDI key="STATISTICS_STDDEV">53.860579780773</MDI>
      <MDI key="STATISTICS_VALID_PERCENT">100</MDI>
    </Metadata>
  </PAMRasterBand>
  <PAMRasterBand band="3">
    <Histograms>
      <HistItem>
        <HistMin>230.1666666666667</HistMin>
        <HistMax>606.8333333333334</HistMax>
        <BucketCount>225</BucketCount>
        <IncludeOutOfRange>0</IncludeOutOfRange>
        <Approximate>0</Approximate>
        <HistCounts>1|0|1|0|0|0|0|1|0|0|1|1|1|0|2|2|2|3|2|3|4|2|3|4|7|0|2|7|1|2|4|1|3|2|0|4|5|1|1|2|1|2|3|0|4|2|4|1|4|1|1|4|0|0|1|1|2|2|1|0|0|1|4|2|0|2|2|2|1|3|0|1|1|0|1|0|0|0|0|0|0|1|1|0|2|3|1|1|3|0|1|1|2|0|0|1|1|1|1|1|1|3|3|1|1|0|2|0|0|0|0|1|0|1|1|2|4|1|0|1|0|4|0|2|1|1|0|2|0|0|1|0|0|0|1|1|1|1|0|1|0|1|0|0|0|1|2|4|1|1|0|1|1|0|2|0|0|0|3|1|1|1|2|1|0|0|0|1|0|2|2|0|0|0|1|0|1|1|1|1|0|0|0|0|0|0|0|0|0|0|0|0|1|0|0|1|0|0|0|0|0|0|0|0|0|0|0|0|1|0|0|0|0|0|0|0|0|0|0|0|0|0|0|0|1</HistCounts>
      </HistItem>
    </Histograms>
    <Metadata>
      <MDI key="STATISTICS_MINIMUM">231</MDI>
      <MDI key="STATISTICS_MAXIMUM">606</MDI>
      <MDI key="STATISTICS_MEAN">358.78222222222</MDI>
      <MDI key="STATISTICS_STDDEV">86.777322405975</MDI>
      <MDI key="STATISTICS_VALID_PERCENT">100</MDI>
    </Metadata>
  </PAMRasterBand>
</PAMDataset>
