<PAMDataset>
  <PAMRasterBand band="1">
    <Histograms>
      <HistItem>
        <HistMin>228.5044247787611</HistMin>
        <HistMax>341.4955752212389</HistMax>
        <BucketCount>113</BucketCount>
        <IncludeOutOfRange>0</IncludeOutOfRange>
        <Approximate>0</Approximate>
        <HistCounts>1|0|0|0|1|0|0|0|1|0|0|0|0|0|1|0|0|0|1|0|0|0|0|2|1|1|3|1|0|1|2|3|0|2|1|1|1|2|2|2|3|3|1|3|5|5|4|6|7|8|3|5|9|3|2|2|7|5|3|6|9|5|3|7|6|7|4|6|6|5|3|0|6|7|5|5|4|3|0|3|1|1|2|1|1|1|1|0|0|0|0|1|0|1|0|0|0|0|0|0|0|0|0|0|0|0|0|0|0|0|0|0|1</HistCounts>
      </HistItem>
    </Histograms>
    <Metadata>
      <MDI key="STATISTICS_MINIMUM">229</MDI>
      <MDI key="STATISTICS_MAXIMUM">341</MDI>
      <MDI key="STATISTICS_MEAN">285.40888888889</MDI>
      <MDI key="STATISTICS_STDDEV">16.480612478131</MDI>
      <MDI key="STATISTICS_VALID_PERCENT">100</MDI>
    </Metadata>
  </PAMRasterBand>
  <PAMRasterBand band="2">
    <Histograms>
      <HistItem>
        <HistMin>175.50625</HistMin>
        <HistMax>255.49375</HistMax>
        <BucketCount>80</BucketCount>
        <IncludeOutOfRange>0</IncludeOutOfRange>
        <Approximate>0</Approximate>
        <HistCounts>3|0|0|1|1|0|1|1|2|1|2|4|1|3|3|2|3|2|8|3|4|8|6|4|2|6|5|7|5|11|7|11|7|4|5|4|6|6|7|3|4|7|4|2|8|5|4|7|3|8|3|1|1|0|2|0|1|1|0|0|1|1|0|1|0|1|0|0|0|0|0|0|0|0|0|0|0|0|0|1</HistCounts>
      </HistItem>
    </Histograms>
    <Metadata>
      <MDI key="STATISTICS_MINIMUM">176</MDI>
      <MDI key="STATISTICS_MAXIMUM">255</MDI>
      <MDI key="STATISTICS_MEAN">207.68888888889</MDI>
      <MDI key="STATISTICS_STDDEV">13.261510257923</MDI>
      <MDI key="STATISTICS_VALID_PERCENT">100</MDI>
    </Metadata>
  </PAMRasterBand>
  <PAMRasterBand band="3">
    <Histograms>
      <HistItem>
        <HistMin>166.5044247787611</HistMin>
        <HistMax>279.4955752212389</HistMax>
        <BucketCount>113</BucketCount>
        <IncludeOutOfRange>0</IncludeOutOfRange>
        <Approximate>0</Approximate>
        <HistCounts>1|0|0|1|3|0|2|3|1|3|3|4|3|5|4|12|12|13|14|12|8|17|9|6|9|8|11|15|2|3|5|7|3|3|1|2|2|2|0|2|1|0|0|0|0|0|1|0|0|0|0|0|0|1|0|0|1|0|0|0|0|0|0|0|0|0|1|0|0|1|1|1|0|0|0|0|0|0|0|0|0|0|0|1|0|0|1|1|0|0|0|0|1|0|0|0|0|0|0|1|0|0|0|0|0|0|0|0|0|0|0|0|1</HistCounts>
      </HistItem>
    </Histograms>
    <Metadata>
      <MDI key="STATISTICS_MINIMUM">167</MDI>
      <MDI key="STATISTICS_MAXIMUM">279</MDI>
      <MDI key="STATISTICS_MEAN">191.04444444444</MDI>
      <MDI key="STATISTICS_STDDEV">15.426320300859</MDI>
      <MDI key="STATISTICS_VALID_PERCENT">100</MDI>
    </Metadata>
  </PAMRasterBand>
</PAMDataset>
