<PAMDataset>
  <PAMRasterBand band="1">
    <Histograms>
      <HistItem>
        <HistMin>262.4044444444444</HistMin>
        <HistMax>531.5955555555555</HistMax>
        <BucketCount>225</BucketCount>
        <IncludeOutOfRange>0</IncludeOutOfRange>
        <Approximate>0</Approximate>
        <HistCounts>1|0|0|1|1|0|0|0|0|0|0|0|0|1|0|0|1|0|1|0|1|0|0|1|0|0|0|0|1|0|0|1|0|0|0|1|0|0|0|0|0|0|0|0|0|0|0|1|1|1|0|0|0|1|0|0|0|2|0|0|2|1|3|0|4|0|3|1|1|3|3|1|2|3|5|0|3|1|2|6|2|1|6|3|10|3|3|1|2|7|2|2|5|3|7|3|3|5|7|8|5|5|1|2|13|3|3|4|3|0|4|0|2|2|1|3|0|3|2|0|1|0|0|1|0|1|0|0|0|1|0|1|0|1|1|1|0|0|0|0|0|2|0|0|0|0|0|1|1|0|1|0|1|0|0|0|0|1|0|1|1|0|1|0|0|0|0|0|0|0|1|0|0|0|0|0|0|0|0|0|0|1|0|0|0|0|0|0|0|0|0|1|0|0|0|1|0|0|0|0|0|0|0|0|1|0|1|0|0|0|0|0|0|0|0|0|0|0|0|0|0|0|0|0|1</HistCounts>
      </HistItem>
    </Histograms>
    <Metadata>
      <MDI key="STATISTICS_MINIMUM">263</MDI>
      <MDI key="STATISTICS_MAXIMUM">531</MDI>
      <MDI key="STATISTICS_MEAN">374.83111111111</MDI>
      <MDI key="STATISTICS_STDDEV">38.660895099267</MDI>
      <MDI key="STATISTICS_VALID_PERCENT">100</MDI>
    </Metadata>
  </PAMRasterBand>
  <PAMRasterBand band="2">
    <Histograms>
      <HistItem>
        <HistMin>210.5024630541872</HistMin>
        <HistMax>413.4975369458128</HistMax>
        <BucketCount>203</BucketCount>
        <IncludeOutOfRange>0</IncludeOutOfRange>
        <Approximate>0</Approximate>
        <HistCounts>1|0|0|0|0|1|1|0|0|1|0|1|0|0|0|1|0|0|0|0|0|0|1|1|1|0|0|1|1|0|0|0|0|0|0|0|0|1|0|0|0|0|0|1|0|1|0|0|0|0|0|1|0|0|0|0|0|0|2|0|0|0|1|0|0|2|0|0|0|0|0|0|0|0|1|2|1|0|2|4|2|2|3|3|1|7|2|4|7|2|3|6|3|6|5|1|2|9|5|5|6|4|5|5|4|6|3|7|2|5|5|10|3|4|6|2|1|3|4|2|1|2|1|3|1|1|1|1|0|0|0|0|1|0|1|2|0|0|0|0|0|0|0|1|0|1|1|1|0|2|1|0|1|1|0|0|0|0|0|1|0|0|0|0|0|0|0|0|1|0|0|0|1|0|0|0|1|0|0|0|0|0|1|0|0|0|0|0|0|0|0|0|0|0|0|0|0|0|0|0|0|0|1</HistCounts>
      </HistItem>
    </Histograms>
    <Metadata>
      <MDI key="STATISTICS_MINIMUM">211</MDI>
      <MDI key="STATISTICS_MAXIMUM">413</MDI>
      <MDI key="STATISTICS_MEAN">309.78666666667</MDI>
      <MDI key="STATISTICS_STDDEV">29.084685546406</MDI>
      <MDI key="STATISTICS_VALID_PERCENT">100</MDI>
    </Metadata>
  </PAMRasterBand>
  <PAMRasterBand band="3">
    <Histograms>
      <HistItem>
        <HistMin>230.5022222222222</HistMin>
        <HistMax>455.4977777777778</HistMax>
        <BucketCount>225</BucketCount>
        <IncludeOutOfRange>0</IncludeOutOfRange>
        <Approximate>0</Approximate>
        <HistCounts>1|0|0|1|1|0|0|0|1|0|0|1|0|0|0|0|0|0|1|0|0|1|0|0|1|0|0|0|0|2|0|0|0|0|1|0|0|0|0|0|0|0|0|0|1|0|2|0|0|0|0|0|0|0|0|0|0|0|0|0|1|0|0|2|0|0|1|1|0|0|0|1|0|0|0|0|1|0|0|1|0|1|0|0|0|3|0|0|0|2|2|8|2|4|4|5|1|5|3|6|9|9|2|4|6|9|5|5|6|1|4|9|8|5|4|2|6|5|2|2|2|0|4|2|1|5|2|0|1|0|0|0|1|2|2|2|0|1|0|2|1|2|0|0|1|0|0|0|0|2|0|1|2|0|0|0|0|2|0|0|0|1|1|1|0|0|3|0|0|0|0|1|0|0|0|1|1|1|0|0|1|0|1|1|1|0|0|0|0|0|0|0|0|0|0|0|0|0|0|0|0|0|0|0|0|0|0|0|0|1|0|0|0|0|0|0|0|0|0|0|0|0|0|0|1</HistCounts>
      </HistItem>
    </Histograms>
    <Metadata>
      <MDI key="STATISTICS_MINIMUM">231</MDI>
      <MDI key="STATISTICS_MAXIMUM">455</MDI>
      <MDI key="STATISTICS_MEAN">338.77333333333</MDI>
      <MDI key="STATISTICS_STDDEV">32.974565282283</MDI>
      <MDI key="STATISTICS_VALID_PERCENT">100</MDI>
    </Metadata>
  </PAMRasterBand>
</PAMDataset>
