<PAMDataset>
  <PAMRasterBand band="1">
    <Histograms>
      <HistItem>
        <HistMin>249.8177777777778</HistMin>
        <HistMax>784.1822222222222</HistMax>
        <BucketCount>225</BucketCount>
        <IncludeOutOfRange>0</IncludeOutOfRange>
        <Approximate>0</Approximate>
        <HistCounts>1|0|1|0|0|1|0|0|0|0|0|0|1|0|0|0|0|1|2|2|2|2|0|1|0|2|0|2|0|1|0|0|0|1|2|1|0|1|0|0|0|0|1|0|1|1|0|0|2|0|1|1|0|1|0|2|1|0|1|1|2|0|0|1|0|2|2|1|2|2|0|0|2|2|0|3|4|4|1|2|4|4|3|9|6|6|2|5|7|5|3|5|5|4|3|2|1|1|1|3|1|4|1|1|7|1|0|1|2|0|1|0|1|1|2|1|2|1|1|0|0|0|0|2|1|1|0|1|0|0|1|4|1|2|1|3|2|2|1|2|0|1|1|1|2|0|0|0|0|1|0|1|0|2|0|1|0|0|0|0|0|1|0|1|1|1|0|1|0|1|0|0|0|0|0|1|1|0|0|0|1|0|0|0|0|0|0|0|1|0|0|0|1|0|0|1|1|0|0|0|0|0|0|0|1|0|1|0|0|0|0|0|0|0|0|0|0|0|0|0|0|0|1|0|1</HistCounts>
      </HistItem>
    </Histograms>
    <Metadata>
      <MDI key="STATISTICS_MINIMUM">251</MDI>
      <MDI key="STATISTICS_MAXIMUM">783</MDI>
      <MDI key="STATISTICS_MEAN">473.48888888889</MDI>
      <MDI key="STATISTICS_STDDEV">99.038269196468</MDI>
      <MDI key="STATISTICS_VALID_PERCENT">100</MDI>
    </Metadata>
  </PAMRasterBand>
  <PAMRasterBand band="2">
    <Histograms>
      <HistItem>
        <HistMin>225.78</HistMin>
        <HistMax>777.22</HistMax>
        <BucketCount>225</BucketCount>
        <IncludeOutOfRange>0</IncludeOutOfRange>
        <Approximate>0</Approximate>
        <HistCounts>2|2|1|1|3|0|2|0|1|1|1|1|0|0|2|0|0|1|2|0|0|0|0|0|1|2|0|0|0|1|1|0|0|1|2|3|0|2|1|0|2|2|1|2|1|1|1|2|0|0|1|0|2|1|0|2|0|2|1|2|2|2|2|2|3|4|4|8|7|14|4|9|3|3|3|3|2|0|6|1|4|1|1|0|1|2|0|1|1|0|0|0|1|0|3|0|2|0|2|0|1|0|2|0|0|0|1|0|1|1|0|1|0|3|2|1|1|1|0|0|1|1|0|3|1|2|3|2|0|1|0|2|0|1|0|0|0|0|0|3|2|0|0|0|2|1|1|1|1|1|0|0|0|1|0|2|0|1|0|0|2|0|1|0|0|1|0|1|1|0|0|1|0|1|0|1|0|0|0|0|1|0|0|1|0|0|0|0|0|0|1|0|0|0|0|2|0|0|0|0|0|1|0|0|1|0|1|0|1|0|0|0|0|0|0|0|0|0|0|0|0|0|0|0|1</HistCounts>
      </HistItem>
    </Histograms>
    <Metadata>
      <MDI key="STATISTICS_MINIMUM">227</MDI>
      <MDI key="STATISTICS_MAXIMUM">776</MDI>
      <MDI key="STATISTICS_MEAN">430.81777777778</MDI>
      <MDI key="STATISTICS_STDDEV">115.90128997248</MDI>
      <MDI key="STATISTICS_VALID_PERCENT">100</MDI>
    </Metadata>
  </PAMRasterBand>
  <PAMRasterBand band="3">
    <Histograms>
      <HistItem>
        <HistMin>231.1333333333333</HistMin>
        <HistMax>1074.866666666667</HistMax>
        <BucketCount>225</BucketCount>
        <IncludeOutOfRange>0</IncludeOutOfRange>
        <Approximate>0</Approximate>
        <HistCounts>3|2|2|1|1|1|0|0|0|1|0|2|0|0|0|0|0|0|1|0|0|0|0|1|2|1|0|2|1|1|0|2|1|0|3|2|1|0|2|2|1|0|0|2|0|0|1|1|1|0|1|2|1|1|3|1|0|0|1|2|0|1|2|0|3|1|1|1|0|0|0|3|3|12|7|8|3|10|5|4|4|4|1|3|2|2|1|2|2|1|0|0|1|3|0|1|2|0|0|0|2|0|0|1|0|3|2|3|1|1|2|0|0|0|0|1|1|0|0|0|0|1|0|0|0|2|1|0|1|0|0|0|0|0|0|1|1|2|0|1|0|2|3|2|2|0|1|2|1|2|0|1|1|2|0|2|0|3|1|0|0|1|0|0|0|0|1|0|2|0|2|0|0|0|0|1|0|0|0|2|0|0|1|1|0|0|1|0|0|1|0|1|1|0|0|2|0|1|1|4|0|0|0|1|0|0|1|0|0|0|0|0|0|0|0|0|1|0|0|0|0|0|0|0|1</HistCounts>
      </HistItem>
    </Histograms>
    <Metadata>
      <MDI key="STATISTICS_MINIMUM">233</MDI>
      <MDI key="STATISTICS_MAXIMUM">1073</MDI>
      <MDI key="STATISTICS_MEAN">579.37333333333</MDI>
      <MDI key="STATISTICS_STDDEV">193.251737264</MDI>
      <MDI key="STATISTICS_VALID_PERCENT">100</MDI>
    </Metadata>
  </PAMRasterBand>
</PAMDataset>
