<PAMDataset>
  <PAMRasterBand band="1">
    <Histograms>
      <HistItem>
        <HistMin>304.0622222222222</HistMin>
        <HistMax>727.9377777777778</HistMax>
        <BucketCount>225</BucketCount>
        <IncludeOutOfRange>0</IncludeOutOfRange>
        <Approximate>0</Approximate>
        <HistCounts>1|0|0|0|0|1|0|1|0|1|3|1|1|2|1|0|2|1|2|1|0|3|0|0|0|0|0|0|3|2|1|1|1|2|0|0|0|1|1|0|0|0|2|0|1|0|2|3|1|1|1|2|1|4|0|4|4|5|2|2|2|3|3|6|2|0|4|0|3|0|1|2|0|1|2|2|4|3|1|4|2|0|1|1|4|2|1|5|0|3|0|3|2|2|3|1|1|2|1|2|2|0|3|0|0|0|3|0|1|1|0|3|1|0|0|1|0|1|4|1|2|0|0|0|0|0|0|1|1|0|1|1|2|2|0|0|0|0|0|0|1|0|0|1|0|1|1|0|1|1|1|0|1|0|0|0|1|0|2|0|0|1|0|0|0|2|0|2|0|0|1|1|0|1|0|1|1|1|0|0|0|2|2|1|2|0|0|0|1|1|0|1|1|0|0|0|1|1|0|0|0|1|0|0|1|0|1|0|2|2|0|1|0|2|0|0|0|0|0|0|0|0|1|0|1</HistCounts>
      </HistItem>
    </Histograms>
    <Metadata>
      <MDI key="STATISTICS_MINIMUM">305</MDI>
      <MDI key="STATISTICS_MAXIMUM">727</MDI>
      <MDI key="STATISTICS_MEAN">478.83111111111</MDI>
      <MDI key="STATISTICS_STDDEV">102.60308815414</MDI>
      <MDI key="STATISTICS_VALID_PERCENT">100</MDI>
    </Metadata>
  </PAMRasterBand>
  <PAMRasterBand band="2">
    <Histograms>
      <HistItem>
        <HistMin>250.9644444444444</HistMin>
        <HistMax>719.0355555555556</HistMax>
        <BucketCount>225</BucketCount>
        <IncludeOutOfRange>0</IncludeOutOfRange>
        <Approximate>0</Approximate>
        <HistCounts>1|0|0|0|1|0|2|0|0|1|3|0|3|0|1|2|0|0|1|0|0|0|1|1|0|1|0|0|0|0|0|1|0|0|1|0|2|3|4|1|2|5|0|1|1|1|2|1|3|1|2|3|6|1|1|3|2|4|3|4|3|3|5|1|4|2|6|0|4|4|3|0|2|3|1|6|1|2|0|2|1|1|3|5|1|1|0|2|1|0|1|0|0|0|1|1|2|1|0|1|1|3|1|2|0|2|1|0|0|0|0|2|0|0|1|2|0|0|0|0|0|1|1|2|2|0|1|0|0|0|0|1|0|0|0|1|0|2|2|0|0|0|0|1|0|1|1|0|0|0|0|2|0|0|1|0|2|0|1|1|0|0|0|0|0|0|1|1|2|0|0|2|2|2|2|0|0|1|0|0|0|0|0|0|0|1|1|1|2|0|1|2|1|0|2|0|0|0|1|1|1|1|0|0|1|0|1|0|0|0|2|0|1|0|2|0|0|1|0|0|0|0|0|0|1</HistCounts>
      </HistItem>
    </Histograms>
    <Metadata>
      <MDI key="STATISTICS_MINIMUM">252</MDI>
      <MDI key="STATISTICS_MAXIMUM">718</MDI>
      <MDI key="STATISTICS_MEAN">439.56</MDI>
      <MDI key="STATISTICS_STDDEV">114.71962807936</MDI>
      <MDI key="STATISTICS_VALID_PERCENT">100</MDI>
    </Metadata>
  </PAMRasterBand>
  <PAMRasterBand band="3">
    <Histograms>
      <HistItem>
        <HistMin>239.2155555555556</HistMin>
        <HistMax>1045.784444444444</HistMax>
        <BucketCount>225</BucketCount>
        <IncludeOutOfRange>0</IncludeOutOfRange>
        <Approximate>0</Approximate>
        <HistCounts>1|0|0|0|1|0|1|0|0|0|0|0|1|2|1|1|2|1|1|0|1|1|0|0|2|0|0|0|2|0|0|0|1|1|1|1|0|2|0|0|2|2|1|0|2|0|4|3|0|3|2|2|4|1|0|2|1|3|0|3|1|3|5|1|1|2|3|3|1|2|2|1|3|3|3|3|7|8|1|3|1|4|1|3|1|2|2|1|2|1|3|0|2|3|0|3|0|2|3|0|1|0|1|0|0|1|0|1|0|3|0|1|1|0|0|1|0|2|2|1|0|0|0|0|0|2|3|0|0|0|1|0|0|2|1|0|2|1|0|0|1|0|0|0|1|2|0|0|1|0|2|0|0|1|1|0|0|1|0|2|0|1|0|0|1|0|0|4|2|0|2|1|0|0|0|1|1|1|0|2|1|0|0|0|0|0|0|1|1|0|0|2|3|1|1|1|0|1|0|0|1|0|0|1|0|0|0|0|1|0|0|1|2|0|1|1|0|0|0|0|0|0|0|0|1</HistCounts>
      </HistItem>
    </Histograms>
    <Metadata>
      <MDI key="STATISTICS_MINIMUM">241</MDI>
      <MDI key="STATISTICS_MAXIMUM">1044</MDI>
      <MDI key="STATISTICS_MEAN">578.52444444444</MDI>
      <MDI key="STATISTICS_STDDEV">188.91752598605</MDI>
      <MDI key="STATISTICS_VALID_PERCENT">100</MDI>
    </Metadata>
  </PAMRasterBand>
</PAMDataset>
