<PAMDataset>
  <PAMRasterBand band="1">
    <Histograms>
      <HistItem>
        <HistMin>252.9355555555556</HistMin>
        <HistMax>734.0644444444445</HistMax>
        <BucketCount>225</BucketCount>
        <IncludeOutOfRange>0</IncludeOutOfRange>
        <Approximate>0</Approximate>
        <HistCounts>2|0|0|1|0|0|0|1|2|0|0|1|1|0|1|1|0|1|3|2|6|2|8|2|5|1|5|0|4|5|5|1|6|1|4|2|5|3|3|6|7|4|3|6|5|5|0|2|5|2|3|6|0|5|6|2|1|3|4|5|2|3|2|1|1|2|4|3|2|0|1|1|1|1|0|1|2|1|1|0|0|1|1|0|0|1|1|2|1|2|1|1|0|0|0|1|0|0|0|0|0|1|1|0|0|0|1|0|0|0|0|1|0|1|0|0|0|0|0|0|0|0|0|0|1|0|1|0|1|0|0|0|0|0|0|0|0|0|0|0|0|0|1|0|0|0|1|0|0|0|0|0|1|1|0|0|0|0|0|0|0|0|0|0|0|0|0|0|0|1|0|0|0|0|0|1|0|0|1|0|0|0|0|0|0|0|0|0|0|0|0|0|0|0|0|0|1|0|0|0|0|1|0|0|1|0|1|0|0|0|0|0|0|0|0|0|0|0|0|0|0|0|0|0|1</HistCounts>
      </HistItem>
    </Histograms>
    <Metadata>
      <MDI key="STATISTICS_MINIMUM">254</MDI>
      <MDI key="STATISTICS_MAXIMUM">733</MDI>
      <MDI key="STATISTICS_MEAN">368.36</MDI>
      <MDI key="STATISTICS_STDDEV">81.463061567805</MDI>
      <MDI key="STATISTICS_VALID_PERCENT">100</MDI>
    </Metadata>
  </PAMRasterBand>
  <PAMRasterBand band="2">
    <Histograms>
      <HistItem>
        <HistMin>211.6644444444445</HistMin>
        <HistMax>815.3355555555555</HistMax>
        <BucketCount>225</BucketCount>
        <IncludeOutOfRange>0</IncludeOutOfRange>
        <Approximate>0</Approximate>
        <HistCounts>1|1|0|2|4|4|3|8|4|9|4|3|7|5|6|10|6|4|6|5|3|3|4|9|4|8|3|1|5|3|1|3|4|1|6|8|3|3|4|2|2|1|1|1|2|0|2|1|2|2|3|3|0|2|0|2|0|2|1|0|1|0|0|1|0|0|0|0|0|0|1|0|1|0|1|0|0|0|0|0|0|0|0|0|0|0|0|0|0|1|0|0|1|0|2|0|0|0|0|0|0|0|0|1|0|0|0|1|0|0|1|0|0|1|0|0|0|0|0|0|0|0|0|1|0|0|0|0|0|1|1|0|0|0|0|0|0|0|1|0|1|0|0|0|0|0|0|0|0|0|0|1|0|0|0|0|0|1|0|0|0|0|0|0|0|1|0|0|0|0|1|0|0|0|0|0|0|0|0|0|0|1|0|0|0|0|0|0|0|0|0|0|0|0|0|0|0|2|0|0|0|0|1|0|0|0|0|0|0|0|0|0|0|1|0|0|0|0|0|0|0|0|0|0|1</HistCounts>
      </HistItem>
    </Histograms>
    <Metadata>
      <MDI key="STATISTICS_MINIMUM">213</MDI>
      <MDI key="STATISTICS_MAXIMUM">814</MDI>
      <MDI key="STATISTICS_MEAN">311.81333333333</MDI>
      <MDI key="STATISTICS_STDDEV">110.70810790342</MDI>
      <MDI key="STATISTICS_VALID_PERCENT">100</MDI>
    </Metadata>
  </PAMRasterBand>
  <PAMRasterBand band="3">
    <Histograms>
      <HistItem>
        <HistMin>198.6333333333333</HistMin>
        <HistMax>1268.366666666667</HistMax>
        <BucketCount>225</BucketCount>
        <IncludeOutOfRange>0</IncludeOutOfRange>
        <Approximate>0</Approximate>
        <HistCounts>3|10|10|12|11|17|3|4|8|4|3|6|4|4|0|4|7|4|4|3|4|1|4|0|3|7|2|0|6|1|2|1|1|1|2|0|3|2|2|2|3|4|0|1|2|2|1|2|1|4|3|0|1|1|1|2|0|0|0|0|0|0|0|0|1|0|0|2|0|1|0|0|1|0|0|0|0|1|0|0|0|0|0|0|0|1|0|1|0|1|0|0|0|0|0|0|0|0|0|0|0|1|0|0|0|0|0|2|0|1|0|0|0|0|0|0|0|0|1|0|0|1|1|0|1|0|0|0|0|0|0|0|0|0|0|0|1|0|0|0|1|1|0|0|0|0|0|0|0|0|1|0|1|0|0|0|0|0|0|0|1|0|0|0|0|0|0|1|0|0|0|0|0|0|1|0|0|0|0|1|0|0|0|0|0|0|0|0|1|0|0|0|0|0|0|0|0|0|0|0|0|1|1|1|0|0|0|0|0|0|0|0|0|0|0|1|0|0|0|0|0|0|0|0|1</HistCounts>
      </HistItem>
    </Histograms>
    <Metadata>
      <MDI key="STATISTICS_MINIMUM">201</MDI>
      <MDI key="STATISTICS_MAXIMUM">1266</MDI>
      <MDI key="STATISTICS_MEAN">363.2</MDI>
      <MDI key="STATISTICS_STDDEV">218.71562460063</MDI>
      <MDI key="STATISTICS_VALID_PERCENT">100</MDI>
    </Metadata>
  </PAMRasterBand>
</PAMDataset>
