<PAMDataset>
  <PAMRasterBand band="1">
    <Histograms>
      <HistItem>
        <HistMin>283.2466666666667</HistMin>
        <HistMax>623.7533333333333</HistMax>
        <BucketCount>225</BucketCount>
        <IncludeOutOfRange>0</IncludeOutOfRange>
        <Approximate>0</Approximate>
        <HistCounts>1|0|0|0|0|0|0|1|0|0|0|0|0|1|0|1|1|2|4|1|4|2|1|1|3|1|1|0|5|1|2|2|3|1|0|2|5|1|4|0|2|0|1|1|1|1|3|1|2|2|1|0|1|3|2|0|1|1|0|0|2|0|1|0|1|2|0|0|0|2|0|2|0|0|2|1|0|1|0|1|0|0|2|2|0|1|1|1|0|0|0|2|0|0|0|0|2|0|2|1|0|1|2|1|0|0|5|0|3|1|2|1|2|2|4|0|4|2|3|1|3|1|0|3|6|2|3|1|1|0|2|1|4|5|1|0|0|2|0|2|0|2|1|3|2|0|1|1|3|4|0|0|2|2|0|1|0|0|0|2|1|1|0|1|0|1|1|1|0|0|4|1|3|1|1|0|2|1|2|1|1|0|0|1|1|0|0|0|0|0|0|0|0|0|0|0|0|0|0|0|0|0|0|0|0|0|0|0|0|0|1|0|0|0|0|0|0|0|0|0|0|0|0|0|1</HistCounts>
      </HistItem>
    </Histograms>
    <Metadata>
      <MDI key="STATISTICS_MINIMUM">284</MDI>
      <MDI key="STATISTICS_MAXIMUM">623</MDI>
      <MDI key="STATISTICS_MEAN">428.99111111111</MDI>
      <MDI key="STATISTICS_STDDEV">78.712302644849</MDI>
      <MDI key="STATISTICS_VALID_PERCENT">100</MDI>
    </Metadata>
  </PAMRasterBand>
  <PAMRasterBand band="2">
    <Histograms>
      <HistItem>
        <HistMin>227.0955555555556</HistMin>
        <HistMax>635.9044444444445</HistMax>
        <BucketCount>225</BucketCount>
        <IncludeOutOfRange>0</IncludeOutOfRange>
        <Approximate>0</Approximate>
        <HistCounts>1|5|2|2|5|1|2|5|2|2|2|1|2|4|4|1|0|1|3|1|0|1|1|0|0|0|1|1|3|4|4|0|6|0|1|2|1|1|1|3|2|2|0|3|0|3|2|1|1|1|0|1|2|0|0|1|0|2|1|1|1|0|1|3|2|2|1|1|2|0|2|1|0|1|2|0|0|0|2|1|3|1|1|2|1|2|0|0|0|1|1|0|2|0|0|3|0|1|1|0|1|1|0|2|0|0|0|1|2|0|1|1|3|3|6|3|3|2|5|3|1|5|2|2|4|3|1|3|0|1|4|0|2|2|3|2|1|1|0|3|1|2|0|0|0|1|0|1|0|0|0|0|0|0|0|0|0|0|0|0|0|0|0|0|0|0|0|0|0|0|0|1|0|0|0|0|0|0|0|0|0|0|1|0|0|0|0|0|0|0|0|0|0|0|0|0|0|0|0|0|0|0|0|0|0|0|0|0|0|0|0|0|0|0|0|0|0|0|0|0|0|0|0|0|1</HistCounts>
      </HistItem>
    </Histograms>
    <Metadata>
      <MDI key="STATISTICS_MINIMUM">228</MDI>
      <MDI key="STATISTICS_MAXIMUM">635</MDI>
      <MDI key="STATISTICS_MEAN">358.99555555556</MDI>
      <MDI key="STATISTICS_STDDEV">87.335445153998</MDI>
      <MDI key="STATISTICS_VALID_PERCENT">100</MDI>
    </Metadata>
  </PAMRasterBand>
  <PAMRasterBand band="3">
    <Histograms>
      <HistItem>
        <HistMin>213.4244444444444</HistMin>
        <HistMax>925.5755555555555</HistMax>
        <BucketCount>225</BucketCount>
        <IncludeOutOfRange>0</IncludeOutOfRange>
        <Approximate>0</Approximate>
        <HistCounts>2|3|4|3|2|5|3|3|5|3|2|6|3|2|1|4|1|5|3|5|0|3|0|3|2|1|1|2|0|2|0|0|1|1|1|0|3|0|2|1|2|1|1|4|3|3|3|0|3|3|1|1|0|1|0|0|0|0|0|3|3|1|1|0|2|1|1|1|2|0|0|1|1|1|0|0|0|2|0|1|1|0|2|0|1|0|0|0|0|1|0|1|1|0|1|0|0|0|0|1|1|1|0|0|2|1|0|1|0|2|2|0|1|0|0|2|0|2|1|0|0|1|2|1|3|1|2|4|2|4|4|1|0|2|1|1|4|1|1|1|6|0|0|3|4|2|0|2|0|0|1|1|1|1|1|2|1|0|0|0|1|0|0|0|0|0|0|0|0|0|0|0|0|0|0|0|0|0|0|1|0|0|0|0|0|1|0|0|0|0|0|0|0|0|0|0|0|0|0|0|0|0|0|0|0|0|0|0|0|0|0|0|0|0|0|0|0|0|0|0|0|0|0|0|1</HistCounts>
      </HistItem>
    </Histograms>
    <Metadata>
      <MDI key="STATISTICS_MINIMUM">215</MDI>
      <MDI key="STATISTICS_MAXIMUM">924</MDI>
      <MDI key="STATISTICS_MEAN">432.83111111111</MDI>
      <MDI key="STATISTICS_STDDEV">170.75088523893</MDI>
      <MDI key="STATISTICS_VALID_PERCENT">100</MDI>
    </Metadata>
  </PAMRasterBand>
</PAMDataset>
