<PAMDataset>
  <PAMRasterBand band="1">
    <Histograms>
      <HistItem>
        <HistMin>213.2933333333333</HistMin>
        <HistMax>984.7066666666667</HistMax>
        <BucketCount>225</BucketCount>
        <IncludeOutOfRange>0</IncludeOutOfRange>
        <Approximate>0</Approximate>
        <HistCounts>1|2|2|1|4|2|7|0|4|4|3|1|2|6|1|3|2|3|2|3|3|0|4|1|9|1|3|3|2|7|3|2|2|1|2|2|1|1|3|0|1|1|2|2|1|1|1|0|1|0|2|1|2|1|1|2|1|1|0|3|0|2|0|1|1|1|1|0|0|0|0|0|0|0|0|0|1|0|0|1|0|0|0|0|1|1|0|0|0|1|1|1|0|1|0|0|0|2|0|0|0|0|0|1|1|0|0|1|1|0|0|1|0|0|0|1|3|0|3|1|0|2|3|1|3|0|3|3|1|1|3|0|0|0|2|1|3|1|1|3|0|2|1|0|1|1|0|0|4|0|2|0|1|0|0|2|1|1|1|0|1|1|1|0|1|0|2|1|0|0|0|0|0|1|0|0|0|0|1|0|0|0|1|0|0|1|1|0|0|0|1|0|0|1|2|0|1|0|0|0|0|0|1|0|0|0|0|0|0|0|0|0|1|0|0|0|0|0|0|1|0|0|0|0|1</HistCounts>
      </HistItem>
    </Histograms>
    <Metadata>
      <MDI key="STATISTICS_MINIMUM">215</MDI>
      <MDI key="STATISTICS_MAXIMUM">983</MDI>
      <MDI key="STATISTICS_MEAN">463.00888888889</MDI>
      <MDI key="STATISTICS_STDDEV">206.98087922664</MDI>
      <MDI key="STATISTICS_VALID_PERCENT">100</MDI>
    </Metadata>
  </PAMRasterBand>
  <PAMRasterBand band="2">
    <Histograms>
      <HistItem>
        <HistMin>146.7088888888889</HistMin>
        <HistMax>730.2911111111111</HistMax>
        <BucketCount>225</BucketCount>
        <IncludeOutOfRange>0</IncludeOutOfRange>
        <Approximate>0</Approximate>
        <HistCounts>1|0|2|3|0|1|2|1|1|1|3|0|2|2|2|3|3|7|3|1|3|2|4|4|3|4|0|2|0|1|4|2|3|3|7|7|4|5|6|1|2|1|2|1|1|2|0|1|1|0|1|0|1|0|0|3|0|1|2|0|0|1|0|0|0|0|2|2|0|0|0|0|2|0|1|0|0|1|1|0|0|1|0|2|0|0|2|1|0|0|0|0|0|2|0|0|0|0|0|0|0|0|0|1|1|1|0|0|1|0|0|0|0|0|0|0|0|1|3|0|0|0|0|0|0|0|0|0|0|0|0|0|0|0|0|0|1|1|0|0|0|0|0|0|1|0|0|0|0|0|1|0|0|1|0|0|0|1|0|0|0|1|1|0|0|0|0|0|0|0|1|0|0|1|0|1|1|2|0|2|1|0|2|0|5|2|2|1|0|1|0|2|5|2|0|2|2|1|1|3|2|1|4|2|3|3|2|2|1|0|1|3|0|0|2|0|0|1|0|0|0|1|0|0|1</HistCounts>
      </HistItem>
    </Histograms>
    <Metadata>
      <MDI key="STATISTICS_MINIMUM">148</MDI>
      <MDI key="STATISTICS_MAXIMUM">729</MDI>
      <MDI key="STATISTICS_MEAN">382.51555555556</MDI>
      <MDI key="STATISTICS_STDDEV">198.46869549467</MDI>
      <MDI key="STATISTICS_VALID_PERCENT">100</MDI>
    </Metadata>
  </PAMRasterBand>
  <PAMRasterBand band="3">
    <Histograms>
      <HistItem>
        <HistMin>187.08</HistMin>
        <HistMax>1054.92</HistMax>
        <BucketCount>225</BucketCount>
        <IncludeOutOfRange>0</IncludeOutOfRange>
        <Approximate>0</Approximate>
        <HistCounts>1|0|5|4|8|6|3|3|6|2|2|2|2|1|2|2|4|3|2|5|3|2|4|2|7|3|2|7|4|2|3|1|5|2|2|1|2|0|1|1|0|0|1|0|2|2|1|0|0|1|0|1|1|0|0|1|0|0|2|2|2|0|0|0|0|1|0|0|0|1|0|1|0|0|0|0|0|1|0|0|0|0|0|0|0|0|0|0|0|2|0|1|1|0|0|0|1|0|1|2|0|1|0|0|1|0|1|1|0|0|0|1|0|0|0|0|0|0|1|0|0|0|1|0|0|1|1|0|0|0|0|0|0|0|0|0|0|0|0|0|0|0|1|0|1|0|0|0|0|0|0|1|0|0|1|0|0|0|0|1|0|0|0|2|0|0|0|1|3|0|0|1|0|0|1|0|0|0|2|4|1|2|0|0|1|3|2|2|3|1|2|1|0|0|2|1|1|1|3|1|1|0|3|1|2|4|0|1|0|2|1|1|1|1|3|1|1|0|0|0|0|0|0|1|1</HistCounts>
      </HistItem>
    </Histograms>
    <Metadata>
      <MDI key="STATISTICS_MINIMUM">189</MDI>
      <MDI key="STATISTICS_MAXIMUM">1053</MDI>
      <MDI key="STATISTICS_MEAN">505.46666666667</MDI>
      <MDI key="STATISTICS_STDDEV">302.35957989711</MDI>
      <MDI key="STATISTICS_VALID_PERCENT">100</MDI>
    </Metadata>
  </PAMRasterBand>
</PAMDataset>
