<PAMDataset>
  <PAMRasterBand band="1">
    <Histograms>
      <HistItem>
        <HistMin>417.5288888888889</HistMin>
        <HistMax>1082.471111111111</HistMax>
        <BucketCount>225</BucketCount>
        <IncludeOutOfRange>0</IncludeOutOfRange>
        <Approximate>0</Approximate>
        <HistCounts>2|3|0|0|0|0|2|1|2|3|2|4|0|1|3|2|4|2|1|2|1|1|1|2|2|1|0|1|0|1|4|3|2|0|0|2|1|1|0|3|1|0|0|2|3|0|5|4|4|2|4|2|3|2|3|2|4|6|2|6|1|2|1|1|0|1|0|1|0|0|0|0|0|0|0|0|1|1|0|0|0|0|0|0|0|1|2|0|0|0|1|1|0|0|0|0|0|0|0|0|0|0|0|0|0|0|0|1|0|0|0|0|0|0|1|0|1|0|0|1|1|1|0|0|2|0|0|0|0|0|0|0|0|0|1|0|0|0|0|0|0|1|2|1|0|0|0|0|1|0|0|0|0|2|0|0|0|0|0|0|0|1|1|0|0|1|1|3|1|1|2|1|2|0|0|1|1|1|1|0|2|1|0|1|1|2|3|2|0|3|0|0|0|2|2|1|1|2|2|0|0|3|2|2|2|1|3|4|1|2|4|2|2|1|1|1|0|1|1|2|0|0|0|1|1</HistCounts>
      </HistItem>
    </Histograms>
    <Metadata>
      <MDI key="STATISTICS_MINIMUM">419</MDI>
      <MDI key="STATISTICS_MAXIMUM">1081</MDI>
      <MDI key="STATISTICS_MEAN">716.46222222222</MDI>
      <MDI key="STATISTICS_STDDEV">223.94449638633</MDI>
      <MDI key="STATISTICS_VALID_PERCENT">100</MDI>
    </Metadata>
  </PAMRasterBand>
  <PAMRasterBand band="2">
    <Histograms>
      <HistItem>
        <HistMin>364.3888888888889</HistMin>
        <HistMax>1092.611111111111</HistMax>
        <BucketCount>225</BucketCount>
        <IncludeOutOfRange>0</IncludeOutOfRange>
        <Approximate>0</Approximate>
        <HistCounts>2|0|1|1|1|1|3|2|1|3|1|1|4|2|2|3|2|4|1|1|1|3|0|4|0|2|3|2|2|0|1|0|1|1|0|2|3|0|1|0|1|0|2|1|4|0|2|0|1|1|1|0|2|3|3|4|2|2|5|3|2|5|2|2|4|1|4|1|1|1|3|0|0|1|1|1|0|0|1|0|0|1|0|2|0|0|1|0|0|0|1|2|0|0|1|0|0|1|0|0|0|1|0|0|0|0|1|0|0|0|0|1|1|0|0|0|1|0|1|0|0|0|1|2|0|1|0|0|0|1|0|0|2|1|0|0|0|1|0|0|0|1|0|0|0|1|2|0|2|0|0|0|1|1|0|0|1|1|0|0|0|0|0|1|0|0|2|0|2|0|2|2|0|0|1|0|0|0|0|1|1|0|0|1|0|0|0|0|3|0|3|1|3|1|0|0|1|0|1|1|1|1|0|1|1|3|3|3|1|1|1|1|5|1|1|3|1|2|0|0|1|2|0|0|2</HistCounts>
      </HistItem>
    </Histograms>
    <Metadata>
      <MDI key="STATISTICS_MINIMUM">366</MDI>
      <MDI key="STATISTICS_MAXIMUM">1091</MDI>
      <MDI key="STATISTICS_MEAN">674.16</MDI>
      <MDI key="STATISTICS_STDDEV">235.86651818348</MDI>
      <MDI key="STATISTICS_VALID_PERCENT">100</MDI>
    </Metadata>
  </PAMRasterBand>
  <PAMRasterBand band="3">
    <Histograms>
      <HistItem>
        <HistMin>483.3777777777778</HistMin>
        <HistMax>1668.622222222222</HistMax>
        <BucketCount>225</BucketCount>
        <IncludeOutOfRange>0</IncludeOutOfRange>
        <Approximate>0</Approximate>
        <HistCounts>1|1|0|2|0|0|5|3|3|5|4|2|4|3|2|5|1|1|0|1|3|0|2|3|0|2|1|2|0|0|1|1|1|2|1|3|2|1|0|0|1|1|3|3|0|0|1|2|0|2|5|4|2|2|3|4|3|4|3|2|2|1|4|3|2|1|1|0|1|0|3|1|1|0|3|0|1|0|1|0|0|0|0|1|0|0|0|1|0|1|0|0|0|0|0|0|1|1|0|0|1|0|0|2|1|0|1|0|0|0|0|0|0|0|0|0|2|1|1|0|0|0|1|1|1|0|0|0|1|0|0|2|1|1|0|0|1|0|1|0|0|0|0|1|1|0|0|1|0|0|0|0|0|1|0|3|1|1|1|1|0|0|0|0|0|1|1|1|0|0|3|0|0|0|2|0|0|0|0|0|1|1|1|2|1|2|0|1|0|1|1|2|1|0|2|1|1|2|0|1|0|1|2|0|0|3|0|1|2|0|3|2|0|0|1|2|1|0|0|0|1|1|1|1|1</HistCounts>
      </HistItem>
    </Histograms>
    <Metadata>
      <MDI key="STATISTICS_MINIMUM">486</MDI>
      <MDI key="STATISTICS_MAXIMUM">1666</MDI>
      <MDI key="STATISTICS_MEAN">948.10222222222</MDI>
      <MDI key="STATISTICS_STDDEV">370.83107054824</MDI>
      <MDI key="STATISTICS_VALID_PERCENT">100</MDI>
    </Metadata>
  </PAMRasterBand>
</PAMDataset>
