<PAMDataset>
  <PAMRasterBand band="1">
    <Histograms>
      <HistItem>
        <HistMin>256.1377777777778</HistMin>
        <HistMax>645.8622222222223</HistMax>
        <BucketCount>225</BucketCount>
        <IncludeOutOfRange>0</IncludeOutOfRange>
        <Approximate>0</Approximate>
        <HistCounts>1|0|0|0|0|0|1|0|1|1|2|0|1|0|2|0|1|4|1|1|2|0|0|1|2|1|4|5|2|3|0|6|6|7|5|8|7|4|5|1|4|1|2|0|4|1|4|4|7|2|1|5|0|6|4|2|0|3|1|0|2|3|2|0|3|3|3|0|2|1|0|2|0|1|0|1|0|2|0|1|0|0|0|1|1|0|0|2|0|1|0|0|1|0|0|2|2|0|1|1|1|0|1|0|1|0|0|2|0|0|0|0|0|0|0|1|0|0|0|0|0|1|1|0|1|0|0|0|0|0|0|0|2|0|0|1|0|1|0|0|2|0|0|0|1|0|2|1|1|1|1|0|0|2|0|0|1|0|0|1|0|0|3|3|0|0|0|2|1|0|1|0|0|0|2|0|0|0|0|0|0|0|3|0|1|0|1|0|0|0|0|1|0|0|0|2|0|0|0|0|0|0|0|0|1|0|0|0|0|0|0|0|0|1|1|0|0|0|0|0|0|1|0|0|1</HistCounts>
      </HistItem>
    </Histograms>
    <Metadata>
      <MDI key="STATISTICS_MINIMUM">257</MDI>
      <MDI key="STATISTICS_MAXIMUM">645</MDI>
      <MDI key="STATISTICS_MEAN">378.51555555556</MDI>
      <MDI key="STATISTICS_STDDEV">91.278577152109</MDI>
      <MDI key="STATISTICS_VALID_PERCENT">100</MDI>
    </Metadata>
  </PAMRasterBand>
  <PAMRasterBand band="2">
    <Histograms>
      <HistItem>
        <HistMin>190.2133333333333</HistMin>
        <HistMax>545.7866666666666</HistMax>
        <BucketCount>225</BucketCount>
        <IncludeOutOfRange>0</IncludeOutOfRange>
        <Approximate>0</Approximate>
        <HistCounts>1|0|0|0|0|1|1|0|0|0|2|3|1|0|0|0|1|0|4|1|2|0|2|6|1|1|3|7|4|2|4|1|6|5|3|7|1|2|1|4|4|1|2|2|1|0|4|3|1|0|0|2|2|2|5|0|1|2|4|5|2|3|0|3|1|2|0|2|3|1|0|1|3|1|0|1|0|2|0|0|1|1|1|1|2|0|0|2|0|2|1|0|1|0|1|0|1|0|0|2|0|2|0|2|1|1|0|0|0|2|0|1|1|0|0|1|1|0|0|0|0|0|0|1|0|3|2|2|0|0|1|0|0|0|3|0|1|1|0|0|0|0|1|1|0|0|0|0|0|2|0|1|0|0|1|0|0|0|0|1|0|1|0|0|0|0|0|0|0|1|0|1|0|1|0|0|1|0|1|0|4|0|2|1|0|2|3|1|1|1|0|0|1|1|0|0|0|3|0|0|0|0|1|0|0|0|0|0|1|0|1|0|1|0|0|0|0|0|0|0|0|2|0|0|1</HistCounts>
      </HistItem>
    </Histograms>
    <Metadata>
      <MDI key="STATISTICS_MINIMUM">191</MDI>
      <MDI key="STATISTICS_MAXIMUM">545</MDI>
      <MDI key="STATISTICS_MEAN">314.76888888889</MDI>
      <MDI key="STATISTICS_STDDEV">91.325984673275</MDI>
      <MDI key="STATISTICS_VALID_PERCENT">100</MDI>
    </Metadata>
  </PAMRasterBand>
  <PAMRasterBand band="3">
    <Histograms>
      <HistItem>
        <HistMin>178.8266666666667</HistMin>
        <HistMax>709.1733333333333</HistMax>
        <BucketCount>225</BucketCount>
        <IncludeOutOfRange>0</IncludeOutOfRange>
        <Approximate>0</Approximate>
        <HistCounts>1|0|2|2|2|2|2|3|2|4|1|1|0|2|2|1|1|2|0|2|1|1|3|2|1|5|4|2|7|1|2|0|0|0|1|0|3|1|0|1|1|0|1|1|1|1|3|1|0|1|0|0|0|4|1|6|0|5|2|4|0|4|4|0|2|1|1|4|5|2|3|3|0|1|2|0|2|0|2|1|0|2|2|0|1|1|0|1|0|1|1|1|2|0|1|1|2|1|0|3|0|0|1|0|2|1|1|1|0|0|0|0|2|1|2|1|0|0|1|1|1|1|0|1|2|0|1|1|2|0|0|2|1|0|1|1|1|0|0|0|1|0|0|0|0|0|0|2|0|0|0|1|0|0|0|0|0|0|2|0|0|1|2|0|1|0|0|0|2|0|0|0|0|0|0|0|0|1|2|1|1|0|1|0|0|0|2|2|2|3|1|0|1|0|2|1|0|0|0|1|0|0|3|0|0|2|0|0|1|0|0|0|0|0|0|0|0|0|0|0|0|0|0|0|1</HistCounts>
      </HistItem>
    </Histograms>
    <Metadata>
      <MDI key="STATISTICS_MINIMUM">180</MDI>
      <MDI key="STATISTICS_MAXIMUM">708</MDI>
      <MDI key="STATISTICS_MEAN">368.56888888889</MDI>
      <MDI key="STATISTICS_STDDEV">137.73922514378</MDI>
      <MDI key="STATISTICS_VALID_PERCENT">100</MDI>
    </Metadata>
  </PAMRasterBand>
</PAMDataset>
