<PAMDataset>
  <PAMRasterBand band="1">
    <Histograms>
      <HistItem>
        <HistMin>207.8066666666667</HistMin>
        <HistMax>1199.193333333333</HistMax>
        <BucketCount>225</BucketCount>
        <IncludeOutOfRange>0</IncludeOutOfRange>
        <Approximate>0</Approximate>
        <HistCounts>1|1|1|1|2|1|0|1|1|1|1|0|2|3|1|2|0|1|3|3|1|0|3|3|3|2|2|0|0|0|0|0|0|0|1|0|1|1|0|0|0|1|0|0|0|0|0|0|0|1|0|0|0|0|0|0|1|0|3|0|0|0|0|0|0|0|0|0|0|0|4|1|0|0|0|0|0|2|0|1|0|0|0|2|0|1|0|0|0|0|0|0|0|0|0|0|0|0|1|0|0|1|0|0|0|0|0|0|0|0|1|1|1|0|0|2|1|1|1|0|1|0|1|0|0|0|0|0|0|0|0|0|0|1|0|0|1|2|0|2|0|0|0|0|0|0|0|0|2|0|2|0|0|3|1|1|1|1|2|0|0|0|0|0|1|1|1|0|0|0|1|0|0|1|0|1|1|2|0|2|1|2|3|2|2|5|3|3|2|2|3|3|3|1|4|1|1|0|2|2|3|4|3|1|2|7|5|7|8|6|8|9|2|5|4|1|0|1|0|1|0|0|0|0|1</HistCounts>
      </HistItem>
    </Histograms>
    <Metadata>
      <MDI key="STATISTICS_MINIMUM">210</MDI>
      <MDI key="STATISTICS_MAXIMUM">1197</MDI>
      <MDI key="STATISTICS_MEAN">850.32444444444</MDI>
      <MDI key="STATISTICS_STDDEV">327.0607100664</MDI>
      <MDI key="STATISTICS_VALID_PERCENT">100</MDI>
    </Metadata>
  </PAMRasterBand>
  <PAMRasterBand band="2">
    <Histograms>
      <HistItem>
        <HistMin>262.1688888888889</HistMin>
        <HistMax>1541.831111111111</HistMax>
        <BucketCount>225</BucketCount>
        <IncludeOutOfRange>0</IncludeOutOfRange>
        <Approximate>0</Approximate>
        <HistCounts>1|1|1|0|3|0|5|4|2|2|2|1|0|1|1|0|0|0|0|1|1|0|0|1|0|2|1|3|0|0|0|1|1|1|1|0|1|0|0|0|1|1|0|1|0|0|0|0|0|0|0|0|0|0|1|0|1|0|1|0|1|0|0|0|0|0|0|0|1|0|0|0|0|0|0|0|2|1|1|1|0|0|0|1|0|0|1|0|0|0|3|0|0|1|0|1|0|0|1|0|0|0|0|0|1|0|0|0|2|0|0|0|0|1|0|1|0|0|1|1|0|2|0|0|1|0|0|0|0|0|0|0|0|1|0|0|1|2|0|0|0|0|0|1|0|0|2|0|1|0|1|1|0|0|0|2|0|1|0|0|0|1|1|1|1|0|0|1|1|0|0|1|1|0|0|0|0|0|2|2|2|1|2|3|4|5|1|8|8|1|8|7|8|7|6|2|8|6|5|6|8|1|4|7|1|2|2|0|0|2|0|0|0|1|1|0|2|0|0|0|0|1|0|0|1</HistCounts>
      </HistItem>
    </Histograms>
    <Metadata>
      <MDI key="STATISTICS_MINIMUM">265</MDI>
      <MDI key="STATISTICS_MAXIMUM">1539</MDI>
      <MDI key="STATISTICS_MEAN">1090.9866666667</MDI>
      <MDI key="STATISTICS_STDDEV">400.72733295569</MDI>
      <MDI key="STATISTICS_VALID_PERCENT">100</MDI>
    </Metadata>
  </PAMRasterBand>
  <PAMRasterBand band="3">
    <Histograms>
      <HistItem>
        <HistMin>267.0577777777778</HistMin>
        <HistMax>2500.942222222222</HistMax>
        <BucketCount>225</BucketCount>
        <IncludeOutOfRange>0</IncludeOutOfRange>
        <Approximate>0</Approximate>
        <HistCounts>1|0|0|1|0|1|0|1|1|1|0|1|2|3|0|2|3|1|2|0|0|1|1|2|0|0|0|0|3|1|0|1|0|1|1|2|1|1|2|1|0|0|0|0|1|0|0|0|1|0|1|0|0|0|0|0|0|1|0|0|1|0|0|1|1|0|0|1|0|0|0|0|0|0|0|1|1|0|0|0|0|1|0|0|1|1|1|1|0|0|0|1|1|1|1|0|0|0|0|1|1|0|1|0|1|1|0|0|0|0|0|1|1|0|0|1|0|0|0|1|0|0|2|0|1|0|0|0|0|0|0|0|0|0|1|0|1|1|0|1|1|1|0|1|0|0|0|1|0|2|1|0|0|0|1|0|0|1|0|0|1|0|1|1|1|0|1|0|0|0|0|2|1|0|0|1|0|0|3|2|0|2|0|1|0|0|1|1|2|3|1|3|4|4|6|6|8|5|13|9|13|10|7|4|3|3|2|0|4|0|1|2|3|0|1|0|1|0|0|1|2|0|1|1|1</HistCounts>
      </HistItem>
    </Histograms>
    <Metadata>
      <MDI key="STATISTICS_MINIMUM">272</MDI>
      <MDI key="STATISTICS_MAXIMUM">2496</MDI>
      <MDI key="STATISTICS_MEAN">1752.7511111111</MDI>
      <MDI key="STATISTICS_STDDEV">696.22551921764</MDI>
      <MDI key="STATISTICS_VALID_PERCENT">100</MDI>
    </Metadata>
  </PAMRasterBand>
</PAMDataset>
