<PAMDataset>
  <PAMRasterBand band="1">
    <Histograms>
      <HistItem>
        <HistMin>236.2222222222222</HistMin>
        <HistMax>587.7777777777778</HistMax>
        <BucketCount>225</BucketCount>
        <IncludeOutOfRange>0</IncludeOutOfRange>
        <Approximate>0</Approximate>
        <HistCounts>1|0|0|0|0|0|0|0|0|0|2|1|1|0|1|1|0|0|1|2|0|1|0|1|1|1|2|1|0|1|0|1|2|4|0|1|2|0|1|1|1|0|3|2|0|5|1|3|2|1|3|1|3|2|1|0|1|2|0|0|0|2|1|2|1|1|0|1|2|1|1|1|4|1|3|0|1|1|0|1|1|3|1|3|0|0|2|1|1|0|2|0|2|0|2|2|0|1|2|0|0|0|3|0|2|0|0|1|4|1|1|2|1|0|2|1|2|0|2|1|3|1|4|0|4|0|2|2|0|1|2|0|0|1|5|2|1|1|1|1|1|0|0|1|0|1|0|1|2|0|1|0|3|0|0|0|0|0|0|0|0|1|0|3|0|2|1|0|0|2|1|0|0|0|1|1|0|1|1|0|1|1|0|2|0|0|3|0|0|0|0|0|0|1|1|1|1|1|1|1|2|2|0|0|0|1|2|1|0|5|0|0|1|0|2|1|2|0|0|0|0|2|1|2|1</HistCounts>
      </HistItem>
    </Histograms>
    <Metadata>
      <MDI key="STATISTICS_MINIMUM">237</MDI>
      <MDI key="STATISTICS_MAXIMUM">587</MDI>
      <MDI key="STATISTICS_MEAN">405.37333333333</MDI>
      <MDI key="STATISTICS_STDDEV">94.088956489767</MDI>
      <MDI key="STATISTICS_VALID_PERCENT">100</MDI>
    </Metadata>
  </PAMRasterBand>
  <PAMRasterBand band="2">
    <Histograms>
      <HistItem>
        <HistMin>205.2733333333333</HistMin>
        <HistMax>533.7266666666667</HistMax>
        <BucketCount>225</BucketCount>
        <IncludeOutOfRange>0</IncludeOutOfRange>
        <Approximate>0</Approximate>
        <HistCounts>1|0|0|0|0|1|0|0|0|1|1|1|1|0|0|0|1|1|2|0|1|2|1|4|1|3|1|2|1|6|2|5|1|2|2|0|3|3|1|2|4|2|4|1|2|1|0|1|1|1|2|1|2|1|0|3|0|1|1|2|0|1|3|0|1|1|1|1|0|1|0|3|1|1|0|1|0|5|0|1|1|0|2|0|0|3|1|0|2|3|0|0|1|1|1|2|1|0|0|3|2|1|3|0|1|1|1|1|0|2|1|0|1|0|1|2|0|0|1|2|0|1|0|4|2|3|2|2|0|1|1|0|3|0|1|1|1|0|2|0|2|0|1|0|0|0|0|0|0|0|0|1|1|2|0|1|0|0|0|0|1|0|0|1|0|0|1|0|0|1|1|0|0|1|0|1|1|3|1|0|1|0|2|0|1|0|0|0|2|1|1|0|0|0|0|1|0|0|0|2|0|1|1|1|1|0|1|0|1|1|0|3|1|0|5|1|1|3|0|2|0|0|1|0|1</HistCounts>
      </HistItem>
    </Histograms>
    <Metadata>
      <MDI key="STATISTICS_MINIMUM">206</MDI>
      <MDI key="STATISTICS_MAXIMUM">533</MDI>
      <MDI key="STATISTICS_MEAN">349.22222222222</MDI>
      <MDI key="STATISTICS_STDDEV">92.643663545122</MDI>
      <MDI key="STATISTICS_VALID_PERCENT">100</MDI>
    </Metadata>
  </PAMRasterBand>
  <PAMRasterBand band="3">
    <Histograms>
      <HistItem>
        <HistMin>238.8822222222222</HistMin>
        <HistMax>744.1177777777777</HistMax>
        <BucketCount>225</BucketCount>
        <IncludeOutOfRange>0</IncludeOutOfRange>
        <Approximate>0</Approximate>
        <HistCounts>1|0|1|0|1|0|1|1|0|2|1|1|1|2|2|2|2|1|2|1|6|1|1|1|1|1|2|3|2|1|3|1|2|4|6|2|1|0|3|6|2|3|2|0|3|1|0|1|1|1|1|0|2|1|0|0|1|2|0|0|0|0|1|0|0|5|2|3|2|4|0|0|3|2|1|2|0|1|2|0|1|3|0|1|1|0|0|0|1|0|2|1|0|1|4|1|0|2|0|1|0|0|1|1|1|1|2|0|1|0|2|0|1|0|2|0|0|0|2|1|0|1|1|1|1|0|2|1|4|0|4|0|2|0|1|1|2|0|0|0|0|1|0|1|0|0|0|0|0|0|1|1|0|0|0|1|0|1|0|1|0|0|0|2|1|0|0|1|0|0|1|0|0|1|1|2|1|0|1|0|0|0|1|3|1|0|0|0|0|0|0|0|0|1|0|2|0|0|1|0|2|1|1|0|2|0|2|0|3|0|3|2|4|0|2|0|0|0|1|0|0|0|0|0|2</HistCounts>
      </HistItem>
    </Histograms>
    <Metadata>
      <MDI key="STATISTICS_MINIMUM">240</MDI>
      <MDI key="STATISTICS_MAXIMUM">743</MDI>
      <MDI key="STATISTICS_MEAN">445.22222222222</MDI>
      <MDI key="STATISTICS_STDDEV">145.09550707324</MDI>
      <MDI key="STATISTICS_VALID_PERCENT">100</MDI>
    </Metadata>
  </PAMRasterBand>
</PAMDataset>
