<PAMDataset>
  <PAMRasterBand band="1">
    <Histograms>
      <HistItem>
        <HistMin>231.4955555555556</HistMin>
        <HistMax>911.5044444444444</HistMax>
        <BucketCount>225</BucketCount>
        <IncludeOutOfRange>0</IncludeOutOfRange>
        <Approximate>0</Approximate>
        <HistCounts>1|1|1|1|0|0|0|0|0|0|0|0|1|1|0|0|0|1|0|1|0|0|0|0|1|1|0|2|0|0|1|0|3|2|2|1|0|0|5|0|10|0|3|2|2|2|1|5|2|4|1|5|6|6|5|1|6|1|3|2|2|1|2|1|2|3|1|3|0|0|3|2|1|1|1|1|1|1|1|0|0|1|1|1|3|0|0|1|1|0|0|1|1|1|1|1|0|1|0|0|0|2|1|1|0|0|0|2|2|1|1|0|2|0|1|1|0|1|0|2|2|0|2|1|1|0|0|0|1|0|0|1|1|1|0|0|0|1|1|0|1|1|1|1|0|2|0|1|1|0|0|0|3|0|1|0|0|0|0|0|1|0|2|1|0|0|0|0|0|0|0|1|1|3|2|0|1|0|2|2|1|2|0|0|0|0|1|1|1|0|1|0|2|2|0|2|0|1|0|1|1|0|2|1|2|0|1|3|0|0|1|1|0|0|2|0|0|0|1|0|1|2|0|0|1</HistCounts>
      </HistItem>
    </Histograms>
    <Metadata>
      <MDI key="STATISTICS_MINIMUM">233</MDI>
      <MDI key="STATISTICS_MAXIMUM">910</MDI>
      <MDI key="STATISTICS_MEAN">525.52444444444</MDI>
      <MDI key="STATISTICS_STDDEV">183.20975368935</MDI>
      <MDI key="STATISTICS_VALID_PERCENT">100</MDI>
    </Metadata>
  </PAMRasterBand>
  <PAMRasterBand band="2">
    <Histograms>
      <HistItem>
        <HistMin>238.2266666666667</HistMin>
        <HistMax>1039.773333333333</HistMax>
        <BucketCount>225</BucketCount>
        <IncludeOutOfRange>0</IncludeOutOfRange>
        <Approximate>0</Approximate>
        <HistCounts>1|1|0|0|1|1|0|0|0|0|1|1|1|1|0|2|1|3|0|1|0|1|1|2|3|1|3|1|2|2|2|3|3|9|3|8|3|5|1|4|2|3|3|1|4|4|1|4|4|3|1|1|2|1|0|2|2|0|0|1|2|4|0|1|0|0|0|1|0|1|0|1|1|1|1|1|0|0|0|1|1|2|3|3|1|0|1|0|1|1|0|0|0|0|1|1|0|1|0|1|1|1|0|0|2|2|1|1|0|0|0|1|1|1|1|0|1|1|2|0|4|0|1|0|0|1|0|0|0|0|0|0|0|1|2|0|0|1|0|0|4|0|1|2|0|1|0|0|0|1|2|0|1|1|0|0|2|0|1|2|0|1|0|0|0|0|0|1|0|1|2|3|1|0|3|1|0|0|1|0|1|1|0|0|2|0|1|0|1|0|0|0|0|1|0|1|0|0|1|1|0|1|0|1|0|0|1|0|2|0|1|1|0|0|0|2|0|0|0|0|1|0|1|2|1</HistCounts>
      </HistItem>
    </Histograms>
    <Metadata>
      <MDI key="STATISTICS_MINIMUM">240</MDI>
      <MDI key="STATISTICS_MAXIMUM">1038</MDI>
      <MDI key="STATISTICS_MEAN">545.12888888889</MDI>
      <MDI key="STATISTICS_STDDEV">219.3515419212</MDI>
      <MDI key="STATISTICS_VALID_PERCENT">100</MDI>
    </Metadata>
  </PAMRasterBand>
  <PAMRasterBand band="3">
    <Histograms>
      <HistItem>
        <HistMin>341.0555555555555</HistMin>
        <HistMax>1671.944444444444</HistMax>
        <BucketCount>225</BucketCount>
        <IncludeOutOfRange>0</IncludeOutOfRange>
        <Approximate>0</Approximate>
        <HistCounts>2|2|1|2|0|1|1|2|0|1|0|1|1|1|2|3|0|3|2|1|2|1|3|3|3|3|4|5|3|1|3|3|4|6|1|0|6|6|4|4|2|3|1|1|1|1|1|0|1|3|1|1|1|3|0|1|1|0|1|1|1|2|0|1|2|0|0|0|0|1|0|2|0|1|2|2|1|2|2|0|2|0|0|0|3|0|0|0|1|1|0|0|0|2|1|0|2|1|0|0|3|1|1|1|1|0|1|0|0|2|2|0|0|2|1|0|1|0|0|1|1|1|1|1|0|0|1|0|0|0|2|0|1|0|2|1|0|2|2|0|1|1|2|1|0|2|0|0|1|0|0|0|2|0|0|2|0|0|0|3|0|1|1|0|1|0|0|1|1|1|0|2|1|0|0|0|1|0|1|0|0|0|1|0|0|0|2|0|1|1|0|0|1|0|1|0|0|0|2|0|0|1|0|0|0|0|0|0|1|1|0|1|0|1|0|0|2|0|2|0|0|0|1|0|1</HistCounts>
      </HistItem>
    </Histograms>
    <Metadata>
      <MDI key="STATISTICS_MINIMUM">344</MDI>
      <MDI key="STATISTICS_MAXIMUM">1669</MDI>
      <MDI key="STATISTICS_MEAN">813.13777777778</MDI>
      <MDI key="STATISTICS_STDDEV">361.20160408706</MDI>
      <MDI key="STATISTICS_VALID_PERCENT">100</MDI>
    </Metadata>
  </PAMRasterBand>
</PAMDataset>
