<PAMDataset>
  <PAMRasterBand band="1">
    <Histograms>
      <HistItem>
        <HistMin>234.5044247787611</HistMin>
        <HistMax>347.4955752212389</HistMax>
        <BucketCount>113</BucketCount>
        <IncludeOutOfRange>0</IncludeOutOfRange>
        <Approximate>0</Approximate>
        <HistCounts>1|0|0|1|0|0|0|0|0|0|1|0|0|0|0|0|0|0|1|2|0|1|0|1|1|0|0|1|1|1|1|1|5|3|1|3|4|1|0|2|2|0|2|5|2|4|5|3|4|3|4|5|8|3|6|3|8|1|9|4|4|5|7|7|5|6|3|4|1|7|4|4|3|5|1|3|4|3|3|5|1|4|1|4|4|1|1|1|0|1|1|3|0|1|0|1|0|0|0|0|0|0|0|0|0|0|0|0|1|0|0|1|1</HistCounts>
      </HistItem>
    </Histograms>
    <Metadata>
      <MDI key="STATISTICS_MINIMUM">235</MDI>
      <MDI key="STATISTICS_MAXIMUM">347</MDI>
      <MDI key="STATISTICS_MEAN">293.73777777778</MDI>
      <MDI key="STATISTICS_STDDEV">18.470340054487</MDI>
      <MDI key="STATISTICS_VALID_PERCENT">100</MDI>
    </Metadata>
  </PAMRasterBand>
  <PAMRasterBand band="2">
    <Histograms>
      <HistItem>
        <HistMin>185.506329113924</HistMin>
        <HistMax>264.493670886076</HistMax>
        <BucketCount>79</BucketCount>
        <IncludeOutOfRange>0</IncludeOutOfRange>
        <Approximate>0</Approximate>
        <HistCounts>1|0|1|0|0|1|0|1|0|0|1|0|0|2|2|2|0|0|3|0|1|2|3|4|1|6|4|0|2|3|2|6|3|9|0|6|1|7|9|8|5|7|3|8|6|15|5|3|2|3|6|3|6|4|5|4|1|8|2|6|3|5|1|4|3|4|2|1|1|1|2|0|0|1|1|2|0|0|1</HistCounts>
      </HistItem>
    </Histograms>
    <Metadata>
      <MDI key="STATISTICS_MINIMUM">186</MDI>
      <MDI key="STATISTICS_MAXIMUM">264</MDI>
      <MDI key="STATISTICS_MEAN">228.94222222222</MDI>
      <MDI key="STATISTICS_STDDEV">14.99751814859</MDI>
      <MDI key="STATISTICS_VALID_PERCENT">100</MDI>
    </Metadata>
  </PAMRasterBand>
  <PAMRasterBand band="3">
    <Histograms>
      <HistItem>
        <HistMin>221.5038759689922</HistMin>
        <HistMax>350.4961240310078</HistMax>
        <BucketCount>129</BucketCount>
        <IncludeOutOfRange>0</IncludeOutOfRange>
        <Approximate>0</Approximate>
        <HistCounts>1|0|1|0|0|0|1|0|0|0|1|0|0|2|0|1|0|0|0|0|2|0|1|0|0|1|1|1|2|1|0|1|3|1|0|1|1|0|0|3|2|3|0|3|2|4|2|2|3|4|4|2|4|3|1|0|1|4|3|4|0|0|2|5|2|4|3|3|4|1|3|5|5|2|7|3|3|2|1|1|5|2|4|4|1|4|2|4|3|1|2|4|5|5|3|4|1|0|1|3|2|1|5|2|3|5|2|1|0|3|2|0|1|1|0|0|1|2|0|0|1|0|0|0|0|1|0|0|1</HistCounts>
      </HistItem>
    </Histograms>
    <Metadata>
      <MDI key="STATISTICS_MINIMUM">222</MDI>
      <MDI key="STATISTICS_MAXIMUM">350</MDI>
      <MDI key="STATISTICS_MEAN">292.68444444444</MDI>
      <MDI key="STATISTICS_STDDEV">26.104456456965</MDI>
      <MDI key="STATISTICS_VALID_PERCENT">100</MDI>
    </Metadata>
  </PAMRasterBand>
</PAMDataset>
