<PAMDataset>
  <PAMRasterBand band="1">
    <Histograms>
      <HistItem>
        <HistMin>278.7288888888889</HistMin>
        <HistMax>853.2711111111112</HistMax>
        <BucketCount>225</BucketCount>
        <IncludeOutOfRange>0</IncludeOutOfRange>
        <Approximate>0</Approximate>
        <HistCounts>2|0|0|0|2|0|0|0|0|0|0|2|0|1|0|0|1|1|0|1|0|2|0|1|3|2|3|3|2|3|0|2|2|3|1|1|4|3|3|2|2|2|5|4|4|4|1|2|1|5|1|4|1|0|1|1|2|0|2|0|1|1|0|0|0|0|1|1|1|2|4|1|1|0|1|1|2|0|2|0|3|2|1|0|0|1|0|0|1|1|0|0|0|1|0|0|1|2|0|1|0|1|2|0|1|0|1|1|3|1|0|2|1|2|2|2|1|2|2|2|2|5|0|2|0|0|1|1|0|5|0|1|2|3|3|4|1|2|3|1|2|1|4|3|0|0|1|0|1|0|0|0|2|0|0|1|0|1|1|0|0|0|2|0|1|0|1|0|2|0|0|0|0|0|1|1|1|0|0|1|0|1|0|0|0|1|0|0|0|1|0|0|0|1|0|1|0|0|2|0|0|1|0|1|0|0|0|0|0|0|0|0|0|0|0|1|0|0|0|0|0|0|0|0|1</HistCounts>
      </HistItem>
    </Histograms>
    <Metadata>
      <MDI key="STATISTICS_MINIMUM">280</MDI>
      <MDI key="STATISTICS_MAXIMUM">852</MDI>
      <MDI key="STATISTICS_MEAN">504.85333333333</MDI>
      <MDI key="STATISTICS_STDDEV">133.38096082692</MDI>
      <MDI key="STATISTICS_VALID_PERCENT">100</MDI>
    </Metadata>
  </PAMRasterBand>
  <PAMRasterBand band="2">
    <Histograms>
      <HistItem>
        <HistMin>271.6711111111111</HistMin>
        <HistMax>872.3288888888889</HistMax>
        <BucketCount>225</BucketCount>
        <IncludeOutOfRange>0</IncludeOutOfRange>
        <Approximate>0</Approximate>
        <HistCounts>2|1|0|1|0|0|1|0|2|1|1|0|4|1|2|0|0|1|2|1|0|1|3|1|3|0|2|3|2|3|1|2|0|2|1|0|4|4|3|2|3|2|5|2|0|2|3|0|2|2|2|2|3|1|0|0|1|2|1|0|1|0|2|1|1|1|0|0|0|2|1|0|3|1|1|2|0|0|0|2|1|0|1|0|1|0|1|2|2|0|2|1|0|1|3|0|0|2|1|1|1|2|1|1|2|3|1|1|2|0|1|4|0|1|1|1|0|0|6|3|0|5|0|3|2|4|6|0|2|0|0|3|1|2|0|2|1|1|0|0|1|2|0|0|1|2|1|0|0|1|0|0|0|0|0|0|0|0|1|2|1|0|1|1|2|0|3|0|0|0|0|0|2|0|0|0|0|0|1|0|1|1|1|0|1|0|1|0|0|0|2|0|0|0|0|1|1|0|0|0|0|0|0|0|0|0|0|0|0|0|0|0|0|0|1|0|0|0|0|0|0|0|1|1|1</HistCounts>
      </HistItem>
    </Histograms>
    <Metadata>
      <MDI key="STATISTICS_MINIMUM">273</MDI>
      <MDI key="STATISTICS_MAXIMUM">871</MDI>
      <MDI key="STATISTICS_MEAN">503.04</MDI>
      <MDI key="STATISTICS_STDDEV">142.41854810538</MDI>
      <MDI key="STATISTICS_VALID_PERCENT">100</MDI>
    </Metadata>
  </PAMRasterBand>
  <PAMRasterBand band="3">
    <Histograms>
      <HistItem>
        <HistMin>347.7355555555555</HistMin>
        <HistMax>1371.264444444445</HistMax>
        <BucketCount>225</BucketCount>
        <IncludeOutOfRange>0</IncludeOutOfRange>
        <Approximate>0</Approximate>
        <HistCounts>1|0|0|2|3|1|1|0|0|1|1|1|0|1|2|3|3|1|2|0|1|4|0|0|5|2|1|2|0|4|2|6|1|1|0|5|1|3|3|1|3|0|1|1|2|2|2|3|2|0|1|1|1|1|2|1|2|0|1|2|2|1|0|2|1|2|1|1|0|2|0|1|1|1|1|3|0|1|1|3|2|0|1|0|0|1|1|0|0|0|1|1|1|3|2|0|1|1|1|1|0|0|1|1|3|2|2|2|2|0|1|3|3|4|1|2|5|0|4|4|2|3|5|1|1|4|1|0|1|2|0|0|1|1|2|1|0|1|1|2|1|0|0|1|0|0|0|1|0|1|1|2|1|1|0|0|0|0|0|0|0|0|0|0|0|0|1|1|0|0|0|0|1|1|0|1|0|1|0|0|0|0|0|1|0|0|0|0|0|0|0|0|0|1|0|0|1|0|0|0|0|0|0|0|0|0|0|0|0|0|0|0|1|0|0|0|0|0|0|0|0|0|0|2|1</HistCounts>
      </HistItem>
    </Histograms>
    <Metadata>
      <MDI key="STATISTICS_MINIMUM">350</MDI>
      <MDI key="STATISTICS_MAXIMUM">1369</MDI>
      <MDI key="STATISTICS_MEAN">715.56444444444</MDI>
      <MDI key="STATISTICS_STDDEV">228.50183870455</MDI>
      <MDI key="STATISTICS_VALID_PERCENT">100</MDI>
    </Metadata>
  </PAMRasterBand>
</PAMDataset>
