<PAMDataset>
  <PAMRasterBand band="1">
    <Histograms>
      <HistItem>
        <HistMin>253.0644444444444</HistMin>
        <HistMax>675.9355555555555</HistMax>
        <BucketCount>225</BucketCount>
        <IncludeOutOfRange>0</IncludeOutOfRange>
        <Approximate>0</Approximate>
        <HistCounts>1|1|1|2|0|0|0|1|1|2|1|2|1|0|3|0|0|0|1|0|3|0|1|0|1|0|1|0|1|0|2|0|2|0|0|0|2|0|1|0|2|1|1|0|0|0|1|1|0|0|0|0|1|0|0|0|0|1|1|0|2|0|0|1|0|0|0|0|0|1|0|0|1|0|1|0|0|0|0|1|0|0|1|0|1|0|1|0|0|0|0|0|0|0|0|0|0|1|0|0|0|0|0|0|1|0|0|1|0|1|0|0|0|0|1|0|0|1|0|5|2|3|2|5|4|4|2|6|6|4|4|5|4|2|1|2|1|4|7|6|6|2|3|2|8|5|2|3|3|1|0|3|2|4|3|2|1|2|0|1|0|0|1|0|1|1|1|2|1|1|2|0|1|2|1|1|3|1|0|1|1|0|2|0|2|0|2|1|2|0|1|0|0|0|0|0|2|0|0|0|1|0|0|0|0|0|0|0|0|1|0|0|0|1|0|0|0|0|0|0|0|0|0|0|1</HistCounts>
      </HistItem>
    </Histograms>
    <Metadata>
      <MDI key="STATISTICS_MINIMUM">254</MDI>
      <MDI key="STATISTICS_MAXIMUM">675</MDI>
      <MDI key="STATISTICS_MEAN">479.95111111111</MDI>
      <MDI key="STATISTICS_STDDEV">96.894684230348</MDI>
      <MDI key="STATISTICS_VALID_PERCENT">100</MDI>
    </Metadata>
  </PAMRasterBand>
  <PAMRasterBand band="2">
    <Histograms>
      <HistItem>
        <HistMin>223.1688888888889</HistMin>
        <HistMax>598.8311111111111</HistMax>
        <BucketCount>225</BucketCount>
        <IncludeOutOfRange>0</IncludeOutOfRange>
        <Approximate>0</Approximate>
        <HistCounts>1|3|1|2|2|2|1|2|1|0|0|2|0|2|2|1|2|0|0|3|1|0|2|1|0|0|0|0|1|2|0|1|0|0|1|0|1|0|0|0|1|1|1|0|0|0|0|0|1|0|0|2|1|0|1|0|1|0|0|0|0|0|0|0|0|0|1|0|1|0|1|0|0|0|0|0|0|1|2|0|0|0|0|0|0|1|0|0|1|0|0|0|0|0|0|0|1|0|0|0|0|0|1|0|0|0|1|0|0|0|0|0|0|1|1|0|1|0|1|0|0|0|3|0|0|0|0|0|1|0|0|1|0|0|0|1|0|0|1|0|0|0|0|2|6|4|4|6|3|4|7|3|4|4|6|8|2|3|5|6|4|6|10|2|6|6|6|4|4|7|0|4|0|0|3|3|1|0|1|0|0|1|0|1|0|0|1|0|0|1|0|1|0|1|0|1|0|0|2|0|1|0|0|0|0|0|0|0|1|0|0|0|0|0|0|1|0|0|0|0|0|0|0|0|1</HistCounts>
      </HistItem>
    </Histograms>
    <Metadata>
      <MDI key="STATISTICS_MINIMUM">224</MDI>
      <MDI key="STATISTICS_MAXIMUM">598</MDI>
      <MDI key="STATISTICS_MEAN">435.88888888889</MDI>
      <MDI key="STATISTICS_STDDEV">97.97950402955</MDI>
      <MDI key="STATISTICS_VALID_PERCENT">100</MDI>
    </Metadata>
  </PAMRasterBand>
  <PAMRasterBand band="3">
    <Histograms>
      <HistItem>
        <HistMin>245.94</HistMin>
        <HistMax>725.0599999999999</HistMax>
        <BucketCount>225</BucketCount>
        <IncludeOutOfRange>0</IncludeOutOfRange>
        <Approximate>0</Approximate>
        <HistCounts>1|1|1|1|0|1|0|0|4|0|0|0|0|0|2|1|1|1|1|0|3|0|0|1|3|0|0|0|0|0|1|1|0|0|2|0|0|1|0|1|0|0|2|0|1|1|1|0|1|1|1|1|1|0|1|2|1|2|0|1|0|0|0|0|1|0|0|0|0|0|1|0|0|1|0|0|0|3|0|1|0|0|0|0|0|1|1|0|0|0|0|0|0|0|0|1|0|0|0|1|0|0|0|0|1|0|0|0|1|0|1|0|1|0|1|1|1|0|0|0|0|0|2|1|0|0|0|0|1|0|0|0|0|0|0|0|1|0|2|0|0|0|2|1|0|0|0|0|0|0|0|0|0|2|0|2|0|4|0|1|1|1|0|0|0|1|2|4|4|3|1|5|3|1|3|4|0|1|5|6|2|4|3|2|3|4|3|3|4|5|4|8|5|7|1|2|0|4|4|6|1|2|3|4|2|1|0|0|2|0|0|0|3|0|0|1|3|0|0|0|0|0|1|0|1</HistCounts>
      </HistItem>
    </Histograms>
    <Metadata>
      <MDI key="STATISTICS_MINIMUM">247</MDI>
      <MDI key="STATISTICS_MAXIMUM">724</MDI>
      <MDI key="STATISTICS_MEAN">555.17333333333</MDI>
      <MDI key="STATISTICS_STDDEV">138.34684656889</MDI>
      <MDI key="STATISTICS_VALID_PERCENT">100</MDI>
    </Metadata>
  </PAMRasterBand>
</PAMDataset>
