<PAMDataset>
  <PAMRasterBand band="1">
    <Histograms>
      <HistItem>
        <HistMin>229.1244444444444</HistMin>
        <HistMax>624.8755555555556</HistMax>
        <BucketCount>225</BucketCount>
        <IncludeOutOfRange>0</IncludeOutOfRange>
        <Approximate>0</Approximate>
        <HistCounts>3|2|0|0|0|1|0|1|2|0|0|0|0|1|1|0|0|0|0|1|1|1|1|1|0|0|1|0|1|0|0|1|0|0|0|0|1|1|0|0|1|0|0|0|2|1|0|0|0|0|0|0|0|0|0|0|0|0|0|1|0|0|0|0|1|0|0|0|1|3|1|0|2|1|1|0|0|3|2|6|3|2|3|0|5|1|1|2|7|3|2|0|2|1|3|1|2|8|3|3|1|1|2|4|3|5|8|2|4|3|0|4|2|1|1|2|3|3|1|2|0|4|1|4|0|3|1|3|2|1|1|1|5|1|2|1|1|0|1|1|0|0|2|2|1|0|1|0|2|0|0|1|2|1|0|2|0|2|1|0|1|0|0|0|1|2|1|1|0|0|1|1|0|0|0|0|0|2|0|0|0|0|0|0|1|1|0|0|1|1|0|0|0|0|1|0|0|0|0|2|0|0|0|0|0|0|1|0|0|0|0|1|0|0|1|1|0|1|0|0|0|0|1|0|1</HistCounts>
      </HistItem>
    </Histograms>
    <Metadata>
      <MDI key="STATISTICS_MINIMUM">230</MDI>
      <MDI key="STATISTICS_MAXIMUM">624</MDI>
      <MDI key="STATISTICS_MEAN">415.79111111111</MDI>
      <MDI key="STATISTICS_STDDEV">79.281248510805</MDI>
      <MDI key="STATISTICS_VALID_PERCENT">100</MDI>
    </Metadata>
  </PAMRasterBand>
  <PAMRasterBand band="2">
    <Histograms>
      <HistItem>
        <HistMin>218.1111111111111</HistMin>
        <HistMax>619.8888888888889</HistMax>
        <BucketCount>225</BucketCount>
        <IncludeOutOfRange>0</IncludeOutOfRange>
        <Approximate>0</Approximate>
        <HistCounts>1|0|0|0|2|0|1|0|0|1|0|1|0|1|1|3|3|0|1|0|2|2|1|0|0|0|0|0|1|0|0|0|2|0|1|0|0|1|0|1|0|2|0|0|0|2|1|1|5|2|2|2|2|3|1|1|0|2|5|1|4|2|1|1|2|3|3|5|1|3|2|4|1|6|2|2|4|2|2|0|2|3|4|2|1|5|2|2|3|1|2|4|2|3|0|0|4|5|1|2|3|0|3|2|4|0|3|1|2|2|3|1|1|3|1|0|1|0|1|1|0|2|0|0|1|0|0|2|1|1|0|0|1|0|1|1|0|0|1|0|0|1|0|0|0|1|2|0|0|0|1|0|0|0|0|1|0|0|0|0|0|0|0|0|1|0|0|0|0|1|2|0|1|0|1|1|0|0|1|1|0|1|0|1|0|0|0|0|0|0|2|0|0|0|0|0|0|0|0|1|0|1|0|0|0|0|0|0|0|0|0|1|1|0|0|0|1|0|0|1|0|0|0|0|1</HistCounts>
      </HistItem>
    </Histograms>
    <Metadata>
      <MDI key="STATISTICS_MINIMUM">219</MDI>
      <MDI key="STATISTICS_MAXIMUM">619</MDI>
      <MDI key="STATISTICS_MEAN">372.80444444444</MDI>
      <MDI key="STATISTICS_STDDEV">80.332293093004</MDI>
      <MDI key="STATISTICS_VALID_PERCENT">100</MDI>
    </Metadata>
  </PAMRasterBand>
  <PAMRasterBand band="3">
    <Histograms>
      <HistItem>
        <HistMin>250.4444444444445</HistMin>
        <HistMax>953.5555555555555</HistMax>
        <BucketCount>225</BucketCount>
        <IncludeOutOfRange>0</IncludeOutOfRange>
        <Approximate>0</Approximate>
        <HistCounts>1|0|0|0|2|0|0|0|0|0|1|1|2|0|1|0|1|0|1|0|2|2|1|0|1|1|0|1|2|1|0|0|0|1|0|1|1|0|0|1|0|1|1|0|2|2|3|3|3|4|2|5|4|1|3|2|4|5|2|4|3|4|5|0|3|1|3|6|3|1|4|0|6|4|3|1|4|0|3|1|1|3|1|3|4|4|4|2|2|0|4|2|4|0|1|0|4|1|3|1|1|0|1|0|0|0|2|3|6|1|1|0|2|2|1|0|0|1|0|0|0|1|0|0|0|0|0|0|0|0|1|1|0|0|0|1|0|1|0|1|1|1|0|0|1|0|0|0|1|0|1|1|0|0|0|1|0|0|0|1|0|0|1|0|0|1|0|1|0|1|0|0|1|0|1|0|0|0|0|0|0|0|0|0|0|0|0|0|0|0|1|0|2|1|0|0|0|0|0|0|0|0|0|0|1|0|0|0|1|0|0|1|0|0|0|1|0|0|0|0|0|0|0|0|1</HistCounts>
      </HistItem>
    </Histograms>
    <Metadata>
      <MDI key="STATISTICS_MINIMUM">252</MDI>
      <MDI key="STATISTICS_MAXIMUM">952</MDI>
      <MDI key="STATISTICS_MEAN">500.92888888889</MDI>
      <MDI key="STATISTICS_STDDEV">132.29977512742</MDI>
      <MDI key="STATISTICS_VALID_PERCENT">100</MDI>
    </Metadata>
  </PAMRasterBand>
</PAMDataset>
