<PAMDataset>
  <PAMRasterBand band="1">
    <Histograms>
      <HistItem>
        <HistMin>233.5034722222222</HistMin>
        <HistMax>377.4965277777778</HistMax>
        <BucketCount>144</BucketCount>
        <IncludeOutOfRange>0</IncludeOutOfRange>
        <Approximate>0</Approximate>
        <HistCounts>1|0|0|0|0|0|0|0|0|0|0|1|1|0|0|0|0|0|0|0|0|0|0|1|1|0|0|0|0|1|0|1|0|1|0|0|0|2|0|0|0|1|0|0|0|2|0|0|2|0|2|0|2|0|1|2|1|0|0|0|2|1|0|0|2|1|2|3|1|1|2|1|2|0|3|1|0|3|0|3|2|4|3|3|3|2|3|3|3|2|4|3|6|3|5|3|5|4|4|7|8|4|5|4|1|4|0|5|11|4|4|2|3|3|2|0|3|2|1|4|3|3|7|0|2|2|3|1|0|1|0|4|1|1|1|0|0|0|0|0|0|0|2|1</HistCounts>
      </HistItem>
    </Histograms>
    <Metadata>
      <MDI key="STATISTICS_MINIMUM">234</MDI>
      <MDI key="STATISTICS_MAXIMUM">377</MDI>
      <MDI key="STATISTICS_MEAN">327.31111111111</MDI>
      <MDI key="STATISTICS_STDDEV">25.61511899226</MDI>
      <MDI key="STATISTICS_VALID_PERCENT">100</MDI>
    </Metadata>
  </PAMRasterBand>
  <PAMRasterBand band="2">
    <Histograms>
      <HistItem>
        <HistMin>187.5036496350365</HistMin>
        <HistMax>324.4963503649635</HistMax>
        <BucketCount>137</BucketCount>
        <IncludeOutOfRange>0</IncludeOutOfRange>
        <Approximate>0</Approximate>
        <HistCounts>1|0|0|0|0|0|0|0|1|0|0|0|1|0|0|0|0|0|0|0|0|1|0|0|1|1|0|1|1|0|0|1|2|0|0|0|0|0|0|0|2|1|0|0|0|1|0|0|3|0|3|1|3|4|2|1|2|7|5|2|5|1|1|2|1|1|1|4|2|2|4|1|2|2|5|2|4|1|1|2|5|3|5|4|3|3|7|4|0|4|3|4|3|4|3|1|1|6|4|3|4|4|6|1|7|3|2|2|5|2|3|1|2|0|3|0|3|2|1|0|2|1|0|2|0|0|1|2|1|0|0|0|1|0|0|1|1</HistCounts>
      </HistItem>
    </Histograms>
    <Metadata>
      <MDI key="STATISTICS_MINIMUM">188</MDI>
      <MDI key="STATISTICS_MAXIMUM">324</MDI>
      <MDI key="STATISTICS_MEAN">270.04444444444</MDI>
      <MDI key="STATISTICS_STDDEV">25.318202108852</MDI>
      <MDI key="STATISTICS_VALID_PERCENT">100</MDI>
    </Metadata>
  </PAMRasterBand>
  <PAMRasterBand band="3">
    <Histograms>
      <HistItem>
        <HistMin>215.5025641025641</HistMin>
        <HistMax>410.4974358974359</HistMax>
        <BucketCount>195</BucketCount>
        <IncludeOutOfRange>0</IncludeOutOfRange>
        <Approximate>0</Approximate>
        <HistCounts>1|0|0|0|0|0|0|0|0|0|0|1|0|0|0|0|0|0|0|1|0|0|0|0|0|0|0|0|1|0|1|0|0|1|2|0|0|0|1|0|0|0|0|0|1|0|0|0|0|1|0|0|1|1|1|1|1|3|0|1|0|0|2|1|0|0|0|1|2|0|2|0|1|2|3|3|2|3|4|1|2|0|2|2|1|1|3|4|1|0|0|1|1|2|1|2|1|2|1|3|0|1|4|0|1|3|2|1|2|2|1|5|2|0|5|0|2|1|4|4|2|4|3|0|3|4|1|3|4|6|5|0|5|3|4|3|3|2|0|1|2|2|3|4|2|0|2|2|0|0|1|2|1|1|0|1|1|2|2|1|0|0|0|1|2|2|0|1|4|0|1|1|0|0|1|0|0|1|1|0|2|1|0|0|1|1|0|1|0|0|1|0|0|0|1</HistCounts>
      </HistItem>
    </Histograms>
    <Metadata>
      <MDI key="STATISTICS_MINIMUM">216</MDI>
      <MDI key="STATISTICS_MAXIMUM">410</MDI>
      <MDI key="STATISTICS_MEAN">329.08888888889</MDI>
      <MDI key="STATISTICS_STDDEV">37.300117498905</MDI>
      <MDI key="STATISTICS_VALID_PERCENT">100</MDI>
    </Metadata>
  </PAMRasterBand>
</PAMDataset>
