<PAMDataset>
  <PAMRasterBand band="1">
    <Histograms>
      <HistItem>
        <HistMin>305.5089285714286</HistMin>
        <HistMax>361.4910714285714</HistMax>
        <BucketCount>56</BucketCount>
        <IncludeOutOfRange>0</IncludeOutOfRange>
        <Approximate>0</Approximate>
        <HistCounts>1|0|1|1|2|0|0|0|1|2|1|1|2|1|3|2|1|1|2|1|5|2|6|6|1|2|7|9|5|6|15|10|9|7|6|7|8|7|9|6|5|9|8|7|3|4|5|3|7|7|0|3|1|2|3|2</HistCounts>
      </HistItem>
    </Histograms>
    <Metadata>
      <MDI key="STATISTICS_MINIMUM">306</MDI>
      <MDI key="STATISTICS_MAXIMUM">361</MDI>
      <MDI key="STATISTICS_MEAN">339.26222222222</MDI>
      <MDI key="STATISTICS_STDDEV">11.22329499823</MDI>
      <MDI key="STATISTICS_VALID_PERCENT">100</MDI>
    </Metadata>
  </PAMRasterBand>
  <PAMRasterBand band="2">
    <Histograms>
      <HistItem>
        <HistMin>245.5078125</HistMin>
        <HistMax>309.4921875</HistMax>
        <BucketCount>64</BucketCount>
        <IncludeOutOfRange>0</IncludeOutOfRange>
        <Approximate>0</Approximate>
        <HistCounts>1|0|1|0|1|0|0|0|1|0|0|1|0|0|0|1|0|1|1|3|1|4|1|2|1|2|2|2|2|3|6|6|4|1|9|10|10|9|7|10|7|8|8|6|12|5|5|9|5|7|5|4|7|5|9|2|5|3|2|0|3|2|2|1</HistCounts>
      </HistItem>
    </Histograms>
    <Metadata>
      <MDI key="STATISTICS_MINIMUM">246</MDI>
      <MDI key="STATISTICS_MAXIMUM">309</MDI>
      <MDI key="STATISTICS_MEAN">286.37777777778</MDI>
      <MDI key="STATISTICS_STDDEV">11.461023589907</MDI>
      <MDI key="STATISTICS_VALID_PERCENT">100</MDI>
    </Metadata>
  </PAMRasterBand>
  <PAMRasterBand band="3">
    <Histograms>
      <HistItem>
        <HistMin>296.5053191489362</HistMin>
        <HistMax>390.4946808510638</HistMax>
        <BucketCount>94</BucketCount>
        <IncludeOutOfRange>0</IncludeOutOfRange>
        <Approximate>0</Approximate>
        <HistCounts>1|0|0|0|0|0|0|1|0|1|0|0|0|1|0|0|0|0|0|0|0|0|0|0|0|0|1|0|0|0|0|1|0|0|0|0|0|1|0|1|1|4|0|4|0|1|6|2|1|3|0|3|1|4|6|7|11|3|9|4|9|14|9|12|7|10|10|7|5|8|10|7|5|4|6|4|3|4|4|2|1|2|1|0|0|1|0|0|0|1|0|0|0|1</HistCounts>
      </HistItem>
    </Histograms>
    <Metadata>
      <MDI key="STATISTICS_MINIMUM">297</MDI>
      <MDI key="STATISTICS_MAXIMUM">390</MDI>
      <MDI key="STATISTICS_MEAN">358.49333333333</MDI>
      <MDI key="STATISTICS_STDDEV">12.621012461588</MDI>
      <MDI key="STATISTICS_VALID_PERCENT">100</MDI>
    </Metadata>
  </PAMRasterBand>
</PAMDataset>
