<PAMDataset>
  <PAMRasterBand band="1">
    <Histograms>
      <HistItem>
        <HistMin>242.5027027027027</HistMin>
        <HistMax>427.4972972972973</HistMax>
        <BucketCount>185</BucketCount>
        <IncludeOutOfRange>0</IncludeOutOfRange>
        <Approximate>0</Approximate>
        <HistCounts>1|0|0|0|0|0|0|0|0|1|0|1|0|0|0|0|0|0|0|0|0|2|0|1|1|2|0|1|0|0|0|0|0|3|4|1|2|0|0|4|1|1|1|2|0|1|4|3|0|1|2|1|0|3|0|2|2|3|1|2|0|3|3|1|1|1|2|5|3|5|2|1|3|2|3|3|1|2|1|2|4|4|1|5|3|2|2|3|2|2|3|6|2|1|2|2|4|4|7|4|0|4|2|1|4|3|3|1|2|1|1|3|1|2|1|0|2|0|1|3|2|2|1|2|0|1|0|0|1|2|0|0|2|1|1|0|0|0|0|0|0|1|0|2|1|1|2|0|0|1|1|0|0|0|0|0|1|1|1|0|0|0|0|0|0|0|0|0|0|0|0|0|0|0|0|1|0|0|0|0|0|0|0|0|1</HistCounts>
      </HistItem>
    </Histograms>
    <Metadata>
      <MDI key="STATISTICS_MINIMUM">243</MDI>
      <MDI key="STATISTICS_MAXIMUM">427</MDI>
      <MDI key="STATISTICS_MEAN">326.34222222222</MDI>
      <MDI key="STATISTICS_STDDEV">32.900972554952</MDI>
      <MDI key="STATISTICS_VALID_PERCENT">100</MDI>
    </Metadata>
  </PAMRasterBand>
  <PAMRasterBand band="2">
    <Histograms>
      <HistItem>
        <HistMin>197.5028571428572</HistMin>
        <HistMax>372.4971428571429</HistMax>
        <BucketCount>175</BucketCount>
        <IncludeOutOfRange>0</IncludeOutOfRange>
        <Approximate>0</Approximate>
        <HistCounts>1|0|0|0|1|0|1|0|0|0|0|0|1|1|1|1|3|0|4|2|1|0|1|1|0|3|1|2|4|4|1|1|4|1|1|2|4|4|5|0|4|4|3|2|4|3|3|2|3|4|0|6|6|2|2|2|1|2|3|3|2|2|0|3|2|2|3|3|1|2|1|1|2|3|1|1|6|1|4|1|4|2|3|2|2|5|3|1|3|0|1|2|1|4|1|1|2|0|3|0|1|1|1|0|1|0|3|0|1|1|1|1|0|0|4|2|1|0|0|1|1|1|0|1|0|0|0|0|0|0|0|0|0|0|0|0|0|0|0|0|0|0|1|1|1|0|0|0|0|0|0|0|0|0|0|1|0|0|0|0|0|1|0|0|0|0|0|0|0|0|0|0|1|0|1</HistCounts>
      </HistItem>
    </Histograms>
    <Metadata>
      <MDI key="STATISTICS_MINIMUM">198</MDI>
      <MDI key="STATISTICS_MAXIMUM">372</MDI>
      <MDI key="STATISTICS_MEAN">261.45333333333</MDI>
      <MDI key="STATISTICS_STDDEV">32.416988687347</MDI>
      <MDI key="STATISTICS_VALID_PERCENT">100</MDI>
    </Metadata>
  </PAMRasterBand>
  <PAMRasterBand band="3">
    <Histograms>
      <HistItem>
        <HistMin>239.2577777777778</HistMin>
        <HistMax>574.7422222222223</HistMax>
        <BucketCount>225</BucketCount>
        <IncludeOutOfRange>0</IncludeOutOfRange>
        <Approximate>0</Approximate>
        <HistCounts>1|0|0|0|1|1|0|0|1|0|2|0|0|0|0|0|0|2|1|0|0|0|0|0|0|2|1|0|0|1|2|3|4|2|1|3|3|1|3|3|3|4|5|4|4|2|2|1|2|0|3|6|2|0|4|2|4|3|3|0|3|1|1|2|4|0|0|1|4|1|2|1|0|2|5|2|1|0|1|1|7|1|3|1|5|4|1|2|0|3|1|2|1|1|2|2|0|3|0|4|0|0|3|1|3|3|2|5|0|2|0|2|0|0|1|3|0|0|1|3|0|1|1|1|0|0|0|2|0|0|0|0|0|1|0|0|0|1|0|0|1|1|3|1|0|0|1|0|0|0|0|0|2|0|1|0|0|0|0|0|1|0|1|1|0|0|0|0|1|0|0|0|0|0|1|1|0|0|0|0|1|0|1|0|0|0|0|0|0|0|1|0|0|0|0|0|0|0|0|0|0|0|0|0|0|1|0|0|0|0|0|0|0|0|0|0|0|0|0|0|1|0|0|0|1</HistCounts>
      </HistItem>
    </Histograms>
    <Metadata>
      <MDI key="STATISTICS_MINIMUM">240</MDI>
      <MDI key="STATISTICS_MAXIMUM">574</MDI>
      <MDI key="STATISTICS_MEAN">355.04</MDI>
      <MDI key="STATISTICS_STDDEV">62.020664656584</MDI>
      <MDI key="STATISTICS_VALID_PERCENT">100</MDI>
    </Metadata>
  </PAMRasterBand>
</PAMDataset>
