<PAMDataset>
  <PAMRasterBand band="1">
    <Histograms>
      <HistItem>
        <HistMin>235.3377777777778</HistMin>
        <HistMax>534.6622222222222</HistMax>
        <BucketCount>225</BucketCount>
        <IncludeOutOfRange>0</IncludeOutOfRange>
        <Approximate>0</Approximate>
        <HistCounts>1|0|0|0|0|0|2|0|0|0|0|0|0|1|2|1|1|0|0|0|0|0|0|0|0|0|0|0|0|2|0|0|1|1|1|1|1|1|2|2|1|3|2|1|5|1|2|4|2|0|2|3|2|3|3|1|6|0|2|3|1|2|1|3|3|2|2|1|4|2|0|3|2|3|2|2|0|2|0|2|3|0|0|1|3|1|1|0|0|1|0|0|1|0|0|0|0|0|0|0|0|1|1|2|0|2|1|0|2|1|0|1|0|1|0|0|0|0|0|0|2|0|1|2|1|2|2|0|0|0|0|1|0|0|1|3|0|1|1|0|0|0|0|1|1|0|1|0|1|1|1|0|2|0|1|1|0|0|0|0|0|3|1|2|0|3|2|1|3|0|2|0|1|0|2|2|3|2|2|2|3|2|1|3|1|1|1|1|0|1|0|0|2|1|2|1|0|1|1|1|1|1|0|1|3|0|0|1|1|1|2|0|1|0|0|0|1|0|2|1|1|0|0|0|1</HistCounts>
      </HistItem>
    </Histograms>
    <Metadata>
      <MDI key="STATISTICS_MINIMUM">236</MDI>
      <MDI key="STATISTICS_MAXIMUM">534</MDI>
      <MDI key="STATISTICS_MEAN">381.44</MDI>
      <MDI key="STATISTICS_STDDEV">81.438550521919</MDI>
      <MDI key="STATISTICS_VALID_PERCENT">100</MDI>
    </Metadata>
  </PAMRasterBand>
  <PAMRasterBand band="2">
    <Histograms>
      <HistItem>
        <HistMin>234.3533333333333</HistMin>
        <HistMax>526.6466666666666</HistMax>
        <BucketCount>225</BucketCount>
        <IncludeOutOfRange>0</IncludeOutOfRange>
        <Approximate>0</Approximate>
        <HistCounts>1|0|0|0|0|3|0|2|6|3|4|2|4|2|4|7|3|2|5|1|1|4|6|2|1|3|4|4|3|2|3|1|3|1|0|4|1|0|1|3|1|0|3|1|0|3|1|1|2|0|0|0|1|2|0|1|1|0|0|2|0|3|0|0|0|0|0|0|0|0|0|0|0|1|0|2|0|2|0|1|0|0|2|0|1|0|1|2|0|2|1|0|0|0|0|0|1|0|0|1|0|1|1|0|0|3|0|1|1|1|1|0|3|2|1|0|0|0|0|0|0|0|0|0|0|2|1|0|1|1|1|1|0|0|0|2|0|1|0|2|1|0|0|0|0|0|0|0|0|0|0|0|2|0|0|1|0|0|0|2|2|1|1|1|1|2|0|0|1|1|0|4|0|0|0|2|0|1|0|3|0|3|2|1|3|2|1|0|1|2|0|1|4|0|1|0|2|0|0|0|0|1|3|1|0|2|1|0|2|1|1|1|0|0|0|0|0|0|0|0|0|0|0|0|1</HistCounts>
      </HistItem>
    </Histograms>
    <Metadata>
      <MDI key="STATISTICS_MINIMUM">235</MDI>
      <MDI key="STATISTICS_MAXIMUM">526</MDI>
      <MDI key="STATISTICS_MEAN">345.56</MDI>
      <MDI key="STATISTICS_STDDEV">90.811537201442</MDI>
      <MDI key="STATISTICS_VALID_PERCENT">100</MDI>
    </Metadata>
  </PAMRasterBand>
  <PAMRasterBand band="3">
    <Histograms>
      <HistItem>
        <HistMin>230.9288888888889</HistMin>
        <HistMax>715.0711111111111</HistMax>
        <BucketCount>225</BucketCount>
        <IncludeOutOfRange>0</IncludeOutOfRange>
        <Approximate>0</Approximate>
        <HistCounts>1|0|1|0|0|2|1|4|1|3|2|1|7|5|2|3|3|1|3|0|2|0|3|3|2|4|7|3|1|0|4|3|0|3|2|2|2|1|1|3|3|1|2|0|1|0|0|2|3|1|0|1|2|4|0|0|1|0|1|0|0|1|0|0|2|2|1|0|0|2|0|0|2|1|0|0|2|0|0|0|0|0|1|0|0|1|1|2|0|0|0|1|1|0|0|0|0|1|0|1|0|1|0|0|2|1|0|1|0|2|1|4|3|0|0|0|1|0|2|1|0|1|0|0|1|0|1|1|1|0|0|0|3|0|0|0|1|0|1|0|0|0|0|1|1|0|1|0|0|0|0|0|0|1|1|0|2|0|1|1|0|1|2|0|1|0|0|0|1|1|1|0|1|0|0|0|0|0|1|0|1|3|1|1|3|4|2|0|1|3|1|1|2|3|2|4|1|0|4|0|1|3|0|1|2|1|0|0|0|1|0|0|0|1|0|0|0|0|0|0|0|0|0|0|1</HistCounts>
      </HistItem>
    </Histograms>
    <Metadata>
      <MDI key="STATISTICS_MINIMUM">232</MDI>
      <MDI key="STATISTICS_MAXIMUM">714</MDI>
      <MDI key="STATISTICS_MEAN">423.99111111111</MDI>
      <MDI key="STATISTICS_STDDEV">150.16607076792</MDI>
      <MDI key="STATISTICS_VALID_PERCENT">100</MDI>
    </Metadata>
  </PAMRasterBand>
</PAMDataset>
