<PAMDataset>
  <PAMRasterBand band="1">
    <Histograms>
      <HistItem>
        <HistMin>252.1111111111111</HistMin>
        <HistMax>653.8888888888889</HistMax>
        <BucketCount>225</BucketCount>
        <IncludeOutOfRange>0</IncludeOutOfRange>
        <Approximate>0</Approximate>
        <HistCounts>1|1|0|0|0|0|0|2|0|0|0|3|3|3|4|3|1|3|4|1|2|2|4|3|6|2|1|0|2|2|1|1|0|2|0|2|0|2|1|2|2|2|0|0|1|1|1|1|1|4|1|0|0|1|0|2|0|1|2|0|0|0|2|2|0|0|0|0|2|2|1|2|0|1|0|0|4|1|0|1|2|0|0|1|0|3|2|2|2|0|2|4|1|1|4|0|1|1|0|3|1|4|3|2|1|4|2|2|0|7|2|6|3|6|4|4|1|0|1|3|2|1|1|1|1|2|0|0|0|0|0|0|0|2|1|0|0|0|0|0|0|1|0|1|0|0|1|0|0|0|0|0|0|0|1|0|0|0|2|0|0|0|0|1|0|0|0|0|0|0|0|0|0|0|0|0|1|0|0|0|1|0|0|0|1|0|0|0|0|0|0|0|0|1|0|1|0|1|0|0|0|0|0|1|2|0|5|1|1|0|0|0|1|0|0|0|0|0|0|0|0|1|1|0|1</HistCounts>
      </HistItem>
    </Histograms>
    <Metadata>
      <MDI key="STATISTICS_MINIMUM">253</MDI>
      <MDI key="STATISTICS_MAXIMUM">653</MDI>
      <MDI key="STATISTICS_MEAN">402.48444444444</MDI>
      <MDI key="STATISTICS_STDDEV">97.245764159235</MDI>
      <MDI key="STATISTICS_VALID_PERCENT">100</MDI>
    </Metadata>
  </PAMRasterBand>
  <PAMRasterBand band="2">
    <Histograms>
      <HistItem>
        <HistMin>204.0533333333333</HistMin>
        <HistMax>631.9466666666667</HistMax>
        <BucketCount>225</BucketCount>
        <IncludeOutOfRange>0</IncludeOutOfRange>
        <Approximate>0</Approximate>
        <HistCounts>3|3|0|5|0|0|4|4|4|3|1|3|1|3|3|0|0|3|4|0|1|2|3|3|3|1|0|0|3|2|3|1|1|3|0|0|0|0|2|1|0|0|1|2|2|0|0|1|0|1|2|0|0|0|1|1|1|1|1|3|0|1|2|0|0|2|0|1|0|0|0|0|0|0|0|2|3|0|0|1|1|1|0|0|0|0|1|2|2|1|0|2|0|0|3|0|0|0|2|2|0|1|0|2|2|0|2|1|1|2|1|1|2|0|2|4|3|0|4|0|3|7|0|3|4|8|6|4|2|2|6|1|2|6|0|1|0|1|0|1|0|0|0|0|0|0|1|0|1|0|0|0|0|0|0|1|0|0|1|1|0|0|0|0|0|0|0|0|0|0|0|0|0|0|0|1|1|0|1|0|1|0|1|0|0|1|0|0|1|0|0|0|1|0|0|1|0|0|1|0|1|0|1|0|0|0|1|0|0|0|0|0|0|0|0|1|0|0|0|1|0|0|0|0|1</HistCounts>
      </HistItem>
    </Histograms>
    <Metadata>
      <MDI key="STATISTICS_MINIMUM">205</MDI>
      <MDI key="STATISTICS_MAXIMUM">631</MDI>
      <MDI key="STATISTICS_MEAN">362.77777777778</MDI>
      <MDI key="STATISTICS_STDDEV">107.39528003055</MDI>
      <MDI key="STATISTICS_VALID_PERCENT">100</MDI>
    </Metadata>
  </PAMRasterBand>
  <PAMRasterBand band="3">
    <Histograms>
      <HistItem>
        <HistMin>183.3755555555556</HistMin>
        <HistMax>917.6244444444444</HistMax>
        <BucketCount>225</BucketCount>
        <IncludeOutOfRange>0</IncludeOutOfRange>
        <Approximate>0</Approximate>
        <HistCounts>2|0|1|3|0|3|3|1|2|0|1|1|1|3|2|1|2|4|1|1|1|1|1|1|3|2|3|2|1|4|0|3|1|1|1|2|3|0|1|0|2|0|1|1|1|1|1|1|1|1|0|2|1|4|1|0|2|0|0|1|1|0|0|3|1|2|0|1|1|0|1|1|0|0|3|0|1|1|1|1|0|0|2|0|3|0|0|0|1|0|4|0|0|0|2|0|0|0|0|1|0|1|2|3|2|3|1|2|2|0|4|2|0|1|2|0|3|1|2|0|2|1|2|2|3|5|3|6|3|2|3|2|3|4|4|4|3|2|2|1|0|1|0|1|1|0|0|0|1|0|0|0|0|0|0|0|0|0|0|1|1|1|0|0|0|0|0|1|0|1|1|0|0|0|0|0|1|0|0|0|0|0|0|1|0|1|0|0|0|1|0|0|0|0|0|0|1|1|0|0|1|0|0|0|1|0|0|0|1|0|0|1|0|0|0|0|0|1|0|0|0|0|0|0|1</HistCounts>
      </HistItem>
    </Histograms>
    <Metadata>
      <MDI key="STATISTICS_MINIMUM">185</MDI>
      <MDI key="STATISTICS_MAXIMUM">916</MDI>
      <MDI key="STATISTICS_MEAN">465.80888888889</MDI>
      <MDI key="STATISTICS_STDDEV">176.27277828817</MDI>
      <MDI key="STATISTICS_VALID_PERCENT">100</MDI>
    </Metadata>
  </PAMRasterBand>
</PAMDataset>
