<PAMDataset>
  <PAMRasterBand band="1">
    <Histograms>
      <HistItem>
        <HistMin>249.5025906735751</HistMin>
        <HistMax>442.4974093264249</HistMax>
        <BucketCount>193</BucketCount>
        <IncludeOutOfRange>0</IncludeOutOfRange>
        <Approximate>0</Approximate>
        <HistCounts>1|1|0|0|0|0|0|1|0|1|1|1|2|3|0|0|2|1|1|1|1|1|2|2|1|0|2|0|0|1|2|1|2|2|2|2|4|1|2|3|4|0|2|1|4|1|3|1|2|6|4|2|9|4|0|5|7|1|3|3|4|4|5|1|5|4|4|1|0|2|1|4|3|1|2|3|1|3|2|1|1|1|0|0|2|1|0|1|2|0|1|1|3|1|1|3|2|1|0|1|0|1|1|2|0|1|3|1|1|0|0|1|1|2|0|1|1|1|2|1|1|0|1|1|0|1|2|0|0|0|1|0|3|0|2|0|0|0|0|0|0|1|0|0|1|0|1|0|0|0|1|0|1|0|0|1|0|2|0|0|0|1|0|0|0|0|0|0|0|0|0|0|0|0|0|0|0|0|0|0|0|1|0|0|0|0|0|0|0|0|0|0|1</HistCounts>
      </HistItem>
    </Histograms>
    <Metadata>
      <MDI key="STATISTICS_MINIMUM">250</MDI>
      <MDI key="STATISTICS_MAXIMUM">442</MDI>
      <MDI key="STATISTICS_MEAN">317.66666666667</MDI>
      <MDI key="STATISTICS_STDDEV">36.432098179734</MDI>
      <MDI key="STATISTICS_VALID_PERCENT">100</MDI>
    </Metadata>
  </PAMRasterBand>
  <PAMRasterBand band="2">
    <Histograms>
      <HistItem>
        <HistMin>190.5029411764706</HistMin>
        <HistMax>360.4970588235294</HistMax>
        <BucketCount>170</BucketCount>
        <IncludeOutOfRange>0</IncludeOutOfRange>
        <Approximate>0</Approximate>
        <HistCounts>1|0|0|0|1|0|1|0|1|1|0|1|2|0|3|1|2|2|1|0|0|2|3|1|0|1|1|2|3|1|1|1|2|0|4|4|6|6|3|4|1|1|4|3|1|2|5|1|5|5|4|4|2|3|6|3|6|1|2|2|2|4|4|1|3|2|2|4|5|2|0|1|3|1|2|1|0|3|1|3|1|2|4|2|0|2|0|1|2|1|0|2|1|0|1|0|1|3|2|1|1|0|2|1|0|1|1|1|1|1|0|1|1|0|0|0|1|0|0|0|0|0|0|1|0|1|2|2|0|0|0|2|0|1|0|0|1|1|0|0|1|1|0|1|0|0|1|0|0|0|0|0|0|1|0|1|0|1|0|0|0|0|1|0|0|0|0|0|0|1</HistCounts>
      </HistItem>
    </Histograms>
    <Metadata>
      <MDI key="STATISTICS_MINIMUM">191</MDI>
      <MDI key="STATISTICS_MAXIMUM">360</MDI>
      <MDI key="STATISTICS_MEAN">253.66222222222</MDI>
      <MDI key="STATISTICS_STDDEV">34.282248654945</MDI>
      <MDI key="STATISTICS_VALID_PERCENT">100</MDI>
    </Metadata>
  </PAMRasterBand>
  <PAMRasterBand band="3">
    <Histograms>
      <HistItem>
        <HistMin>204.4555555555555</HistMin>
        <HistMax>450.5444444444444</HistMax>
        <BucketCount>225</BucketCount>
        <IncludeOutOfRange>0</IncludeOutOfRange>
        <Approximate>0</Approximate>
        <HistCounts>1|1|1|0|1|2|0|0|0|1|5|3|1|3|1|2|2|0|3|3|0|7|4|3|4|4|3|6|3|5|2|3|1|5|3|1|4|3|3|2|2|1|2|3|5|0|3|2|4|2|4|1|4|1|0|1|2|2|2|3|2|2|2|2|3|2|0|2|1|2|5|3|1|1|1|2|1|1|0|1|3|3|1|0|2|2|0|2|3|1|0|2|0|1|1|1|0|1|1|0|2|0|2|1|3|0|1|1|2|1|0|1|3|0|0|0|1|0|1|0|1|0|1|0|1|1|0|0|0|0|0|1|0|0|0|0|0|0|0|0|0|0|0|0|0|0|0|0|0|0|0|0|0|0|0|0|0|0|0|1|1|0|0|0|0|0|0|0|0|0|0|0|0|0|0|0|0|0|0|0|0|0|0|0|0|0|0|0|0|0|0|0|0|0|0|0|0|0|0|0|0|0|0|0|0|0|0|0|0|0|0|0|0|0|0|0|0|0|0|0|0|0|0|0|1</HistCounts>
      </HistItem>
    </Histograms>
    <Metadata>
      <MDI key="STATISTICS_MINIMUM">205</MDI>
      <MDI key="STATISTICS_MAXIMUM">450</MDI>
      <MDI key="STATISTICS_MEAN">263.44888888889</MDI>
      <MDI key="STATISTICS_STDDEV">37.611680350197</MDI>
      <MDI key="STATISTICS_VALID_PERCENT">100</MDI>
    </Metadata>
  </PAMRasterBand>
</PAMDataset>
