<PAMDataset>
  <PAMRasterBand band="1">
    <Histograms>
      <HistItem>
        <HistMin>215.3422222222222</HistMin>
        <HistMax>964.6577777777778</HistMax>
        <BucketCount>225</BucketCount>
        <IncludeOutOfRange>0</IncludeOutOfRange>
        <Approximate>0</Approximate>
        <HistCounts>1|2|1|3|5|3|3|2|5|3|4|3|1|2|5|2|2|3|3|1|3|6|2|10|3|4|6|6|2|3|2|4|6|4|4|5|2|1|3|4|5|8|5|4|6|1|1|3|1|1|2|3|0|1|1|1|0|0|0|1|1|0|1|1|1|1|1|0|0|0|0|2|2|0|0|0|0|0|0|0|0|0|0|3|0|1|0|0|0|0|0|0|0|0|0|0|0|0|1|0|0|0|0|0|0|0|0|3|0|0|0|0|1|0|0|1|0|1|1|0|0|0|0|0|0|0|0|1|0|1|0|0|0|0|0|0|0|0|0|0|0|0|0|0|0|0|0|0|2|1|0|0|2|0|0|0|0|0|1|1|0|0|0|0|0|0|0|0|0|0|0|0|0|0|0|1|0|1|0|1|0|0|2|0|0|0|0|0|0|0|1|2|0|0|1|1|1|1|0|0|0|0|0|1|0|1|0|0|0|0|0|0|1|0|0|0|0|0|0|0|0|0|0|0|1</HistCounts>
      </HistItem>
    </Histograms>
    <Metadata>
      <MDI key="STATISTICS_MINIMUM">217</MDI>
      <MDI key="STATISTICS_MAXIMUM">963</MDI>
      <MDI key="STATISTICS_MEAN">380.93777777778</MDI>
      <MDI key="STATISTICS_STDDEV">169.78801330403</MDI>
      <MDI key="STATISTICS_VALID_PERCENT">100</MDI>
    </Metadata>
  </PAMRasterBand>
  <PAMRasterBand band="2">
    <Histograms>
      <HistItem>
        <HistMin>159.7155555555556</HistMin>
        <HistMax>1192.284444444444</HistMax>
        <BucketCount>225</BucketCount>
        <IncludeOutOfRange>0</IncludeOutOfRange>
        <Approximate>0</Approximate>
        <HistCounts>2|3|8|8|9|2|5|3|5|3|1|2|5|3|3|2|3|3|4|6|9|11|7|4|4|2|1|1|4|2|3|6|6|1|4|3|5|3|1|2|1|0|5|2|1|1|1|1|1|2|1|0|0|1|2|0|0|0|1|1|1|0|0|0|1|0|0|0|0|2|1|0|0|0|0|0|0|0|0|0|1|1|0|0|0|0|0|1|0|0|0|1|0|1|0|0|0|1|0|0|0|0|0|0|0|0|1|0|0|1|0|0|0|0|0|0|0|0|0|0|1|0|3|0|0|0|0|0|0|0|0|0|0|1|0|1|0|0|1|0|1|0|0|0|0|0|1|0|0|0|0|0|1|0|1|1|0|0|0|0|0|1|1|0|0|0|0|0|0|0|0|1|0|1|1|0|1|0|0|0|0|1|0|0|1|0|0|0|1|1|1|0|0|1|1|0|0|0|0|0|0|1|1|0|0|0|0|1|0|1|1|0|0|0|1|0|0|0|0|0|0|0|0|0|1</HistCounts>
      </HistItem>
    </Histograms>
    <Metadata>
      <MDI key="STATISTICS_MINIMUM">162</MDI>
      <MDI key="STATISTICS_MAXIMUM">1190</MDI>
      <MDI key="STATISTICS_MEAN">373.56444444444</MDI>
      <MDI key="STATISTICS_STDDEV">253.64385631612</MDI>
      <MDI key="STATISTICS_VALID_PERCENT">100</MDI>
    </Metadata>
  </PAMRasterBand>
  <PAMRasterBand band="3">
    <Histograms>
      <HistItem>
        <HistMin>160.8</HistMin>
        <HistMax>1607.2</HistMax>
        <BucketCount>225</BucketCount>
        <IncludeOutOfRange>0</IncludeOutOfRange>
        <Approximate>0</Approximate>
        <HistCounts>2|4|5|6|5|7|6|1|8|6|3|3|5|3|5|2|4|5|6|3|2|4|5|4|4|2|3|1|1|0|2|5|1|0|1|3|0|3|3|4|4|1|3|1|4|3|2|3|0|2|1|3|1|1|2|2|0|2|0|1|3|0|1|0|0|0|0|0|1|1|1|0|0|0|1|0|1|0|0|1|0|0|0|1|0|1|0|0|0|1|0|0|0|0|0|0|1|0|0|0|0|1|0|0|0|1|0|1|0|1|0|0|0|0|0|0|0|1|1|0|0|1|0|0|0|0|0|0|0|1|0|1|0|0|0|1|0|0|0|0|0|0|1|1|0|0|0|0|1|1|0|0|0|0|0|1|0|1|0|0|0|0|0|1|0|0|0|0|1|0|0|1|0|0|1|1|1|0|0|1|0|0|0|0|1|0|1|1|0|0|0|1|0|0|1|0|0|0|1|2|0|0|1|1|0|0|0|0|0|0|0|0|0|1|0|0|0|0|0|1|0|1|0|1|1</HistCounts>
      </HistItem>
    </Histograms>
    <Metadata>
      <MDI key="STATISTICS_MINIMUM">164</MDI>
      <MDI key="STATISTICS_MAXIMUM">1604</MDI>
      <MDI key="STATISTICS_MEAN">485.42222222222</MDI>
      <MDI key="STATISTICS_STDDEV">371.15540254657</MDI>
      <MDI key="STATISTICS_VALID_PERCENT">100</MDI>
    </Metadata>
  </PAMRasterBand>
</PAMDataset>
