<PAMDataset>
  <PAMRasterBand band="1">
    <Histograms>
      <HistItem>
        <HistMin>252.1111111111111</HistMin>
        <HistMax>653.8888888888889</HistMax>
        <BucketCount>225</BucketCount>
        <IncludeOutOfRange>0</IncludeOutOfRange>
        <Approximate>0</Approximate>
        <HistCounts>1|1|0|0|0|0|0|2|0|0|0|3|3|3|4|4|1|3|3|1|2|3|6|4|6|2|3|1|3|2|3|5|0|2|3|2|0|0|1|2|3|2|0|1|1|2|1|2|0|4|1|0|0|0|0|2|0|1|1|0|0|0|2|0|0|0|1|0|3|1|1|3|0|1|1|0|4|1|0|1|3|0|0|0|0|1|1|1|1|1|1|2|0|1|2|0|0|1|0|2|1|2|2|1|1|6|2|4|2|2|2|1|2|3|2|1|1|0|0|0|1|0|0|1|0|1|0|0|0|1|0|0|0|1|1|0|0|0|0|1|0|1|0|2|0|0|0|0|0|0|0|0|0|0|1|0|0|0|2|0|0|0|0|1|0|0|0|0|0|1|0|0|0|0|1|0|0|0|0|1|2|1|0|1|1|0|0|0|1|1|2|0|0|2|0|2|0|2|1|0|1|0|1|0|2|0|2|2|0|0|0|2|3|1|2|0|0|0|0|1|1|1|1|0|1</HistCounts>
      </HistItem>
    </Histograms>
    <Metadata>
      <MDI key="STATISTICS_MINIMUM">253</MDI>
      <MDI key="STATISTICS_MAXIMUM">653</MDI>
      <MDI key="STATISTICS_MEAN">406.46222222222</MDI>
      <MDI key="STATISTICS_STDDEV">116.32670332375</MDI>
      <MDI key="STATISTICS_VALID_PERCENT">100</MDI>
    </Metadata>
  </PAMRasterBand>
  <PAMRasterBand band="2">
    <Histograms>
      <HistItem>
        <HistMin>204.1222222222222</HistMin>
        <HistMax>600.8777777777777</HistMax>
        <BucketCount>225</BucketCount>
        <IncludeOutOfRange>0</IncludeOutOfRange>
        <Approximate>0</Approximate>
        <HistCounts>4|3|3|6|0|2|4|3|2|6|3|5|4|1|3|5|0|0|1|6|0|1|3|1|1|3|3|2|0|0|2|3|1|3|0|2|1|0|0|1|0|2|1|2|1|0|2|1|0|1|2|0|0|1|1|0|0|0|2|0|0|1|0|0|3|0|1|2|0|0|1|0|1|0|0|0|1|0|0|0|0|2|3|0|0|0|0|1|0|0|0|0|1|1|2|1|2|0|3|1|0|0|0|1|0|1|1|1|0|1|1|1|1|0|1|1|0|0|2|1|1|1|1|0|2|4|1|2|2|1|3|3|2|2|2|2|3|0|1|0|1|0|0|6|0|0|0|0|0|0|0|0|0|0|0|0|0|0|1|0|0|0|0|1|0|1|0|1|2|0|0|2|0|0|1|0|1|0|1|3|0|0|2|1|0|0|0|1|0|2|0|0|3|0|0|3|0|1|0|2|1|0|0|1|0|0|1|2|1|1|0|0|1|1|1|0|0|0|0|1|0|0|0|0|1</HistCounts>
      </HistItem>
    </Histograms>
    <Metadata>
      <MDI key="STATISTICS_MINIMUM">205</MDI>
      <MDI key="STATISTICS_MAXIMUM">600</MDI>
      <MDI key="STATISTICS_MEAN">352.4</MDI>
      <MDI key="STATISTICS_STDDEV">119.28337874341</MDI>
      <MDI key="STATISTICS_VALID_PERCENT">100</MDI>
    </Metadata>
  </PAMRasterBand>
  <PAMRasterBand band="3">
    <Histograms>
      <HistItem>
        <HistMin>183.4911111111111</HistMin>
        <HistMax>865.5088888888889</HistMax>
        <BucketCount>225</BucketCount>
        <IncludeOutOfRange>0</IncludeOutOfRange>
        <Approximate>0</Approximate>
        <HistCounts>2|0|0|4|0|2|4|1|0|5|1|1|3|3|3|5|1|2|4|1|1|2|2|0|4|4|3|2|3|3|1|2|2|3|1|1|1|3|1|1|0|1|0|1|1|0|1|2|2|1|0|1|1|1|0|1|2|4|1|0|3|0|0|0|0|0|1|0|1|1|2|0|0|2|0|1|0|1|0|0|3|0|0|0|2|0|0|0|0|1|3|1|0|0|0|0|0|4|0|0|1|0|0|2|0|0|0|2|0|0|1|2|1|3|1|2|1|0|1|1|1|1|1|1|1|3|1|1|1|1|3|2|4|0|1|3|3|1|1|0|1|1|0|0|2|2|0|2|0|1|0|1|1|0|0|0|0|0|0|1|0|0|0|0|1|0|0|0|0|0|1|0|1|1|1|2|0|1|1|0|1|1|1|2|1|1|1|0|0|0|0|2|0|0|2|1|0|1|1|1|0|1|1|0|0|2|0|0|1|0|0|1|0|0|0|0|0|1|0|0|0|0|2|2|1</HistCounts>
      </HistItem>
    </Histograms>
    <Metadata>
      <MDI key="STATISTICS_MINIMUM">185</MDI>
      <MDI key="STATISTICS_MAXIMUM">864</MDI>
      <MDI key="STATISTICS_MEAN">447.68888888889</MDI>
      <MDI key="STATISTICS_STDDEV">197.04533288022</MDI>
      <MDI key="STATISTICS_VALID_PERCENT">100</MDI>
    </Metadata>
  </PAMRasterBand>
</PAMDataset>
