<PAMDataset>
  <PAMRasterBand band="1">
    <Histograms>
      <HistItem>
        <HistMin>214.3311111111111</HistMin>
        <HistMax>516.6688888888889</HistMax>
        <BucketCount>225</BucketCount>
        <IncludeOutOfRange>0</IncludeOutOfRange>
        <Approximate>0</Approximate>
        <HistCounts>2|0|0|0|0|0|0|1|0|0|1|0|0|0|0|0|0|1|0|1|0|1|0|1|0|0|0|0|0|0|0|0|0|0|0|0|1|0|0|1|2|1|3|1|0|1|1|3|4|3|0|6|1|2|3|3|1|7|2|1|4|1|2|5|2|4|1|3|4|1|1|1|1|0|2|1|0|6|1|3|0|1|1|3|0|0|2|2|3|4|4|0|4|0|0|2|1|1|1|0|1|1|0|1|0|0|3|2|0|0|0|0|2|0|0|2|0|1|0|2|0|1|0|0|0|2|0|0|0|1|1|0|0|0|0|0|0|0|1|0|0|0|0|0|1|0|0|0|1|1|0|1|0|2|0|0|0|0|0|0|0|0|0|0|1|0|1|0|0|0|1|0|0|0|1|0|3|0|0|1|1|0|2|0|0|1|0|1|2|2|0|1|2|4|1|0|2|2|1|3|1|0|5|3|1|3|3|3|3|1|1|4|1|1|1|0|0|1|2|0|2|1|0|0|1</HistCounts>
      </HistItem>
    </Histograms>
    <Metadata>
      <MDI key="STATISTICS_MINIMUM">215</MDI>
      <MDI key="STATISTICS_MAXIMUM">516</MDI>
      <MDI key="STATISTICS_MEAN">366.81777777778</MDI>
      <MDI key="STATISTICS_STDDEV">85.876798804098</MDI>
      <MDI key="STATISTICS_VALID_PERCENT">100</MDI>
    </Metadata>
  </PAMRasterBand>
  <PAMRasterBand band="2">
    <Histograms>
      <HistItem>
        <HistMin>170.2888888888889</HistMin>
        <HistMax>491.7111111111111</HistMax>
        <BucketCount>225</BucketCount>
        <IncludeOutOfRange>0</IncludeOutOfRange>
        <Approximate>0</Approximate>
        <HistCounts>1|0|1|1|0|0|0|0|0|1|1|0|0|0|0|2|0|0|0|0|1|1|2|0|2|2|1|2|3|5|0|3|1|3|9|3|7|2|5|1|1|7|0|4|1|2|3|2|2|4|3|1|6|4|0|2|2|2|1|4|2|1|2|0|1|0|1|1|1|7|0|0|1|1|0|2|1|0|2|2|1|0|0|1|0|0|0|2|1|0|2|0|0|0|0|1|0|0|0|0|0|2|2|0|0|0|1|1|1|1|0|0|0|0|0|0|1|0|0|0|0|0|0|1|1|0|0|0|0|1|0|0|0|0|1|0|0|1|0|1|2|1|0|0|0|0|0|0|2|0|1|1|1|0|0|1|0|0|0|0|1|1|3|1|2|0|1|0|1|0|1|0|0|1|2|1|0|0|0|1|0|1|2|0|1|0|2|1|0|0|1|0|0|2|0|2|2|2|1|1|1|1|3|0|2|1|1|2|0|1|1|1|1|2|0|1|0|0|0|0|1|2|1|0|1</HistCounts>
      </HistItem>
    </Histograms>
    <Metadata>
      <MDI key="STATISTICS_MINIMUM">171</MDI>
      <MDI key="STATISTICS_MAXIMUM">491</MDI>
      <MDI key="STATISTICS_MEAN">302.42222222222</MDI>
      <MDI key="STATISTICS_STDDEV">94.269987892669</MDI>
      <MDI key="STATISTICS_VALID_PERCENT">100</MDI>
    </Metadata>
  </PAMRasterBand>
  <PAMRasterBand band="3">
    <Histograms>
      <HistItem>
        <HistMin>211.8644444444444</HistMin>
        <HistMax>725.1355555555556</HistMax>
        <BucketCount>225</BucketCount>
        <IncludeOutOfRange>0</IncludeOutOfRange>
        <Approximate>0</Approximate>
        <HistCounts>1|0|1|1|2|1|0|2|5|2|1|4|2|0|1|1|1|2|3|1|0|6|1|1|0|5|1|3|3|2|1|3|3|3|0|2|2|2|0|4|1|2|2|2|1|4|5|4|4|3|3|0|0|5|1|1|1|1|0|3|3|3|1|1|2|1|3|1|0|0|1|3|0|0|0|0|0|0|2|1|1|1|1|0|1|0|0|0|3|0|1|0|0|0|2|0|0|0|0|0|2|0|1|0|0|0|0|0|0|2|0|0|0|1|1|0|0|0|0|0|0|1|1|0|0|0|0|0|0|1|1|0|1|0|2|1|1|1|0|0|0|0|0|1|0|0|1|1|0|1|1|0|1|0|1|0|1|0|0|2|2|0|1|1|0|1|0|1|0|1|1|0|0|0|0|2|1|1|1|0|0|0|0|1|1|1|2|1|0|0|0|3|1|0|0|0|2|0|1|2|1|0|0|1|1|0|1|1|0|3|0|2|0|1|0|2|2|0|1|2|1|0|1|0|2</HistCounts>
      </HistItem>
    </Histograms>
    <Metadata>
      <MDI key="STATISTICS_MINIMUM">213</MDI>
      <MDI key="STATISTICS_MAXIMUM">724</MDI>
      <MDI key="STATISTICS_MEAN">408.69777777778</MDI>
      <MDI key="STATISTICS_STDDEV">156.8806970477</MDI>
      <MDI key="STATISTICS_VALID_PERCENT">100</MDI>
    </Metadata>
  </PAMRasterBand>
</PAMDataset>
