<PAMDataset>
  <PAMRasterBand band="1">
    <Histograms>
      <HistItem>
        <HistMin>229.0955555555556</HistMin>
        <HistMax>637.9044444444445</HistMax>
        <BucketCount>225</BucketCount>
        <IncludeOutOfRange>0</IncludeOutOfRange>
        <Approximate>0</Approximate>
        <HistCounts>1|0|0|0|2|0|0|1|1|1|0|0|1|1|0|1|0|0|1|0|1|2|0|0|0|0|0|1|0|0|2|1|0|0|1|2|1|0|0|0|0|2|0|0|0|1|1|2|0|0|1|2|3|2|2|2|0|3|3|1|3|3|1|1|1|1|0|5|1|3|1|0|0|1|1|1|1|2|2|2|1|2|0|0|0|0|0|0|0|0|1|0|0|1|0|0|0|0|0|0|1|0|2|0|0|0|0|0|0|0|0|0|0|1|0|1|0|4|0|0|0|2|1|2|1|1|1|0|5|1|2|0|1|1|0|1|2|3|3|2|3|1|2|6|9|6|3|6|1|5|4|1|2|2|4|3|2|3|0|2|1|2|3|2|0|2|2|0|0|0|0|0|0|2|1|0|1|1|0|2|0|1|0|1|0|2|0|0|0|1|0|2|1|1|0|1|1|0|0|0|0|2|1|2|0|0|1|2|0|0|1|0|0|0|1|0|0|0|0|0|0|0|0|0|1</HistCounts>
      </HistItem>
    </Histograms>
    <Metadata>
      <MDI key="STATISTICS_MINIMUM">230</MDI>
      <MDI key="STATISTICS_MAXIMUM">637</MDI>
      <MDI key="STATISTICS_MEAN">441.29777777778</MDI>
      <MDI key="STATISTICS_STDDEV">97.931609898357</MDI>
      <MDI key="STATISTICS_VALID_PERCENT">100</MDI>
    </Metadata>
  </PAMRasterBand>
  <PAMRasterBand band="2">
    <Histograms>
      <HistItem>
        <HistMin>162.1711111111111</HistMin>
        <HistMax>536.8288888888889</HistMax>
        <BucketCount>225</BucketCount>
        <IncludeOutOfRange>0</IncludeOutOfRange>
        <Approximate>0</Approximate>
        <HistCounts>1|0|0|0|0|2|2|0|1|0|2|0|0|1|1|1|0|1|0|1|0|1|2|0|3|1|1|0|1|2|1|1|0|1|2|0|0|0|0|0|1|2|2|4|1|2|2|3|2|4|5|3|2|4|1|1|1|1|1|1|1|0|1|1|0|0|0|0|0|0|0|0|2|0|1|0|1|0|0|0|0|0|0|1|0|1|0|0|0|0|0|0|1|0|0|0|0|0|0|2|0|0|1|0|0|0|0|0|0|0|1|0|1|1|0|0|0|0|0|0|0|0|1|0|0|0|0|0|0|0|0|0|1|0|0|0|1|0|1|0|0|1|1|0|0|4|0|2|0|0|2|0|0|2|2|0|0|1|1|2|2|2|1|0|3|0|4|1|1|1|0|2|1|2|5|3|2|4|1|2|1|2|2|3|5|1|5|7|1|4|4|1|3|4|3|4|4|1|2|0|2|1|4|0|0|3|0|1|1|0|1|1|2|2|2|0|0|0|0|0|0|0|0|0|1</HistCounts>
      </HistItem>
    </Histograms>
    <Metadata>
      <MDI key="STATISTICS_MINIMUM">163</MDI>
      <MDI key="STATISTICS_MAXIMUM">536</MDI>
      <MDI key="STATISTICS_MEAN">375.55555555556</MDI>
      <MDI key="STATISTICS_STDDEV">115.13828508085</MDI>
      <MDI key="STATISTICS_VALID_PERCENT">100</MDI>
    </Metadata>
  </PAMRasterBand>
  <PAMRasterBand band="3">
    <Histograms>
      <HistItem>
        <HistMin>179.8222222222222</HistMin>
        <HistMax>712.1777777777778</HistMax>
        <BucketCount>225</BucketCount>
        <IncludeOutOfRange>0</IncludeOutOfRange>
        <Approximate>0</Approximate>
        <HistCounts>1|0|0|2|0|1|0|2|2|4|1|4|3|0|2|1|0|1|1|1|0|0|2|1|0|2|1|1|1|2|1|0|1|3|2|2|1|0|2|4|1|3|1|0|2|2|2|1|1|3|0|1|1|1|1|1|0|0|0|0|0|0|0|1|0|0|1|0|1|0|0|0|0|0|0|0|1|0|0|1|1|1|0|1|0|0|0|1|0|0|0|0|0|0|0|0|0|0|0|1|0|0|0|0|1|1|0|0|0|2|0|0|1|0|0|0|0|0|0|0|0|0|0|0|2|0|0|0|0|0|0|0|0|0|0|0|0|0|0|0|0|0|1|1|0|1|0|0|2|0|1|1|0|0|0|0|0|0|3|2|1|0|2|0|1|1|2|0|2|1|2|1|5|2|1|3|2|0|9|2|1|2|3|3|2|6|4|1|2|6|2|4|1|3|3|3|0|2|2|7|3|3|2|0|1|3|2|1|3|0|0|1|0|4|0|1|2|0|0|0|1|1|0|0|1</HistCounts>
      </HistItem>
    </Histograms>
    <Metadata>
      <MDI key="STATISTICS_MINIMUM">181</MDI>
      <MDI key="STATISTICS_MAXIMUM">711</MDI>
      <MDI key="STATISTICS_MEAN">482.82222222222</MDI>
      <MDI key="STATISTICS_STDDEV">177.08981887906</MDI>
      <MDI key="STATISTICS_VALID_PERCENT">100</MDI>
    </Metadata>
  </PAMRasterBand>
</PAMDataset>
