<PAMDataset>
  <PAMRasterBand band="1">
    <Histograms>
      <HistItem>
        <HistMin>238.5023696682464</HistMin>
        <HistMax>449.4976303317536</HistMax>
        <BucketCount>211</BucketCount>
        <IncludeOutOfRange>0</IncludeOutOfRange>
        <Approximate>0</Approximate>
        <HistCounts>1|0|0|0|1|0|0|1|0|0|0|1|1|0|0|0|0|0|1|1|2|0|0|0|3|2|1|5|1|2|4|4|2|2|5|0|2|1|2|3|2|3|5|4|3|1|3|7|4|3|3|9|2|4|3|4|4|5|2|2|5|4|4|10|2|0|6|5|1|3|5|1|1|4|1|1|2|2|3|0|1|2|5|1|1|2|1|2|2|2|0|1|1|0|0|1|1|1|0|0|0|0|2|2|0|2|0|2|0|0|0|0|1|0|0|0|0|1|0|1|0|0|0|0|0|0|0|0|1|1|0|0|0|0|0|0|0|0|0|0|1|0|0|1|0|0|0|0|0|0|0|0|0|0|0|0|0|0|0|0|0|0|0|0|0|0|0|0|0|0|0|0|0|0|0|0|0|0|0|0|0|0|0|0|0|0|2|0|0|1|0|0|1|0|0|0|0|0|0|0|0|0|0|0|0|0|0|0|0|0|1</HistCounts>
      </HistItem>
    </Histograms>
    <Metadata>
      <MDI key="STATISTICS_MINIMUM">239</MDI>
      <MDI key="STATISTICS_MAXIMUM">449</MDI>
      <MDI key="STATISTICS_MEAN">300.03555555556</MDI>
      <MDI key="STATISTICS_STDDEV">31.42481083161</MDI>
      <MDI key="STATISTICS_VALID_PERCENT">100</MDI>
    </Metadata>
  </PAMRasterBand>
  <PAMRasterBand band="2">
    <Histograms>
      <HistItem>
        <HistMin>186.5027322404372</HistMin>
        <HistMax>369.4972677595628</HistMax>
        <BucketCount>183</BucketCount>
        <IncludeOutOfRange>0</IncludeOutOfRange>
        <Approximate>0</Approximate>
        <HistCounts>1|1|0|0|1|0|0|0|3|0|0|0|3|1|3|5|3|5|3|5|0|3|3|1|1|4|2|3|0|4|2|3|4|4|2|2|3|2|6|4|6|5|3|5|1|2|2|6|4|3|4|6|4|6|5|3|2|3|4|4|11|4|2|3|3|3|3|1|5|2|1|1|1|1|0|0|1|0|0|0|1|1|0|0|1|0|1|1|0|0|1|0|0|0|0|0|0|0|0|0|0|0|0|0|2|0|0|0|0|0|0|0|0|1|0|0|1|0|0|0|1|0|0|0|0|0|0|0|1|0|0|1|0|0|0|0|0|0|0|0|0|0|0|0|0|0|0|0|0|0|0|0|0|0|0|0|0|0|0|0|0|0|0|0|1|1|0|0|0|1|0|0|0|1|0|0|0|0|0|0|0|0|1</HistCounts>
      </HistItem>
    </Histograms>
    <Metadata>
      <MDI key="STATISTICS_MINIMUM">187</MDI>
      <MDI key="STATISTICS_MAXIMUM">369</MDI>
      <MDI key="STATISTICS_MEAN">235.24888888889</MDI>
      <MDI key="STATISTICS_STDDEV">28.992724161779</MDI>
      <MDI key="STATISTICS_VALID_PERCENT">100</MDI>
    </Metadata>
  </PAMRasterBand>
  <PAMRasterBand band="3">
    <Histograms>
      <HistItem>
        <HistMin>199.4377777777778</HistMin>
        <HistMax>453.5622222222222</HistMax>
        <BucketCount>225</BucketCount>
        <IncludeOutOfRange>0</IncludeOutOfRange>
        <Approximate>0</Approximate>
        <HistCounts>1|1|1|3|5|2|3|2|2|2|2|3|3|1|7|1|1|2|4|5|1|2|1|0|2|3|2|6|3|3|1|4|3|5|3|5|5|3|1|2|0|0|5|2|1|2|1|4|1|2|3|2|1|3|2|3|0|0|1|1|1|2|2|1|1|2|2|1|1|1|2|0|1|4|3|2|0|2|0|1|0|4|1|5|0|1|0|0|0|3|1|2|2|1|1|2|2|3|1|1|0|1|0|1|3|2|0|1|0|0|1|0|0|1|0|0|0|0|0|0|0|1|0|0|0|0|0|0|1|0|2|0|0|0|0|0|0|0|0|0|0|0|0|0|1|0|0|0|0|1|1|0|0|0|0|0|0|0|1|1|0|0|0|0|0|0|0|0|0|1|0|0|0|0|0|0|0|1|0|0|0|0|0|0|0|0|0|0|0|0|0|0|0|0|0|0|0|0|0|0|0|0|0|0|0|0|1|0|0|1|0|0|0|0|0|0|0|0|0|0|1|1|0|0|1</HistCounts>
      </HistItem>
    </Histograms>
    <Metadata>
      <MDI key="STATISTICS_MINIMUM">200</MDI>
      <MDI key="STATISTICS_MAXIMUM">453</MDI>
      <MDI key="STATISTICS_MEAN">261.96</MDI>
      <MDI key="STATISTICS_STDDEV">49.591963506645</MDI>
      <MDI key="STATISTICS_VALID_PERCENT">100</MDI>
    </Metadata>
  </PAMRasterBand>
</PAMDataset>
