<PAMDataset>
  <PAMRasterBand band="1">
    <Histograms>
      <HistItem>
        <HistMin>273.5041666666667</HistMin>
        <HistMax>393.4958333333333</HistMax>
        <BucketCount>120</BucketCount>
        <IncludeOutOfRange>0</IncludeOutOfRange>
        <Approximate>0</Approximate>
        <HistCounts>2|0|2|2|1|1|0|1|0|3|4|3|1|1|2|2|5|2|4|5|3|4|5|5|10|5|4|2|5|4|6|8|8|3|5|3|3|5|3|2|1|4|5|2|1|2|4|2|3|4|3|2|3|3|4|1|0|2|3|3|1|0|2|0|3|3|1|2|4|1|2|2|3|1|0|2|1|0|0|2|0|2|0|0|0|2|0|0|0|0|1|1|0|0|0|0|1|0|0|0|0|0|0|0|0|0|0|1|0|0|0|0|0|0|0|0|0|0|0|1</HistCounts>
      </HistItem>
    </Histograms>
    <Metadata>
      <MDI key="STATISTICS_MINIMUM">274</MDI>
      <MDI key="STATISTICS_MAXIMUM">393</MDI>
      <MDI key="STATISTICS_MEAN">312.39111111111</MDI>
      <MDI key="STATISTICS_STDDEV">21.61928996904</MDI>
      <MDI key="STATISTICS_VALID_PERCENT">100</MDI>
    </Metadata>
  </PAMRasterBand>
  <PAMRasterBand band="2">
    <Histograms>
      <HistItem>
        <HistMin>208.5061728395062</HistMin>
        <HistMax>289.4938271604938</HistMax>
        <BucketCount>81</BucketCount>
        <IncludeOutOfRange>0</IncludeOutOfRange>
        <Approximate>0</Approximate>
        <HistCounts>1|0|0|0|1|1|2|0|3|3|3|2|5|1|6|4|3|4|7|10|5|5|2|12|12|4|9|6|2|8|4|6|6|3|3|5|4|3|4|7|3|4|2|1|3|3|2|4|1|2|3|5|0|1|3|4|1|2|1|1|6|0|3|0|0|0|0|0|1|0|1|1|0|0|0|0|0|0|0|0|1</HistCounts>
      </HistItem>
    </Histograms>
    <Metadata>
      <MDI key="STATISTICS_MINIMUM">209</MDI>
      <MDI key="STATISTICS_MAXIMUM">289</MDI>
      <MDI key="STATISTICS_MEAN">240.06666666667</MDI>
      <MDI key="STATISTICS_STDDEV">15.226876822835</MDI>
      <MDI key="STATISTICS_VALID_PERCENT">100</MDI>
    </Metadata>
  </PAMRasterBand>
  <PAMRasterBand band="3">
    <Histograms>
      <HistItem>
        <HistMin>171.5030487804878</HistMin>
        <HistMax>335.4969512195122</HistMax>
        <BucketCount>164</BucketCount>
        <IncludeOutOfRange>0</IncludeOutOfRange>
        <Approximate>0</Approximate>
        <HistCounts>1|0|0|0|2|0|0|1|1|0|0|1|0|0|0|0|0|0|0|0|0|0|0|0|1|1|1|0|1|0|0|0|2|0|0|0|0|1|0|0|0|1|0|0|0|0|0|0|0|1|0|1|0|1|0|0|0|1|1|1|0|0|2|0|1|3|0|4|2|4|0|1|2|2|4|4|5|3|5|3|5|1|2|5|7|2|3|4|4|3|2|9|7|4|5|3|9|0|2|6|1|3|3|3|5|0|3|3|5|1|1|0|2|3|0|2|3|0|3|1|0|5|3|0|2|0|2|0|0|0|0|0|0|0|0|0|2|0|1|1|0|2|3|0|2|1|0|0|1|0|1|0|0|2|2|1|0|1|0|1|1|0|0|1</HistCounts>
      </HistItem>
    </Histograms>
    <Metadata>
      <MDI key="STATISTICS_MINIMUM">172</MDI>
      <MDI key="STATISTICS_MAXIMUM">335</MDI>
      <MDI key="STATISTICS_MEAN">264.21333333333</MDI>
      <MDI key="STATISTICS_STDDEV">29.920766478596</MDI>
      <MDI key="STATISTICS_VALID_PERCENT">100</MDI>
    </Metadata>
  </PAMRasterBand>
</PAMDataset>
